antecedent support,consequent support,support,confidence,lift,representativity,leverage,conviction,zhangs_metric,jaccard,certainty,kulczynski,support_count,antecedent_count,consequent_count,antecedent_str,consequent_str,rule_str,ant_len,con_len
0.3333333333333333,0.4166666666666667,0.3333333333333333,1.0,2.4,1.0,0.19444444444444442,inf,0.8749999999999998,0.7999999999999999,1.0,0.8999999999999999,12,12,15,HIGH_EXTORTION_MOTIVE + HIGH_IDENTITY_THEFT + HIGH_SEC66D_CHEATING + HIGH_WOMEN_CYBERCRIME,HIGH_FRAUD_MOTIVE + HIGH_SEXUAL_EXPLOITATION_MOTIVE,HIGH_EXTORTION_MOTIVE + HIGH_IDENTITY_THEFT + HIGH_SEC66D_CHEATING + HIGH_WOMEN_CYBERCRIME -> HIGH_FRAUD_MOTIVE + HIGH_SEXUAL_EXPLOITATION_MOTIVE,4,2
0.3333333333333333,0.4166666666666667,0.3333333333333333,1.0,2.4,1.0,0.19444444444444442,inf,0.8749999999999998,0.7999999999999999,1.0,0.8999999999999999,12,12,15,HIGH_IDENTITY_THEFT + HIGH_SEC66D_CHEATING + HIGH_WOMEN_CYBERCRIME,HIGH_EXTORTION_MOTIVE + HIGH_FRAUD_MOTIVE + HIGH_SEXUAL_EXPLOITATION_MOTIVE,HIGH_IDENTITY_THEFT + HIGH_SEC66D_CHEATING + HIGH_WOMEN_CYBERCRIME -> HIGH_EXTORTION_MOTIVE + HIGH_FRAUD_MOTIVE + HIGH_SEXUAL_EXPLOITATION_MOTIVE,3,3
0.3333333333333333,0.4166666666666667,0.3333333333333333,1.0,2.4,1.0,0.19444444444444442,inf,0.8749999999999998,0.7999999999999999,1.0,0.8999999999999999,12,12,15,HIGH_EXTORTION_MOTIVE + HIGH_SEC66D_CHEATING + HIGH_WOMEN_CYBERCRIME,HIGH_FRAUD_MOTIVE + HIGH_IDENTITY_THEFT + HIGH_SEXUAL_EXPLOITATION_MOTIVE,HIGH_EXTORTION_MOTIVE + HIGH_SEC66D_CHEATING + HIGH_WOMEN_CYBERCRIME -> HIGH_FRAUD_MOTIVE + HIGH_IDENTITY_THEFT + HIGH_SEXUAL_EXPLOITATION_MOTIVE,3,3
0.3333333333333333,0.4166666666666667,0.3333333333333333,1.0,2.4,1.0,0.19444444444444442,inf,0.8749999999999998,0.7999999999999999,1.0,0.8999999999999999,12,12,15,HIGH_SEC66D_CHEATING + HIGH_WOMEN_CYBERCRIME,HIGH_EXTORTION_MOTIVE + HIGH_FRAUD_MOTIVE + HIGH_IDENTITY_THEFT + HIGH_SEXUAL_EXPLOITATION_MOTIVE,HIGH_SEC66D_CHEATING + HIGH_WOMEN_CYBERCRIME -> HIGH_EXTORTION_MOTIVE + HIGH_FRAUD_MOTIVE + HIGH_IDENTITY_THEFT + HIGH_SEXUAL_EXPLOITATION_MOTIVE,2,4
0.3333333333333333,0.4166666666666667,0.3333333333333333,1.0,2.4,1.0,0.19444444444444442,inf,0.8749999999999998,0.7999999999999999,1.0,0.8999999999999999,12,12,15,HIGH_CHILD_CYBERCRIME + HIGH_EXTORTION_MOTIVE + HIGH_IDENTITY_THEFT + HIGH_SEC66D_CHEATING,HIGH_FRAUD_MOTIVE + HIGH_SEXUAL_EXPLOITATION_MOTIVE,HIGH_CHILD_CYBERCRIME + HIGH_EXTORTION_MOTIVE + HIGH_IDENTITY_THEFT + HIGH_SEC66D_CHEATING -> HIGH_FRAUD_MOTIVE + HIGH_SEXUAL_EXPLOITATION_MOTIVE,4,2
0.3333333333333333,0.4166666666666667,0.3333333333333333,1.0,2.4,1.0,0.19444444444444442,inf,0.8749999999999998,0.7999999999999999,1.0,0.8999999999999999,12,12,15,HIGH_CHILD_CYBERCRIME + HIGH_IDENTITY_THEFT + HIGH_SEC66D_CHEATING,HIGH_EXTORTION_MOTIVE + HIGH_FRAUD_MOTIVE + HIGH_SEXUAL_EXPLOITATION_MOTIVE,HIGH_CHILD_CYBERCRIME + HIGH_IDENTITY_THEFT + HIGH_SEC66D_CHEATING -> HIGH_EXTORTION_MOTIVE + HIGH_FRAUD_MOTIVE + HIGH_SEXUAL_EXPLOITATION_MOTIVE,3,3
0.3333333333333333,0.4166666666666667,0.3333333333333333,1.0,2.4,1.0,0.19444444444444442,inf,0.8749999999999998,0.7999999999999999,1.0,0.8999999999999999,12,12,15,HIGH_CHILD_CYBERCRIME + HIGH_EXTORTION_MOTIVE + HIGH_SEC66D_CHEATING,HIGH_FRAUD_MOTIVE + HIGH_IDENTITY_THEFT + HIGH_SEXUAL_EXPLOITATION_MOTIVE,HIGH_CHILD_CYBERCRIME + HIGH_EXTORTION_MOTIVE + HIGH_SEC66D_CHEATING -> HIGH_FRAUD_MOTIVE + HIGH_IDENTITY_THEFT + HIGH_SEXUAL_EXPLOITATION_MOTIVE,3,3
0.3333333333333333,0.4166666666666667,0.3333333333333333,1.0,2.4,1.0,0.19444444444444442,inf,0.8749999999999998,0.7999999999999999,1.0,0.8999999999999999,12,12,15,HIGH_CHILD_CYBERCRIME + HIGH_SEC66D_CHEATING,HIGH_EXTORTION_MOTIVE + HIGH_FRAUD_MOTIVE + HIGH_IDENTITY_THEFT + HIGH_SEXUAL_EXPLOITATION_MOTIVE,HIGH_CHILD_CYBERCRIME + HIGH_SEC66D_CHEATING -> HIGH_EXTORTION_MOTIVE + HIGH_FRAUD_MOTIVE + HIGH_IDENTITY_THEFT + HIGH_SEXUAL_EXPLOITATION_MOTIVE,2,4
0.3333333333333333,0.4166666666666667,0.3333333333333333,1.0,2.4,1.0,0.19444444444444442,inf,0.8749999999999998,0.7999999999999999,1.0,0.8999999999999999,12,12,15,HIGH_IDENTITY_THEFT + HIGH_SEC66D_CHEATING + HIGH_WOMEN_CYBERCRIME,HIGH_FRAUD_MOTIVE + HIGH_SEXUAL_EXPLOITATION_MOTIVE,HIGH_IDENTITY_THEFT + HIGH_SEC66D_CHEATING + HIGH_WOMEN_CYBERCRIME -> HIGH_FRAUD_MOTIVE + HIGH_SEXUAL_EXPLOITATION_MOTIVE,3,2
0.3333333333333333,0.4166666666666667,0.3333333333333333,1.0,2.4,1.0,0.19444444444444442,inf,0.8749999999999998,0.7999999999999999,1.0,0.8999999999999999,12,12,15,HIGH_SEC66D_CHEATING + HIGH_WOMEN_CYBERCRIME,HIGH_FRAUD_MOTIVE + HIGH_IDENTITY_THEFT + HIGH_SEXUAL_EXPLOITATION_MOTIVE,HIGH_SEC66D_CHEATING + HIGH_WOMEN_CYBERCRIME -> HIGH_FRAUD_MOTIVE + HIGH_IDENTITY_THEFT + HIGH_SEXUAL_EXPLOITATION_MOTIVE,2,3
0.3333333333333333,0.4166666666666667,0.3333333333333333,1.0,2.4,1.0,0.19444444444444442,inf,0.8749999999999998,0.7999999999999999,1.0,0.8999999999999999,12,12,15,HIGH_CHILD_CYBERCRIME + HIGH_IDENTITY_THEFT + HIGH_SEC66D_CHEATING,HIGH_FRAUD_MOTIVE + HIGH_SEXUAL_EXPLOITATION_MOTIVE,HIGH_CHILD_CYBERCRIME + HIGH_IDENTITY_THEFT + HIGH_SEC66D_CHEATING -> HIGH_FRAUD_MOTIVE + HIGH_SEXUAL_EXPLOITATION_MOTIVE,3,2
0.3333333333333333,0.4166666666666667,0.3333333333333333,1.0,2.4,1.0,0.19444444444444442,inf,0.8749999999999998,0.7999999999999999,1.0,0.8999999999999999,12,12,15,HIGH_CHILD_CYBERCRIME + HIGH_SEC66D_CHEATING,HIGH_FRAUD_MOTIVE + HIGH_IDENTITY_THEFT + HIGH_SEXUAL_EXPLOITATION_MOTIVE,HIGH_CHILD_CYBERCRIME + HIGH_SEC66D_CHEATING -> HIGH_FRAUD_MOTIVE + HIGH_IDENTITY_THEFT + HIGH_SEXUAL_EXPLOITATION_MOTIVE,2,3
0.3333333333333333,0.4166666666666667,0.3333333333333333,1.0,2.4,1.0,0.19444444444444442,inf,0.8749999999999998,0.7999999999999999,1.0,0.8999999999999999,12,12,15,HIGH_EXTORTION_MOTIVE + HIGH_SEC66D_CHEATING + HIGH_WOMEN_CYBERCRIME,HIGH_FRAUD_MOTIVE + HIGH_SEXUAL_EXPLOITATION_MOTIVE,HIGH_EXTORTION_MOTIVE + HIGH_SEC66D_CHEATING + HIGH_WOMEN_CYBERCRIME -> HIGH_FRAUD_MOTIVE + HIGH_SEXUAL_EXPLOITATION_MOTIVE,3,2
0.3333333333333333,0.4166666666666667,0.3333333333333333,1.0,2.4,1.0,0.19444444444444442,inf,0.8749999999999998,0.7999999999999999,1.0,0.8999999999999999,12,12,15,HIGH_SEC66D_CHEATING + HIGH_WOMEN_CYBERCRIME,HIGH_EXTORTION_MOTIVE + HIGH_FRAUD_MOTIVE + HIGH_SEXUAL_EXPLOITATION_MOTIVE,HIGH_SEC66D_CHEATING + HIGH_WOMEN_CYBERCRIME -> HIGH_EXTORTION_MOTIVE + HIGH_FRAUD_MOTIVE + HIGH_SEXUAL_EXPLOITATION_MOTIVE,2,3
0.3333333333333333,0.4166666666666667,0.3333333333333333,1.0,2.4,1.0,0.19444444444444442,inf,0.8749999999999998,0.7999999999999999,1.0,0.8999999999999999,12,12,15,HIGH_CHILD_CYBERCRIME + HIGH_EXTORTION_MOTIVE + HIGH_SEC66D_CHEATING,HIGH_FRAUD_MOTIVE + HIGH_SEXUAL_EXPLOITATION_MOTIVE,HIGH_CHILD_CYBERCRIME + HIGH_EXTORTION_MOTIVE + HIGH_SEC66D_CHEATING -> HIGH_FRAUD_MOTIVE + HIGH_SEXUAL_EXPLOITATION_MOTIVE,3,2
0.3333333333333333,0.4166666666666667,0.3333333333333333,1.0,2.4,1.0,0.19444444444444442,inf,0.8749999999999998,0.7999999999999999,1.0,0.8999999999999999,12,12,15,HIGH_CHILD_CYBERCRIME + HIGH_SEC66D_CHEATING,HIGH_EXTORTION_MOTIVE + HIGH_FRAUD_MOTIVE + HIGH_SEXUAL_EXPLOITATION_MOTIVE,HIGH_CHILD_CYBERCRIME + HIGH_SEC66D_CHEATING -> HIGH_EXTORTION_MOTIVE + HIGH_FRAUD_MOTIVE + HIGH_SEXUAL_EXPLOITATION_MOTIVE,2,3
0.3333333333333333,0.4166666666666667,0.3333333333333333,1.0,2.4,1.0,0.19444444444444442,inf,0.8749999999999998,0.7999999999999999,1.0,0.8999999999999999,12,12,15,HIGH_SEC66D_CHEATING + HIGH_WOMEN_CYBERCRIME,HIGH_FRAUD_MOTIVE + HIGH_SEXUAL_EXPLOITATION_MOTIVE,HIGH_SEC66D_CHEATING + HIGH_WOMEN_CYBERCRIME -> HIGH_FRAUD_MOTIVE + HIGH_SEXUAL_EXPLOITATION_MOTIVE,2,2
0.3333333333333333,0.4166666666666667,0.3333333333333333,1.0,2.4,1.0,0.19444444444444442,inf,0.8749999999999998,0.7999999999999999,1.0,0.8999999999999999,12,12,15,HIGH_CHILD_CYBERCRIME + HIGH_SEC66D_CHEATING,HIGH_FRAUD_MOTIVE + HIGH_SEXUAL_EXPLOITATION_MOTIVE,HIGH_CHILD_CYBERCRIME + HIGH_SEC66D_CHEATING -> HIGH_FRAUD_MOTIVE + HIGH_SEXUAL_EXPLOITATION_MOTIVE,2,2
0.3055555555555556,0.4166666666666667,0.3055555555555556,1.0,2.4,1.0,0.17824074074074076,inf,0.8400000000000001,0.7333333333333333,1.0,0.8666666666666667,11,11,15,HIGH_CHILD_CYBERCRIME + HIGH_EXTORTION_MOTIVE + HIGH_IDENTITY_THEFT + HIGH_SEC66D_CHEATING + HIGH_WOMEN_CYBERCRIME,HIGH_FRAUD_MOTIVE + HIGH_SEXUAL_EXPLOITATION_MOTIVE,HIGH_CHILD_CYBERCRIME + HIGH_EXTORTION_MOTIVE + HIGH_IDENTITY_THEFT + HIGH_SEC66D_CHEATING + HIGH_WOMEN_CYBERCRIME -> HIGH_FRAUD_MOTIVE + HIGH_SEXUAL_EXPLOITATION_MOTIVE,5,2
0.3055555555555556,0.4166666666666667,0.3055555555555556,1.0,2.4,1.0,0.17824074074074076,inf,0.8400000000000001,0.7333333333333333,1.0,0.8666666666666667,11,11,15,HIGH_CHILD_CYBERCRIME + HIGH_IDENTITY_THEFT + HIGH_SEC66D_CHEATING + HIGH_WOMEN_CYBERCRIME,HIGH_EXTORTION_MOTIVE + HIGH_FRAUD_MOTIVE + HIGH_SEXUAL_EXPLOITATION_MOTIVE,HIGH_CHILD_CYBERCRIME + HIGH_IDENTITY_THEFT + HIGH_SEC66D_CHEATING + HIGH_WOMEN_CYBERCRIME -> HIGH_EXTORTION_MOTIVE + HIGH_FRAUD_MOTIVE + HIGH_SEXUAL_EXPLOITATION_MOTIVE,4,3
0.3055555555555556,0.4166666666666667,0.3055555555555556,1.0,2.4,1.0,0.17824074074074076,inf,0.8400000000000001,0.7333333333333333,1.0,0.8666666666666667,11,11,15,HIGH_CHILD_CYBERCRIME + HIGH_EXTORTION_MOTIVE + HIGH_SEC66D_CHEATING + HIGH_WOMEN_CYBERCRIME,HIGH_FRAUD_MOTIVE + HIGH_IDENTITY_THEFT + HIGH_SEXUAL_EXPLOITATION_MOTIVE,HIGH_CHILD_CYBERCRIME + HIGH_EXTORTION_MOTIVE + HIGH_SEC66D_CHEATING + HIGH_WOMEN_CYBERCRIME -> HIGH_FRAUD_MOTIVE + HIGH_IDENTITY_THEFT + HIGH_SEXUAL_EXPLOITATION_MOTIVE,4,3
0.3055555555555556,0.4166666666666667,0.3055555555555556,1.0,2.4,1.0,0.17824074074074076,inf,0.8400000000000001,0.7333333333333333,1.0,0.8666666666666667,11,11,15,HIGH_CHILD_CYBERCRIME + HIGH_SEC66D_CHEATING + HIGH_WOMEN_CYBERCRIME,HIGH_EXTORTION_MOTIVE + HIGH_FRAUD_MOTIVE + HIGH_IDENTITY_THEFT + HIGH_SEXUAL_EXPLOITATION_MOTIVE,HIGH_CHILD_CYBERCRIME + HIGH_SEC66D_CHEATING + HIGH_WOMEN_CYBERCRIME -> HIGH_EXTORTION_MOTIVE + HIGH_FRAUD_MOTIVE + HIGH_IDENTITY_THEFT + HIGH_SEXUAL_EXPLOITATION_MOTIVE,3,4
0.3055555555555556,0.4166666666666667,0.3055555555555556,1.0,2.4,1.0,0.17824074074074076,inf,0.8400000000000001,0.7333333333333333,1.0,0.8666666666666667,11,11,15,HIGH_CHILD_CYBERCRIME + HIGH_IDENTITY_THEFT + HIGH_SEC66D_CHEATING + HIGH_WOMEN_CYBERCRIME,HIGH_FRAUD_MOTIVE + HIGH_SEXUAL_EXPLOITATION_MOTIVE,HIGH_CHILD_CYBERCRIME + HIGH_IDENTITY_THEFT + HIGH_SEC66D_CHEATING + HIGH_WOMEN_CYBERCRIME -> HIGH_FRAUD_MOTIVE + HIGH_SEXUAL_EXPLOITATION_MOTIVE,4,2
0.3055555555555556,0.4166666666666667,0.3055555555555556,1.0,2.4,1.0,0.17824074074074076,inf,0.8400000000000001,0.7333333333333333,1.0,0.8666666666666667,11,11,15,HIGH_CHILD_CYBERCRIME + HIGH_SEC66D_CHEATING + HIGH_WOMEN_CYBERCRIME,HIGH_FRAUD_MOTIVE + HIGH_IDENTITY_THEFT + HIGH_SEXUAL_EXPLOITATION_MOTIVE,HIGH_CHILD_CYBERCRIME + HIGH_SEC66D_CHEATING + HIGH_WOMEN_CYBERCRIME -> HIGH_FRAUD_MOTIVE + HIGH_IDENTITY_THEFT + HIGH_SEXUAL_EXPLOITATION_MOTIVE,3,3
0.3055555555555556,0.4166666666666667,0.3055555555555556,1.0,2.4,1.0,0.17824074074074076,inf,0.8400000000000001,0.7333333333333333,1.0,0.8666666666666667,11,11,15,HIGH_CHILD_CYBERCRIME + HIGH_EXTORTION_MOTIVE + HIGH_SEC66D_CHEATING + HIGH_WOMEN_CYBERCRIME,HIGH_FRAUD_MOTIVE + HIGH_SEXUAL_EXPLOITATION_MOTIVE,HIGH_CHILD_CYBERCRIME + HIGH_EXTORTION_MOTIVE + HIGH_SEC66D_CHEATING + HIGH_WOMEN_CYBERCRIME -> HIGH_FRAUD_MOTIVE + HIGH_SEXUAL_EXPLOITATION_MOTIVE,4,2
0.3055555555555556,0.4166666666666667,0.3055555555555556,1.0,2.4,1.0,0.17824074074074076,inf,0.8400000000000001,0.7333333333333333,1.0,0.8666666666666667,11,11,15,HIGH_CHILD_CYBERCRIME + HIGH_SEC66D_CHEATING + HIGH_WOMEN_CYBERCRIME,HIGH_EXTORTION_MOTIVE + HIGH_FRAUD_MOTIVE + HIGH_SEXUAL_EXPLOITATION_MOTIVE,HIGH_CHILD_CYBERCRIME + HIGH_SEC66D_CHEATING + HIGH_WOMEN_CYBERCRIME -> HIGH_EXTORTION_MOTIVE + HIGH_FRAUD_MOTIVE + HIGH_SEXUAL_EXPLOITATION_MOTIVE,3,3
0.3055555555555556,0.4166666666666667,0.3055555555555556,1.0,2.4,1.0,0.17824074074074076,inf,0.8400000000000001,0.7333333333333333,1.0,0.8666666666666667,11,11,15,HIGH_CHILD_CYBERCRIME + HIGH_SEC66D_CHEATING + HIGH_WOMEN_CYBERCRIME,HIGH_FRAUD_MOTIVE + HIGH_SEXUAL_EXPLOITATION_MOTIVE,HIGH_CHILD_CYBERCRIME + HIGH_SEC66D_CHEATING + HIGH_WOMEN_CYBERCRIME -> HIGH_FRAUD_MOTIVE + HIGH_SEXUAL_EXPLOITATION_MOTIVE,3,2
0.4166666666666667,0.4444444444444444,0.4166666666666667,1.0,2.25,1.0,0.2314814814814815,inf,0.9523809523809527,0.9375,1.0,0.96875,15,15,16,HIGH_EXTORTION_MOTIVE + HIGH_WOMEN_CYBERCRIME,HIGH_IDENTITY_THEFT + HIGH_SEXUAL_EXPLOITATION_MOTIVE,HIGH_EXTORTION_MOTIVE + HIGH_WOMEN_CYBERCRIME -> HIGH_IDENTITY_THEFT + HIGH_SEXUAL_EXPLOITATION_MOTIVE,2,2
0.4166666666666667,0.4444444444444444,0.4166666666666667,1.0,2.25,1.0,0.2314814814814815,inf,0.9523809523809527,0.9375,1.0,0.96875,15,15,16,HIGH_CHILD_CYBERCRIME + HIGH_EXTORTION_MOTIVE,HIGH_IDENTITY_THEFT + HIGH_SEXUAL_EXPLOITATION_MOTIVE,HIGH_CHILD_CYBERCRIME + HIGH_EXTORTION_MOTIVE -> HIGH_IDENTITY_THEFT + HIGH_SEXUAL_EXPLOITATION_MOTIVE,2,2
0.3888888888888889,0.4444444444444444,0.3888888888888889,1.0,2.25,1.0,0.2160493827160494,inf,0.9090909090909091,0.8750000000000002,1.0,0.9375,14,14,16,HIGH_EXTORTION_MOTIVE + HIGH_FRAUD_MOTIVE + HIGH_WOMEN_CYBERCRIME,HIGH_IDENTITY_THEFT + HIGH_SEXUAL_EXPLOITATION_MOTIVE,HIGH_EXTORTION_MOTIVE + HIGH_FRAUD_MOTIVE + HIGH_WOMEN_CYBERCRIME -> HIGH_IDENTITY_THEFT + HIGH_SEXUAL_EXPLOITATION_MOTIVE,3,2
0.3888888888888889,0.4444444444444444,0.3888888888888889,1.0,2.25,1.0,0.2160493827160494,inf,0.9090909090909091,0.8750000000000002,1.0,0.9375,14,14,16,HIGH_CHILD_CYBERCRIME + HIGH_EXTORTION_MOTIVE + HIGH_FRAUD_MOTIVE,HIGH_IDENTITY_THEFT + HIGH_SEXUAL_EXPLOITATION_MOTIVE,HIGH_CHILD_CYBERCRIME + HIGH_EXTORTION_MOTIVE + HIGH_FRAUD_MOTIVE -> HIGH_IDENTITY_THEFT + HIGH_SEXUAL_EXPLOITATION_MOTIVE,3,2
0.3888888888888889,0.4444444444444444,0.3888888888888889,1.0,2.25,1.0,0.2160493827160494,inf,0.9090909090909091,0.8750000000000002,1.0,0.9375,14,14,16,HIGH_CHILD_CYBERCRIME + HIGH_EXTORTION_MOTIVE + HIGH_WOMEN_CYBERCRIME,HIGH_IDENTITY_THEFT + HIGH_SEXUAL_EXPLOITATION_MOTIVE,HIGH_CHILD_CYBERCRIME + HIGH_EXTORTION_MOTIVE + HIGH_WOMEN_CYBERCRIME -> HIGH_IDENTITY_THEFT + HIGH_SEXUAL_EXPLOITATION_MOTIVE,3,2
0.3888888888888889,0.4444444444444444,0.3888888888888889,1.0,2.25,1.0,0.2160493827160494,inf,0.9090909090909091,0.8750000000000002,1.0,0.9375,14,14,16,HIGH_IDENTITY_THEFT + HIGH_SEC66D_CHEATING,HIGH_EXTORTION_MOTIVE + HIGH_FRAUD_MOTIVE,HIGH_IDENTITY_THEFT + HIGH_SEC66D_CHEATING -> HIGH_EXTORTION_MOTIVE + HIGH_FRAUD_MOTIVE,2,2
0.3611111111111111,0.4444444444444444,0.3611111111111111,1.0,2.25,1.0,0.2006172839506173,inf,0.8695652173913044,0.8124999999999999,1.0,0.90625,13,13,16,HIGH_CHILD_CYBERCRIME + HIGH_EXTORTION_MOTIVE + HIGH_FRAUD_MOTIVE + HIGH_WOMEN_CYBERCRIME,HIGH_IDENTITY_THEFT + HIGH_SEXUAL_EXPLOITATION_MOTIVE,HIGH_CHILD_CYBERCRIME + HIGH_EXTORTION_MOTIVE + HIGH_FRAUD_MOTIVE + HIGH_WOMEN_CYBERCRIME -> HIGH_IDENTITY_THEFT + HIGH_SEXUAL_EXPLOITATION_MOTIVE,4,2
0.3611111111111111,0.4444444444444444,0.3611111111111111,1.0,2.25,1.0,0.2006172839506173,inf,0.8695652173913044,0.8124999999999999,1.0,0.90625,13,13,16,HIGH_IDENTITY_THEFT + HIGH_SEC66D_CHEATING + HIGH_SEXUAL_EXPLOITATION_MOTIVE,HIGH_EXTORTION_MOTIVE + HIGH_FRAUD_MOTIVE,HIGH_IDENTITY_THEFT + HIGH_SEC66D_CHEATING + HIGH_SEXUAL_EXPLOITATION_MOTIVE -> HIGH_EXTORTION_MOTIVE + HIGH_FRAUD_MOTIVE,3,2
0.3333333333333333,0.4444444444444444,0.3333333333333333,1.0,2.25,1.0,0.18518518518518517,inf,0.8333333333333333,0.7500000000000001,1.0,0.875,12,12,16,HIGH_IDENTITY_THEFT + HIGH_SEC66D_CHEATING + HIGH_SEXUAL_EXPLOITATION_MOTIVE + HIGH_WOMEN_CYBERCRIME,HIGH_EXTORTION_MOTIVE + HIGH_FRAUD_MOTIVE,HIGH_IDENTITY_THEFT + HIGH_SEC66D_CHEATING + HIGH_SEXUAL_EXPLOITATION_MOTIVE + HIGH_WOMEN_CYBERCRIME -> HIGH_EXTORTION_MOTIVE + HIGH_FRAUD_MOTIVE,4,2
0.3333333333333333,0.4444444444444444,0.3333333333333333,1.0,2.25,1.0,0.18518518518518517,inf,0.8333333333333333,0.7500000000000001,1.0,0.875,12,12,16,HIGH_EXTORTION_MOTIVE + HIGH_FRAUD_MOTIVE + HIGH_SEC66D_CHEATING + HIGH_WOMEN_CYBERCRIME,HIGH_IDENTITY_THEFT + HIGH_SEXUAL_EXPLOITATION_MOTIVE,HIGH_EXTORTION_MOTIVE + HIGH_FRAUD_MOTIVE + HIGH_SEC66D_CHEATING + HIGH_WOMEN_CYBERCRIME -> HIGH_IDENTITY_THEFT + HIGH_SEXUAL_EXPLOITATION_MOTIVE,4,2
0.3333333333333333,0.4444444444444444,0.3333333333333333,1.0,2.25,1.0,0.18518518518518517,inf,0.8333333333333333,0.7500000000000001,1.0,0.875,12,12,16,HIGH_EXTORTION_MOTIVE + HIGH_SEC66D_CHEATING + HIGH_SEXUAL_EXPLOITATION_MOTIVE + HIGH_WOMEN_CYBERCRIME,HIGH_FRAUD_MOTIVE + HIGH_IDENTITY_THEFT,HIGH_EXTORTION_MOTIVE + HIGH_SEC66D_CHEATING + HIGH_SEXUAL_EXPLOITATION_MOTIVE + HIGH_WOMEN_CYBERCRIME -> HIGH_FRAUD_MOTIVE + HIGH_IDENTITY_THEFT,4,2
0.3333333333333333,0.4444444444444444,0.3333333333333333,1.0,2.25,1.0,0.18518518518518517,inf,0.8333333333333333,0.7500000000000001,1.0,0.875,12,12,16,HIGH_FRAUD_MOTIVE + HIGH_SEC66D_CHEATING + HIGH_WOMEN_CYBERCRIME,HIGH_EXTORTION_MOTIVE + HIGH_IDENTITY_THEFT + HIGH_SEXUAL_EXPLOITATION_MOTIVE,HIGH_FRAUD_MOTIVE + HIGH_SEC66D_CHEATING + HIGH_WOMEN_CYBERCRIME -> HIGH_EXTORTION_MOTIVE + HIGH_IDENTITY_THEFT + HIGH_SEXUAL_EXPLOITATION_MOTIVE,3,3
0.3333333333333333,0.4444444444444444,0.3333333333333333,1.0,2.25,1.0,0.18518518518518517,inf,0.8333333333333333,0.7500000000000001,1.0,0.875,12,12,16,HIGH_SEC66D_CHEATING + HIGH_SEXUAL_EXPLOITATION_MOTIVE + HIGH_WOMEN_CYBERCRIME,HIGH_EXTORTION_MOTIVE + HIGH_FRAUD_MOTIVE + HIGH_IDENTITY_THEFT,HIGH_SEC66D_CHEATING + HIGH_SEXUAL_EXPLOITATION_MOTIVE + HIGH_WOMEN_CYBERCRIME -> HIGH_EXTORTION_MOTIVE + HIGH_FRAUD_MOTIVE + HIGH_IDENTITY_THEFT,3,3
0.3333333333333333,0.4444444444444444,0.3333333333333333,1.0,2.25,1.0,0.18518518518518517,inf,0.8333333333333333,0.7500000000000001,1.0,0.875,12,12,16,HIGH_CHILD_CYBERCRIME + HIGH_IDENTITY_THEFT + HIGH_SEC66D_CHEATING + HIGH_SEXUAL_EXPLOITATION_MOTIVE,HIGH_EXTORTION_MOTIVE + HIGH_FRAUD_MOTIVE,HIGH_CHILD_CYBERCRIME + HIGH_IDENTITY_THEFT + HIGH_SEC66D_CHEATING + HIGH_SEXUAL_EXPLOITATION_MOTIVE -> HIGH_EXTORTION_MOTIVE + HIGH_FRAUD_MOTIVE,4,2
0.3333333333333333,0.4444444444444444,0.3333333333333333,1.0,2.25,1.0,0.18518518518518517,inf,0.8333333333333333,0.7500000000000001,1.0,0.875,12,12,16,HIGH_CHILD_CYBERCRIME + HIGH_EXTORTION_MOTIVE + HIGH_FRAUD_MOTIVE + HIGH_SEC66D_CHEATING,HIGH_IDENTITY_THEFT + HIGH_SEXUAL_EXPLOITATION_MOTIVE,HIGH_CHILD_CYBERCRIME + HIGH_EXTORTION_MOTIVE + HIGH_FRAUD_MOTIVE + HIGH_SEC66D_CHEATING -> HIGH_IDENTITY_THEFT + HIGH_SEXUAL_EXPLOITATION_MOTIVE,4,2
0.3333333333333333,0.4444444444444444,0.3333333333333333,1.0,2.25,1.0,0.18518518518518517,inf,0.8333333333333333,0.7500000000000001,1.0,0.875,12,12,16,HIGH_CHILD_CYBERCRIME + HIGH_EXTORTION_MOTIVE + HIGH_SEC66D_CHEATING + HIGH_SEXUAL_EXPLOITATION_MOTIVE,HIGH_FRAUD_MOTIVE + HIGH_IDENTITY_THEFT,HIGH_CHILD_CYBERCRIME + HIGH_EXTORTION_MOTIVE + HIGH_SEC66D_CHEATING + HIGH_SEXUAL_EXPLOITATION_MOTIVE -> HIGH_FRAUD_MOTIVE + HIGH_IDENTITY_THEFT,4,2
0.3333333333333333,0.4444444444444444,0.3333333333333333,1.0,2.25,1.0,0.18518518518518517,inf,0.8333333333333333,0.7500000000000001,1.0,0.875,12,12,16,HIGH_CHILD_CYBERCRIME + HIGH_FRAUD_MOTIVE + HIGH_SEC66D_CHEATING,HIGH_EXTORTION_MOTIVE + HIGH_IDENTITY_THEFT + HIGH_SEXUAL_EXPLOITATION_MOTIVE,HIGH_CHILD_CYBERCRIME + HIGH_FRAUD_MOTIVE + HIGH_SEC66D_CHEATING -> HIGH_EXTORTION_MOTIVE + HIGH_IDENTITY_THEFT + HIGH_SEXUAL_EXPLOITATION_MOTIVE,3,3
0.3333333333333333,0.4444444444444444,0.3333333333333333,1.0,2.25,1.0,0.18518518518518517,inf,0.8333333333333333,0.7500000000000001,1.0,0.875,12,12,16,HIGH_CHILD_CYBERCRIME + HIGH_SEC66D_CHEATING + HIGH_SEXUAL_EXPLOITATION_MOTIVE,HIGH_EXTORTION_MOTIVE + HIGH_FRAUD_MOTIVE + HIGH_IDENTITY_THEFT,HIGH_CHILD_CYBERCRIME + HIGH_SEC66D_CHEATING + HIGH_SEXUAL_EXPLOITATION_MOTIVE -> HIGH_EXTORTION_MOTIVE + HIGH_FRAUD_MOTIVE + HIGH_IDENTITY_THEFT,3,3
0.3333333333333333,0.4444444444444444,0.3333333333333333,1.0,2.25,1.0,0.18518518518518517,inf,0.8333333333333333,0.7500000000000001,1.0,0.875,12,12,16,HIGH_IDENTITY_THEFT + HIGH_SEC66D_CHEATING + HIGH_WOMEN_CYBERCRIME,HIGH_EXTORTION_MOTIVE + HIGH_FRAUD_MOTIVE,HIGH_IDENTITY_THEFT + HIGH_SEC66D_CHEATING + HIGH_WOMEN_CYBERCRIME -> HIGH_EXTORTION_MOTIVE + HIGH_FRAUD_MOTIVE,3,2
0.3333333333333333,0.4444444444444444,0.3333333333333333,1.0,2.25,1.0,0.18518518518518517,inf,0.8333333333333333,0.7500000000000001,1.0,0.875,12,12,16,HIGH_EXTORTION_MOTIVE + HIGH_SEC66D_CHEATING + HIGH_WOMEN_CYBERCRIME,HIGH_FRAUD_MOTIVE + HIGH_IDENTITY_THEFT,HIGH_EXTORTION_MOTIVE + HIGH_SEC66D_CHEATING + HIGH_WOMEN_CYBERCRIME -> HIGH_FRAUD_MOTIVE + HIGH_IDENTITY_THEFT,3,2
0.3333333333333333,0.4444444444444444,0.3333333333333333,1.0,2.25,1.0,0.18518518518518517,inf,0.8333333333333333,0.7500000000000001,1.0,0.875,12,12,16,HIGH_SEC66D_CHEATING + HIGH_WOMEN_CYBERCRIME,HIGH_EXTORTION_MOTIVE + HIGH_FRAUD_MOTIVE + HIGH_IDENTITY_THEFT,HIGH_SEC66D_CHEATING + HIGH_WOMEN_CYBERCRIME -> HIGH_EXTORTION_MOTIVE + HIGH_FRAUD_MOTIVE + HIGH_IDENTITY_THEFT,2,3
0.3333333333333333,0.4444444444444444,0.3333333333333333,1.0,2.25,1.0,0.18518518518518517,inf,0.8333333333333333,0.7500000000000001,1.0,0.875,12,12,16,HIGH_CHILD_CYBERCRIME + HIGH_IDENTITY_THEFT + HIGH_SEC66D_CHEATING,HIGH_EXTORTION_MOTIVE + HIGH_FRAUD_MOTIVE,HIGH_CHILD_CYBERCRIME + HIGH_IDENTITY_THEFT + HIGH_SEC66D_CHEATING -> HIGH_EXTORTION_MOTIVE + HIGH_FRAUD_MOTIVE,3,2
0.3333333333333333,0.4444444444444444,0.3333333333333333,1.0,2.25,1.0,0.18518518518518517,inf,0.8333333333333333,0.7500000000000001,1.0,0.875,12,12,16,HIGH_CHILD_CYBERCRIME + HIGH_EXTORTION_MOTIVE + HIGH_SEC66D_CHEATING,HIGH_FRAUD_MOTIVE + HIGH_IDENTITY_THEFT,HIGH_CHILD_CYBERCRIME + HIGH_EXTORTION_MOTIVE + HIGH_SEC66D_CHEATING -> HIGH_FRAUD_MOTIVE + HIGH_IDENTITY_THEFT,3,2
0.3333333333333333,0.4444444444444444,0.3333333333333333,1.0,2.25,1.0,0.18518518518518517,inf,0.8333333333333333,0.7500000000000001,1.0,0.875,12,12,16,HIGH_CHILD_CYBERCRIME + HIGH_SEC66D_CHEATING,HIGH_EXTORTION_MOTIVE + HIGH_FRAUD_MOTIVE + HIGH_IDENTITY_THEFT,HIGH_CHILD_CYBERCRIME + HIGH_SEC66D_CHEATING -> HIGH_EXTORTION_MOTIVE + HIGH_FRAUD_MOTIVE + HIGH_IDENTITY_THEFT,2,3
0.3333333333333333,0.4444444444444444,0.3333333333333333,1.0,2.25,1.0,0.18518518518518517,inf,0.8333333333333333,0.7500000000000001,1.0,0.875,12,12,16,HIGH_FRAUD_MOTIVE + HIGH_SEC66D_CHEATING + HIGH_WOMEN_CYBERCRIME,HIGH_IDENTITY_THEFT + HIGH_SEXUAL_EXPLOITATION_MOTIVE,HIGH_FRAUD_MOTIVE + HIGH_SEC66D_CHEATING + HIGH_WOMEN_CYBERCRIME -> HIGH_IDENTITY_THEFT + HIGH_SEXUAL_EXPLOITATION_MOTIVE,3,2
0.3333333333333333,0.4444444444444444,0.3333333333333333,1.0,2.25,1.0,0.18518518518518517,inf,0.8333333333333333,0.7500000000000001,1.0,0.875,12,12,16,HIGH_SEC66D_CHEATING + HIGH_SEXUAL_EXPLOITATION_MOTIVE + HIGH_WOMEN_CYBERCRIME,HIGH_FRAUD_MOTIVE + HIGH_IDENTITY_THEFT,HIGH_SEC66D_CHEATING + HIGH_SEXUAL_EXPLOITATION_MOTIVE + HIGH_WOMEN_CYBERCRIME -> HIGH_FRAUD_MOTIVE + HIGH_IDENTITY_THEFT,3,2
0.3333333333333333,0.4444444444444444,0.3333333333333333,1.0,2.25,1.0,0.18518518518518517,inf,0.8333333333333333,0.7500000000000001,1.0,0.875,12,12,16,HIGH_CHILD_CYBERCRIME + HIGH_FRAUD_MOTIVE + HIGH_SEC66D_CHEATING,HIGH_IDENTITY_THEFT + HIGH_SEXUAL_EXPLOITATION_MOTIVE,HIGH_CHILD_CYBERCRIME + HIGH_FRAUD_MOTIVE + HIGH_SEC66D_CHEATING -> HIGH_IDENTITY_THEFT + HIGH_SEXUAL_EXPLOITATION_MOTIVE,3,2
0.3333333333333333,0.4444444444444444,0.3333333333333333,1.0,2.25,1.0,0.18518518518518517,inf,0.8333333333333333,0.7500000000000001,1.0,0.875,12,12,16,HIGH_CHILD_CYBERCRIME + HIGH_SEC66D_CHEATING + HIGH_SEXUAL_EXPLOITATION_MOTIVE,HIGH_FRAUD_MOTIVE + HIGH_IDENTITY_THEFT,HIGH_CHILD_CYBERCRIME + HIGH_SEC66D_CHEATING + HIGH_SEXUAL_EXPLOITATION_MOTIVE -> HIGH_FRAUD_MOTIVE + HIGH_IDENTITY_THEFT,3,2
0.3333333333333333,0.4444444444444444,0.3333333333333333,1.0,2.25,1.0,0.18518518518518517,inf,0.8333333333333333,0.7500000000000001,1.0,0.875,12,12,16,HIGH_SEC66D_CHEATING + HIGH_SEXUAL_EXPLOITATION_MOTIVE + HIGH_WOMEN_CYBERCRIME,HIGH_EXTORTION_MOTIVE + HIGH_FRAUD_MOTIVE,HIGH_SEC66D_CHEATING + HIGH_SEXUAL_EXPLOITATION_MOTIVE + HIGH_WOMEN_CYBERCRIME -> HIGH_EXTORTION_MOTIVE + HIGH_FRAUD_MOTIVE,3,2
0.3333333333333333,0.4444444444444444,0.3333333333333333,1.0,2.25,1.0,0.18518518518518517,inf,0.8333333333333333,0.7500000000000001,1.0,0.875,12,12,16,HIGH_CHILD_CYBERCRIME + HIGH_SEC66D_CHEATING + HIGH_SEXUAL_EXPLOITATION_MOTIVE,HIGH_EXTORTION_MOTIVE + HIGH_FRAUD_MOTIVE,HIGH_CHILD_CYBERCRIME + HIGH_SEC66D_CHEATING + HIGH_SEXUAL_EXPLOITATION_MOTIVE -> HIGH_EXTORTION_MOTIVE + HIGH_FRAUD_MOTIVE,3,2
0.3333333333333333,0.4444444444444444,0.3333333333333333,1.0,2.25,1.0,0.18518518518518517,inf,0.8333333333333333,0.7500000000000001,1.0,0.875,12,12,16,HIGH_EXTORTION_MOTIVE + HIGH_SEC66D_CHEATING + HIGH_WOMEN_CYBERCRIME,HIGH_IDENTITY_THEFT + HIGH_SEXUAL_EXPLOITATION_MOTIVE,HIGH_EXTORTION_MOTIVE + HIGH_SEC66D_CHEATING + HIGH_WOMEN_CYBERCRIME -> HIGH_IDENTITY_THEFT + HIGH_SEXUAL_EXPLOITATION_MOTIVE,3,2
0.3333333333333333,0.4444444444444444,0.3333333333333333,1.0,2.25,1.0,0.18518518518518517,inf,0.8333333333333333,0.7500000000000001,1.0,0.875,12,12,16,HIGH_SEC66D_CHEATING + HIGH_WOMEN_CYBERCRIME,HIGH_EXTORTION_MOTIVE + HIGH_IDENTITY_THEFT + HIGH_SEXUAL_EXPLOITATION_MOTIVE,HIGH_SEC66D_CHEATING + HIGH_WOMEN_CYBERCRIME -> HIGH_EXTORTION_MOTIVE + HIGH_IDENTITY_THEFT + HIGH_SEXUAL_EXPLOITATION_MOTIVE,2,3
0.3333333333333333,0.4444444444444444,0.3333333333333333,1.0,2.25,1.0,0.18518518518518517,inf,0.8333333333333333,0.7500000000000001,1.0,0.875,12,12,16,HIGH_CHILD_CYBERCRIME + HIGH_EXTORTION_MOTIVE + HIGH_SEC66D_CHEATING,HIGH_IDENTITY_THEFT + HIGH_SEXUAL_EXPLOITATION_MOTIVE,HIGH_CHILD_CYBERCRIME + HIGH_EXTORTION_MOTIVE + HIGH_SEC66D_CHEATING -> HIGH_IDENTITY_THEFT + HIGH_SEXUAL_EXPLOITATION_MOTIVE,3,2
0.3333333333333333,0.4444444444444444,0.3333333333333333,1.0,2.25,1.0,0.18518518518518517,inf,0.8333333333333333,0.7500000000000001,1.0,0.875,12,12,16,HIGH_CHILD_CYBERCRIME + HIGH_SEC66D_CHEATING,HIGH_EXTORTION_MOTIVE + HIGH_IDENTITY_THEFT + HIGH_SEXUAL_EXPLOITATION_MOTIVE,HIGH_CHILD_CYBERCRIME + HIGH_SEC66D_CHEATING -> HIGH_EXTORTION_MOTIVE + HIGH_IDENTITY_THEFT + HIGH_SEXUAL_EXPLOITATION_MOTIVE,2,3
0.3333333333333333,0.4444444444444444,0.3333333333333333,1.0,2.25,1.0,0.18518518518518517,inf,0.8333333333333333,0.7500000000000001,1.0,0.875,12,12,16,HIGH_SEC66D_CHEATING + HIGH_WOMEN_CYBERCRIME,HIGH_FRAUD_MOTIVE + HIGH_IDENTITY_THEFT,HIGH_SEC66D_CHEATING + HIGH_WOMEN_CYBERCRIME -> HIGH_FRAUD_MOTIVE + HIGH_IDENTITY_THEFT,2,2
0.3333333333333333,0.4444444444444444,0.3333333333333333,1.0,2.25,1.0,0.18518518518518517,inf,0.8333333333333333,0.7500000000000001,1.0,0.875,12,12,16,HIGH_CHILD_CYBERCRIME + HIGH_SEC66D_CHEATING,HIGH_FRAUD_MOTIVE + HIGH_IDENTITY_THEFT,HIGH_CHILD_CYBERCRIME + HIGH_SEC66D_CHEATING -> HIGH_FRAUD_MOTIVE + HIGH_IDENTITY_THEFT,2,2
0.3333333333333333,0.4444444444444444,0.3333333333333333,1.0,2.25,1.0,0.18518518518518517,inf,0.8333333333333333,0.7500000000000001,1.0,0.875,12,12,16,HIGH_SEC66D_CHEATING + HIGH_WOMEN_CYBERCRIME,HIGH_EXTORTION_MOTIVE + HIGH_FRAUD_MOTIVE,HIGH_SEC66D_CHEATING + HIGH_WOMEN_CYBERCRIME -> HIGH_EXTORTION_MOTIVE + HIGH_FRAUD_MOTIVE,2,2
0.3333333333333333,0.4444444444444444,0.3333333333333333,1.0,2.25,1.0,0.18518518518518517,inf,0.8333333333333333,0.7500000000000001,1.0,0.875,12,12,16,HIGH_CHILD_CYBERCRIME + HIGH_SEC66D_CHEATING,HIGH_EXTORTION_MOTIVE + HIGH_FRAUD_MOTIVE,HIGH_CHILD_CYBERCRIME + HIGH_SEC66D_CHEATING -> HIGH_EXTORTION_MOTIVE + HIGH_FRAUD_MOTIVE,2,2
0.3333333333333333,0.4444444444444444,0.3333333333333333,1.0,2.25,1.0,0.18518518518518517,inf,0.8333333333333333,0.7500000000000001,1.0,0.875,12,12,16,HIGH_SEC66D_CHEATING + HIGH_WOMEN_CYBERCRIME,HIGH_IDENTITY_THEFT + HIGH_SEXUAL_EXPLOITATION_MOTIVE,HIGH_SEC66D_CHEATING + HIGH_WOMEN_CYBERCRIME -> HIGH_IDENTITY_THEFT + HIGH_SEXUAL_EXPLOITATION_MOTIVE,2,2
0.3333333333333333,0.4444444444444444,0.3333333333333333,1.0,2.25,1.0,0.18518518518518517,inf,0.8333333333333333,0.7500000000000001,1.0,0.875,12,12,16,HIGH_CHILD_CYBERCRIME + HIGH_SEC66D_CHEATING,HIGH_IDENTITY_THEFT + HIGH_SEXUAL_EXPLOITATION_MOTIVE,HIGH_CHILD_CYBERCRIME + HIGH_SEC66D_CHEATING -> HIGH_IDENTITY_THEFT + HIGH_SEXUAL_EXPLOITATION_MOTIVE,2,2
0.3055555555555556,0.4444444444444444,0.3055555555555556,1.0,2.25,1.0,0.16975308641975312,inf,0.8000000000000002,0.6875000000000001,1.0,0.84375,11,11,16,HIGH_CHILD_CYBERCRIME + HIGH_IDENTITY_THEFT + HIGH_SEC66D_CHEATING + HIGH_SEXUAL_EXPLOITATION_MOTIVE + HIGH_WOMEN_CYBERCRIME,HIGH_EXTORTION_MOTIVE + HIGH_FRAUD_MOTIVE,HIGH_CHILD_CYBERCRIME + HIGH_IDENTITY_THEFT + HIGH_SEC66D_CHEATING + HIGH_SEXUAL_EXPLOITATION_MOTIVE + HIGH_WOMEN_CYBERCRIME -> HIGH_EXTORTION_MOTIVE + HIGH_FRAUD_MOTIVE,5,2
0.3055555555555556,0.4444444444444444,0.3055555555555556,1.0,2.25,1.0,0.16975308641975312,inf,0.8000000000000002,0.6875000000000001,1.0,0.84375,11,11,16,HIGH_CHILD_CYBERCRIME + HIGH_EXTORTION_MOTIVE + HIGH_FRAUD_MOTIVE + HIGH_SEC66D_CHEATING + HIGH_WOMEN_CYBERCRIME,HIGH_IDENTITY_THEFT + HIGH_SEXUAL_EXPLOITATION_MOTIVE,HIGH_CHILD_CYBERCRIME + HIGH_EXTORTION_MOTIVE + HIGH_FRAUD_MOTIVE + HIGH_SEC66D_CHEATING + HIGH_WOMEN_CYBERCRIME -> HIGH_IDENTITY_THEFT + HIGH_SEXUAL_EXPLOITATION_MOTIVE,5,2
0.3055555555555556,0.4444444444444444,0.3055555555555556,1.0,2.25,1.0,0.16975308641975312,inf,0.8000000000000002,0.6875000000000001,1.0,0.84375,11,11,16,HIGH_CHILD_CYBERCRIME + HIGH_EXTORTION_MOTIVE + HIGH_SEC66D_CHEATING + HIGH_SEXUAL_EXPLOITATION_MOTIVE + HIGH_WOMEN_CYBERCRIME,HIGH_FRAUD_MOTIVE + HIGH_IDENTITY_THEFT,HIGH_CHILD_CYBERCRIME + HIGH_EXTORTION_MOTIVE + HIGH_SEC66D_CHEATING + HIGH_SEXUAL_EXPLOITATION_MOTIVE + HIGH_WOMEN_CYBERCRIME -> HIGH_FRAUD_MOTIVE + HIGH_IDENTITY_THEFT,5,2
0.3055555555555556,0.4444444444444444,0.3055555555555556,1.0,2.25,1.0,0.16975308641975312,inf,0.8000000000000002,0.6875000000000001,1.0,0.84375,11,11,16,HIGH_CHILD_CYBERCRIME + HIGH_FRAUD_MOTIVE + HIGH_SEC66D_CHEATING + HIGH_WOMEN_CYBERCRIME,HIGH_EXTORTION_MOTIVE + HIGH_IDENTITY_THEFT + HIGH_SEXUAL_EXPLOITATION_MOTIVE,HIGH_CHILD_CYBERCRIME + HIGH_FRAUD_MOTIVE + HIGH_SEC66D_CHEATING + HIGH_WOMEN_CYBERCRIME -> HIGH_EXTORTION_MOTIVE + HIGH_IDENTITY_THEFT + HIGH_SEXUAL_EXPLOITATION_MOTIVE,4,3
0.3055555555555556,0.4444444444444444,0.3055555555555556,1.0,2.25,1.0,0.16975308641975312,inf,0.8000000000000002,0.6875000000000001,1.0,0.84375,11,11,16,HIGH_CHILD_CYBERCRIME + HIGH_SEC66D_CHEATING + HIGH_SEXUAL_EXPLOITATION_MOTIVE + HIGH_WOMEN_CYBERCRIME,HIGH_EXTORTION_MOTIVE + HIGH_FRAUD_MOTIVE + HIGH_IDENTITY_THEFT,HIGH_CHILD_CYBERCRIME + HIGH_SEC66D_CHEATING + HIGH_SEXUAL_EXPLOITATION_MOTIVE + HIGH_WOMEN_CYBERCRIME -> HIGH_EXTORTION_MOTIVE + HIGH_FRAUD_MOTIVE + HIGH_IDENTITY_THEFT,4,3
0.3055555555555556,0.4444444444444444,0.3055555555555556,1.0,2.25,1.0,0.16975308641975312,inf,0.8000000000000002,0.6875000000000001,1.0,0.84375,11,11,16,HIGH_CHILD_CYBERCRIME + HIGH_IDENTITY_THEFT + HIGH_SEC66D_CHEATING + HIGH_WOMEN_CYBERCRIME,HIGH_EXTORTION_MOTIVE + HIGH_FRAUD_MOTIVE,HIGH_CHILD_CYBERCRIME + HIGH_IDENTITY_THEFT + HIGH_SEC66D_CHEATING + HIGH_WOMEN_CYBERCRIME -> HIGH_EXTORTION_MOTIVE + HIGH_FRAUD_MOTIVE,4,2
0.3055555555555556,0.4444444444444444,0.3055555555555556,1.0,2.25,1.0,0.16975308641975312,inf,0.8000000000000002,0.6875000000000001,1.0,0.84375,11,11,16,HIGH_CHILD_CYBERCRIME + HIGH_EXTORTION_MOTIVE + HIGH_SEC66D_CHEATING + HIGH_WOMEN_CYBERCRIME,HIGH_FRAUD_MOTIVE + HIGH_IDENTITY_THEFT,HIGH_CHILD_CYBERCRIME + HIGH_EXTORTION_MOTIVE + HIGH_SEC66D_CHEATING + HIGH_WOMEN_CYBERCRIME -> HIGH_FRAUD_MOTIVE + HIGH_IDENTITY_THEFT,4,2
0.3055555555555556,0.4444444444444444,0.3055555555555556,1.0,2.25,1.0,0.16975308641975312,inf,0.8000000000000002,0.6875000000000001,1.0,0.84375,11,11,16,HIGH_CHILD_CYBERCRIME + HIGH_SEC66D_CHEATING + HIGH_WOMEN_CYBERCRIME,HIGH_EXTORTION_MOTIVE + HIGH_FRAUD_MOTIVE + HIGH_IDENTITY_THEFT,HIGH_CHILD_CYBERCRIME + HIGH_SEC66D_CHEATING + HIGH_WOMEN_CYBERCRIME -> HIGH_EXTORTION_MOTIVE + HIGH_FRAUD_MOTIVE + HIGH_IDENTITY_THEFT,3,3
0.3055555555555556,0.4444444444444444,0.3055555555555556,1.0,2.25,1.0,0.16975308641975312,inf,0.8000000000000002,0.6875000000000001,1.0,0.84375,11,11,16,HIGH_CHILD_CYBERCRIME + HIGH_FRAUD_MOTIVE + HIGH_SEC66D_CHEATING + HIGH_WOMEN_CYBERCRIME,HIGH_IDENTITY_THEFT + HIGH_SEXUAL_EXPLOITATION_MOTIVE,HIGH_CHILD_CYBERCRIME + HIGH_FRAUD_MOTIVE + HIGH_SEC66D_CHEATING + HIGH_WOMEN_CYBERCRIME -> HIGH_IDENTITY_THEFT + HIGH_SEXUAL_EXPLOITATION_MOTIVE,4,2
0.3055555555555556,0.4444444444444444,0.3055555555555556,1.0,2.25,1.0,0.16975308641975312,inf,0.8000000000000002,0.6875000000000001,1.0,0.84375,11,11,16,HIGH_CHILD_CYBERCRIME + HIGH_SEC66D_CHEATING + HIGH_SEXUAL_EXPLOITATION_MOTIVE + HIGH_WOMEN_CYBERCRIME,HIGH_FRAUD_MOTIVE + HIGH_IDENTITY_THEFT,HIGH_CHILD_CYBERCRIME + HIGH_SEC66D_CHEATING + HIGH_SEXUAL_EXPLOITATION_MOTIVE + HIGH_WOMEN_CYBERCRIME -> HIGH_FRAUD_MOTIVE + HIGH_IDENTITY_THEFT,4,2
0.3055555555555556,0.4444444444444444,0.3055555555555556,1.0,2.25,1.0,0.16975308641975312,inf,0.8000000000000002,0.6875000000000001,1.0,0.84375,11,11,16,HIGH_CHILD_CYBERCRIME + HIGH_SEC66D_CHEATING + HIGH_SEXUAL_EXPLOITATION_MOTIVE + HIGH_WOMEN_CYBERCRIME,HIGH_EXTORTION_MOTIVE + HIGH_FRAUD_MOTIVE,HIGH_CHILD_CYBERCRIME + HIGH_SEC66D_CHEATING + HIGH_SEXUAL_EXPLOITATION_MOTIVE + HIGH_WOMEN_CYBERCRIME -> HIGH_EXTORTION_MOTIVE + HIGH_FRAUD_MOTIVE,4,2
0.3055555555555556,0.4444444444444444,0.3055555555555556,1.0,2.25,1.0,0.16975308641975312,inf,0.8000000000000002,0.6875000000000001,1.0,0.84375,11,11,16,HIGH_CHILD_CYBERCRIME + HIGH_EXTORTION_MOTIVE + HIGH_SEC66D_CHEATING + HIGH_WOMEN_CYBERCRIME,HIGH_IDENTITY_THEFT + HIGH_SEXUAL_EXPLOITATION_MOTIVE,HIGH_CHILD_CYBERCRIME + HIGH_EXTORTION_MOTIVE + HIGH_SEC66D_CHEATING + HIGH_WOMEN_CYBERCRIME -> HIGH_IDENTITY_THEFT + HIGH_SEXUAL_EXPLOITATION_MOTIVE,4,2
0.3055555555555556,0.4444444444444444,0.3055555555555556,1.0,2.25,1.0,0.16975308641975312,inf,0.8000000000000002,0.6875000000000001,1.0,0.84375,11,11,16,HIGH_CHILD_CYBERCRIME + HIGH_SEC66D_CHEATING + HIGH_WOMEN_CYBERCRIME,HIGH_EXTORTION_MOTIVE + HIGH_IDENTITY_THEFT + HIGH_SEXUAL_EXPLOITATION_MOTIVE,HIGH_CHILD_CYBERCRIME + HIGH_SEC66D_CHEATING + HIGH_WOMEN_CYBERCRIME -> HIGH_EXTORTION_MOTIVE + HIGH_IDENTITY_THEFT + HIGH_SEXUAL_EXPLOITATION_MOTIVE,3,3
0.3055555555555556,0.4444444444444444,0.3055555555555556,1.0,2.25,1.0,0.16975308641975312,inf,0.8000000000000002,0.6875000000000001,1.0,0.84375,11,11,16,HIGH_CHILD_CYBERCRIME + HIGH_SEC66D_CHEATING + HIGH_WOMEN_CYBERCRIME,HIGH_FRAUD_MOTIVE + HIGH_IDENTITY_THEFT,HIGH_CHILD_CYBERCRIME + HIGH_SEC66D_CHEATING + HIGH_WOMEN_CYBERCRIME -> HIGH_FRAUD_MOTIVE + HIGH_IDENTITY_THEFT,3,2
0.3055555555555556,0.4444444444444444,0.3055555555555556,1.0,2.25,1.0,0.16975308641975312,inf,0.8000000000000002,0.6875000000000001,1.0,0.84375,11,11,16,HIGH_CHILD_CYBERCRIME + HIGH_SEC66D_CHEATING + HIGH_WOMEN_CYBERCRIME,HIGH_EXTORTION_MOTIVE + HIGH_FRAUD_MOTIVE,HIGH_CHILD_CYBERCRIME + HIGH_SEC66D_CHEATING + HIGH_WOMEN_CYBERCRIME -> HIGH_EXTORTION_MOTIVE + HIGH_FRAUD_MOTIVE,3,2
0.3055555555555556,0.4444444444444444,0.3055555555555556,1.0,2.25,1.0,0.16975308641975312,inf,0.8000000000000002,0.6875000000000001,1.0,0.84375,11,11,16,HIGH_CHILD_CYBERCRIME + HIGH_SEC66D_CHEATING + HIGH_WOMEN_CYBERCRIME,HIGH_IDENTITY_THEFT + HIGH_SEXUAL_EXPLOITATION_MOTIVE,HIGH_CHILD_CYBERCRIME + HIGH_SEC66D_CHEATING + HIGH_WOMEN_CYBERCRIME -> HIGH_IDENTITY_THEFT + HIGH_SEXUAL_EXPLOITATION_MOTIVE,3,2
0.4166666666666667,0.4722222222222222,0.4166666666666667,1.0,2.1176470588235294,1.0,0.2199074074074074,inf,0.9047619047619049,0.8823529411764708,1.0,0.9411764705882353,15,15,17,HIGH_FRAUD_MOTIVE + HIGH_SEXUAL_EXPLOITATION_MOTIVE,HIGH_EXTORTION_MOTIVE + HIGH_IDENTITY_THEFT,HIGH_FRAUD_MOTIVE + HIGH_SEXUAL_EXPLOITATION_MOTIVE -> HIGH_EXTORTION_MOTIVE + HIGH_IDENTITY_THEFT,2,2
0.4166666666666667,0.4722222222222222,0.4166666666666667,1.0,2.1176470588235294,1.0,0.2199074074074074,inf,0.9047619047619049,0.8823529411764708,1.0,0.9411764705882353,15,15,17,HIGH_IDENTITY_THEFT + HIGH_WOMEN_CYBERCRIME,HIGH_EXTORTION_MOTIVE + HIGH_SEXUAL_EXPLOITATION_MOTIVE,HIGH_IDENTITY_THEFT + HIGH_WOMEN_CYBERCRIME -> HIGH_EXTORTION_MOTIVE + HIGH_SEXUAL_EXPLOITATION_MOTIVE,2,2
0.4166666666666667,0.4722222222222222,0.4166666666666667,1.0,2.1176470588235294,1.0,0.2199074074074074,inf,0.9047619047619049,0.8823529411764708,1.0,0.9411764705882353,15,15,17,HIGH_CHILD_CYBERCRIME + HIGH_IDENTITY_THEFT,HIGH_EXTORTION_MOTIVE + HIGH_SEXUAL_EXPLOITATION_MOTIVE,HIGH_CHILD_CYBERCRIME + HIGH_IDENTITY_THEFT -> HIGH_EXTORTION_MOTIVE + HIGH_SEXUAL_EXPLOITATION_MOTIVE,2,2
0.3888888888888889,0.4722222222222222,0.3888888888888889,1.0,2.1176470588235294,1.0,0.2052469135802469,inf,0.8636363636363635,0.8235294117647058,1.0,0.911764705882353,14,14,17,HIGH_FRAUD_MOTIVE + HIGH_IDENTITY_THEFT + HIGH_WOMEN_CYBERCRIME,HIGH_EXTORTION_MOTIVE + HIGH_SEXUAL_EXPLOITATION_MOTIVE,HIGH_FRAUD_MOTIVE + HIGH_IDENTITY_THEFT + HIGH_WOMEN_CYBERCRIME -> HIGH_EXTORTION_MOTIVE + HIGH_SEXUAL_EXPLOITATION_MOTIVE,3,2
0.3888888888888889,0.4722222222222222,0.3888888888888889,1.0,2.1176470588235294,1.0,0.2052469135802469,inf,0.8636363636363635,0.8235294117647058,1.0,0.911764705882353,14,14,17,HIGH_FRAUD_MOTIVE + HIGH_SEXUAL_EXPLOITATION_MOTIVE + HIGH_WOMEN_CYBERCRIME,HIGH_EXTORTION_MOTIVE + HIGH_IDENTITY_THEFT,HIGH_FRAUD_MOTIVE + HIGH_SEXUAL_EXPLOITATION_MOTIVE + HIGH_WOMEN_CYBERCRIME -> HIGH_EXTORTION_MOTIVE + HIGH_IDENTITY_THEFT,3,2
0.3888888888888889,0.4722222222222222,0.3888888888888889,1.0,2.1176470588235294,1.0,0.2052469135802469,inf,0.8636363636363635,0.8235294117647058,1.0,0.911764705882353,14,14,17,HIGH_CHILD_CYBERCRIME + HIGH_FRAUD_MOTIVE + HIGH_IDENTITY_THEFT,HIGH_EXTORTION_MOTIVE + HIGH_SEXUAL_EXPLOITATION_MOTIVE,HIGH_CHILD_CYBERCRIME + HIGH_FRAUD_MOTIVE + HIGH_IDENTITY_THEFT -> HIGH_EXTORTION_MOTIVE + HIGH_SEXUAL_EXPLOITATION_MOTIVE,3,2
0.3888888888888889,0.4722222222222222,0.3888888888888889,1.0,2.1176470588235294,1.0,0.2052469135802469,inf,0.8636363636363635,0.8235294117647058,1.0,0.911764705882353,14,14,17,HIGH_CHILD_CYBERCRIME + HIGH_FRAUD_MOTIVE + HIGH_SEXUAL_EXPLOITATION_MOTIVE,HIGH_EXTORTION_MOTIVE + HIGH_IDENTITY_THEFT,HIGH_CHILD_CYBERCRIME + HIGH_FRAUD_MOTIVE + HIGH_SEXUAL_EXPLOITATION_MOTIVE -> HIGH_EXTORTION_MOTIVE + HIGH_IDENTITY_THEFT,3,2
0.3888888888888889,0.4722222222222222,0.3888888888888889,1.0,2.1176470588235294,1.0,0.2052469135802469,inf,0.8636363636363635,0.8235294117647058,1.0,0.911764705882353,14,14,17,HIGH_CHILD_CYBERCRIME + HIGH_IDENTITY_THEFT + HIGH_WOMEN_CYBERCRIME,HIGH_EXTORTION_MOTIVE + HIGH_SEXUAL_EXPLOITATION_MOTIVE,HIGH_CHILD_CYBERCRIME + HIGH_IDENTITY_THEFT + HIGH_WOMEN_CYBERCRIME -> HIGH_EXTORTION_MOTIVE + HIGH_SEXUAL_EXPLOITATION_MOTIVE,3,2
0.3611111111111111,0.4722222222222222,0.3611111111111111,1.0,2.1176470588235294,1.0,0.19058641975308643,inf,0.8260869565217392,0.7647058823529412,1.0,0.8823529411764706,13,13,17,HIGH_CHILD_CYBERCRIME + HIGH_FRAUD_MOTIVE + HIGH_IDENTITY_THEFT + HIGH_WOMEN_CYBERCRIME,HIGH_EXTORTION_MOTIVE + HIGH_SEXUAL_EXPLOITATION_MOTIVE,HIGH_CHILD_CYBERCRIME + HIGH_FRAUD_MOTIVE + HIGH_IDENTITY_THEFT + HIGH_WOMEN_CYBERCRIME -> HIGH_EXTORTION_MOTIVE + HIGH_SEXUAL_EXPLOITATION_MOTIVE,4,2
0.3611111111111111,0.4722222222222222,0.3611111111111111,1.0,2.1176470588235294,1.0,0.19058641975308643,inf,0.8260869565217392,0.7647058823529412,1.0,0.8823529411764706,13,13,17,HIGH_CHILD_CYBERCRIME + HIGH_FRAUD_MOTIVE + HIGH_SEXUAL_EXPLOITATION_MOTIVE + HIGH_WOMEN_CYBERCRIME,HIGH_EXTORTION_MOTIVE + HIGH_IDENTITY_THEFT,HIGH_CHILD_CYBERCRIME + HIGH_FRAUD_MOTIVE + HIGH_SEXUAL_EXPLOITATION_MOTIVE + HIGH_WOMEN_CYBERCRIME -> HIGH_EXTORTION_MOTIVE + HIGH_IDENTITY_THEFT,4,2
0.3611111111111111,0.4722222222222222,0.3611111111111111,1.0,2.1176470588235294,1.0,0.19058641975308643,inf,0.8260869565217392,0.7647058823529412,1.0,0.8823529411764706,13,13,17,HIGH_FRAUD_MOTIVE + HIGH_SEC66D_CHEATING + HIGH_SEXUAL_EXPLOITATION_MOTIVE,HIGH_EXTORTION_MOTIVE + HIGH_IDENTITY_THEFT,HIGH_FRAUD_MOTIVE + HIGH_SEC66D_CHEATING + HIGH_SEXUAL_EXPLOITATION_MOTIVE -> HIGH_EXTORTION_MOTIVE + HIGH_IDENTITY_THEFT,3,2
0.3333333333333333,0.4722222222222222,0.3333333333333333,1.0,2.1176470588235294,1.0,0.17592592592592593,inf,0.7916666666666666,0.7058823529411764,1.0,0.8529411764705882,12,12,17,HIGH_FRAUD_MOTIVE + HIGH_IDENTITY_THEFT + HIGH_SEC66D_CHEATING + HIGH_WOMEN_CYBERCRIME,HIGH_EXTORTION_MOTIVE + HIGH_SEXUAL_EXPLOITATION_MOTIVE,HIGH_FRAUD_MOTIVE + HIGH_IDENTITY_THEFT + HIGH_SEC66D_CHEATING + HIGH_WOMEN_CYBERCRIME -> HIGH_EXTORTION_MOTIVE + HIGH_SEXUAL_EXPLOITATION_MOTIVE,4,2
0.3333333333333333,0.4722222222222222,0.3333333333333333,1.0,2.1176470588235294,1.0,0.17592592592592593,inf,0.7916666666666666,0.7058823529411764,1.0,0.8529411764705882,12,12,17,HIGH_FRAUD_MOTIVE + HIGH_SEC66D_CHEATING + HIGH_SEXUAL_EXPLOITATION_MOTIVE + HIGH_WOMEN_CYBERCRIME,HIGH_EXTORTION_MOTIVE + HIGH_IDENTITY_THEFT,HIGH_FRAUD_MOTIVE + HIGH_SEC66D_CHEATING + HIGH_SEXUAL_EXPLOITATION_MOTIVE + HIGH_WOMEN_CYBERCRIME -> HIGH_EXTORTION_MOTIVE + HIGH_IDENTITY_THEFT,4,2
0.3333333333333333,0.4722222222222222,0.3333333333333333,1.0,2.1176470588235294,1.0,0.17592592592592593,inf,0.7916666666666666,0.7058823529411764,1.0,0.8529411764705882,12,12,17,HIGH_CHILD_CYBERCRIME + HIGH_FRAUD_MOTIVE + HIGH_IDENTITY_THEFT + HIGH_SEC66D_CHEATING,HIGH_EXTORTION_MOTIVE + HIGH_SEXUAL_EXPLOITATION_MOTIVE,HIGH_CHILD_CYBERCRIME + HIGH_FRAUD_MOTIVE + HIGH_IDENTITY_THEFT + HIGH_SEC66D_CHEATING -> HIGH_EXTORTION_MOTIVE + HIGH_SEXUAL_EXPLOITATION_MOTIVE,4,2
0.3333333333333333,0.4722222222222222,0.3333333333333333,1.0,2.1176470588235294,1.0,0.17592592592592593,inf,0.7916666666666666,0.7058823529411764,1.0,0.8529411764705882,12,12,17,HIGH_CHILD_CYBERCRIME + HIGH_FRAUD_MOTIVE + HIGH_SEC66D_CHEATING + HIGH_SEXUAL_EXPLOITATION_MOTIVE,HIGH_EXTORTION_MOTIVE + HIGH_IDENTITY_THEFT,HIGH_CHILD_CYBERCRIME + HIGH_FRAUD_MOTIVE + HIGH_SEC66D_CHEATING + HIGH_SEXUAL_EXPLOITATION_MOTIVE -> HIGH_EXTORTION_MOTIVE + HIGH_IDENTITY_THEFT,4,2
0.3333333333333333,0.4722222222222222,0.3333333333333333,1.0,2.1176470588235294,1.0,0.17592592592592593,inf,0.7916666666666666,0.7058823529411764,1.0,0.8529411764705882,12,12,17,HIGH_FRAUD_MOTIVE + HIGH_SEC66D_CHEATING + HIGH_WOMEN_CYBERCRIME,HIGH_EXTORTION_MOTIVE + HIGH_IDENTITY_THEFT,HIGH_FRAUD_MOTIVE + HIGH_SEC66D_CHEATING + HIGH_WOMEN_CYBERCRIME -> HIGH_EXTORTION_MOTIVE + HIGH_IDENTITY_THEFT,3,2
0.3333333333333333,0.4722222222222222,0.3333333333333333,1.0,2.1176470588235294,1.0,0.17592592592592593,inf,0.7916666666666666,0.7058823529411764,1.0,0.8529411764705882,12,12,17,HIGH_CHILD_CYBERCRIME + HIGH_FRAUD_MOTIVE + HIGH_SEC66D_CHEATING,HIGH_EXTORTION_MOTIVE + HIGH_IDENTITY_THEFT,HIGH_CHILD_CYBERCRIME + HIGH_FRAUD_MOTIVE + HIGH_SEC66D_CHEATING -> HIGH_EXTORTION_MOTIVE + HIGH_IDENTITY_THEFT,3,2
0.3333333333333333,0.4722222222222222,0.3333333333333333,1.0,2.1176470588235294,1.0,0.17592592592592593,inf,0.7916666666666666,0.7058823529411764,1.0,0.8529411764705882,12,12,17,HIGH_FRAUD_MOTIVE + HIGH_SEC66D_CHEATING + HIGH_WOMEN_CYBERCRIME,HIGH_EXTORTION_MOTIVE + HIGH_SEXUAL_EXPLOITATION_MOTIVE,HIGH_FRAUD_MOTIVE + HIGH_SEC66D_CHEATING + HIGH_WOMEN_CYBERCRIME -> HIGH_EXTORTION_MOTIVE + HIGH_SEXUAL_EXPLOITATION_MOTIVE,3,2
0.3333333333333333,0.4722222222222222,0.3333333333333333,1.0,2.1176470588235294,1.0,0.17592592592592593,inf,0.7916666666666666,0.7058823529411764,1.0,0.8529411764705882,12,12,17,HIGH_CHILD_CYBERCRIME + HIGH_FRAUD_MOTIVE + HIGH_SEC66D_CHEATING,HIGH_EXTORTION_MOTIVE + HIGH_SEXUAL_EXPLOITATION_MOTIVE,HIGH_CHILD_CYBERCRIME + HIGH_FRAUD_MOTIVE + HIGH_SEC66D_CHEATING -> HIGH_EXTORTION_MOTIVE + HIGH_SEXUAL_EXPLOITATION_MOTIVE,3,2
0.3333333333333333,0.4722222222222222,0.3333333333333333,1.0,2.1176470588235294,1.0,0.17592592592592593,inf,0.7916666666666666,0.7058823529411764,1.0,0.8529411764705882,12,12,17,HIGH_IDENTITY_THEFT + HIGH_SEC66D_CHEATING + HIGH_WOMEN_CYBERCRIME,HIGH_EXTORTION_MOTIVE + HIGH_SEXUAL_EXPLOITATION_MOTIVE,HIGH_IDENTITY_THEFT + HIGH_SEC66D_CHEATING + HIGH_WOMEN_CYBERCRIME -> HIGH_EXTORTION_MOTIVE + HIGH_SEXUAL_EXPLOITATION_MOTIVE,3,2
0.3333333333333333,0.4722222222222222,0.3333333333333333,1.0,2.1176470588235294,1.0,0.17592592592592593,inf,0.7916666666666666,0.7058823529411764,1.0,0.8529411764705882,12,12,17,HIGH_SEC66D_CHEATING + HIGH_SEXUAL_EXPLOITATION_MOTIVE + HIGH_WOMEN_CYBERCRIME,HIGH_EXTORTION_MOTIVE + HIGH_IDENTITY_THEFT,HIGH_SEC66D_CHEATING + HIGH_SEXUAL_EXPLOITATION_MOTIVE + HIGH_WOMEN_CYBERCRIME -> HIGH_EXTORTION_MOTIVE + HIGH_IDENTITY_THEFT,3,2
0.3333333333333333,0.4722222222222222,0.3333333333333333,1.0,2.1176470588235294,1.0,0.17592592592592593,inf,0.7916666666666666,0.7058823529411764,1.0,0.8529411764705882,12,12,17,HIGH_CHILD_CYBERCRIME + HIGH_IDENTITY_THEFT + HIGH_SEC66D_CHEATING,HIGH_EXTORTION_MOTIVE + HIGH_SEXUAL_EXPLOITATION_MOTIVE,HIGH_CHILD_CYBERCRIME + HIGH_IDENTITY_THEFT + HIGH_SEC66D_CHEATING -> HIGH_EXTORTION_MOTIVE + HIGH_SEXUAL_EXPLOITATION_MOTIVE,3,2
0.3333333333333333,0.4722222222222222,0.3333333333333333,1.0,2.1176470588235294,1.0,0.17592592592592593,inf,0.7916666666666666,0.7058823529411764,1.0,0.8529411764705882,12,12,17,HIGH_CHILD_CYBERCRIME + HIGH_SEC66D_CHEATING + HIGH_SEXUAL_EXPLOITATION_MOTIVE,HIGH_EXTORTION_MOTIVE + HIGH_IDENTITY_THEFT,HIGH_CHILD_CYBERCRIME + HIGH_SEC66D_CHEATING + HIGH_SEXUAL_EXPLOITATION_MOTIVE -> HIGH_EXTORTION_MOTIVE + HIGH_IDENTITY_THEFT,3,2
0.3333333333333333,0.4722222222222222,0.3333333333333333,1.0,2.1176470588235294,1.0,0.17592592592592593,inf,0.7916666666666666,0.7058823529411764,1.0,0.8529411764705882,12,12,17,HIGH_SEC66D_CHEATING + HIGH_WOMEN_CYBERCRIME,HIGH_EXTORTION_MOTIVE + HIGH_IDENTITY_THEFT,HIGH_SEC66D_CHEATING + HIGH_WOMEN_CYBERCRIME -> HIGH_EXTORTION_MOTIVE + HIGH_IDENTITY_THEFT,2,2
0.3333333333333333,0.4722222222222222,0.3333333333333333,1.0,2.1176470588235294,1.0,0.17592592592592593,inf,0.7916666666666666,0.7058823529411764,1.0,0.8529411764705882,12,12,17,HIGH_CHILD_CYBERCRIME + HIGH_SEC66D_CHEATING,HIGH_EXTORTION_MOTIVE + HIGH_IDENTITY_THEFT,HIGH_CHILD_CYBERCRIME + HIGH_SEC66D_CHEATING -> HIGH_EXTORTION_MOTIVE + HIGH_IDENTITY_THEFT,2,2
0.3333333333333333,0.4722222222222222,0.3333333333333333,1.0,2.1176470588235294,1.0,0.17592592592592593,inf,0.7916666666666666,0.7058823529411764,1.0,0.8529411764705882,12,12,17,HIGH_SEC66D_CHEATING + HIGH_WOMEN_CYBERCRIME,HIGH_EXTORTION_MOTIVE + HIGH_SEXUAL_EXPLOITATION_MOTIVE,HIGH_SEC66D_CHEATING + HIGH_WOMEN_CYBERCRIME -> HIGH_EXTORTION_MOTIVE + HIGH_SEXUAL_EXPLOITATION_MOTIVE,2,2
0.3333333333333333,0.4722222222222222,0.3333333333333333,1.0,2.1176470588235294,1.0,0.17592592592592593,inf,0.7916666666666666,0.7058823529411764,1.0,0.8529411764705882,12,12,17,HIGH_CHILD_CYBERCRIME + HIGH_SEC66D_CHEATING,HIGH_EXTORTION_MOTIVE + HIGH_SEXUAL_EXPLOITATION_MOTIVE,HIGH_CHILD_CYBERCRIME + HIGH_SEC66D_CHEATING -> HIGH_EXTORTION_MOTIVE + HIGH_SEXUAL_EXPLOITATION_MOTIVE,2,2
0.3055555555555556,0.4722222222222222,0.3055555555555556,1.0,2.1176470588235294,1.0,0.16126543209876545,inf,0.7600000000000001,0.6470588235294118,1.0,0.8235294117647058,11,11,17,HIGH_CHILD_CYBERCRIME + HIGH_FRAUD_MOTIVE + HIGH_IDENTITY_THEFT + HIGH_SEC66D_CHEATING + HIGH_WOMEN_CYBERCRIME,HIGH_EXTORTION_MOTIVE + HIGH_SEXUAL_EXPLOITATION_MOTIVE,HIGH_CHILD_CYBERCRIME + HIGH_FRAUD_MOTIVE + HIGH_IDENTITY_THEFT + HIGH_SEC66D_CHEATING + HIGH_WOMEN_CYBERCRIME -> HIGH_EXTORTION_MOTIVE + HIGH_SEXUAL_EXPLOITATION_MOTIVE,5,2
0.3055555555555556,0.4722222222222222,0.3055555555555556,1.0,2.1176470588235294,1.0,0.16126543209876545,inf,0.7600000000000001,0.6470588235294118,1.0,0.8235294117647058,11,11,17,HIGH_CHILD_CYBERCRIME + HIGH_FRAUD_MOTIVE + HIGH_SEC66D_CHEATING + HIGH_SEXUAL_EXPLOITATION_MOTIVE + HIGH_WOMEN_CYBERCRIME,HIGH_EXTORTION_MOTIVE + HIGH_IDENTITY_THEFT,HIGH_CHILD_CYBERCRIME + HIGH_FRAUD_MOTIVE + HIGH_SEC66D_CHEATING + HIGH_SEXUAL_EXPLOITATION_MOTIVE + HIGH_WOMEN_CYBERCRIME -> HIGH_EXTORTION_MOTIVE + HIGH_IDENTITY_THEFT,5,2
0.3055555555555556,0.4722222222222222,0.3055555555555556,1.0,2.1176470588235294,1.0,0.16126543209876545,inf,0.7600000000000001,0.6470588235294118,1.0,0.8235294117647058,11,11,17,HIGH_CHILD_CYBERCRIME + HIGH_FRAUD_MOTIVE + HIGH_SEC66D_CHEATING + HIGH_WOMEN_CYBERCRIME,HIGH_EXTORTION_MOTIVE + HIGH_IDENTITY_THEFT,HIGH_CHILD_CYBERCRIME + HIGH_FRAUD_MOTIVE + HIGH_SEC66D_CHEATING + HIGH_WOMEN_CYBERCRIME -> HIGH_EXTORTION_MOTIVE + HIGH_IDENTITY_THEFT,4,2
0.3055555555555556,0.4722222222222222,0.3055555555555556,1.0,2.1176470588235294,1.0,0.16126543209876545,inf,0.7600000000000001,0.6470588235294118,1.0,0.8235294117647058,11,11,17,HIGH_CHILD_CYBERCRIME + HIGH_FRAUD_MOTIVE + HIGH_SEC66D_CHEATING + HIGH_WOMEN_CYBERCRIME,HIGH_EXTORTION_MOTIVE + HIGH_SEXUAL_EXPLOITATION_MOTIVE,HIGH_CHILD_CYBERCRIME + HIGH_FRAUD_MOTIVE + HIGH_SEC66D_CHEATING + HIGH_WOMEN_CYBERCRIME -> HIGH_EXTORTION_MOTIVE + HIGH_SEXUAL_EXPLOITATION_MOTIVE,4,2
0.3055555555555556,0.4722222222222222,0.3055555555555556,1.0,2.1176470588235294,1.0,0.16126543209876545,inf,0.7600000000000001,0.6470588235294118,1.0,0.8235294117647058,11,11,17,HIGH_CHILD_CYBERCRIME + HIGH_IDENTITY_THEFT + HIGH_SEC66D_CHEATING + HIGH_WOMEN_CYBERCRIME,HIGH_EXTORTION_MOTIVE + HIGH_SEXUAL_EXPLOITATION_MOTIVE,HIGH_CHILD_CYBERCRIME + HIGH_IDENTITY_THEFT + HIGH_SEC66D_CHEATING + HIGH_WOMEN_CYBERCRIME -> HIGH_EXTORTION_MOTIVE + HIGH_SEXUAL_EXPLOITATION_MOTIVE,4,2
0.3055555555555556,0.4722222222222222,0.3055555555555556,1.0,2.1176470588235294,1.0,0.16126543209876545,inf,0.7600000000000001,0.6470588235294118,1.0,0.8235294117647058,11,11,17,HIGH_CHILD_CYBERCRIME + HIGH_SEC66D_CHEATING + HIGH_SEXUAL_EXPLOITATION_MOTIVE + HIGH_WOMEN_CYBERCRIME,HIGH_EXTORTION_MOTIVE + HIGH_IDENTITY_THEFT,HIGH_CHILD_CYBERCRIME + HIGH_SEC66D_CHEATING + HIGH_SEXUAL_EXPLOITATION_MOTIVE + HIGH_WOMEN_CYBERCRIME -> HIGH_EXTORTION_MOTIVE + HIGH_IDENTITY_THEFT,4,2
0.3055555555555556,0.4722222222222222,0.3055555555555556,1.0,2.1176470588235294,1.0,0.16126543209876545,inf,0.7600000000000001,0.6470588235294118,1.0,0.8235294117647058,11,11,17,HIGH_CHILD_CYBERCRIME + HIGH_SEC66D_CHEATING + HIGH_WOMEN_CYBERCRIME,HIGH_EXTORTION_MOTIVE + HIGH_IDENTITY_THEFT,HIGH_CHILD_CYBERCRIME + HIGH_SEC66D_CHEATING + HIGH_WOMEN_CYBERCRIME -> HIGH_EXTORTION_MOTIVE + HIGH_IDENTITY_THEFT,3,2
0.3055555555555556,0.4722222222222222,0.3055555555555556,1.0,2.1176470588235294,1.0,0.16126543209876545,inf,0.7600000000000001,0.6470588235294118,1.0,0.8235294117647058,11,11,17,HIGH_CHILD_CYBERCRIME + HIGH_SEC66D_CHEATING + HIGH_WOMEN_CYBERCRIME,HIGH_EXTORTION_MOTIVE + HIGH_SEXUAL_EXPLOITATION_MOTIVE,HIGH_CHILD_CYBERCRIME + HIGH_SEC66D_CHEATING + HIGH_WOMEN_CYBERCRIME -> HIGH_EXTORTION_MOTIVE + HIGH_SEXUAL_EXPLOITATION_MOTIVE,3,2
0.4444444444444444,0.5,0.4444444444444444,1.0,2.0,1.0,0.2222222222222222,inf,0.9,0.8888888888888888,1.0,0.9444444444444444,16,16,18,HIGH_FRAUD_MOTIVE + HIGH_IDENTITY_THEFT,HIGH_EXTORTION_MOTIVE,HIGH_FRAUD_MOTIVE + HIGH_IDENTITY_THEFT -> HIGH_EXTORTION_MOTIVE,2,1
0.4444444444444444,0.5,0.4444444444444444,1.0,2.0,1.0,0.2222222222222222,inf,0.9,0.8888888888888888,1.0,0.9444444444444444,16,16,18,HIGH_IDENTITY_THEFT + HIGH_SEXUAL_EXPLOITATION_MOTIVE,HIGH_EXTORTION_MOTIVE,HIGH_IDENTITY_THEFT + HIGH_SEXUAL_EXPLOITATION_MOTIVE -> HIGH_EXTORTION_MOTIVE,2,1
0.4166666666666667,0.5,0.4166666666666667,1.0,2.0,1.0,0.20833333333333334,inf,0.8571428571428573,0.8333333333333334,1.0,0.9166666666666667,15,15,18,HIGH_FRAUD_MOTIVE + HIGH_IDENTITY_THEFT + HIGH_SEXUAL_EXPLOITATION_MOTIVE,HIGH_EXTORTION_MOTIVE,HIGH_FRAUD_MOTIVE + HIGH_IDENTITY_THEFT + HIGH_SEXUAL_EXPLOITATION_MOTIVE -> HIGH_EXTORTION_MOTIVE,3,1
0.4166666666666667,0.5,0.4166666666666667,1.0,2.0,1.0,0.20833333333333334,inf,0.8571428571428573,0.8333333333333334,1.0,0.9166666666666667,15,15,18,HIGH_IDENTITY_THEFT + HIGH_SEXUAL_EXPLOITATION_MOTIVE + HIGH_WOMEN_CYBERCRIME,HIGH_EXTORTION_MOTIVE,HIGH_IDENTITY_THEFT + HIGH_SEXUAL_EXPLOITATION_MOTIVE + HIGH_WOMEN_CYBERCRIME -> HIGH_EXTORTION_MOTIVE,3,1
0.4166666666666667,0.5,0.4166666666666667,1.0,2.0,1.0,0.20833333333333334,inf,0.8571428571428573,0.8333333333333334,1.0,0.9166666666666667,15,15,18,HIGH_EXTORTION_MOTIVE + HIGH_IDENTITY_THEFT + HIGH_WOMEN_CYBERCRIME,HIGH_SEXUAL_EXPLOITATION_MOTIVE,HIGH_EXTORTION_MOTIVE + HIGH_IDENTITY_THEFT + HIGH_WOMEN_CYBERCRIME -> HIGH_SEXUAL_EXPLOITATION_MOTIVE,3,1
0.4166666666666667,0.5,0.4166666666666667,1.0,2.0,1.0,0.20833333333333334,inf,0.8571428571428573,0.8333333333333334,1.0,0.9166666666666667,15,15,18,HIGH_CHILD_CYBERCRIME + HIGH_IDENTITY_THEFT + HIGH_SEXUAL_EXPLOITATION_MOTIVE,HIGH_EXTORTION_MOTIVE,HIGH_CHILD_CYBERCRIME + HIGH_IDENTITY_THEFT + HIGH_SEXUAL_EXPLOITATION_MOTIVE -> HIGH_EXTORTION_MOTIVE,3,1
0.4166666666666667,0.5,0.4166666666666667,1.0,2.0,1.0,0.20833333333333334,inf,0.8571428571428573,0.8333333333333334,1.0,0.9166666666666667,15,15,18,HIGH_CHILD_CYBERCRIME + HIGH_EXTORTION_MOTIVE + HIGH_IDENTITY_THEFT,HIGH_SEXUAL_EXPLOITATION_MOTIVE,HIGH_CHILD_CYBERCRIME + HIGH_EXTORTION_MOTIVE + HIGH_IDENTITY_THEFT -> HIGH_SEXUAL_EXPLOITATION_MOTIVE,3,1
0.4166666666666667,0.5,0.4166666666666667,1.0,2.0,1.0,0.20833333333333334,inf,0.8571428571428573,0.8333333333333334,1.0,0.9166666666666667,15,15,18,HIGH_FRAUD_MOTIVE + HIGH_SEXUAL_EXPLOITATION_MOTIVE,HIGH_EXTORTION_MOTIVE,HIGH_FRAUD_MOTIVE + HIGH_SEXUAL_EXPLOITATION_MOTIVE -> HIGH_EXTORTION_MOTIVE,2,1
0.4166666666666667,0.5,0.4166666666666667,1.0,2.0,1.0,0.20833333333333334,inf,0.8571428571428573,0.8333333333333334,1.0,0.9166666666666667,15,15,18,HIGH_IDENTITY_THEFT + HIGH_WOMEN_CYBERCRIME,HIGH_EXTORTION_MOTIVE,HIGH_IDENTITY_THEFT + HIGH_WOMEN_CYBERCRIME -> HIGH_EXTORTION_MOTIVE,2,1
0.4166666666666667,0.5,0.4166666666666667,1.0,2.0,1.0,0.20833333333333334,inf,0.8571428571428573,0.8333333333333334,1.0,0.9166666666666667,15,15,18,HIGH_CHILD_CYBERCRIME + HIGH_IDENTITY_THEFT,HIGH_EXTORTION_MOTIVE,HIGH_CHILD_CYBERCRIME + HIGH_IDENTITY_THEFT -> HIGH_EXTORTION_MOTIVE,2,1
0.4166666666666667,0.5,0.4166666666666667,1.0,2.0,1.0,0.20833333333333334,inf,0.8571428571428573,0.8333333333333334,1.0,0.9166666666666667,15,15,18,HIGH_IDENTITY_THEFT + HIGH_WOMEN_CYBERCRIME,HIGH_SEXUAL_EXPLOITATION_MOTIVE,HIGH_IDENTITY_THEFT + HIGH_WOMEN_CYBERCRIME -> HIGH_SEXUAL_EXPLOITATION_MOTIVE,2,1
0.4166666666666667,0.5,0.4166666666666667,1.0,2.0,1.0,0.20833333333333334,inf,0.8571428571428573,0.8333333333333334,1.0,0.9166666666666667,15,15,18,HIGH_CHILD_CYBERCRIME + HIGH_IDENTITY_THEFT,HIGH_SEXUAL_EXPLOITATION_MOTIVE,HIGH_CHILD_CYBERCRIME + HIGH_IDENTITY_THEFT -> HIGH_SEXUAL_EXPLOITATION_MOTIVE,2,1
0.4166666666666667,0.5,0.4166666666666667,1.0,2.0,1.0,0.20833333333333334,inf,0.8571428571428573,0.8333333333333334,1.0,0.9166666666666667,15,15,18,HIGH_EXTORTION_MOTIVE + HIGH_WOMEN_CYBERCRIME,HIGH_SEXUAL_EXPLOITATION_MOTIVE,HIGH_EXTORTION_MOTIVE + HIGH_WOMEN_CYBERCRIME -> HIGH_SEXUAL_EXPLOITATION_MOTIVE,2,1
0.4166666666666667,0.5,0.4166666666666667,1.0,2.0,1.0,0.20833333333333334,inf,0.8571428571428573,0.8333333333333334,1.0,0.9166666666666667,15,15,18,HIGH_CHILD_CYBERCRIME + HIGH_EXTORTION_MOTIVE,HIGH_SEXUAL_EXPLOITATION_MOTIVE,HIGH_CHILD_CYBERCRIME + HIGH_EXTORTION_MOTIVE -> HIGH_SEXUAL_EXPLOITATION_MOTIVE,2,1
0.3888888888888889,0.5,0.3888888888888889,1.0,2.0,1.0,0.19444444444444445,inf,0.8181818181818181,0.7777777777777779,1.0,0.8888888888888888,14,14,18,HIGH_EXTORTION_MOTIVE + HIGH_FRAUD_MOTIVE + HIGH_IDENTITY_THEFT + HIGH_WOMEN_CYBERCRIME,HIGH_SEXUAL_EXPLOITATION_MOTIVE,HIGH_EXTORTION_MOTIVE + HIGH_FRAUD_MOTIVE + HIGH_IDENTITY_THEFT + HIGH_WOMEN_CYBERCRIME -> HIGH_SEXUAL_EXPLOITATION_MOTIVE,4,1
0.3888888888888889,0.5,0.3888888888888889,1.0,2.0,1.0,0.19444444444444445,inf,0.8181818181818181,0.7777777777777779,1.0,0.8888888888888888,14,14,18,HIGH_FRAUD_MOTIVE + HIGH_IDENTITY_THEFT + HIGH_SEXUAL_EXPLOITATION_MOTIVE + HIGH_WOMEN_CYBERCRIME,HIGH_EXTORTION_MOTIVE,HIGH_FRAUD_MOTIVE + HIGH_IDENTITY_THEFT + HIGH_SEXUAL_EXPLOITATION_MOTIVE + HIGH_WOMEN_CYBERCRIME -> HIGH_EXTORTION_MOTIVE,4,1
0.3888888888888889,0.5,0.3888888888888889,1.0,2.0,1.0,0.19444444444444445,inf,0.8181818181818181,0.7777777777777779,1.0,0.8888888888888888,14,14,18,HIGH_CHILD_CYBERCRIME + HIGH_EXTORTION_MOTIVE + HIGH_FRAUD_MOTIVE + HIGH_IDENTITY_THEFT,HIGH_SEXUAL_EXPLOITATION_MOTIVE,HIGH_CHILD_CYBERCRIME + HIGH_EXTORTION_MOTIVE + HIGH_FRAUD_MOTIVE + HIGH_IDENTITY_THEFT -> HIGH_SEXUAL_EXPLOITATION_MOTIVE,4,1
0.3888888888888889,0.5,0.3888888888888889,1.0,2.0,1.0,0.19444444444444445,inf,0.8181818181818181,0.7777777777777779,1.0,0.8888888888888888,14,14,18,HIGH_CHILD_CYBERCRIME + HIGH_FRAUD_MOTIVE + HIGH_IDENTITY_THEFT + HIGH_SEXUAL_EXPLOITATION_MOTIVE,HIGH_EXTORTION_MOTIVE,HIGH_CHILD_CYBERCRIME + HIGH_FRAUD_MOTIVE + HIGH_IDENTITY_THEFT + HIGH_SEXUAL_EXPLOITATION_MOTIVE -> HIGH_EXTORTION_MOTIVE,4,1
0.3888888888888889,0.5,0.3888888888888889,1.0,2.0,1.0,0.19444444444444445,inf,0.8181818181818181,0.7777777777777779,1.0,0.8888888888888888,14,14,18,HIGH_CHILD_CYBERCRIME + HIGH_EXTORTION_MOTIVE + HIGH_IDENTITY_THEFT + HIGH_WOMEN_CYBERCRIME,HIGH_SEXUAL_EXPLOITATION_MOTIVE,HIGH_CHILD_CYBERCRIME + HIGH_EXTORTION_MOTIVE + HIGH_IDENTITY_THEFT + HIGH_WOMEN_CYBERCRIME -> HIGH_SEXUAL_EXPLOITATION_MOTIVE,4,1
0.3888888888888889,0.5,0.3888888888888889,1.0,2.0,1.0,0.19444444444444445,inf,0.8181818181818181,0.7777777777777779,1.0,0.8888888888888888,14,14,18,HIGH_CHILD_CYBERCRIME + HIGH_IDENTITY_THEFT + HIGH_SEXUAL_EXPLOITATION_MOTIVE + HIGH_WOMEN_CYBERCRIME,HIGH_EXTORTION_MOTIVE,HIGH_CHILD_CYBERCRIME + HIGH_IDENTITY_THEFT + HIGH_SEXUAL_EXPLOITATION_MOTIVE + HIGH_WOMEN_CYBERCRIME -> HIGH_EXTORTION_MOTIVE,4,1
0.3888888888888889,0.5,0.3888888888888889,1.0,2.0,1.0,0.19444444444444445,inf,0.8181818181818181,0.7777777777777779,1.0,0.8888888888888888,14,14,18,HIGH_FRAUD_MOTIVE + HIGH_IDENTITY_THEFT + HIGH_SEC66D_CHEATING,HIGH_EXTORTION_MOTIVE,HIGH_FRAUD_MOTIVE + HIGH_IDENTITY_THEFT + HIGH_SEC66D_CHEATING -> HIGH_EXTORTION_MOTIVE,3,1
0.3888888888888889,0.5,0.3888888888888889,1.0,2.0,1.0,0.19444444444444445,inf,0.8181818181818181,0.7777777777777779,1.0,0.8888888888888888,14,14,18,HIGH_EXTORTION_MOTIVE + HIGH_IDENTITY_THEFT + HIGH_SEC66D_CHEATING,HIGH_FRAUD_MOTIVE,HIGH_EXTORTION_MOTIVE + HIGH_IDENTITY_THEFT + HIGH_SEC66D_CHEATING -> HIGH_FRAUD_MOTIVE,3,1
0.3888888888888889,0.5,0.3888888888888889,1.0,2.0,1.0,0.19444444444444445,inf,0.8181818181818181,0.7777777777777779,1.0,0.8888888888888888,14,14,18,HIGH_FRAUD_MOTIVE + HIGH_IDENTITY_THEFT + HIGH_WOMEN_CYBERCRIME,HIGH_EXTORTION_MOTIVE,HIGH_FRAUD_MOTIVE + HIGH_IDENTITY_THEFT + HIGH_WOMEN_CYBERCRIME -> HIGH_EXTORTION_MOTIVE,3,1
0.3888888888888889,0.5,0.3888888888888889,1.0,2.0,1.0,0.19444444444444445,inf,0.8181818181818181,0.7777777777777779,1.0,0.8888888888888888,14,14,18,HIGH_CHILD_CYBERCRIME + HIGH_FRAUD_MOTIVE + HIGH_IDENTITY_THEFT,HIGH_EXTORTION_MOTIVE,HIGH_CHILD_CYBERCRIME + HIGH_FRAUD_MOTIVE + HIGH_IDENTITY_THEFT -> HIGH_EXTORTION_MOTIVE,3,1
0.3888888888888889,0.5,0.3888888888888889,1.0,2.0,1.0,0.19444444444444445,inf,0.8181818181818181,0.7777777777777779,1.0,0.8888888888888888,14,14,18,HIGH_FRAUD_MOTIVE + HIGH_IDENTITY_THEFT + HIGH_WOMEN_CYBERCRIME,HIGH_SEXUAL_EXPLOITATION_MOTIVE,HIGH_FRAUD_MOTIVE + HIGH_IDENTITY_THEFT + HIGH_WOMEN_CYBERCRIME -> HIGH_SEXUAL_EXPLOITATION_MOTIVE,3,1
0.3888888888888889,0.5,0.3888888888888889,1.0,2.0,1.0,0.19444444444444445,inf,0.8181818181818181,0.7777777777777779,1.0,0.8888888888888888,14,14,18,HIGH_CHILD_CYBERCRIME + HIGH_FRAUD_MOTIVE + HIGH_IDENTITY_THEFT,HIGH_SEXUAL_EXPLOITATION_MOTIVE,HIGH_CHILD_CYBERCRIME + HIGH_FRAUD_MOTIVE + HIGH_IDENTITY_THEFT -> HIGH_SEXUAL_EXPLOITATION_MOTIVE,3,1
0.3888888888888889,0.5,0.3888888888888889,1.0,2.0,1.0,0.19444444444444445,inf,0.8181818181818181,0.7777777777777779,1.0,0.8888888888888888,14,14,18,HIGH_FRAUD_MOTIVE + HIGH_SEXUAL_EXPLOITATION_MOTIVE + HIGH_WOMEN_CYBERCRIME,HIGH_EXTORTION_MOTIVE,HIGH_FRAUD_MOTIVE + HIGH_SEXUAL_EXPLOITATION_MOTIVE + HIGH_WOMEN_CYBERCRIME -> HIGH_EXTORTION_MOTIVE,3,1
0.3888888888888889,0.5,0.3888888888888889,1.0,2.0,1.0,0.19444444444444445,inf,0.8181818181818181,0.7777777777777779,1.0,0.8888888888888888,14,14,18,HIGH_EXTORTION_MOTIVE + HIGH_FRAUD_MOTIVE + HIGH_WOMEN_CYBERCRIME,HIGH_SEXUAL_EXPLOITATION_MOTIVE,HIGH_EXTORTION_MOTIVE + HIGH_FRAUD_MOTIVE + HIGH_WOMEN_CYBERCRIME -> HIGH_SEXUAL_EXPLOITATION_MOTIVE,3,1
0.3888888888888889,0.5,0.3888888888888889,1.0,2.0,1.0,0.19444444444444445,inf,0.8181818181818181,0.7777777777777779,1.0,0.8888888888888888,14,14,18,HIGH_CHILD_CYBERCRIME + HIGH_FRAUD_MOTIVE + HIGH_SEXUAL_EXPLOITATION_MOTIVE,HIGH_EXTORTION_MOTIVE,HIGH_CHILD_CYBERCRIME + HIGH_FRAUD_MOTIVE + HIGH_SEXUAL_EXPLOITATION_MOTIVE -> HIGH_EXTORTION_MOTIVE,3,1
0.3888888888888889,0.5,0.3888888888888889,1.0,2.0,1.0,0.19444444444444445,inf,0.8181818181818181,0.7777777777777779,1.0,0.8888888888888888,14,14,18,HIGH_CHILD_CYBERCRIME + HIGH_EXTORTION_MOTIVE + HIGH_FRAUD_MOTIVE,HIGH_SEXUAL_EXPLOITATION_MOTIVE,HIGH_CHILD_CYBERCRIME + HIGH_EXTORTION_MOTIVE + HIGH_FRAUD_MOTIVE -> HIGH_SEXUAL_EXPLOITATION_MOTIVE,3,1
0.3888888888888889,0.5,0.3888888888888889,1.0,2.0,1.0,0.19444444444444445,inf,0.8181818181818181,0.7777777777777779,1.0,0.8888888888888888,14,14,18,HIGH_CHILD_CYBERCRIME + HIGH_IDENTITY_THEFT + HIGH_WOMEN_CYBERCRIME,HIGH_EXTORTION_MOTIVE,HIGH_CHILD_CYBERCRIME + HIGH_IDENTITY_THEFT + HIGH_WOMEN_CYBERCRIME -> HIGH_EXTORTION_MOTIVE,3,1
0.3888888888888889,0.5,0.3888888888888889,1.0,2.0,1.0,0.19444444444444445,inf,0.8181818181818181,0.7777777777777779,1.0,0.8888888888888888,14,14,18,HIGH_CHILD_CYBERCRIME + HIGH_IDENTITY_THEFT + HIGH_WOMEN_CYBERCRIME,HIGH_SEXUAL_EXPLOITATION_MOTIVE,HIGH_CHILD_CYBERCRIME + HIGH_IDENTITY_THEFT + HIGH_WOMEN_CYBERCRIME -> HIGH_SEXUAL_EXPLOITATION_MOTIVE,3,1
0.3888888888888889,0.5,0.3888888888888889,1.0,2.0,1.0,0.19444444444444445,inf,0.8181818181818181,0.7777777777777779,1.0,0.8888888888888888,14,14,18,HIGH_CHILD_CYBERCRIME + HIGH_EXTORTION_MOTIVE + HIGH_WOMEN_CYBERCRIME,HIGH_SEXUAL_EXPLOITATION_MOTIVE,HIGH_CHILD_CYBERCRIME + HIGH_EXTORTION_MOTIVE + HIGH_WOMEN_CYBERCRIME -> HIGH_SEXUAL_EXPLOITATION_MOTIVE,3,1
0.3888888888888889,0.5,0.3888888888888889,1.0,2.0,1.0,0.19444444444444445,inf,0.8181818181818181,0.7777777777777779,1.0,0.8888888888888888,14,14,18,HIGH_IDENTITY_THEFT + HIGH_SEC66D_CHEATING,HIGH_FRAUD_MOTIVE,HIGH_IDENTITY_THEFT + HIGH_SEC66D_CHEATING -> HIGH_FRAUD_MOTIVE,2,1
0.3888888888888889,0.5,0.3888888888888889,1.0,2.0,1.0,0.19444444444444445,inf,0.8181818181818181,0.7777777777777779,1.0,0.8888888888888888,14,14,18,HIGH_IDENTITY_THEFT + HIGH_SEC66D_CHEATING,HIGH_EXTORTION_MOTIVE,HIGH_IDENTITY_THEFT + HIGH_SEC66D_CHEATING -> HIGH_EXTORTION_MOTIVE,2,1
0.3888888888888889,0.5,0.3888888888888889,1.0,2.0,1.0,0.19444444444444445,inf,0.8181818181818181,0.7777777777777779,1.0,0.8888888888888888,14,14,18,HIGH_SEC66D_CHEATING + HIGH_SEXUAL_EXPLOITATION_MOTIVE,HIGH_EXTORTION_MOTIVE,HIGH_SEC66D_CHEATING + HIGH_SEXUAL_EXPLOITATION_MOTIVE -> HIGH_EXTORTION_MOTIVE,2,1
0.3611111111111111,0.5,0.3611111111111111,1.0,2.0,1.0,0.18055555555555555,inf,0.782608695652174,0.7222222222222222,1.0,0.8611111111111112,13,13,18,HIGH_CHILD_CYBERCRIME + HIGH_EXTORTION_MOTIVE + HIGH_FRAUD_MOTIVE + HIGH_IDENTITY_THEFT + HIGH_WOMEN_CYBERCRIME,HIGH_SEXUAL_EXPLOITATION_MOTIVE,HIGH_CHILD_CYBERCRIME + HIGH_EXTORTION_MOTIVE + HIGH_FRAUD_MOTIVE + HIGH_IDENTITY_THEFT + HIGH_WOMEN_CYBERCRIME -> HIGH_SEXUAL_EXPLOITATION_MOTIVE,5,1
0.3611111111111111,0.5,0.3611111111111111,1.0,2.0,1.0,0.18055555555555555,inf,0.782608695652174,0.7222222222222222,1.0,0.8611111111111112,13,13,18,HIGH_CHILD_CYBERCRIME + HIGH_FRAUD_MOTIVE + HIGH_IDENTITY_THEFT + HIGH_SEXUAL_EXPLOITATION_MOTIVE + HIGH_WOMEN_CYBERCRIME,HIGH_EXTORTION_MOTIVE,HIGH_CHILD_CYBERCRIME + HIGH_FRAUD_MOTIVE + HIGH_IDENTITY_THEFT + HIGH_SEXUAL_EXPLOITATION_MOTIVE + HIGH_WOMEN_CYBERCRIME -> HIGH_EXTORTION_MOTIVE,5,1
0.3611111111111111,0.5,0.3611111111111111,1.0,2.0,1.0,0.18055555555555555,inf,0.782608695652174,0.7222222222222222,1.0,0.8611111111111112,13,13,18,HIGH_EXTORTION_MOTIVE + HIGH_IDENTITY_THEFT + HIGH_SEC66D_CHEATING + HIGH_SEXUAL_EXPLOITATION_MOTIVE,HIGH_FRAUD_MOTIVE,HIGH_EXTORTION_MOTIVE + HIGH_IDENTITY_THEFT + HIGH_SEC66D_CHEATING + HIGH_SEXUAL_EXPLOITATION_MOTIVE -> HIGH_FRAUD_MOTIVE,4,1
0.3611111111111111,0.5,0.3611111111111111,1.0,2.0,1.0,0.18055555555555555,inf,0.782608695652174,0.7222222222222222,1.0,0.8611111111111112,13,13,18,HIGH_FRAUD_MOTIVE + HIGH_IDENTITY_THEFT + HIGH_SEC66D_CHEATING + HIGH_SEXUAL_EXPLOITATION_MOTIVE,HIGH_EXTORTION_MOTIVE,HIGH_FRAUD_MOTIVE + HIGH_IDENTITY_THEFT + HIGH_SEC66D_CHEATING + HIGH_SEXUAL_EXPLOITATION_MOTIVE -> HIGH_EXTORTION_MOTIVE,4,1
0.3611111111111111,0.5,0.3611111111111111,1.0,2.0,1.0,0.18055555555555555,inf,0.782608695652174,0.7222222222222222,1.0,0.8611111111111112,13,13,18,HIGH_CHILD_CYBERCRIME + HIGH_FRAUD_MOTIVE + HIGH_IDENTITY_THEFT + HIGH_WOMEN_CYBERCRIME,HIGH_EXTORTION_MOTIVE,HIGH_CHILD_CYBERCRIME + HIGH_FRAUD_MOTIVE + HIGH_IDENTITY_THEFT + HIGH_WOMEN_CYBERCRIME -> HIGH_EXTORTION_MOTIVE,4,1
0.3611111111111111,0.5,0.3611111111111111,1.0,2.0,1.0,0.18055555555555555,inf,0.782608695652174,0.7222222222222222,1.0,0.8611111111111112,13,13,18,HIGH_CHILD_CYBERCRIME + HIGH_FRAUD_MOTIVE + HIGH_IDENTITY_THEFT + HIGH_WOMEN_CYBERCRIME,HIGH_SEXUAL_EXPLOITATION_MOTIVE,HIGH_CHILD_CYBERCRIME + HIGH_FRAUD_MOTIVE + HIGH_IDENTITY_THEFT + HIGH_WOMEN_CYBERCRIME -> HIGH_SEXUAL_EXPLOITATION_MOTIVE,4,1
0.3611111111111111,0.5,0.3611111111111111,1.0,2.0,1.0,0.18055555555555555,inf,0.782608695652174,0.7222222222222222,1.0,0.8611111111111112,13,13,18,HIGH_CHILD_CYBERCRIME + HIGH_EXTORTION_MOTIVE + HIGH_FRAUD_MOTIVE + HIGH_WOMEN_CYBERCRIME,HIGH_SEXUAL_EXPLOITATION_MOTIVE,HIGH_CHILD_CYBERCRIME + HIGH_EXTORTION_MOTIVE + HIGH_FRAUD_MOTIVE + HIGH_WOMEN_CYBERCRIME -> HIGH_SEXUAL_EXPLOITATION_MOTIVE,4,1
0.3611111111111111,0.5,0.3611111111111111,1.0,2.0,1.0,0.18055555555555555,inf,0.782608695652174,0.7222222222222222,1.0,0.8611111111111112,13,13,18,HIGH_CHILD_CYBERCRIME + HIGH_FRAUD_MOTIVE + HIGH_SEXUAL_EXPLOITATION_MOTIVE + HIGH_WOMEN_CYBERCRIME,HIGH_EXTORTION_MOTIVE,HIGH_CHILD_CYBERCRIME + HIGH_FRAUD_MOTIVE + HIGH_SEXUAL_EXPLOITATION_MOTIVE + HIGH_WOMEN_CYBERCRIME -> HIGH_EXTORTION_MOTIVE,4,1
0.3611111111111111,0.5,0.3611111111111111,1.0,2.0,1.0,0.18055555555555555,inf,0.782608695652174,0.7222222222222222,1.0,0.8611111111111112,13,13,18,HIGH_IDENTITY_THEFT + HIGH_SEC66D_CHEATING + HIGH_SEXUAL_EXPLOITATION_MOTIVE,HIGH_FRAUD_MOTIVE,HIGH_IDENTITY_THEFT + HIGH_SEC66D_CHEATING + HIGH_SEXUAL_EXPLOITATION_MOTIVE -> HIGH_FRAUD_MOTIVE,3,1
0.3611111111111111,0.5,0.3611111111111111,1.0,2.0,1.0,0.18055555555555555,inf,0.782608695652174,0.7222222222222222,1.0,0.8611111111111112,13,13,18,HIGH_FRAUD_MOTIVE + HIGH_SEC66D_CHEATING + HIGH_SEXUAL_EXPLOITATION_MOTIVE,HIGH_EXTORTION_MOTIVE,HIGH_FRAUD_MOTIVE + HIGH_SEC66D_CHEATING + HIGH_SEXUAL_EXPLOITATION_MOTIVE -> HIGH_EXTORTION_MOTIVE,3,1
0.3611111111111111,0.5,0.3611111111111111,1.0,2.0,1.0,0.18055555555555555,inf,0.782608695652174,0.7222222222222222,1.0,0.8611111111111112,13,13,18,HIGH_IDENTITY_THEFT + HIGH_SEC66D_CHEATING + HIGH_SEXUAL_EXPLOITATION_MOTIVE,HIGH_EXTORTION_MOTIVE,HIGH_IDENTITY_THEFT + HIGH_SEC66D_CHEATING + HIGH_SEXUAL_EXPLOITATION_MOTIVE -> HIGH_EXTORTION_MOTIVE,3,1
0.3333333333333333,0.5,0.3333333333333333,1.0,2.0,1.0,0.16666666666666666,inf,0.7499999999999999,0.6666666666666667,1.0,0.8333333333333333,12,12,18,HIGH_EXTORTION_MOTIVE + HIGH_FRAUD_MOTIVE + HIGH_IDENTITY_THEFT + HIGH_SEC66D_CHEATING + HIGH_WOMEN_CYBERCRIME,HIGH_SEXUAL_EXPLOITATION_MOTIVE,HIGH_EXTORTION_MOTIVE + HIGH_FRAUD_MOTIVE + HIGH_IDENTITY_THEFT + HIGH_SEC66D_CHEATING + HIGH_WOMEN_CYBERCRIME -> HIGH_SEXUAL_EXPLOITATION_MOTIVE,5,1
0.3333333333333333,0.5,0.3333333333333333,1.0,2.0,1.0,0.16666666666666666,inf,0.7499999999999999,0.6666666666666667,1.0,0.8333333333333333,12,12,18,HIGH_EXTORTION_MOTIVE + HIGH_IDENTITY_THEFT + HIGH_SEC66D_CHEATING + HIGH_SEXUAL_EXPLOITATION_MOTIVE + HIGH_WOMEN_CYBERCRIME,HIGH_FRAUD_MOTIVE,HIGH_EXTORTION_MOTIVE + HIGH_IDENTITY_THEFT + HIGH_SEC66D_CHEATING + HIGH_SEXUAL_EXPLOITATION_MOTIVE + HIGH_WOMEN_CYBERCRIME -> HIGH_FRAUD_MOTIVE,5,1
0.3333333333333333,0.5,0.3333333333333333,1.0,2.0,1.0,0.16666666666666666,inf,0.7499999999999999,0.6666666666666667,1.0,0.8333333333333333,12,12,18,HIGH_FRAUD_MOTIVE + HIGH_IDENTITY_THEFT + HIGH_SEC66D_CHEATING + HIGH_SEXUAL_EXPLOITATION_MOTIVE + HIGH_WOMEN_CYBERCRIME,HIGH_EXTORTION_MOTIVE,HIGH_FRAUD_MOTIVE + HIGH_IDENTITY_THEFT + HIGH_SEC66D_CHEATING + HIGH_SEXUAL_EXPLOITATION_MOTIVE + HIGH_WOMEN_CYBERCRIME -> HIGH_EXTORTION_MOTIVE,5,1
0.3333333333333333,0.5,0.3333333333333333,1.0,2.0,1.0,0.16666666666666666,inf,0.7499999999999999,0.6666666666666667,1.0,0.8333333333333333,12,12,18,HIGH_CHILD_CYBERCRIME + HIGH_EXTORTION_MOTIVE + HIGH_FRAUD_MOTIVE + HIGH_IDENTITY_THEFT + HIGH_SEC66D_CHEATING,HIGH_SEXUAL_EXPLOITATION_MOTIVE,HIGH_CHILD_CYBERCRIME + HIGH_EXTORTION_MOTIVE + HIGH_FRAUD_MOTIVE + HIGH_IDENTITY_THEFT + HIGH_SEC66D_CHEATING -> HIGH_SEXUAL_EXPLOITATION_MOTIVE,5,1
0.3333333333333333,0.5,0.3333333333333333,1.0,2.0,1.0,0.16666666666666666,inf,0.7499999999999999,0.6666666666666667,1.0,0.8333333333333333,12,12,18,HIGH_CHILD_CYBERCRIME + HIGH_EXTORTION_MOTIVE + HIGH_IDENTITY_THEFT + HIGH_SEC66D_CHEATING + HIGH_SEXUAL_EXPLOITATION_MOTIVE,HIGH_FRAUD_MOTIVE,HIGH_CHILD_CYBERCRIME + HIGH_EXTORTION_MOTIVE + HIGH_IDENTITY_THEFT + HIGH_SEC66D_CHEATING + HIGH_SEXUAL_EXPLOITATION_MOTIVE -> HIGH_FRAUD_MOTIVE,5,1
0.3333333333333333,0.5,0.3333333333333333,1.0,2.0,1.0,0.16666666666666666,inf,0.7499999999999999,0.6666666666666667,1.0,0.8333333333333333,12,12,18,HIGH_CHILD_CYBERCRIME + HIGH_FRAUD_MOTIVE + HIGH_IDENTITY_THEFT + HIGH_SEC66D_CHEATING + HIGH_SEXUAL_EXPLOITATION_MOTIVE,HIGH_EXTORTION_MOTIVE,HIGH_CHILD_CYBERCRIME + HIGH_FRAUD_MOTIVE + HIGH_IDENTITY_THEFT + HIGH_SEC66D_CHEATING + HIGH_SEXUAL_EXPLOITATION_MOTIVE -> HIGH_EXTORTION_MOTIVE,5,1
0.3333333333333333,0.5,0.3333333333333333,1.0,2.0,1.0,0.16666666666666666,inf,0.7499999999999999,0.6666666666666667,1.0,0.8333333333333333,12,12,18,HIGH_EXTORTION_MOTIVE + HIGH_IDENTITY_THEFT + HIGH_SEC66D_CHEATING + HIGH_WOMEN_CYBERCRIME,HIGH_FRAUD_MOTIVE,HIGH_EXTORTION_MOTIVE + HIGH_IDENTITY_THEFT + HIGH_SEC66D_CHEATING + HIGH_WOMEN_CYBERCRIME -> HIGH_FRAUD_MOTIVE,4,1
0.3333333333333333,0.5,0.3333333333333333,1.0,2.0,1.0,0.16666666666666666,inf,0.7499999999999999,0.6666666666666667,1.0,0.8333333333333333,12,12,18,HIGH_FRAUD_MOTIVE + HIGH_IDENTITY_THEFT + HIGH_SEC66D_CHEATING + HIGH_WOMEN_CYBERCRIME,HIGH_EXTORTION_MOTIVE,HIGH_FRAUD_MOTIVE + HIGH_IDENTITY_THEFT + HIGH_SEC66D_CHEATING + HIGH_WOMEN_CYBERCRIME -> HIGH_EXTORTION_MOTIVE,4,1
0.3333333333333333,0.5,0.3333333333333333,1.0,2.0,1.0,0.16666666666666666,inf,0.7499999999999999,0.6666666666666667,1.0,0.8333333333333333,12,12,18,HIGH_CHILD_CYBERCRIME + HIGH_EXTORTION_MOTIVE + HIGH_IDENTITY_THEFT + HIGH_SEC66D_CHEATING,HIGH_FRAUD_MOTIVE,HIGH_CHILD_CYBERCRIME + HIGH_EXTORTION_MOTIVE + HIGH_IDENTITY_THEFT + HIGH_SEC66D_CHEATING -> HIGH_FRAUD_MOTIVE,4,1
0.3333333333333333,0.5,0.3333333333333333,1.0,2.0,1.0,0.16666666666666666,inf,0.7499999999999999,0.6666666666666667,1.0,0.8333333333333333,12,12,18,HIGH_CHILD_CYBERCRIME + HIGH_FRAUD_MOTIVE + HIGH_IDENTITY_THEFT + HIGH_SEC66D_CHEATING,HIGH_EXTORTION_MOTIVE,HIGH_CHILD_CYBERCRIME + HIGH_FRAUD_MOTIVE + HIGH_IDENTITY_THEFT + HIGH_SEC66D_CHEATING -> HIGH_EXTORTION_MOTIVE,4,1
0.3333333333333333,0.5,0.3333333333333333,1.0,2.0,1.0,0.16666666666666666,inf,0.7499999999999999,0.6666666666666667,1.0,0.8333333333333333,12,12,18,HIGH_FRAUD_MOTIVE + HIGH_IDENTITY_THEFT + HIGH_SEC66D_CHEATING + HIGH_WOMEN_CYBERCRIME,HIGH_SEXUAL_EXPLOITATION_MOTIVE,HIGH_FRAUD_MOTIVE + HIGH_IDENTITY_THEFT + HIGH_SEC66D_CHEATING + HIGH_WOMEN_CYBERCRIME -> HIGH_SEXUAL_EXPLOITATION_MOTIVE,4,1
0.3333333333333333,0.5,0.3333333333333333,1.0,2.0,1.0,0.16666666666666666,inf,0.7499999999999999,0.6666666666666667,1.0,0.8333333333333333,12,12,18,HIGH_IDENTITY_THEFT + HIGH_SEC66D_CHEATING + HIGH_SEXUAL_EXPLOITATION_MOTIVE + HIGH_WOMEN_CYBERCRIME,HIGH_FRAUD_MOTIVE,HIGH_IDENTITY_THEFT + HIGH_SEC66D_CHEATING + HIGH_SEXUAL_EXPLOITATION_MOTIVE + HIGH_WOMEN_CYBERCRIME -> HIGH_FRAUD_MOTIVE,4,1
0.3333333333333333,0.5,0.3333333333333333,1.0,2.0,1.0,0.16666666666666666,inf,0.7499999999999999,0.6666666666666667,1.0,0.8333333333333333,12,12,18,HIGH_CHILD_CYBERCRIME + HIGH_FRAUD_MOTIVE + HIGH_IDENTITY_THEFT + HIGH_SEC66D_CHEATING,HIGH_SEXUAL_EXPLOITATION_MOTIVE,HIGH_CHILD_CYBERCRIME + HIGH_FRAUD_MOTIVE + HIGH_IDENTITY_THEFT + HIGH_SEC66D_CHEATING -> HIGH_SEXUAL_EXPLOITATION_MOTIVE,4,1
0.3333333333333333,0.5,0.3333333333333333,1.0,2.0,1.0,0.16666666666666666,inf,0.7499999999999999,0.6666666666666667,1.0,0.8333333333333333,12,12,18,HIGH_CHILD_CYBERCRIME + HIGH_IDENTITY_THEFT + HIGH_SEC66D_CHEATING + HIGH_SEXUAL_EXPLOITATION_MOTIVE,HIGH_FRAUD_MOTIVE,HIGH_CHILD_CYBERCRIME + HIGH_IDENTITY_THEFT + HIGH_SEC66D_CHEATING + HIGH_SEXUAL_EXPLOITATION_MOTIVE -> HIGH_FRAUD_MOTIVE,4,1
0.3333333333333333,0.5,0.3333333333333333,1.0,2.0,1.0,0.16666666666666666,inf,0.7499999999999999,0.6666666666666667,1.0,0.8333333333333333,12,12,18,HIGH_EXTORTION_MOTIVE + HIGH_FRAUD_MOTIVE + HIGH_SEC66D_CHEATING + HIGH_WOMEN_CYBERCRIME,HIGH_SEXUAL_EXPLOITATION_MOTIVE,HIGH_EXTORTION_MOTIVE + HIGH_FRAUD_MOTIVE + HIGH_SEC66D_CHEATING + HIGH_WOMEN_CYBERCRIME -> HIGH_SEXUAL_EXPLOITATION_MOTIVE,4,1
0.3333333333333333,0.5,0.3333333333333333,1.0,2.0,1.0,0.16666666666666666,inf,0.7499999999999999,0.6666666666666667,1.0,0.8333333333333333,12,12,18,HIGH_EXTORTION_MOTIVE + HIGH_SEC66D_CHEATING + HIGH_SEXUAL_EXPLOITATION_MOTIVE + HIGH_WOMEN_CYBERCRIME,HIGH_FRAUD_MOTIVE,HIGH_EXTORTION_MOTIVE + HIGH_SEC66D_CHEATING + HIGH_SEXUAL_EXPLOITATION_MOTIVE + HIGH_WOMEN_CYBERCRIME -> HIGH_FRAUD_MOTIVE,4,1
0.3333333333333333,0.5,0.3333333333333333,1.0,2.0,1.0,0.16666666666666666,inf,0.7499999999999999,0.6666666666666667,1.0,0.8333333333333333,12,12,18,HIGH_FRAUD_MOTIVE + HIGH_SEC66D_CHEATING + HIGH_SEXUAL_EXPLOITATION_MOTIVE + HIGH_WOMEN_CYBERCRIME,HIGH_EXTORTION_MOTIVE,HIGH_FRAUD_MOTIVE + HIGH_SEC66D_CHEATING + HIGH_SEXUAL_EXPLOITATION_MOTIVE + HIGH_WOMEN_CYBERCRIME -> HIGH_EXTORTION_MOTIVE,4,1
0.3333333333333333,0.5,0.3333333333333333,1.0,2.0,1.0,0.16666666666666666,inf,0.7499999999999999,0.6666666666666667,1.0,0.8333333333333333,12,12,18,HIGH_CHILD_CYBERCRIME + HIGH_EXTORTION_MOTIVE + HIGH_FRAUD_MOTIVE + HIGH_SEC66D_CHEATING,HIGH_SEXUAL_EXPLOITATION_MOTIVE,HIGH_CHILD_CYBERCRIME + HIGH_EXTORTION_MOTIVE + HIGH_FRAUD_MOTIVE + HIGH_SEC66D_CHEATING -> HIGH_SEXUAL_EXPLOITATION_MOTIVE,4,1
0.3333333333333333,0.5,0.3333333333333333,1.0,2.0,1.0,0.16666666666666666,inf,0.7499999999999999,0.6666666666666667,1.0,0.8333333333333333,12,12,18,HIGH_CHILD_CYBERCRIME + HIGH_EXTORTION_MOTIVE + HIGH_SEC66D_CHEATING + HIGH_SEXUAL_EXPLOITATION_MOTIVE,HIGH_FRAUD_MOTIVE,HIGH_CHILD_CYBERCRIME + HIGH_EXTORTION_MOTIVE + HIGH_SEC66D_CHEATING + HIGH_SEXUAL_EXPLOITATION_MOTIVE -> HIGH_FRAUD_MOTIVE,4,1
0.3333333333333333,0.5,0.3333333333333333,1.0,2.0,1.0,0.16666666666666666,inf,0.7499999999999999,0.6666666666666667,1.0,0.8333333333333333,12,12,18,HIGH_CHILD_CYBERCRIME + HIGH_FRAUD_MOTIVE + HIGH_SEC66D_CHEATING + HIGH_SEXUAL_EXPLOITATION_MOTIVE,HIGH_EXTORTION_MOTIVE,HIGH_CHILD_CYBERCRIME + HIGH_FRAUD_MOTIVE + HIGH_SEC66D_CHEATING + HIGH_SEXUAL_EXPLOITATION_MOTIVE -> HIGH_EXTORTION_MOTIVE,4,1
0.3333333333333333,0.5,0.3333333333333333,1.0,2.0,1.0,0.16666666666666666,inf,0.7499999999999999,0.6666666666666667,1.0,0.8333333333333333,12,12,18,HIGH_EXTORTION_MOTIVE + HIGH_IDENTITY_THEFT + HIGH_SEC66D_CHEATING + HIGH_WOMEN_CYBERCRIME,HIGH_SEXUAL_EXPLOITATION_MOTIVE,HIGH_EXTORTION_MOTIVE + HIGH_IDENTITY_THEFT + HIGH_SEC66D_CHEATING + HIGH_WOMEN_CYBERCRIME -> HIGH_SEXUAL_EXPLOITATION_MOTIVE,4,1
0.3333333333333333,0.5,0.3333333333333333,1.0,2.0,1.0,0.16666666666666666,inf,0.7499999999999999,0.6666666666666667,1.0,0.8333333333333333,12,12,18,HIGH_IDENTITY_THEFT + HIGH_SEC66D_CHEATING + HIGH_SEXUAL_EXPLOITATION_MOTIVE + HIGH_WOMEN_CYBERCRIME,HIGH_EXTORTION_MOTIVE,HIGH_IDENTITY_THEFT + HIGH_SEC66D_CHEATING + HIGH_SEXUAL_EXPLOITATION_MOTIVE + HIGH_WOMEN_CYBERCRIME -> HIGH_EXTORTION_MOTIVE,4,1
0.3333333333333333,0.5,0.3333333333333333,1.0,2.0,1.0,0.16666666666666666,inf,0.7499999999999999,0.6666666666666667,1.0,0.8333333333333333,12,12,18,HIGH_CHILD_CYBERCRIME + HIGH_EXTORTION_MOTIVE + HIGH_IDENTITY_THEFT + HIGH_SEC66D_CHEATING,HIGH_SEXUAL_EXPLOITATION_MOTIVE,HIGH_CHILD_CYBERCRIME + HIGH_EXTORTION_MOTIVE + HIGH_IDENTITY_THEFT + HIGH_SEC66D_CHEATING -> HIGH_SEXUAL_EXPLOITATION_MOTIVE,4,1
0.3333333333333333,0.5,0.3333333333333333,1.0,2.0,1.0,0.16666666666666666,inf,0.7499999999999999,0.6666666666666667,1.0,0.8333333333333333,12,12,18,HIGH_CHILD_CYBERCRIME + HIGH_IDENTITY_THEFT + HIGH_SEC66D_CHEATING + HIGH_SEXUAL_EXPLOITATION_MOTIVE,HIGH_EXTORTION_MOTIVE,HIGH_CHILD_CYBERCRIME + HIGH_IDENTITY_THEFT + HIGH_SEC66D_CHEATING + HIGH_SEXUAL_EXPLOITATION_MOTIVE -> HIGH_EXTORTION_MOTIVE,4,1
0.3333333333333333,0.5,0.3333333333333333,1.0,2.0,1.0,0.16666666666666666,inf,0.7499999999999999,0.6666666666666667,1.0,0.8333333333333333,12,12,18,HIGH_IDENTITY_THEFT + HIGH_SEC66D_CHEATING + HIGH_WOMEN_CYBERCRIME,HIGH_FRAUD_MOTIVE,HIGH_IDENTITY_THEFT + HIGH_SEC66D_CHEATING + HIGH_WOMEN_CYBERCRIME -> HIGH_FRAUD_MOTIVE,3,1
0.3333333333333333,0.5,0.3333333333333333,1.0,2.0,1.0,0.16666666666666666,inf,0.7499999999999999,0.6666666666666667,1.0,0.8333333333333333,12,12,18,HIGH_CHILD_CYBERCRIME + HIGH_IDENTITY_THEFT + HIGH_SEC66D_CHEATING,HIGH_FRAUD_MOTIVE,HIGH_CHILD_CYBERCRIME + HIGH_IDENTITY_THEFT + HIGH_SEC66D_CHEATING -> HIGH_FRAUD_MOTIVE,3,1
0.3333333333333333,0.5,0.3333333333333333,1.0,2.0,1.0,0.16666666666666666,inf,0.7499999999999999,0.6666666666666667,1.0,0.8333333333333333,12,12,18,HIGH_FRAUD_MOTIVE + HIGH_SEC66D_CHEATING + HIGH_WOMEN_CYBERCRIME,HIGH_EXTORTION_MOTIVE,HIGH_FRAUD_MOTIVE + HIGH_SEC66D_CHEATING + HIGH_WOMEN_CYBERCRIME -> HIGH_EXTORTION_MOTIVE,3,1
0.3333333333333333,0.5,0.3333333333333333,1.0,2.0,1.0,0.16666666666666666,inf,0.7499999999999999,0.6666666666666667,1.0,0.8333333333333333,12,12,18,HIGH_EXTORTION_MOTIVE + HIGH_SEC66D_CHEATING + HIGH_WOMEN_CYBERCRIME,HIGH_FRAUD_MOTIVE,HIGH_EXTORTION_MOTIVE + HIGH_SEC66D_CHEATING + HIGH_WOMEN_CYBERCRIME -> HIGH_FRAUD_MOTIVE,3,1
0.3333333333333333,0.5,0.3333333333333333,1.0,2.0,1.0,0.16666666666666666,inf,0.7499999999999999,0.6666666666666667,1.0,0.8333333333333333,12,12,18,HIGH_CHILD_CYBERCRIME + HIGH_FRAUD_MOTIVE + HIGH_SEC66D_CHEATING,HIGH_EXTORTION_MOTIVE,HIGH_CHILD_CYBERCRIME + HIGH_FRAUD_MOTIVE + HIGH_SEC66D_CHEATING -> HIGH_EXTORTION_MOTIVE,3,1
0.3333333333333333,0.5,0.3333333333333333,1.0,2.0,1.0,0.16666666666666666,inf,0.7499999999999999,0.6666666666666667,1.0,0.8333333333333333,12,12,18,HIGH_CHILD_CYBERCRIME + HIGH_EXTORTION_MOTIVE + HIGH_SEC66D_CHEATING,HIGH_FRAUD_MOTIVE,HIGH_CHILD_CYBERCRIME + HIGH_EXTORTION_MOTIVE + HIGH_SEC66D_CHEATING -> HIGH_FRAUD_MOTIVE,3,1
0.3333333333333333,0.5,0.3333333333333333,1.0,2.0,1.0,0.16666666666666666,inf,0.7499999999999999,0.6666666666666667,1.0,0.8333333333333333,12,12,18,HIGH_SEC66D_CHEATING + HIGH_SEXUAL_EXPLOITATION_MOTIVE + HIGH_WOMEN_CYBERCRIME,HIGH_FRAUD_MOTIVE,HIGH_SEC66D_CHEATING + HIGH_SEXUAL_EXPLOITATION_MOTIVE + HIGH_WOMEN_CYBERCRIME -> HIGH_FRAUD_MOTIVE,3,1
0.3333333333333333,0.5,0.3333333333333333,1.0,2.0,1.0,0.16666666666666666,inf,0.7499999999999999,0.6666666666666667,1.0,0.8333333333333333,12,12,18,HIGH_FRAUD_MOTIVE + HIGH_SEC66D_CHEATING + HIGH_WOMEN_CYBERCRIME,HIGH_SEXUAL_EXPLOITATION_MOTIVE,HIGH_FRAUD_MOTIVE + HIGH_SEC66D_CHEATING + HIGH_WOMEN_CYBERCRIME -> HIGH_SEXUAL_EXPLOITATION_MOTIVE,3,1
0.3333333333333333,0.5,0.3333333333333333,1.0,2.0,1.0,0.16666666666666666,inf,0.7499999999999999,0.6666666666666667,1.0,0.8333333333333333,12,12,18,HIGH_CHILD_CYBERCRIME + HIGH_SEC66D_CHEATING + HIGH_SEXUAL_EXPLOITATION_MOTIVE,HIGH_FRAUD_MOTIVE,HIGH_CHILD_CYBERCRIME + HIGH_SEC66D_CHEATING + HIGH_SEXUAL_EXPLOITATION_MOTIVE -> HIGH_FRAUD_MOTIVE,3,1
0.3333333333333333,0.5,0.3333333333333333,1.0,2.0,1.0,0.16666666666666666,inf,0.7499999999999999,0.6666666666666667,1.0,0.8333333333333333,12,12,18,HIGH_CHILD_CYBERCRIME + HIGH_FRAUD_MOTIVE + HIGH_SEC66D_CHEATING,HIGH_SEXUAL_EXPLOITATION_MOTIVE,HIGH_CHILD_CYBERCRIME + HIGH_FRAUD_MOTIVE + HIGH_SEC66D_CHEATING -> HIGH_SEXUAL_EXPLOITATION_MOTIVE,3,1
0.3333333333333333,0.5,0.3333333333333333,1.0,2.0,1.0,0.16666666666666666,inf,0.7499999999999999,0.6666666666666667,1.0,0.8333333333333333,12,12,18,HIGH_IDENTITY_THEFT + HIGH_SEC66D_CHEATING + HIGH_WOMEN_CYBERCRIME,HIGH_EXTORTION_MOTIVE,HIGH_IDENTITY_THEFT + HIGH_SEC66D_CHEATING + HIGH_WOMEN_CYBERCRIME -> HIGH_EXTORTION_MOTIVE,3,1
0.3333333333333333,0.5,0.3333333333333333,1.0,2.0,1.0,0.16666666666666666,inf,0.7499999999999999,0.6666666666666667,1.0,0.8333333333333333,12,12,18,HIGH_CHILD_CYBERCRIME + HIGH_IDENTITY_THEFT + HIGH_SEC66D_CHEATING,HIGH_EXTORTION_MOTIVE,HIGH_CHILD_CYBERCRIME + HIGH_IDENTITY_THEFT + HIGH_SEC66D_CHEATING -> HIGH_EXTORTION_MOTIVE,3,1
0.3333333333333333,0.5,0.3333333333333333,1.0,2.0,1.0,0.16666666666666666,inf,0.7499999999999999,0.6666666666666667,1.0,0.8333333333333333,12,12,18,HIGH_IDENTITY_THEFT + HIGH_SEC66D_CHEATING + HIGH_WOMEN_CYBERCRIME,HIGH_SEXUAL_EXPLOITATION_MOTIVE,HIGH_IDENTITY_THEFT + HIGH_SEC66D_CHEATING + HIGH_WOMEN_CYBERCRIME -> HIGH_SEXUAL_EXPLOITATION_MOTIVE,3,1
0.3333333333333333,0.5,0.3333333333333333,1.0,2.0,1.0,0.16666666666666666,inf,0.7499999999999999,0.6666666666666667,1.0,0.8333333333333333,12,12,18,HIGH_CHILD_CYBERCRIME + HIGH_IDENTITY_THEFT + HIGH_SEC66D_CHEATING,HIGH_SEXUAL_EXPLOITATION_MOTIVE,HIGH_CHILD_CYBERCRIME + HIGH_IDENTITY_THEFT + HIGH_SEC66D_CHEATING -> HIGH_SEXUAL_EXPLOITATION_MOTIVE,3,1
0.3333333333333333,0.5,0.3333333333333333,1.0,2.0,1.0,0.16666666666666666,inf,0.7499999999999999,0.6666666666666667,1.0,0.8333333333333333,12,12,18,HIGH_SEC66D_CHEATING + HIGH_SEXUAL_EXPLOITATION_MOTIVE + HIGH_WOMEN_CYBERCRIME,HIGH_EXTORTION_MOTIVE,HIGH_SEC66D_CHEATING + HIGH_SEXUAL_EXPLOITATION_MOTIVE + HIGH_WOMEN_CYBERCRIME -> HIGH_EXTORTION_MOTIVE,3,1
0.3333333333333333,0.5,0.3333333333333333,1.0,2.0,1.0,0.16666666666666666,inf,0.7499999999999999,0.6666666666666667,1.0,0.8333333333333333,12,12,18,HIGH_EXTORTION_MOTIVE + HIGH_SEC66D_CHEATING + HIGH_WOMEN_CYBERCRIME,HIGH_SEXUAL_EXPLOITATION_MOTIVE,HIGH_EXTORTION_MOTIVE + HIGH_SEC66D_CHEATING + HIGH_WOMEN_CYBERCRIME -> HIGH_SEXUAL_EXPLOITATION_MOTIVE,3,1
0.3333333333333333,0.5,0.3333333333333333,1.0,2.0,1.0,0.16666666666666666,inf,0.7499999999999999,0.6666666666666667,1.0,0.8333333333333333,12,12,18,HIGH_CHILD_CYBERCRIME + HIGH_SEC66D_CHEATING + HIGH_SEXUAL_EXPLOITATION_MOTIVE,HIGH_EXTORTION_MOTIVE,HIGH_CHILD_CYBERCRIME + HIGH_SEC66D_CHEATING + HIGH_SEXUAL_EXPLOITATION_MOTIVE -> HIGH_EXTORTION_MOTIVE,3,1
0.3333333333333333,0.5,0.3333333333333333,1.0,2.0,1.0,0.16666666666666666,inf,0.7499999999999999,0.6666666666666667,1.0,0.8333333333333333,12,12,18,HIGH_CHILD_CYBERCRIME + HIGH_EXTORTION_MOTIVE + HIGH_SEC66D_CHEATING,HIGH_SEXUAL_EXPLOITATION_MOTIVE,HIGH_CHILD_CYBERCRIME + HIGH_EXTORTION_MOTIVE + HIGH_SEC66D_CHEATING -> HIGH_SEXUAL_EXPLOITATION_MOTIVE,3,1
0.3333333333333333,0.5,0.3333333333333333,1.0,2.0,1.0,0.16666666666666666,inf,0.7499999999999999,0.6666666666666667,1.0,0.8333333333333333,12,12,18,HIGH_SEC66D_CHEATING + HIGH_WOMEN_CYBERCRIME,HIGH_FRAUD_MOTIVE,HIGH_SEC66D_CHEATING + HIGH_WOMEN_CYBERCRIME -> HIGH_FRAUD_MOTIVE,2,1
0.3333333333333333,0.5,0.3333333333333333,1.0,2.0,1.0,0.16666666666666666,inf,0.7499999999999999,0.6666666666666667,1.0,0.8333333333333333,12,12,18,HIGH_CHILD_CYBERCRIME + HIGH_SEC66D_CHEATING,HIGH_FRAUD_MOTIVE,HIGH_CHILD_CYBERCRIME + HIGH_SEC66D_CHEATING -> HIGH_FRAUD_MOTIVE,2,1
0.3333333333333333,0.5,0.3333333333333333,1.0,2.0,1.0,0.16666666666666666,inf,0.7499999999999999,0.6666666666666667,1.0,0.8333333333333333,12,12,18,HIGH_SEC66D_CHEATING + HIGH_WOMEN_CYBERCRIME,HIGH_EXTORTION_MOTIVE,HIGH_SEC66D_CHEATING + HIGH_WOMEN_CYBERCRIME -> HIGH_EXTORTION_MOTIVE,2,1
0.3333333333333333,0.5,0.3333333333333333,1.0,2.0,1.0,0.16666666666666666,inf,0.7499999999999999,0.6666666666666667,1.0,0.8333333333333333,12,12,18,HIGH_CHILD_CYBERCRIME + HIGH_SEC66D_CHEATING,HIGH_EXTORTION_MOTIVE,HIGH_CHILD_CYBERCRIME + HIGH_SEC66D_CHEATING -> HIGH_EXTORTION_MOTIVE,2,1
0.3333333333333333,0.5,0.3333333333333333,1.0,2.0,1.0,0.16666666666666666,inf,0.7499999999999999,0.6666666666666667,1.0,0.8333333333333333,12,12,18,HIGH_SEC66D_CHEATING + HIGH_WOMEN_CYBERCRIME,HIGH_SEXUAL_EXPLOITATION_MOTIVE,HIGH_SEC66D_CHEATING + HIGH_WOMEN_CYBERCRIME -> HIGH_SEXUAL_EXPLOITATION_MOTIVE,2,1
0.3333333333333333,0.5,0.3333333333333333,1.0,2.0,1.0,0.16666666666666666,inf,0.7499999999999999,0.6666666666666667,1.0,0.8333333333333333,12,12,18,HIGH_CHILD_CYBERCRIME + HIGH_SEC66D_CHEATING,HIGH_SEXUAL_EXPLOITATION_MOTIVE,HIGH_CHILD_CYBERCRIME + HIGH_SEC66D_CHEATING -> HIGH_SEXUAL_EXPLOITATION_MOTIVE,2,1
0.3055555555555556,0.5,0.3055555555555556,1.0,2.0,1.0,0.1527777777777778,inf,0.7200000000000001,0.6111111111111112,1.0,0.8055555555555556,11,11,18,HIGH_CHILD_CYBERCRIME + HIGH_EXTORTION_MOTIVE + HIGH_FRAUD_MOTIVE + HIGH_IDENTITY_THEFT + HIGH_SEC66D_CHEATING + HIGH_WOMEN_CYBERCRIME,HIGH_SEXUAL_EXPLOITATION_MOTIVE,HIGH_CHILD_CYBERCRIME + HIGH_EXTORTION_MOTIVE + HIGH_FRAUD_MOTIVE + HIGH_IDENTITY_THEFT + HIGH_SEC66D_CHEATING + HIGH_WOMEN_CYBERCRIME -> HIGH_SEXUAL_EXPLOITATION_MOTIVE,6,1
0.3055555555555556,0.5,0.3055555555555556,1.0,2.0,1.0,0.1527777777777778,inf,0.7200000000000001,0.6111111111111112,1.0,0.8055555555555556,11,11,18,HIGH_CHILD_CYBERCRIME + HIGH_EXTORTION_MOTIVE + HIGH_IDENTITY_THEFT + HIGH_SEC66D_CHEATING + HIGH_SEXUAL_EXPLOITATION_MOTIVE + HIGH_WOMEN_CYBERCRIME,HIGH_FRAUD_MOTIVE,HIGH_CHILD_CYBERCRIME + HIGH_EXTORTION_MOTIVE + HIGH_IDENTITY_THEFT + HIGH_SEC66D_CHEATING + HIGH_SEXUAL_EXPLOITATION_MOTIVE + HIGH_WOMEN_CYBERCRIME -> HIGH_FRAUD_MOTIVE,6,1
0.3055555555555556,0.5,0.3055555555555556,1.0,2.0,1.0,0.1527777777777778,inf,0.7200000000000001,0.6111111111111112,1.0,0.8055555555555556,11,11,18,HIGH_CHILD_CYBERCRIME + HIGH_FRAUD_MOTIVE + HIGH_IDENTITY_THEFT + HIGH_SEC66D_CHEATING + HIGH_SEXUAL_EXPLOITATION_MOTIVE + HIGH_WOMEN_CYBERCRIME,HIGH_EXTORTION_MOTIVE,HIGH_CHILD_CYBERCRIME + HIGH_FRAUD_MOTIVE + HIGH_IDENTITY_THEFT + HIGH_SEC66D_CHEATING + HIGH_SEXUAL_EXPLOITATION_MOTIVE + HIGH_WOMEN_CYBERCRIME -> HIGH_EXTORTION_MOTIVE,6,1
0.3055555555555556,0.5,0.3055555555555556,1.0,2.0,1.0,0.1527777777777778,inf,0.7200000000000001,0.6111111111111112,1.0,0.8055555555555556,11,11,18,HIGH_CHILD_CYBERCRIME + HIGH_EXTORTION_MOTIVE + HIGH_IDENTITY_THEFT + HIGH_SEC66D_CHEATING + HIGH_WOMEN_CYBERCRIME,HIGH_FRAUD_MOTIVE,HIGH_CHILD_CYBERCRIME + HIGH_EXTORTION_MOTIVE + HIGH_IDENTITY_THEFT + HIGH_SEC66D_CHEATING + HIGH_WOMEN_CYBERCRIME -> HIGH_FRAUD_MOTIVE,5,1
0.3055555555555556,0.5,0.3055555555555556,1.0,2.0,1.0,0.1527777777777778,inf,0.7200000000000001,0.6111111111111112,1.0,0.8055555555555556,11,11,18,HIGH_CHILD_CYBERCRIME + HIGH_FRAUD_MOTIVE + HIGH_IDENTITY_THEFT + HIGH_SEC66D_CHEATING + HIGH_WOMEN_CYBERCRIME,HIGH_EXTORTION_MOTIVE,HIGH_CHILD_CYBERCRIME + HIGH_FRAUD_MOTIVE + HIGH_IDENTITY_THEFT + HIGH_SEC66D_CHEATING + HIGH_WOMEN_CYBERCRIME -> HIGH_EXTORTION_MOTIVE,5,1
0.3055555555555556,0.5,0.3055555555555556,1.0,2.0,1.0,0.1527777777777778,inf,0.7200000000000001,0.6111111111111112,1.0,0.8055555555555556,11,11,18,HIGH_CHILD_CYBERCRIME + HIGH_FRAUD_MOTIVE + HIGH_IDENTITY_THEFT + HIGH_SEC66D_CHEATING + HIGH_WOMEN_CYBERCRIME,HIGH_SEXUAL_EXPLOITATION_MOTIVE,HIGH_CHILD_CYBERCRIME + HIGH_FRAUD_MOTIVE + HIGH_IDENTITY_THEFT + HIGH_SEC66D_CHEATING + HIGH_WOMEN_CYBERCRIME -> HIGH_SEXUAL_EXPLOITATION_MOTIVE,5,1
0.3055555555555556,0.5,0.3055555555555556,1.0,2.0,1.0,0.1527777777777778,inf,0.7200000000000001,0.6111111111111112,1.0,0.8055555555555556,11,11,18,HIGH_CHILD_CYBERCRIME + HIGH_IDENTITY_THEFT + HIGH_SEC66D_CHEATING + HIGH_SEXUAL_EXPLOITATION_MOTIVE + HIGH_WOMEN_CYBERCRIME,HIGH_FRAUD_MOTIVE,HIGH_CHILD_CYBERCRIME + HIGH_IDENTITY_THEFT + HIGH_SEC66D_CHEATING + HIGH_SEXUAL_EXPLOITATION_MOTIVE + HIGH_WOMEN_CYBERCRIME -> HIGH_FRAUD_MOTIVE,5,1
0.3055555555555556,0.5,0.3055555555555556,1.0,2.0,1.0,0.1527777777777778,inf,0.7200000000000001,0.6111111111111112,1.0,0.8055555555555556,11,11,18,HIGH_CHILD_CYBERCRIME + HIGH_EXTORTION_MOTIVE + HIGH_FRAUD_MOTIVE + HIGH_SEC66D_CHEATING + HIGH_WOMEN_CYBERCRIME,HIGH_SEXUAL_EXPLOITATION_MOTIVE,HIGH_CHILD_CYBERCRIME + HIGH_EXTORTION_MOTIVE + HIGH_FRAUD_MOTIVE + HIGH_SEC66D_CHEATING + HIGH_WOMEN_CYBERCRIME -> HIGH_SEXUAL_EXPLOITATION_MOTIVE,5,1
0.3055555555555556,0.5,0.3055555555555556,1.0,2.0,1.0,0.1527777777777778,inf,0.7200000000000001,0.6111111111111112,1.0,0.8055555555555556,11,11,18,HIGH_CHILD_CYBERCRIME + HIGH_EXTORTION_MOTIVE + HIGH_SEC66D_CHEATING + HIGH_SEXUAL_EXPLOITATION_MOTIVE + HIGH_WOMEN_CYBERCRIME,HIGH_FRAUD_MOTIVE,HIGH_CHILD_CYBERCRIME + HIGH_EXTORTION_MOTIVE + HIGH_SEC66D_CHEATING + HIGH_SEXUAL_EXPLOITATION_MOTIVE + HIGH_WOMEN_CYBERCRIME -> HIGH_FRAUD_MOTIVE,5,1
0.3055555555555556,0.5,0.3055555555555556,1.0,2.0,1.0,0.1527777777777778,inf,0.7200000000000001,0.6111111111111112,1.0,0.8055555555555556,11,11,18,HIGH_CHILD_CYBERCRIME + HIGH_FRAUD_MOTIVE + HIGH_SEC66D_CHEATING + HIGH_SEXUAL_EXPLOITATION_MOTIVE + HIGH_WOMEN_CYBERCRIME,HIGH_EXTORTION_MOTIVE,HIGH_CHILD_CYBERCRIME + HIGH_FRAUD_MOTIVE + HIGH_SEC66D_CHEATING + HIGH_SEXUAL_EXPLOITATION_MOTIVE + HIGH_WOMEN_CYBERCRIME -> HIGH_EXTORTION_MOTIVE,5,1
0.3055555555555556,0.5,0.3055555555555556,1.0,2.0,1.0,0.1527777777777778,inf,0.7200000000000001,0.6111111111111112,1.0,0.8055555555555556,11,11,18,HIGH_CHILD_CYBERCRIME + HIGH_EXTORTION_MOTIVE + HIGH_IDENTITY_THEFT + HIGH_SEC66D_CHEATING + HIGH_WOMEN_CYBERCRIME,HIGH_SEXUAL_EXPLOITATION_MOTIVE,HIGH_CHILD_CYBERCRIME + HIGH_EXTORTION_MOTIVE + HIGH_IDENTITY_THEFT + HIGH_SEC66D_CHEATING + HIGH_WOMEN_CYBERCRIME -> HIGH_SEXUAL_EXPLOITATION_MOTIVE,5,1
0.3055555555555556,0.5,0.3055555555555556,1.0,2.0,1.0,0.1527777777777778,inf,0.7200000000000001,0.6111111111111112,1.0,0.8055555555555556,11,11,18,HIGH_CHILD_CYBERCRIME + HIGH_IDENTITY_THEFT + HIGH_SEC66D_CHEATING + HIGH_SEXUAL_EXPLOITATION_MOTIVE + HIGH_WOMEN_CYBERCRIME,HIGH_EXTORTION_MOTIVE,HIGH_CHILD_CYBERCRIME + HIGH_IDENTITY_THEFT + HIGH_SEC66D_CHEATING + HIGH_SEXUAL_EXPLOITATION_MOTIVE + HIGH_WOMEN_CYBERCRIME -> HIGH_EXTORTION_MOTIVE,5,1
0.3055555555555556,0.5,0.3055555555555556,1.0,2.0,1.0,0.1527777777777778,inf,0.7200000000000001,0.6111111111111112,1.0,0.8055555555555556,11,11,18,HIGH_CHILD_CYBERCRIME + HIGH_IDENTITY_THEFT + HIGH_SEC66D_CHEATING + HIGH_WOMEN_CYBERCRIME,HIGH_FRAUD_MOTIVE,HIGH_CHILD_CYBERCRIME + HIGH_IDENTITY_THEFT + HIGH_SEC66D_CHEATING + HIGH_WOMEN_CYBERCRIME -> HIGH_FRAUD_MOTIVE,4,1
0.3055555555555556,0.5,0.3055555555555556,1.0,2.0,1.0,0.1527777777777778,inf,0.7200000000000001,0.6111111111111112,1.0,0.8055555555555556,11,11,18,HIGH_CHILD_CYBERCRIME + HIGH_EXTORTION_MOTIVE + HIGH_SEC66D_CHEATING + HIGH_WOMEN_CYBERCRIME,HIGH_FRAUD_MOTIVE,HIGH_CHILD_CYBERCRIME + HIGH_EXTORTION_MOTIVE + HIGH_SEC66D_CHEATING + HIGH_WOMEN_CYBERCRIME -> HIGH_FRAUD_MOTIVE,4,1
0.3055555555555556,0.5,0.3055555555555556,1.0,2.0,1.0,0.1527777777777778,inf,0.7200000000000001,0.6111111111111112,1.0,0.8055555555555556,11,11,18,HIGH_CHILD_CYBERCRIME + HIGH_FRAUD_MOTIVE + HIGH_SEC66D_CHEATING + HIGH_WOMEN_CYBERCRIME,HIGH_EXTORTION_MOTIVE,HIGH_CHILD_CYBERCRIME + HIGH_FRAUD_MOTIVE + HIGH_SEC66D_CHEATING + HIGH_WOMEN_CYBERCRIME -> HIGH_EXTORTION_MOTIVE,4,1
0.3055555555555556,0.5,0.3055555555555556,1.0,2.0,1.0,0.1527777777777778,inf,0.7200000000000001,0.6111111111111112,1.0,0.8055555555555556,11,11,18,HIGH_CHILD_CYBERCRIME + HIGH_FRAUD_MOTIVE + HIGH_SEC66D_CHEATING + HIGH_WOMEN_CYBERCRIME,HIGH_SEXUAL_EXPLOITATION_MOTIVE,HIGH_CHILD_CYBERCRIME + HIGH_FRAUD_MOTIVE + HIGH_SEC66D_CHEATING + HIGH_WOMEN_CYBERCRIME -> HIGH_SEXUAL_EXPLOITATION_MOTIVE,4,1
0.3055555555555556,0.5,0.3055555555555556,1.0,2.0,1.0,0.1527777777777778,inf,0.7200000000000001,0.6111111111111112,1.0,0.8055555555555556,11,11,18,HIGH_CHILD_CYBERCRIME + HIGH_SEC66D_CHEATING + HIGH_SEXUAL_EXPLOITATION_MOTIVE + HIGH_WOMEN_CYBERCRIME,HIGH_FRAUD_MOTIVE,HIGH_CHILD_CYBERCRIME + HIGH_SEC66D_CHEATING + HIGH_SEXUAL_EXPLOITATION_MOTIVE + HIGH_WOMEN_CYBERCRIME -> HIGH_FRAUD_MOTIVE,4,1
0.3055555555555556,0.5,0.3055555555555556,1.0,2.0,1.0,0.1527777777777778,inf,0.7200000000000001,0.6111111111111112,1.0,0.8055555555555556,11,11,18,HIGH_CHILD_CYBERCRIME + HIGH_IDENTITY_THEFT + HIGH_SEC66D_CHEATING + HIGH_WOMEN_CYBERCRIME,HIGH_EXTORTION_MOTIVE,HIGH_CHILD_CYBERCRIME + HIGH_IDENTITY_THEFT + HIGH_SEC66D_CHEATING + HIGH_WOMEN_CYBERCRIME -> HIGH_EXTORTION_MOTIVE,4,1
0.3055555555555556,0.5,0.3055555555555556,1.0,2.0,1.0,0.1527777777777778,inf,0.7200000000000001,0.6111111111111112,1.0,0.8055555555555556,11,11,18,HIGH_CHILD_CYBERCRIME + HIGH_IDENTITY_THEFT + HIGH_SEC66D_CHEATING + HIGH_WOMEN_CYBERCRIME,HIGH_SEXUAL_EXPLOITATION_MOTIVE,HIGH_CHILD_CYBERCRIME + HIGH_IDENTITY_THEFT + HIGH_SEC66D_CHEATING + HIGH_WOMEN_CYBERCRIME -> HIGH_SEXUAL_EXPLOITATION_MOTIVE,4,1
0.3055555555555556,0.5,0.3055555555555556,1.0,2.0,1.0,0.1527777777777778,inf,0.7200000000000001,0.6111111111111112,1.0,0.8055555555555556,11,11,18,HIGH_CHILD_CYBERCRIME + HIGH_EXTORTION_MOTIVE + HIGH_SEC66D_CHEATING + HIGH_WOMEN_CYBERCRIME,HIGH_SEXUAL_EXPLOITATION_MOTIVE,HIGH_CHILD_CYBERCRIME + HIGH_EXTORTION_MOTIVE + HIGH_SEC66D_CHEATING + HIGH_WOMEN_CYBERCRIME -> HIGH_SEXUAL_EXPLOITATION_MOTIVE,4,1
0.3055555555555556,0.5,0.3055555555555556,1.0,2.0,1.0,0.1527777777777778,inf,0.7200000000000001,0.6111111111111112,1.0,0.8055555555555556,11,11,18,HIGH_CHILD_CYBERCRIME + HIGH_SEC66D_CHEATING + HIGH_SEXUAL_EXPLOITATION_MOTIVE + HIGH_WOMEN_CYBERCRIME,HIGH_EXTORTION_MOTIVE,HIGH_CHILD_CYBERCRIME + HIGH_SEC66D_CHEATING + HIGH_SEXUAL_EXPLOITATION_MOTIVE + HIGH_WOMEN_CYBERCRIME -> HIGH_EXTORTION_MOTIVE,4,1
0.3055555555555556,0.5,0.3055555555555556,1.0,2.0,1.0,0.1527777777777778,inf,0.7200000000000001,0.6111111111111112,1.0,0.8055555555555556,11,11,18,HIGH_CHILD_CYBERCRIME + HIGH_SEC66D_CHEATING + HIGH_WOMEN_CYBERCRIME,HIGH_FRAUD_MOTIVE,HIGH_CHILD_CYBERCRIME + HIGH_SEC66D_CHEATING + HIGH_WOMEN_CYBERCRIME -> HIGH_FRAUD_MOTIVE,3,1
0.3055555555555556,0.5,0.3055555555555556,1.0,2.0,1.0,0.1527777777777778,inf,0.7200000000000001,0.6111111111111112,1.0,0.8055555555555556,11,11,18,HIGH_CHILD_CYBERCRIME + HIGH_SEC66D_CHEATING + HIGH_WOMEN_CYBERCRIME,HIGH_EXTORTION_MOTIVE,HIGH_CHILD_CYBERCRIME + HIGH_SEC66D_CHEATING + HIGH_WOMEN_CYBERCRIME -> HIGH_EXTORTION_MOTIVE,3,1
0.3055555555555556,0.5,0.3055555555555556,1.0,2.0,1.0,0.1527777777777778,inf,0.7200000000000001,0.6111111111111112,1.0,0.8055555555555556,11,11,18,HIGH_CHILD_CYBERCRIME + HIGH_SEC66D_CHEATING + HIGH_WOMEN_CYBERCRIME,HIGH_SEXUAL_EXPLOITATION_MOTIVE,HIGH_CHILD_CYBERCRIME + HIGH_SEC66D_CHEATING + HIGH_WOMEN_CYBERCRIME -> HIGH_SEXUAL_EXPLOITATION_MOTIVE,3,1
0.4444444444444444,0.5277777777777778,0.4444444444444444,1.0,1.894736842105263,1.0,0.20987654320987653,inf,0.85,0.8421052631578947,1.0,0.9210526315789473,16,16,19,HIGH_EXTORTION_MOTIVE + HIGH_FRAUD_MOTIVE,HIGH_IDENTITY_THEFT,HIGH_EXTORTION_MOTIVE + HIGH_FRAUD_MOTIVE -> HIGH_IDENTITY_THEFT,2,1
0.4166666666666667,0.5277777777777778,0.4166666666666667,1.0,1.894736842105263,1.0,0.19675925925925927,inf,0.8095238095238096,0.7894736842105265,1.0,0.8947368421052632,15,15,19,HIGH_EXTORTION_MOTIVE + HIGH_FRAUD_MOTIVE + HIGH_SEXUAL_EXPLOITATION_MOTIVE,HIGH_IDENTITY_THEFT,HIGH_EXTORTION_MOTIVE + HIGH_FRAUD_MOTIVE + HIGH_SEXUAL_EXPLOITATION_MOTIVE -> HIGH_IDENTITY_THEFT,3,1
0.4166666666666667,0.5277777777777778,0.4166666666666667,1.0,1.894736842105263,1.0,0.19675925925925927,inf,0.8095238095238096,0.7894736842105265,1.0,0.8947368421052632,15,15,19,HIGH_EXTORTION_MOTIVE + HIGH_SEXUAL_EXPLOITATION_MOTIVE + HIGH_WOMEN_CYBERCRIME,HIGH_IDENTITY_THEFT,HIGH_EXTORTION_MOTIVE + HIGH_SEXUAL_EXPLOITATION_MOTIVE + HIGH_WOMEN_CYBERCRIME -> HIGH_IDENTITY_THEFT,3,1
0.4166666666666667,0.5277777777777778,0.4166666666666667,1.0,1.894736842105263,1.0,0.19675925925925927,inf,0.8095238095238096,0.7894736842105265,1.0,0.8947368421052632,15,15,19,HIGH_CHILD_CYBERCRIME + HIGH_EXTORTION_MOTIVE + HIGH_SEXUAL_EXPLOITATION_MOTIVE,HIGH_IDENTITY_THEFT,HIGH_CHILD_CYBERCRIME + HIGH_EXTORTION_MOTIVE + HIGH_SEXUAL_EXPLOITATION_MOTIVE -> HIGH_IDENTITY_THEFT,3,1
0.4166666666666667,0.5277777777777778,0.4166666666666667,1.0,1.894736842105263,1.0,0.19675925925925927,inf,0.8095238095238096,0.7894736842105265,1.0,0.8947368421052632,15,15,19,HIGH_FRAUD_MOTIVE + HIGH_SEXUAL_EXPLOITATION_MOTIVE,HIGH_IDENTITY_THEFT,HIGH_FRAUD_MOTIVE + HIGH_SEXUAL_EXPLOITATION_MOTIVE -> HIGH_IDENTITY_THEFT,2,1
0.4166666666666667,0.5277777777777778,0.4166666666666667,1.0,1.894736842105263,1.0,0.19675925925925927,inf,0.8095238095238096,0.7894736842105265,1.0,0.8947368421052632,15,15,19,HIGH_EXTORTION_MOTIVE + HIGH_WOMEN_CYBERCRIME,HIGH_IDENTITY_THEFT,HIGH_EXTORTION_MOTIVE + HIGH_WOMEN_CYBERCRIME -> HIGH_IDENTITY_THEFT,2,1
0.4166666666666667,0.5277777777777778,0.4166666666666667,1.0,1.894736842105263,1.0,0.19675925925925927,inf,0.8095238095238096,0.7894736842105265,1.0,0.8947368421052632,15,15,19,HIGH_CHILD_CYBERCRIME + HIGH_EXTORTION_MOTIVE,HIGH_IDENTITY_THEFT,HIGH_CHILD_CYBERCRIME + HIGH_EXTORTION_MOTIVE -> HIGH_IDENTITY_THEFT,2,1
0.3888888888888889,0.5277777777777778,0.3888888888888889,1.0,1.894736842105263,1.0,0.18364197530864199,inf,0.7727272727272727,0.7368421052631577,1.0,0.868421052631579,14,14,19,HIGH_EXTORTION_MOTIVE + HIGH_FRAUD_MOTIVE + HIGH_SEXUAL_EXPLOITATION_MOTIVE + HIGH_WOMEN_CYBERCRIME,HIGH_IDENTITY_THEFT,HIGH_EXTORTION_MOTIVE + HIGH_FRAUD_MOTIVE + HIGH_SEXUAL_EXPLOITATION_MOTIVE + HIGH_WOMEN_CYBERCRIME -> HIGH_IDENTITY_THEFT,4,1
0.3888888888888889,0.5277777777777778,0.3888888888888889,1.0,1.894736842105263,1.0,0.18364197530864199,inf,0.7727272727272727,0.7368421052631577,1.0,0.868421052631579,14,14,19,HIGH_CHILD_CYBERCRIME + HIGH_EXTORTION_MOTIVE + HIGH_FRAUD_MOTIVE + HIGH_SEXUAL_EXPLOITATION_MOTIVE,HIGH_IDENTITY_THEFT,HIGH_CHILD_CYBERCRIME + HIGH_EXTORTION_MOTIVE + HIGH_FRAUD_MOTIVE + HIGH_SEXUAL_EXPLOITATION_MOTIVE -> HIGH_IDENTITY_THEFT,4,1
0.3888888888888889,0.5277777777777778,0.3888888888888889,1.0,1.894736842105263,1.0,0.18364197530864199,inf,0.7727272727272727,0.7368421052631577,1.0,0.868421052631579,14,14,19,HIGH_CHILD_CYBERCRIME + HIGH_EXTORTION_MOTIVE + HIGH_SEXUAL_EXPLOITATION_MOTIVE + HIGH_WOMEN_CYBERCRIME,HIGH_IDENTITY_THEFT,HIGH_CHILD_CYBERCRIME + HIGH_EXTORTION_MOTIVE + HIGH_SEXUAL_EXPLOITATION_MOTIVE + HIGH_WOMEN_CYBERCRIME -> HIGH_IDENTITY_THEFT,4,1
0.3888888888888889,0.5277777777777778,0.3888888888888889,1.0,1.894736842105263,1.0,0.18364197530864199,inf,0.7727272727272727,0.7368421052631577,1.0,0.868421052631579,14,14,19,HIGH_EXTORTION_MOTIVE + HIGH_FRAUD_MOTIVE + HIGH_SEC66D_CHEATING,HIGH_IDENTITY_THEFT,HIGH_EXTORTION_MOTIVE + HIGH_FRAUD_MOTIVE + HIGH_SEC66D_CHEATING -> HIGH_IDENTITY_THEFT,3,1
0.3888888888888889,0.5277777777777778,0.3888888888888889,1.0,1.894736842105263,1.0,0.18364197530864199,inf,0.7727272727272727,0.7368421052631577,1.0,0.868421052631579,14,14,19,HIGH_EXTORTION_MOTIVE + HIGH_FRAUD_MOTIVE + HIGH_WOMEN_CYBERCRIME,HIGH_IDENTITY_THEFT,HIGH_EXTORTION_MOTIVE + HIGH_FRAUD_MOTIVE + HIGH_WOMEN_CYBERCRIME -> HIGH_IDENTITY_THEFT,3,1
0.3888888888888889,0.5277777777777778,0.3888888888888889,1.0,1.894736842105263,1.0,0.18364197530864199,inf,0.7727272727272727,0.7368421052631577,1.0,0.868421052631579,14,14,19,HIGH_CHILD_CYBERCRIME + HIGH_EXTORTION_MOTIVE + HIGH_FRAUD_MOTIVE,HIGH_IDENTITY_THEFT,HIGH_CHILD_CYBERCRIME + HIGH_EXTORTION_MOTIVE + HIGH_FRAUD_MOTIVE -> HIGH_IDENTITY_THEFT,3,1
0.3888888888888889,0.5277777777777778,0.3888888888888889,1.0,1.894736842105263,1.0,0.18364197530864199,inf,0.7727272727272727,0.7368421052631577,1.0,0.868421052631579,14,14,19,HIGH_FRAUD_MOTIVE + HIGH_SEXUAL_EXPLOITATION_MOTIVE + HIGH_WOMEN_CYBERCRIME,HIGH_IDENTITY_THEFT,HIGH_FRAUD_MOTIVE + HIGH_SEXUAL_EXPLOITATION_MOTIVE + HIGH_WOMEN_CYBERCRIME -> HIGH_IDENTITY_THEFT,3,1
0.3888888888888889,0.5277777777777778,0.3888888888888889,1.0,1.894736842105263,1.0,0.18364197530864199,inf,0.7727272727272727,0.7368421052631577,1.0,0.868421052631579,14,14,19,HIGH_CHILD_CYBERCRIME + HIGH_FRAUD_MOTIVE + HIGH_SEXUAL_EXPLOITATION_MOTIVE,HIGH_IDENTITY_THEFT,HIGH_CHILD_CYBERCRIME + HIGH_FRAUD_MOTIVE + HIGH_SEXUAL_EXPLOITATION_MOTIVE -> HIGH_IDENTITY_THEFT,3,1
0.3888888888888889,0.5277777777777778,0.3888888888888889,1.0,1.894736842105263,1.0,0.18364197530864199,inf,0.7727272727272727,0.7368421052631577,1.0,0.868421052631579,14,14,19,HIGH_CHILD_CYBERCRIME + HIGH_EXTORTION_MOTIVE + HIGH_WOMEN_CYBERCRIME,HIGH_IDENTITY_THEFT,HIGH_CHILD_CYBERCRIME + HIGH_EXTORTION_MOTIVE + HIGH_WOMEN_CYBERCRIME -> HIGH_IDENTITY_THEFT,3,1
0.3611111111111111,0.5277777777777778,0.3611111111111111,1.0,1.894736842105263,1.0,0.17052469135802467,inf,0.7391304347826088,0.6842105263157896,1.0,0.8421052631578947,13,13,19,HIGH_CHILD_CYBERCRIME + HIGH_EXTORTION_MOTIVE + HIGH_FRAUD_MOTIVE + HIGH_SEXUAL_EXPLOITATION_MOTIVE + HIGH_WOMEN_CYBERCRIME,HIGH_IDENTITY_THEFT,HIGH_CHILD_CYBERCRIME + HIGH_EXTORTION_MOTIVE + HIGH_FRAUD_MOTIVE + HIGH_SEXUAL_EXPLOITATION_MOTIVE + HIGH_WOMEN_CYBERCRIME -> HIGH_IDENTITY_THEFT,5,1
0.3611111111111111,0.5277777777777778,0.3611111111111111,1.0,1.894736842105263,1.0,0.17052469135802467,inf,0.7391304347826088,0.6842105263157896,1.0,0.8421052631578947,13,13,19,HIGH_EXTORTION_MOTIVE + HIGH_FRAUD_MOTIVE + HIGH_SEC66D_CHEATING + HIGH_SEXUAL_EXPLOITATION_MOTIVE,HIGH_IDENTITY_THEFT,HIGH_EXTORTION_MOTIVE + HIGH_FRAUD_MOTIVE + HIGH_SEC66D_CHEATING + HIGH_SEXUAL_EXPLOITATION_MOTIVE -> HIGH_IDENTITY_THEFT,4,1
0.3611111111111111,0.5277777777777778,0.3611111111111111,1.0,1.894736842105263,1.0,0.17052469135802467,inf,0.7391304347826088,0.6842105263157896,1.0,0.8421052631578947,13,13,19,HIGH_CHILD_CYBERCRIME + HIGH_EXTORTION_MOTIVE + HIGH_FRAUD_MOTIVE + HIGH_WOMEN_CYBERCRIME,HIGH_IDENTITY_THEFT,HIGH_CHILD_CYBERCRIME + HIGH_EXTORTION_MOTIVE + HIGH_FRAUD_MOTIVE + HIGH_WOMEN_CYBERCRIME -> HIGH_IDENTITY_THEFT,4,1
0.3611111111111111,0.5277777777777778,0.3611111111111111,1.0,1.894736842105263,1.0,0.17052469135802467,inf,0.7391304347826088,0.6842105263157896,1.0,0.8421052631578947,13,13,19,HIGH_CHILD_CYBERCRIME + HIGH_FRAUD_MOTIVE + HIGH_SEXUAL_EXPLOITATION_MOTIVE + HIGH_WOMEN_CYBERCRIME,HIGH_IDENTITY_THEFT,HIGH_CHILD_CYBERCRIME + HIGH_FRAUD_MOTIVE + HIGH_SEXUAL_EXPLOITATION_MOTIVE + HIGH_WOMEN_CYBERCRIME -> HIGH_IDENTITY_THEFT,4,1
0.3611111111111111,0.5277777777777778,0.3611111111111111,1.0,1.894736842105263,1.0,0.17052469135802467,inf,0.7391304347826088,0.6842105263157896,1.0,0.8421052631578947,13,13,19,HIGH_FRAUD_MOTIVE + HIGH_SEC66D_CHEATING + HIGH_SEXUAL_EXPLOITATION_MOTIVE,HIGH_IDENTITY_THEFT,HIGH_FRAUD_MOTIVE + HIGH_SEC66D_CHEATING + HIGH_SEXUAL_EXPLOITATION_MOTIVE -> HIGH_IDENTITY_THEFT,3,1
0.3333333333333333,0.5277777777777778,0.3333333333333333,1.0,1.894736842105263,1.0,0.15740740740740738,inf,0.7083333333333331,0.6315789473684209,1.0,0.8157894736842105,12,12,19,HIGH_EXTORTION_MOTIVE + HIGH_FRAUD_MOTIVE + HIGH_SEC66D_CHEATING + HIGH_SEXUAL_EXPLOITATION_MOTIVE + HIGH_WOMEN_CYBERCRIME,HIGH_IDENTITY_THEFT,HIGH_EXTORTION_MOTIVE + HIGH_FRAUD_MOTIVE + HIGH_SEC66D_CHEATING + HIGH_SEXUAL_EXPLOITATION_MOTIVE + HIGH_WOMEN_CYBERCRIME -> HIGH_IDENTITY_THEFT,5,1
0.3333333333333333,0.5277777777777778,0.3333333333333333,1.0,1.894736842105263,1.0,0.15740740740740738,inf,0.7083333333333331,0.6315789473684209,1.0,0.8157894736842105,12,12,19,HIGH_CHILD_CYBERCRIME + HIGH_EXTORTION_MOTIVE + HIGH_FRAUD_MOTIVE + HIGH_SEC66D_CHEATING + HIGH_SEXUAL_EXPLOITATION_MOTIVE,HIGH_IDENTITY_THEFT,HIGH_CHILD_CYBERCRIME + HIGH_EXTORTION_MOTIVE + HIGH_FRAUD_MOTIVE + HIGH_SEC66D_CHEATING + HIGH_SEXUAL_EXPLOITATION_MOTIVE -> HIGH_IDENTITY_THEFT,5,1
0.3333333333333333,0.5277777777777778,0.3333333333333333,1.0,1.894736842105263,1.0,0.15740740740740738,inf,0.7083333333333331,0.6315789473684209,1.0,0.8157894736842105,12,12,19,HIGH_EXTORTION_MOTIVE + HIGH_FRAUD_MOTIVE + HIGH_SEC66D_CHEATING + HIGH_WOMEN_CYBERCRIME,HIGH_IDENTITY_THEFT,HIGH_EXTORTION_MOTIVE + HIGH_FRAUD_MOTIVE + HIGH_SEC66D_CHEATING + HIGH_WOMEN_CYBERCRIME -> HIGH_IDENTITY_THEFT,4,1
0.3333333333333333,0.5277777777777778,0.3333333333333333,1.0,1.894736842105263,1.0,0.15740740740740738,inf,0.7083333333333331,0.6315789473684209,1.0,0.8157894736842105,12,12,19,HIGH_CHILD_CYBERCRIME + HIGH_EXTORTION_MOTIVE + HIGH_FRAUD_MOTIVE + HIGH_SEC66D_CHEATING,HIGH_IDENTITY_THEFT,HIGH_CHILD_CYBERCRIME + HIGH_EXTORTION_MOTIVE + HIGH_FRAUD_MOTIVE + HIGH_SEC66D_CHEATING -> HIGH_IDENTITY_THEFT,4,1
0.3333333333333333,0.5277777777777778,0.3333333333333333,1.0,1.894736842105263,1.0,0.15740740740740738,inf,0.7083333333333331,0.6315789473684209,1.0,0.8157894736842105,12,12,19,HIGH_FRAUD_MOTIVE + HIGH_SEC66D_CHEATING + HIGH_SEXUAL_EXPLOITATION_MOTIVE + HIGH_WOMEN_CYBERCRIME,HIGH_IDENTITY_THEFT,HIGH_FRAUD_MOTIVE + HIGH_SEC66D_CHEATING + HIGH_SEXUAL_EXPLOITATION_MOTIVE + HIGH_WOMEN_CYBERCRIME -> HIGH_IDENTITY_THEFT,4,1
0.3333333333333333,0.5277777777777778,0.3333333333333333,1.0,1.894736842105263,1.0,0.15740740740740738,inf,0.7083333333333331,0.6315789473684209,1.0,0.8157894736842105,12,12,19,HIGH_CHILD_CYBERCRIME + HIGH_FRAUD_MOTIVE + HIGH_SEC66D_CHEATING + HIGH_SEXUAL_EXPLOITATION_MOTIVE,HIGH_IDENTITY_THEFT,HIGH_CHILD_CYBERCRIME + HIGH_FRAUD_MOTIVE + HIGH_SEC66D_CHEATING + HIGH_SEXUAL_EXPLOITATION_MOTIVE -> HIGH_IDENTITY_THEFT,4,1
0.3333333333333333,0.5277777777777778,0.3333333333333333,1.0,1.894736842105263,1.0,0.15740740740740738,inf,0.7083333333333331,0.6315789473684209,1.0,0.8157894736842105,12,12,19,HIGH_EXTORTION_MOTIVE + HIGH_SEC66D_CHEATING + HIGH_SEXUAL_EXPLOITATION_MOTIVE + HIGH_WOMEN_CYBERCRIME,HIGH_IDENTITY_THEFT,HIGH_EXTORTION_MOTIVE + HIGH_SEC66D_CHEATING + HIGH_SEXUAL_EXPLOITATION_MOTIVE + HIGH_WOMEN_CYBERCRIME -> HIGH_IDENTITY_THEFT,4,1
0.3333333333333333,0.5277777777777778,0.3333333333333333,1.0,1.894736842105263,1.0,0.15740740740740738,inf,0.7083333333333331,0.6315789473684209,1.0,0.8157894736842105,12,12,19,HIGH_CHILD_CYBERCRIME + HIGH_EXTORTION_MOTIVE + HIGH_SEC66D_CHEATING + HIGH_SEXUAL_EXPLOITATION_MOTIVE,HIGH_IDENTITY_THEFT,HIGH_CHILD_CYBERCRIME + HIGH_EXTORTION_MOTIVE + HIGH_SEC66D_CHEATING + HIGH_SEXUAL_EXPLOITATION_MOTIVE -> HIGH_IDENTITY_THEFT,4,1
0.3333333333333333,0.5277777777777778,0.3333333333333333,1.0,1.894736842105263,1.0,0.15740740740740738,inf,0.7083333333333331,0.6315789473684209,1.0,0.8157894736842105,12,12,19,HIGH_FRAUD_MOTIVE + HIGH_SEC66D_CHEATING + HIGH_WOMEN_CYBERCRIME,HIGH_IDENTITY_THEFT,HIGH_FRAUD_MOTIVE + HIGH_SEC66D_CHEATING + HIGH_WOMEN_CYBERCRIME -> HIGH_IDENTITY_THEFT,3,1
0.3333333333333333,0.5277777777777778,0.3333333333333333,1.0,1.894736842105263,1.0,0.15740740740740738,inf,0.7083333333333331,0.6315789473684209,1.0,0.8157894736842105,12,12,19,HIGH_CHILD_CYBERCRIME + HIGH_FRAUD_MOTIVE + HIGH_SEC66D_CHEATING,HIGH_IDENTITY_THEFT,HIGH_CHILD_CYBERCRIME + HIGH_FRAUD_MOTIVE + HIGH_SEC66D_CHEATING -> HIGH_IDENTITY_THEFT,3,1
0.3333333333333333,0.5277777777777778,0.3333333333333333,1.0,1.894736842105263,1.0,0.15740740740740738,inf,0.7083333333333331,0.6315789473684209,1.0,0.8157894736842105,12,12,19,HIGH_EXTORTION_MOTIVE + HIGH_SEC66D_CHEATING + HIGH_WOMEN_CYBERCRIME,HIGH_IDENTITY_THEFT,HIGH_EXTORTION_MOTIVE + HIGH_SEC66D_CHEATING + HIGH_WOMEN_CYBERCRIME -> HIGH_IDENTITY_THEFT,3,1
0.3333333333333333,0.5277777777777778,0.3333333333333333,1.0,1.894736842105263,1.0,0.15740740740740738,inf,0.7083333333333331,0.6315789473684209,1.0,0.8157894736842105,12,12,19,HIGH_CHILD_CYBERCRIME + HIGH_EXTORTION_MOTIVE + HIGH_SEC66D_CHEATING,HIGH_IDENTITY_THEFT,HIGH_CHILD_CYBERCRIME + HIGH_EXTORTION_MOTIVE + HIGH_SEC66D_CHEATING -> HIGH_IDENTITY_THEFT,3,1
0.3333333333333333,0.5277777777777778,0.3333333333333333,1.0,1.894736842105263,1.0,0.15740740740740738,inf,0.7083333333333331,0.6315789473684209,1.0,0.8157894736842105,12,12,19,HIGH_SEC66D_CHEATING + HIGH_SEXUAL_EXPLOITATION_MOTIVE + HIGH_WOMEN_CYBERCRIME,HIGH_IDENTITY_THEFT,HIGH_SEC66D_CHEATING + HIGH_SEXUAL_EXPLOITATION_MOTIVE + HIGH_WOMEN_CYBERCRIME -> HIGH_IDENTITY_THEFT,3,1
0.3333333333333333,0.5277777777777778,0.3333333333333333,1.0,1.894736842105263,1.0,0.15740740740740738,inf,0.7083333333333331,0.6315789473684209,1.0,0.8157894736842105,12,12,19,HIGH_CHILD_CYBERCRIME + HIGH_SEC66D_CHEATING + HIGH_SEXUAL_EXPLOITATION_MOTIVE,HIGH_IDENTITY_THEFT,HIGH_CHILD_CYBERCRIME + HIGH_SEC66D_CHEATING + HIGH_SEXUAL_EXPLOITATION_MOTIVE -> HIGH_IDENTITY_THEFT,3,1
0.3333333333333333,0.5277777777777778,0.3333333333333333,1.0,1.894736842105263,1.0,0.15740740740740738,inf,0.7083333333333331,0.6315789473684209,1.0,0.8157894736842105,12,12,19,HIGH_SEC66D_CHEATING + HIGH_WOMEN_CYBERCRIME,HIGH_IDENTITY_THEFT,HIGH_SEC66D_CHEATING + HIGH_WOMEN_CYBERCRIME -> HIGH_IDENTITY_THEFT,2,1
0.3333333333333333,0.5277777777777778,0.3333333333333333,1.0,1.894736842105263,1.0,0.15740740740740738,inf,0.7083333333333331,0.6315789473684209,1.0,0.8157894736842105,12,12,19,HIGH_CHILD_CYBERCRIME + HIGH_SEC66D_CHEATING,HIGH_IDENTITY_THEFT,HIGH_CHILD_CYBERCRIME + HIGH_SEC66D_CHEATING -> HIGH_IDENTITY_THEFT,2,1
0.3055555555555556,0.5277777777777778,0.3055555555555556,1.0,1.894736842105263,1.0,0.14429012345679013,inf,0.68,0.5789473684210527,1.0,0.7894736842105263,11,11,19,HIGH_CHILD_CYBERCRIME + HIGH_EXTORTION_MOTIVE + HIGH_FRAUD_MOTIVE + HIGH_SEC66D_CHEATING + HIGH_SEXUAL_EXPLOITATION_MOTIVE + HIGH_WOMEN_CYBERCRIME,HIGH_IDENTITY_THEFT,HIGH_CHILD_CYBERCRIME + HIGH_EXTORTION_MOTIVE + HIGH_FRAUD_MOTIVE + HIGH_SEC66D_CHEATING + HIGH_SEXUAL_EXPLOITATION_MOTIVE + HIGH_WOMEN_CYBERCRIME -> HIGH_IDENTITY_THEFT,6,1
0.3055555555555556,0.5277777777777778,0.3055555555555556,1.0,1.894736842105263,1.0,0.14429012345679013,inf,0.68,0.5789473684210527,1.0,0.7894736842105263,11,11,19,HIGH_CHILD_CYBERCRIME + HIGH_EXTORTION_MOTIVE + HIGH_FRAUD_MOTIVE + HIGH_SEC66D_CHEATING + HIGH_WOMEN_CYBERCRIME,HIGH_IDENTITY_THEFT,HIGH_CHILD_CYBERCRIME + HIGH_EXTORTION_MOTIVE + HIGH_FRAUD_MOTIVE + HIGH_SEC66D_CHEATING + HIGH_WOMEN_CYBERCRIME -> HIGH_IDENTITY_THEFT,5,1
0.3055555555555556,0.5277777777777778,0.3055555555555556,1.0,1.894736842105263,1.0,0.14429012345679013,inf,0.68,0.5789473684210527,1.0,0.7894736842105263,11,11,19,HIGH_CHILD_CYBERCRIME + HIGH_FRAUD_MOTIVE + HIGH_SEC66D_CHEATING + HIGH_SEXUAL_EXPLOITATION_MOTIVE + HIGH_WOMEN_CYBERCRIME,HIGH_IDENTITY_THEFT,HIGH_CHILD_CYBERCRIME + HIGH_FRAUD_MOTIVE + HIGH_SEC66D_CHEATING + HIGH_SEXUAL_EXPLOITATION_MOTIVE + HIGH_WOMEN_CYBERCRIME -> HIGH_IDENTITY_THEFT,5,1
0.3055555555555556,0.5277777777777778,0.3055555555555556,1.0,1.894736842105263,1.0,0.14429012345679013,inf,0.68,0.5789473684210527,1.0,0.7894736842105263,11,11,19,HIGH_CHILD_CYBERCRIME + HIGH_EXTORTION_MOTIVE + HIGH_SEC66D_CHEATING + HIGH_SEXUAL_EXPLOITATION_MOTIVE + HIGH_WOMEN_CYBERCRIME,HIGH_IDENTITY_THEFT,HIGH_CHILD_CYBERCRIME + HIGH_EXTORTION_MOTIVE + HIGH_SEC66D_CHEATING + HIGH_SEXUAL_EXPLOITATION_MOTIVE + HIGH_WOMEN_CYBERCRIME -> HIGH_IDENTITY_THEFT,5,1
0.3055555555555556,0.5277777777777778,0.3055555555555556,1.0,1.894736842105263,1.0,0.14429012345679013,inf,0.68,0.5789473684210527,1.0,0.7894736842105263,11,11,19,HIGH_CHILD_CYBERCRIME + HIGH_FRAUD_MOTIVE + HIGH_SEC66D_CHEATING + HIGH_WOMEN_CYBERCRIME,HIGH_IDENTITY_THEFT,HIGH_CHILD_CYBERCRIME + HIGH_FRAUD_MOTIVE + HIGH_SEC66D_CHEATING + HIGH_WOMEN_CYBERCRIME -> HIGH_IDENTITY_THEFT,4,1
0.3055555555555556,0.5277777777777778,0.3055555555555556,1.0,1.894736842105263,1.0,0.14429012345679013,inf,0.68,0.5789473684210527,1.0,0.7894736842105263,11,11,19,HIGH_CHILD_CYBERCRIME + HIGH_EXTORTION_MOTIVE + HIGH_SEC66D_CHEATING + HIGH_WOMEN_CYBERCRIME,HIGH_IDENTITY_THEFT,HIGH_CHILD_CYBERCRIME + HIGH_EXTORTION_MOTIVE + HIGH_SEC66D_CHEATING + HIGH_WOMEN_CYBERCRIME -> HIGH_IDENTITY_THEFT,4,1
0.3055555555555556,0.5277777777777778,0.3055555555555556,1.0,1.894736842105263,1.0,0.14429012345679013,inf,0.68,0.5789473684210527,1.0,0.7894736842105263,11,11,19,HIGH_CHILD_CYBERCRIME + HIGH_SEC66D_CHEATING + HIGH_SEXUAL_EXPLOITATION_MOTIVE + HIGH_WOMEN_CYBERCRIME,HIGH_IDENTITY_THEFT,HIGH_CHILD_CYBERCRIME + HIGH_SEC66D_CHEATING + HIGH_SEXUAL_EXPLOITATION_MOTIVE + HIGH_WOMEN_CYBERCRIME -> HIGH_IDENTITY_THEFT,4,1
0.3055555555555556,0.5277777777777778,0.3055555555555556,1.0,1.894736842105263,1.0,0.14429012345679013,inf,0.68,0.5789473684210527,1.0,0.7894736842105263,11,11,19,HIGH_CHILD_CYBERCRIME + HIGH_SEC66D_CHEATING + HIGH_WOMEN_CYBERCRIME,HIGH_IDENTITY_THEFT,HIGH_CHILD_CYBERCRIME + HIGH_SEC66D_CHEATING + HIGH_WOMEN_CYBERCRIME -> HIGH_IDENTITY_THEFT,3,1
0.5,0.5,0.4722222222222222,0.9444444444444444,1.8888888888888888,1.0,0.2222222222222222,8.999999999999996,0.9411764705882353,0.8947368421052632,0.8888888888888888,0.9444444444444444,17,18,18,HIGH_SEXUAL_EXPLOITATION_MOTIVE,HIGH_EXTORTION_MOTIVE,HIGH_SEXUAL_EXPLOITATION_MOTIVE -> HIGH_EXTORTION_MOTIVE,1,1
0.5,0.5,0.4722222222222222,0.9444444444444444,1.8888888888888888,1.0,0.2222222222222222,8.999999999999996,0.9411764705882353,0.8947368421052632,0.8888888888888888,0.9444444444444444,17,18,18,HIGH_EXTORTION_MOTIVE,HIGH_SEXUAL_EXPLOITATION_MOTIVE,HIGH_EXTORTION_MOTIVE -> HIGH_SEXUAL_EXPLOITATION_MOTIVE,1,1
0.5,0.5277777777777778,0.4722222222222222,0.9444444444444444,1.7894736842105263,1.0,0.20833333333333331,8.499999999999996,0.8823529411764706,0.8500000000000001,0.8823529411764706,0.9195906432748537,17,18,19,HIGH_EXTORTION_MOTIVE,HIGH_IDENTITY_THEFT,HIGH_EXTORTION_MOTIVE -> HIGH_IDENTITY_THEFT,1,1
0.4722222222222222,0.5,0.4444444444444444,0.9411764705882353,1.8823529411764706,1.0,0.20833333333333331,8.499999999999998,0.888157894736842,0.8421052631578947,0.8823529411764706,0.9150326797385621,16,17,18,HIGH_EXTORTION_MOTIVE + HIGH_IDENTITY_THEFT,HIGH_FRAUD_MOTIVE,HIGH_EXTORTION_MOTIVE + HIGH_IDENTITY_THEFT -> HIGH_FRAUD_MOTIVE,2,1
0.4722222222222222,0.5,0.4444444444444444,0.9411764705882353,1.8823529411764706,1.0,0.20833333333333331,8.499999999999998,0.888157894736842,0.8421052631578947,0.8823529411764706,0.9150326797385621,16,17,18,HIGH_EXTORTION_MOTIVE + HIGH_IDENTITY_THEFT,HIGH_SEXUAL_EXPLOITATION_MOTIVE,HIGH_EXTORTION_MOTIVE + HIGH_IDENTITY_THEFT -> HIGH_SEXUAL_EXPLOITATION_MOTIVE,2,1
0.4722222222222222,0.5277777777777778,0.4444444444444444,0.9411764705882353,1.78328173374613,1.0,0.19521604938271603,8.027777777777775,0.8322368421052632,0.7999999999999999,0.8754325259515571,0.891640866873065,16,17,19,HIGH_EXTORTION_MOTIVE + HIGH_SEXUAL_EXPLOITATION_MOTIVE,HIGH_IDENTITY_THEFT,HIGH_EXTORTION_MOTIVE + HIGH_SEXUAL_EXPLOITATION_MOTIVE -> HIGH_IDENTITY_THEFT,2,1
0.4444444444444444,0.4166666666666667,0.4166666666666667,0.9375000000000001,2.25,1.0,0.2314814814814815,9.333333333333348,1.0,0.9375,0.8928571428571432,0.96875,15,16,15,HIGH_IDENTITY_THEFT + HIGH_SEXUAL_EXPLOITATION_MOTIVE,HIGH_EXTORTION_MOTIVE + HIGH_WOMEN_CYBERCRIME,HIGH_IDENTITY_THEFT + HIGH_SEXUAL_EXPLOITATION_MOTIVE -> HIGH_EXTORTION_MOTIVE + HIGH_WOMEN_CYBERCRIME,2,2
0.4444444444444444,0.4166666666666667,0.4166666666666667,0.9375000000000001,2.25,1.0,0.2314814814814815,9.333333333333348,1.0,0.9375,0.8928571428571432,0.96875,15,16,15,HIGH_IDENTITY_THEFT + HIGH_SEXUAL_EXPLOITATION_MOTIVE,HIGH_CHILD_CYBERCRIME + HIGH_EXTORTION_MOTIVE,HIGH_IDENTITY_THEFT + HIGH_SEXUAL_EXPLOITATION_MOTIVE -> HIGH_CHILD_CYBERCRIME + HIGH_EXTORTION_MOTIVE,2,2
0.4444444444444444,0.4444444444444444,0.4166666666666667,0.9375000000000001,2.1093750000000004,1.0,0.21913580246913583,8.888888888888905,0.9466666666666667,0.8823529411764708,0.8875000000000002,0.9375000000000001,15,16,16,HIGH_IDENTITY_THEFT + HIGH_SEXUAL_EXPLOITATION_MOTIVE,HIGH_EXTORTION_MOTIVE + HIGH_FRAUD_MOTIVE,HIGH_IDENTITY_THEFT + HIGH_SEXUAL_EXPLOITATION_MOTIVE -> HIGH_EXTORTION_MOTIVE + HIGH_FRAUD_MOTIVE,2,2
0.4444444444444444,0.4444444444444444,0.4166666666666667,0.9375000000000001,2.1093750000000004,1.0,0.21913580246913583,8.888888888888905,0.9466666666666667,0.8823529411764708,0.8875000000000002,0.9375000000000001,15,16,16,HIGH_EXTORTION_MOTIVE + HIGH_FRAUD_MOTIVE,HIGH_IDENTITY_THEFT + HIGH_SEXUAL_EXPLOITATION_MOTIVE,HIGH_EXTORTION_MOTIVE + HIGH_FRAUD_MOTIVE -> HIGH_IDENTITY_THEFT + HIGH_SEXUAL_EXPLOITATION_MOTIVE,2,2
0.4444444444444444,0.4722222222222222,0.4166666666666667,0.9375000000000001,1.985294117647059,1.0,0.20679012345679015,8.444444444444459,0.8933333333333333,0.8333333333333335,0.8815789473684212,0.9099264705882354,15,16,17,HIGH_FRAUD_MOTIVE + HIGH_IDENTITY_THEFT,HIGH_EXTORTION_MOTIVE + HIGH_SEXUAL_EXPLOITATION_MOTIVE,HIGH_FRAUD_MOTIVE + HIGH_IDENTITY_THEFT -> HIGH_EXTORTION_MOTIVE + HIGH_SEXUAL_EXPLOITATION_MOTIVE,2,2
0.4444444444444444,0.4722222222222222,0.4166666666666667,0.9375000000000001,1.985294117647059,1.0,0.20679012345679015,8.444444444444459,0.8933333333333333,0.8333333333333335,0.8815789473684212,0.9099264705882354,15,16,17,HIGH_SEXUAL_EXPLOITATION_MOTIVE + HIGH_WOMEN_CYBERCRIME,HIGH_EXTORTION_MOTIVE + HIGH_IDENTITY_THEFT,HIGH_SEXUAL_EXPLOITATION_MOTIVE + HIGH_WOMEN_CYBERCRIME -> HIGH_EXTORTION_MOTIVE + HIGH_IDENTITY_THEFT,2,2
0.4444444444444444,0.4722222222222222,0.4166666666666667,0.9375000000000001,1.985294117647059,1.0,0.20679012345679015,8.444444444444459,0.8933333333333333,0.8333333333333335,0.8815789473684212,0.9099264705882354,15,16,17,HIGH_CHILD_CYBERCRIME + HIGH_SEXUAL_EXPLOITATION_MOTIVE,HIGH_EXTORTION_MOTIVE + HIGH_IDENTITY_THEFT,HIGH_CHILD_CYBERCRIME + HIGH_SEXUAL_EXPLOITATION_MOTIVE -> HIGH_EXTORTION_MOTIVE + HIGH_IDENTITY_THEFT,2,2
0.4444444444444444,0.5,0.4166666666666667,0.9375000000000001,1.8750000000000002,1.0,0.19444444444444448,8.000000000000014,0.8400000000000001,0.7894736842105265,0.8750000000000002,0.8854166666666667,15,16,18,HIGH_EXTORTION_MOTIVE + HIGH_IDENTITY_THEFT + HIGH_SEXUAL_EXPLOITATION_MOTIVE,HIGH_FRAUD_MOTIVE,HIGH_EXTORTION_MOTIVE + HIGH_IDENTITY_THEFT + HIGH_SEXUAL_EXPLOITATION_MOTIVE -> HIGH_FRAUD_MOTIVE,3,1
0.4444444444444444,0.5,0.4166666666666667,0.9375000000000001,1.8750000000000002,1.0,0.19444444444444448,8.000000000000014,0.8400000000000001,0.7894736842105265,0.8750000000000002,0.8854166666666667,15,16,18,HIGH_EXTORTION_MOTIVE + HIGH_FRAUD_MOTIVE + HIGH_IDENTITY_THEFT,HIGH_SEXUAL_EXPLOITATION_MOTIVE,HIGH_EXTORTION_MOTIVE + HIGH_FRAUD_MOTIVE + HIGH_IDENTITY_THEFT -> HIGH_SEXUAL_EXPLOITATION_MOTIVE,3,1
0.4444444444444444,0.5,0.4166666666666667,0.9375000000000001,1.8750000000000002,1.0,0.19444444444444448,8.000000000000014,0.8400000000000001,0.7894736842105265,0.8750000000000002,0.8854166666666667,15,16,18,HIGH_EXTORTION_MOTIVE + HIGH_IDENTITY_THEFT + HIGH_SEXUAL_EXPLOITATION_MOTIVE,HIGH_WOMEN_CYBERCRIME,HIGH_EXTORTION_MOTIVE + HIGH_IDENTITY_THEFT + HIGH_SEXUAL_EXPLOITATION_MOTIVE -> HIGH_WOMEN_CYBERCRIME,3,1
0.4444444444444444,0.5,0.4166666666666667,0.9375000000000001,1.8750000000000002,1.0,0.19444444444444448,8.000000000000014,0.8400000000000001,0.7894736842105265,0.8750000000000002,0.8854166666666667,15,16,18,HIGH_EXTORTION_MOTIVE + HIGH_IDENTITY_THEFT + HIGH_SEXUAL_EXPLOITATION_MOTIVE,HIGH_CHILD_CYBERCRIME,HIGH_EXTORTION_MOTIVE + HIGH_IDENTITY_THEFT + HIGH_SEXUAL_EXPLOITATION_MOTIVE -> HIGH_CHILD_CYBERCRIME,3,1
0.4444444444444444,0.5,0.4166666666666667,0.9375000000000001,1.8750000000000002,1.0,0.19444444444444448,8.000000000000014,0.8400000000000001,0.7894736842105265,0.8750000000000002,0.8854166666666667,15,16,18,HIGH_IDENTITY_THEFT + HIGH_SEXUAL_EXPLOITATION_MOTIVE,HIGH_FRAUD_MOTIVE,HIGH_IDENTITY_THEFT + HIGH_SEXUAL_EXPLOITATION_MOTIVE -> HIGH_FRAUD_MOTIVE,2,1
0.4444444444444444,0.5,0.4166666666666667,0.9375000000000001,1.8750000000000002,1.0,0.19444444444444448,8.000000000000014,0.8400000000000001,0.7894736842105265,0.8750000000000002,0.8854166666666667,15,16,18,HIGH_FRAUD_MOTIVE + HIGH_IDENTITY_THEFT,HIGH_SEXUAL_EXPLOITATION_MOTIVE,HIGH_FRAUD_MOTIVE + HIGH_IDENTITY_THEFT -> HIGH_SEXUAL_EXPLOITATION_MOTIVE,2,1
0.4444444444444444,0.5,0.4166666666666667,0.9375000000000001,1.8750000000000002,1.0,0.19444444444444448,8.000000000000014,0.8400000000000001,0.7894736842105265,0.8750000000000002,0.8854166666666667,15,16,18,HIGH_EXTORTION_MOTIVE + HIGH_FRAUD_MOTIVE,HIGH_SEXUAL_EXPLOITATION_MOTIVE,HIGH_EXTORTION_MOTIVE + HIGH_FRAUD_MOTIVE -> HIGH_SEXUAL_EXPLOITATION_MOTIVE,2,1
0.4444444444444444,0.5,0.4166666666666667,0.9375000000000001,1.8750000000000002,1.0,0.19444444444444448,8.000000000000014,0.8400000000000001,0.7894736842105265,0.8750000000000002,0.8854166666666667,15,16,18,HIGH_IDENTITY_THEFT + HIGH_SEXUAL_EXPLOITATION_MOTIVE,HIGH_WOMEN_CYBERCRIME,HIGH_IDENTITY_THEFT + HIGH_SEXUAL_EXPLOITATION_MOTIVE -> HIGH_WOMEN_CYBERCRIME,2,1
0.4444444444444444,0.5,0.4166666666666667,0.9375000000000001,1.8750000000000002,1.0,0.19444444444444448,8.000000000000014,0.8400000000000001,0.7894736842105265,0.8750000000000002,0.8854166666666667,15,16,18,HIGH_IDENTITY_THEFT + HIGH_SEXUAL_EXPLOITATION_MOTIVE,HIGH_CHILD_CYBERCRIME,HIGH_IDENTITY_THEFT + HIGH_SEXUAL_EXPLOITATION_MOTIVE -> HIGH_CHILD_CYBERCRIME,2,1
0.4444444444444444,0.5,0.4166666666666667,0.9375000000000001,1.8750000000000002,1.0,0.19444444444444448,8.000000000000014,0.8400000000000001,0.7894736842105265,0.8750000000000002,0.8854166666666667,15,16,18,HIGH_SEXUAL_EXPLOITATION_MOTIVE + HIGH_WOMEN_CYBERCRIME,HIGH_EXTORTION_MOTIVE,HIGH_SEXUAL_EXPLOITATION_MOTIVE + HIGH_WOMEN_CYBERCRIME -> HIGH_EXTORTION_MOTIVE,2,1
0.4444444444444444,0.5,0.4166666666666667,0.9375000000000001,1.8750000000000002,1.0,0.19444444444444448,8.000000000000014,0.8400000000000001,0.7894736842105265,0.8750000000000002,0.8854166666666667,15,16,18,HIGH_CHILD_CYBERCRIME + HIGH_SEXUAL_EXPLOITATION_MOTIVE,HIGH_EXTORTION_MOTIVE,HIGH_CHILD_CYBERCRIME + HIGH_SEXUAL_EXPLOITATION_MOTIVE -> HIGH_EXTORTION_MOTIVE,2,1
0.4444444444444444,0.5,0.4166666666666667,0.9375000000000001,1.8750000000000002,1.0,0.19444444444444448,8.000000000000014,0.8400000000000001,0.7894736842105265,0.8750000000000002,0.8854166666666667,15,16,18,HIGH_CHILD_CYBERCRIME + HIGH_WOMEN_CYBERCRIME,HIGH_SEXUAL_EXPLOITATION_MOTIVE,HIGH_CHILD_CYBERCRIME + HIGH_WOMEN_CYBERCRIME -> HIGH_SEXUAL_EXPLOITATION_MOTIVE,2,1
0.4444444444444444,0.5,0.4166666666666667,0.9375000000000001,1.8750000000000002,1.0,0.19444444444444448,8.000000000000014,0.8400000000000001,0.7894736842105265,0.8750000000000002,0.8854166666666667,15,16,18,HIGH_CHILD_CYBERCRIME + HIGH_SEXUAL_EXPLOITATION_MOTIVE,HIGH_WOMEN_CYBERCRIME,HIGH_CHILD_CYBERCRIME + HIGH_SEXUAL_EXPLOITATION_MOTIVE -> HIGH_WOMEN_CYBERCRIME,2,1
0.4444444444444444,0.5,0.4166666666666667,0.9375000000000001,1.8750000000000002,1.0,0.19444444444444448,8.000000000000014,0.8400000000000001,0.7894736842105265,0.8750000000000002,0.8854166666666667,15,16,18,HIGH_SEXUAL_EXPLOITATION_MOTIVE + HIGH_WOMEN_CYBERCRIME,HIGH_CHILD_CYBERCRIME,HIGH_SEXUAL_EXPLOITATION_MOTIVE + HIGH_WOMEN_CYBERCRIME -> HIGH_CHILD_CYBERCRIME,2,1
0.4444444444444444,0.5277777777777778,0.4166666666666667,0.9375000000000001,1.7763157894736843,1.0,0.1820987654320988,7.555555555555569,0.7866666666666667,0.75,0.8676470588235297,0.8634868421052633,15,16,19,HIGH_SEXUAL_EXPLOITATION_MOTIVE + HIGH_WOMEN_CYBERCRIME,HIGH_IDENTITY_THEFT,HIGH_SEXUAL_EXPLOITATION_MOTIVE + HIGH_WOMEN_CYBERCRIME -> HIGH_IDENTITY_THEFT,2,1
0.4444444444444444,0.5277777777777778,0.4166666666666667,0.9375000000000001,1.7763157894736843,1.0,0.1820987654320988,7.555555555555569,0.7866666666666667,0.75,0.8676470588235297,0.8634868421052633,15,16,19,HIGH_CHILD_CYBERCRIME + HIGH_SEXUAL_EXPLOITATION_MOTIVE,HIGH_IDENTITY_THEFT,HIGH_CHILD_CYBERCRIME + HIGH_SEXUAL_EXPLOITATION_MOTIVE -> HIGH_IDENTITY_THEFT,2,1
0.4166666666666667,0.4166666666666667,0.3888888888888889,0.9333333333333333,2.2399999999999998,1.0,0.21527777777777776,8.75,0.9489795918367347,0.875,0.8857142857142857,0.9333333333333333,14,15,15,HIGH_EXTORTION_MOTIVE + HIGH_IDENTITY_THEFT + HIGH_WOMEN_CYBERCRIME,HIGH_FRAUD_MOTIVE + HIGH_SEXUAL_EXPLOITATION_MOTIVE,HIGH_EXTORTION_MOTIVE + HIGH_IDENTITY_THEFT + HIGH_WOMEN_CYBERCRIME -> HIGH_FRAUD_MOTIVE + HIGH_SEXUAL_EXPLOITATION_MOTIVE,3,2
0.4166666666666667,0.4166666666666667,0.3888888888888889,0.9333333333333333,2.2399999999999998,1.0,0.21527777777777776,8.75,0.9489795918367347,0.875,0.8857142857142857,0.9333333333333333,14,15,15,HIGH_FRAUD_MOTIVE + HIGH_IDENTITY_THEFT + HIGH_SEXUAL_EXPLOITATION_MOTIVE,HIGH_EXTORTION_MOTIVE + HIGH_WOMEN_CYBERCRIME,HIGH_FRAUD_MOTIVE + HIGH_IDENTITY_THEFT + HIGH_SEXUAL_EXPLOITATION_MOTIVE -> HIGH_EXTORTION_MOTIVE + HIGH_WOMEN_CYBERCRIME,3,2
0.4166666666666667,0.4166666666666667,0.3888888888888889,0.9333333333333333,2.2399999999999998,1.0,0.21527777777777776,8.75,0.9489795918367347,0.875,0.8857142857142857,0.9333333333333333,14,15,15,HIGH_EXTORTION_MOTIVE + HIGH_FRAUD_MOTIVE + HIGH_SEXUAL_EXPLOITATION_MOTIVE,HIGH_IDENTITY_THEFT + HIGH_WOMEN_CYBERCRIME,HIGH_EXTORTION_MOTIVE + HIGH_FRAUD_MOTIVE + HIGH_SEXUAL_EXPLOITATION_MOTIVE -> HIGH_IDENTITY_THEFT + HIGH_WOMEN_CYBERCRIME,3,2
0.4166666666666667,0.4166666666666667,0.3888888888888889,0.9333333333333333,2.2399999999999998,1.0,0.21527777777777776,8.75,0.9489795918367347,0.875,0.8857142857142857,0.9333333333333333,14,15,15,HIGH_IDENTITY_THEFT + HIGH_WOMEN_CYBERCRIME,HIGH_EXTORTION_MOTIVE + HIGH_FRAUD_MOTIVE + HIGH_SEXUAL_EXPLOITATION_MOTIVE,HIGH_IDENTITY_THEFT + HIGH_WOMEN_CYBERCRIME -> HIGH_EXTORTION_MOTIVE + HIGH_FRAUD_MOTIVE + HIGH_SEXUAL_EXPLOITATION_MOTIVE,2,3
0.4166666666666667,0.4166666666666667,0.3888888888888889,0.9333333333333333,2.2399999999999998,1.0,0.21527777777777776,8.75,0.9489795918367347,0.875,0.8857142857142857,0.9333333333333333,14,15,15,HIGH_EXTORTION_MOTIVE + HIGH_WOMEN_CYBERCRIME,HIGH_FRAUD_MOTIVE + HIGH_IDENTITY_THEFT + HIGH_SEXUAL_EXPLOITATION_MOTIVE,HIGH_EXTORTION_MOTIVE + HIGH_WOMEN_CYBERCRIME -> HIGH_FRAUD_MOTIVE + HIGH_IDENTITY_THEFT + HIGH_SEXUAL_EXPLOITATION_MOTIVE,2,3
0.4166666666666667,0.4166666666666667,0.3888888888888889,0.9333333333333333,2.2399999999999998,1.0,0.21527777777777776,8.75,0.9489795918367347,0.875,0.8857142857142857,0.9333333333333333,14,15,15,HIGH_FRAUD_MOTIVE + HIGH_SEXUAL_EXPLOITATION_MOTIVE,HIGH_EXTORTION_MOTIVE + HIGH_IDENTITY_THEFT + HIGH_WOMEN_CYBERCRIME,HIGH_FRAUD_MOTIVE + HIGH_SEXUAL_EXPLOITATION_MOTIVE -> HIGH_EXTORTION_MOTIVE + HIGH_IDENTITY_THEFT + HIGH_WOMEN_CYBERCRIME,2,3
0.4166666666666667,0.4166666666666667,0.3888888888888889,0.9333333333333333,2.2399999999999998,1.0,0.21527777777777776,8.75,0.9489795918367347,0.875,0.8857142857142857,0.9333333333333333,14,15,15,HIGH_CHILD_CYBERCRIME + HIGH_EXTORTION_MOTIVE + HIGH_IDENTITY_THEFT,HIGH_FRAUD_MOTIVE + HIGH_SEXUAL_EXPLOITATION_MOTIVE,HIGH_CHILD_CYBERCRIME + HIGH_EXTORTION_MOTIVE + HIGH_IDENTITY_THEFT -> HIGH_FRAUD_MOTIVE + HIGH_SEXUAL_EXPLOITATION_MOTIVE,3,2
0.4166666666666667,0.4166666666666667,0.3888888888888889,0.9333333333333333,2.2399999999999998,1.0,0.21527777777777776,8.75,0.9489795918367347,0.875,0.8857142857142857,0.9333333333333333,14,15,15,HIGH_FRAUD_MOTIVE + HIGH_IDENTITY_THEFT + HIGH_SEXUAL_EXPLOITATION_MOTIVE,HIGH_CHILD_CYBERCRIME + HIGH_EXTORTION_MOTIVE,HIGH_FRAUD_MOTIVE + HIGH_IDENTITY_THEFT + HIGH_SEXUAL_EXPLOITATION_MOTIVE -> HIGH_CHILD_CYBERCRIME + HIGH_EXTORTION_MOTIVE,3,2
0.4166666666666667,0.4166666666666667,0.3888888888888889,0.9333333333333333,2.2399999999999998,1.0,0.21527777777777776,8.75,0.9489795918367347,0.875,0.8857142857142857,0.9333333333333333,14,15,15,HIGH_EXTORTION_MOTIVE + HIGH_FRAUD_MOTIVE + HIGH_SEXUAL_EXPLOITATION_MOTIVE,HIGH_CHILD_CYBERCRIME + HIGH_IDENTITY_THEFT,HIGH_EXTORTION_MOTIVE + HIGH_FRAUD_MOTIVE + HIGH_SEXUAL_EXPLOITATION_MOTIVE -> HIGH_CHILD_CYBERCRIME + HIGH_IDENTITY_THEFT,3,2
0.4166666666666667,0.4166666666666667,0.3888888888888889,0.9333333333333333,2.2399999999999998,1.0,0.21527777777777776,8.75,0.9489795918367347,0.875,0.8857142857142857,0.9333333333333333,14,15,15,HIGH_CHILD_CYBERCRIME + HIGH_IDENTITY_THEFT,HIGH_EXTORTION_MOTIVE + HIGH_FRAUD_MOTIVE + HIGH_SEXUAL_EXPLOITATION_MOTIVE,HIGH_CHILD_CYBERCRIME + HIGH_IDENTITY_THEFT -> HIGH_EXTORTION_MOTIVE + HIGH_FRAUD_MOTIVE + HIGH_SEXUAL_EXPLOITATION_MOTIVE,2,3
0.4166666666666667,0.4166666666666667,0.3888888888888889,0.9333333333333333,2.2399999999999998,1.0,0.21527777777777776,8.75,0.9489795918367347,0.875,0.8857142857142857,0.9333333333333333,14,15,15,HIGH_CHILD_CYBERCRIME + HIGH_EXTORTION_MOTIVE,HIGH_FRAUD_MOTIVE + HIGH_IDENTITY_THEFT + HIGH_SEXUAL_EXPLOITATION_MOTIVE,HIGH_CHILD_CYBERCRIME + HIGH_EXTORTION_MOTIVE -> HIGH_FRAUD_MOTIVE + HIGH_IDENTITY_THEFT + HIGH_SEXUAL_EXPLOITATION_MOTIVE,2,3
0.4166666666666667,0.4166666666666667,0.3888888888888889,0.9333333333333333,2.2399999999999998,1.0,0.21527777777777776,8.75,0.9489795918367347,0.875,0.8857142857142857,0.9333333333333333,14,15,15,HIGH_FRAUD_MOTIVE + HIGH_SEXUAL_EXPLOITATION_MOTIVE,HIGH_CHILD_CYBERCRIME + HIGH_EXTORTION_MOTIVE + HIGH_IDENTITY_THEFT,HIGH_FRAUD_MOTIVE + HIGH_SEXUAL_EXPLOITATION_MOTIVE -> HIGH_CHILD_CYBERCRIME + HIGH_EXTORTION_MOTIVE + HIGH_IDENTITY_THEFT,2,3
0.4166666666666667,0.4166666666666667,0.3888888888888889,0.9333333333333333,2.2399999999999998,1.0,0.21527777777777776,8.75,0.9489795918367347,0.875,0.8857142857142857,0.9333333333333333,14,15,15,HIGH_CHILD_CYBERCRIME + HIGH_IDENTITY_THEFT + HIGH_SEXUAL_EXPLOITATION_MOTIVE,HIGH_EXTORTION_MOTIVE + HIGH_WOMEN_CYBERCRIME,HIGH_CHILD_CYBERCRIME + HIGH_IDENTITY_THEFT + HIGH_SEXUAL_EXPLOITATION_MOTIVE -> HIGH_EXTORTION_MOTIVE + HIGH_WOMEN_CYBERCRIME,3,2
0.4166666666666667,0.4166666666666667,0.3888888888888889,0.9333333333333333,2.2399999999999998,1.0,0.21527777777777776,8.75,0.9489795918367347,0.875,0.8857142857142857,0.9333333333333333,14,15,15,HIGH_CHILD_CYBERCRIME + HIGH_EXTORTION_MOTIVE + HIGH_SEXUAL_EXPLOITATION_MOTIVE,HIGH_IDENTITY_THEFT + HIGH_WOMEN_CYBERCRIME,HIGH_CHILD_CYBERCRIME + HIGH_EXTORTION_MOTIVE + HIGH_SEXUAL_EXPLOITATION_MOTIVE -> HIGH_IDENTITY_THEFT + HIGH_WOMEN_CYBERCRIME,3,2
0.4166666666666667,0.4166666666666667,0.3888888888888889,0.9333333333333333,2.2399999999999998,1.0,0.21527777777777776,8.75,0.9489795918367347,0.875,0.8857142857142857,0.9333333333333333,14,15,15,HIGH_IDENTITY_THEFT + HIGH_SEXUAL_EXPLOITATION_MOTIVE + HIGH_WOMEN_CYBERCRIME,HIGH_CHILD_CYBERCRIME + HIGH_EXTORTION_MOTIVE,HIGH_IDENTITY_THEFT + HIGH_SEXUAL_EXPLOITATION_MOTIVE + HIGH_WOMEN_CYBERCRIME -> HIGH_CHILD_CYBERCRIME + HIGH_EXTORTION_MOTIVE,3,2
0.4166666666666667,0.4166666666666667,0.3888888888888889,0.9333333333333333,2.2399999999999998,1.0,0.21527777777777776,8.75,0.9489795918367347,0.875,0.8857142857142857,0.9333333333333333,14,15,15,HIGH_EXTORTION_MOTIVE + HIGH_SEXUAL_EXPLOITATION_MOTIVE + HIGH_WOMEN_CYBERCRIME,HIGH_CHILD_CYBERCRIME + HIGH_IDENTITY_THEFT,HIGH_EXTORTION_MOTIVE + HIGH_SEXUAL_EXPLOITATION_MOTIVE + HIGH_WOMEN_CYBERCRIME -> HIGH_CHILD_CYBERCRIME + HIGH_IDENTITY_THEFT,3,2
0.4166666666666667,0.4166666666666667,0.3888888888888889,0.9333333333333333,2.2399999999999998,1.0,0.21527777777777776,8.75,0.9489795918367347,0.875,0.8857142857142857,0.9333333333333333,14,15,15,HIGH_CHILD_CYBERCRIME + HIGH_IDENTITY_THEFT,HIGH_EXTORTION_MOTIVE + HIGH_SEXUAL_EXPLOITATION_MOTIVE + HIGH_WOMEN_CYBERCRIME,HIGH_CHILD_CYBERCRIME + HIGH_IDENTITY_THEFT -> HIGH_EXTORTION_MOTIVE + HIGH_SEXUAL_EXPLOITATION_MOTIVE + HIGH_WOMEN_CYBERCRIME,2,3
0.4166666666666667,0.4166666666666667,0.3888888888888889,0.9333333333333333,2.2399999999999998,1.0,0.21527777777777776,8.75,0.9489795918367347,0.875,0.8857142857142857,0.9333333333333333,14,15,15,HIGH_CHILD_CYBERCRIME + HIGH_EXTORTION_MOTIVE,HIGH_IDENTITY_THEFT + HIGH_SEXUAL_EXPLOITATION_MOTIVE + HIGH_WOMEN_CYBERCRIME,HIGH_CHILD_CYBERCRIME + HIGH_EXTORTION_MOTIVE -> HIGH_IDENTITY_THEFT + HIGH_SEXUAL_EXPLOITATION_MOTIVE + HIGH_WOMEN_CYBERCRIME,2,3
0.4166666666666667,0.4166666666666667,0.3888888888888889,0.9333333333333333,2.2399999999999998,1.0,0.21527777777777776,8.75,0.9489795918367347,0.875,0.8857142857142857,0.9333333333333333,14,15,15,HIGH_IDENTITY_THEFT + HIGH_WOMEN_CYBERCRIME,HIGH_CHILD_CYBERCRIME + HIGH_EXTORTION_MOTIVE + HIGH_SEXUAL_EXPLOITATION_MOTIVE,HIGH_IDENTITY_THEFT + HIGH_WOMEN_CYBERCRIME -> HIGH_CHILD_CYBERCRIME + HIGH_EXTORTION_MOTIVE + HIGH_SEXUAL_EXPLOITATION_MOTIVE,2,3
0.4166666666666667,0.4166666666666667,0.3888888888888889,0.9333333333333333,2.2399999999999998,1.0,0.21527777777777776,8.75,0.9489795918367347,0.875,0.8857142857142857,0.9333333333333333,14,15,15,HIGH_EXTORTION_MOTIVE + HIGH_WOMEN_CYBERCRIME,HIGH_CHILD_CYBERCRIME + HIGH_IDENTITY_THEFT + HIGH_SEXUAL_EXPLOITATION_MOTIVE,HIGH_EXTORTION_MOTIVE + HIGH_WOMEN_CYBERCRIME -> HIGH_CHILD_CYBERCRIME + HIGH_IDENTITY_THEFT + HIGH_SEXUAL_EXPLOITATION_MOTIVE,2,3
0.4166666666666667,0.4166666666666667,0.3888888888888889,0.9333333333333333,2.2399999999999998,1.0,0.21527777777777776,8.75,0.9489795918367347,0.875,0.8857142857142857,0.9333333333333333,14,15,15,HIGH_FRAUD_MOTIVE + HIGH_SEXUAL_EXPLOITATION_MOTIVE,HIGH_IDENTITY_THEFT + HIGH_WOMEN_CYBERCRIME,HIGH_FRAUD_MOTIVE + HIGH_SEXUAL_EXPLOITATION_MOTIVE -> HIGH_IDENTITY_THEFT + HIGH_WOMEN_CYBERCRIME,2,2
0.4166666666666667,0.4166666666666667,0.3888888888888889,0.9333333333333333,2.2399999999999998,1.0,0.21527777777777776,8.75,0.9489795918367347,0.875,0.8857142857142857,0.9333333333333333,14,15,15,HIGH_IDENTITY_THEFT + HIGH_WOMEN_CYBERCRIME,HIGH_FRAUD_MOTIVE + HIGH_SEXUAL_EXPLOITATION_MOTIVE,HIGH_IDENTITY_THEFT + HIGH_WOMEN_CYBERCRIME -> HIGH_FRAUD_MOTIVE + HIGH_SEXUAL_EXPLOITATION_MOTIVE,2,2
0.4166666666666667,0.4166666666666667,0.3888888888888889,0.9333333333333333,2.2399999999999998,1.0,0.21527777777777776,8.75,0.9489795918367347,0.875,0.8857142857142857,0.9333333333333333,14,15,15,HIGH_CHILD_CYBERCRIME + HIGH_IDENTITY_THEFT,HIGH_FRAUD_MOTIVE + HIGH_SEXUAL_EXPLOITATION_MOTIVE,HIGH_CHILD_CYBERCRIME + HIGH_IDENTITY_THEFT -> HIGH_FRAUD_MOTIVE + HIGH_SEXUAL_EXPLOITATION_MOTIVE,2,2
0.4166666666666667,0.4166666666666667,0.3888888888888889,0.9333333333333333,2.2399999999999998,1.0,0.21527777777777776,8.75,0.9489795918367347,0.875,0.8857142857142857,0.9333333333333333,14,15,15,HIGH_FRAUD_MOTIVE + HIGH_SEXUAL_EXPLOITATION_MOTIVE,HIGH_CHILD_CYBERCRIME + HIGH_IDENTITY_THEFT,HIGH_FRAUD_MOTIVE + HIGH_SEXUAL_EXPLOITATION_MOTIVE -> HIGH_CHILD_CYBERCRIME + HIGH_IDENTITY_THEFT,2,2
0.4166666666666667,0.4166666666666667,0.3888888888888889,0.9333333333333333,2.2399999999999998,1.0,0.21527777777777776,8.75,0.9489795918367347,0.875,0.8857142857142857,0.9333333333333333,14,15,15,HIGH_EXTORTION_MOTIVE + HIGH_WOMEN_CYBERCRIME,HIGH_FRAUD_MOTIVE + HIGH_SEXUAL_EXPLOITATION_MOTIVE,HIGH_EXTORTION_MOTIVE + HIGH_WOMEN_CYBERCRIME -> HIGH_FRAUD_MOTIVE + HIGH_SEXUAL_EXPLOITATION_MOTIVE,2,2
0.4166666666666667,0.4166666666666667,0.3888888888888889,0.9333333333333333,2.2399999999999998,1.0,0.21527777777777776,8.75,0.9489795918367347,0.875,0.8857142857142857,0.9333333333333333,14,15,15,HIGH_FRAUD_MOTIVE + HIGH_SEXUAL_EXPLOITATION_MOTIVE,HIGH_EXTORTION_MOTIVE + HIGH_WOMEN_CYBERCRIME,HIGH_FRAUD_MOTIVE + HIGH_SEXUAL_EXPLOITATION_MOTIVE -> HIGH_EXTORTION_MOTIVE + HIGH_WOMEN_CYBERCRIME,2,2
0.4166666666666667,0.4166666666666667,0.3888888888888889,0.9333333333333333,2.2399999999999998,1.0,0.21527777777777776,8.75,0.9489795918367347,0.875,0.8857142857142857,0.9333333333333333,14,15,15,HIGH_CHILD_CYBERCRIME + HIGH_EXTORTION_MOTIVE,HIGH_FRAUD_MOTIVE + HIGH_SEXUAL_EXPLOITATION_MOTIVE,HIGH_CHILD_CYBERCRIME + HIGH_EXTORTION_MOTIVE -> HIGH_FRAUD_MOTIVE + HIGH_SEXUAL_EXPLOITATION_MOTIVE,2,2
0.4166666666666667,0.4166666666666667,0.3888888888888889,0.9333333333333333,2.2399999999999998,1.0,0.21527777777777776,8.75,0.9489795918367347,0.875,0.8857142857142857,0.9333333333333333,14,15,15,HIGH_FRAUD_MOTIVE + HIGH_SEXUAL_EXPLOITATION_MOTIVE,HIGH_CHILD_CYBERCRIME + HIGH_EXTORTION_MOTIVE,HIGH_FRAUD_MOTIVE + HIGH_SEXUAL_EXPLOITATION_MOTIVE -> HIGH_CHILD_CYBERCRIME + HIGH_EXTORTION_MOTIVE,2,2
0.4166666666666667,0.4166666666666667,0.3888888888888889,0.9333333333333333,2.2399999999999998,1.0,0.21527777777777776,8.75,0.9489795918367347,0.875,0.8857142857142857,0.9333333333333333,14,15,15,HIGH_CHILD_CYBERCRIME + HIGH_IDENTITY_THEFT,HIGH_EXTORTION_MOTIVE + HIGH_WOMEN_CYBERCRIME,HIGH_CHILD_CYBERCRIME + HIGH_IDENTITY_THEFT -> HIGH_EXTORTION_MOTIVE + HIGH_WOMEN_CYBERCRIME,2,2
0.4166666666666667,0.4166666666666667,0.3888888888888889,0.9333333333333333,2.2399999999999998,1.0,0.21527777777777776,8.75,0.9489795918367347,0.875,0.8857142857142857,0.9333333333333333,14,15,15,HIGH_CHILD_CYBERCRIME + HIGH_EXTORTION_MOTIVE,HIGH_IDENTITY_THEFT + HIGH_WOMEN_CYBERCRIME,HIGH_CHILD_CYBERCRIME + HIGH_EXTORTION_MOTIVE -> HIGH_IDENTITY_THEFT + HIGH_WOMEN_CYBERCRIME,2,2
0.4166666666666667,0.4166666666666667,0.3888888888888889,0.9333333333333333,2.2399999999999998,1.0,0.21527777777777776,8.75,0.9489795918367347,0.875,0.8857142857142857,0.9333333333333333,14,15,15,HIGH_IDENTITY_THEFT + HIGH_WOMEN_CYBERCRIME,HIGH_CHILD_CYBERCRIME + HIGH_EXTORTION_MOTIVE,HIGH_IDENTITY_THEFT + HIGH_WOMEN_CYBERCRIME -> HIGH_CHILD_CYBERCRIME + HIGH_EXTORTION_MOTIVE,2,2
0.4166666666666667,0.4166666666666667,0.3888888888888889,0.9333333333333333,2.2399999999999998,1.0,0.21527777777777776,8.75,0.9489795918367347,0.875,0.8857142857142857,0.9333333333333333,14,15,15,HIGH_EXTORTION_MOTIVE + HIGH_WOMEN_CYBERCRIME,HIGH_CHILD_CYBERCRIME + HIGH_IDENTITY_THEFT,HIGH_EXTORTION_MOTIVE + HIGH_WOMEN_CYBERCRIME -> HIGH_CHILD_CYBERCRIME + HIGH_IDENTITY_THEFT,2,2
0.4166666666666667,0.4444444444444444,0.3888888888888889,0.9333333333333333,2.1,1.0,0.20370370370370372,8.333333333333336,0.8979591836734695,0.8235294117647058,0.88,0.9041666666666668,14,15,16,HIGH_IDENTITY_THEFT + HIGH_SEXUAL_EXPLOITATION_MOTIVE + HIGH_WOMEN_CYBERCRIME,HIGH_EXTORTION_MOTIVE + HIGH_FRAUD_MOTIVE,HIGH_IDENTITY_THEFT + HIGH_SEXUAL_EXPLOITATION_MOTIVE + HIGH_WOMEN_CYBERCRIME -> HIGH_EXTORTION_MOTIVE + HIGH_FRAUD_MOTIVE,3,2
0.4166666666666667,0.4444444444444444,0.3888888888888889,0.9333333333333333,2.1,1.0,0.20370370370370372,8.333333333333336,0.8979591836734695,0.8235294117647058,0.88,0.9041666666666668,14,15,16,HIGH_EXTORTION_MOTIVE + HIGH_SEXUAL_EXPLOITATION_MOTIVE + HIGH_WOMEN_CYBERCRIME,HIGH_FRAUD_MOTIVE + HIGH_IDENTITY_THEFT,HIGH_EXTORTION_MOTIVE + HIGH_SEXUAL_EXPLOITATION_MOTIVE + HIGH_WOMEN_CYBERCRIME -> HIGH_FRAUD_MOTIVE + HIGH_IDENTITY_THEFT,3,2
0.4166666666666667,0.4444444444444444,0.3888888888888889,0.9333333333333333,2.1,1.0,0.20370370370370372,8.333333333333336,0.8979591836734695,0.8235294117647058,0.88,0.9041666666666668,14,15,16,HIGH_FRAUD_MOTIVE + HIGH_WOMEN_CYBERCRIME,HIGH_EXTORTION_MOTIVE + HIGH_IDENTITY_THEFT + HIGH_SEXUAL_EXPLOITATION_MOTIVE,HIGH_FRAUD_MOTIVE + HIGH_WOMEN_CYBERCRIME -> HIGH_EXTORTION_MOTIVE + HIGH_IDENTITY_THEFT + HIGH_SEXUAL_EXPLOITATION_MOTIVE,2,3
0.4166666666666667,0.4444444444444444,0.3888888888888889,0.9333333333333333,2.1,1.0,0.20370370370370372,8.333333333333336,0.8979591836734695,0.8235294117647058,0.88,0.9041666666666668,14,15,16,HIGH_CHILD_CYBERCRIME + HIGH_IDENTITY_THEFT + HIGH_SEXUAL_EXPLOITATION_MOTIVE,HIGH_EXTORTION_MOTIVE + HIGH_FRAUD_MOTIVE,HIGH_CHILD_CYBERCRIME + HIGH_IDENTITY_THEFT + HIGH_SEXUAL_EXPLOITATION_MOTIVE -> HIGH_EXTORTION_MOTIVE + HIGH_FRAUD_MOTIVE,3,2
0.4166666666666667,0.4444444444444444,0.3888888888888889,0.9333333333333333,2.1,1.0,0.20370370370370372,8.333333333333336,0.8979591836734695,0.8235294117647058,0.88,0.9041666666666668,14,15,16,HIGH_CHILD_CYBERCRIME + HIGH_EXTORTION_MOTIVE + HIGH_SEXUAL_EXPLOITATION_MOTIVE,HIGH_FRAUD_MOTIVE + HIGH_IDENTITY_THEFT,HIGH_CHILD_CYBERCRIME + HIGH_EXTORTION_MOTIVE + HIGH_SEXUAL_EXPLOITATION_MOTIVE -> HIGH_FRAUD_MOTIVE + HIGH_IDENTITY_THEFT,3,2
0.4166666666666667,0.4444444444444444,0.3888888888888889,0.9333333333333333,2.1,1.0,0.20370370370370372,8.333333333333336,0.8979591836734695,0.8235294117647058,0.88,0.9041666666666668,14,15,16,HIGH_CHILD_CYBERCRIME + HIGH_FRAUD_MOTIVE,HIGH_EXTORTION_MOTIVE + HIGH_IDENTITY_THEFT + HIGH_SEXUAL_EXPLOITATION_MOTIVE,HIGH_CHILD_CYBERCRIME + HIGH_FRAUD_MOTIVE -> HIGH_EXTORTION_MOTIVE + HIGH_IDENTITY_THEFT + HIGH_SEXUAL_EXPLOITATION_MOTIVE,2,3
0.4166666666666667,0.4444444444444444,0.3888888888888889,0.9333333333333333,2.1,1.0,0.20370370370370372,8.333333333333336,0.8979591836734695,0.8235294117647058,0.88,0.9041666666666668,14,15,16,HIGH_CHILD_CYBERCRIME + HIGH_EXTORTION_MOTIVE + HIGH_IDENTITY_THEFT,HIGH_SEXUAL_EXPLOITATION_MOTIVE + HIGH_WOMEN_CYBERCRIME,HIGH_CHILD_CYBERCRIME + HIGH_EXTORTION_MOTIVE + HIGH_IDENTITY_THEFT -> HIGH_SEXUAL_EXPLOITATION_MOTIVE + HIGH_WOMEN_CYBERCRIME,3,2
0.4166666666666667,0.4444444444444444,0.3888888888888889,0.9333333333333333,2.1,1.0,0.20370370370370372,8.333333333333336,0.8979591836734695,0.8235294117647058,0.88,0.9041666666666668,14,15,16,HIGH_EXTORTION_MOTIVE + HIGH_IDENTITY_THEFT + HIGH_WOMEN_CYBERCRIME,HIGH_CHILD_CYBERCRIME + HIGH_SEXUAL_EXPLOITATION_MOTIVE,HIGH_EXTORTION_MOTIVE + HIGH_IDENTITY_THEFT + HIGH_WOMEN_CYBERCRIME -> HIGH_CHILD_CYBERCRIME + HIGH_SEXUAL_EXPLOITATION_MOTIVE,3,2
0.4166666666666667,0.4444444444444444,0.3888888888888889,0.9333333333333333,2.1,1.0,0.20370370370370372,8.333333333333336,0.8979591836734695,0.8235294117647058,0.88,0.9041666666666668,14,15,16,HIGH_EXTORTION_MOTIVE + HIGH_SEC66D_CHEATING,HIGH_FRAUD_MOTIVE + HIGH_IDENTITY_THEFT,HIGH_EXTORTION_MOTIVE + HIGH_SEC66D_CHEATING -> HIGH_FRAUD_MOTIVE + HIGH_IDENTITY_THEFT,2,2
0.4166666666666667,0.4444444444444444,0.3888888888888889,0.9333333333333333,2.1,1.0,0.20370370370370372,8.333333333333336,0.8979591836734695,0.8235294117647058,0.88,0.9041666666666668,14,15,16,HIGH_IDENTITY_THEFT + HIGH_WOMEN_CYBERCRIME,HIGH_EXTORTION_MOTIVE + HIGH_FRAUD_MOTIVE,HIGH_IDENTITY_THEFT + HIGH_WOMEN_CYBERCRIME -> HIGH_EXTORTION_MOTIVE + HIGH_FRAUD_MOTIVE,2,2
0.4166666666666667,0.4444444444444444,0.3888888888888889,0.9333333333333333,2.1,1.0,0.20370370370370372,8.333333333333336,0.8979591836734695,0.8235294117647058,0.88,0.9041666666666668,14,15,16,HIGH_EXTORTION_MOTIVE + HIGH_WOMEN_CYBERCRIME,HIGH_FRAUD_MOTIVE + HIGH_IDENTITY_THEFT,HIGH_EXTORTION_MOTIVE + HIGH_WOMEN_CYBERCRIME -> HIGH_FRAUD_MOTIVE + HIGH_IDENTITY_THEFT,2,2
0.4166666666666667,0.4444444444444444,0.3888888888888889,0.9333333333333333,2.1,1.0,0.20370370370370372,8.333333333333336,0.8979591836734695,0.8235294117647058,0.88,0.9041666666666668,14,15,16,HIGH_CHILD_CYBERCRIME + HIGH_IDENTITY_THEFT,HIGH_EXTORTION_MOTIVE + HIGH_FRAUD_MOTIVE,HIGH_CHILD_CYBERCRIME + HIGH_IDENTITY_THEFT -> HIGH_EXTORTION_MOTIVE + HIGH_FRAUD_MOTIVE,2,2
0.4166666666666667,0.4444444444444444,0.3888888888888889,0.9333333333333333,2.1,1.0,0.20370370370370372,8.333333333333336,0.8979591836734695,0.8235294117647058,0.88,0.9041666666666668,14,15,16,HIGH_CHILD_CYBERCRIME + HIGH_EXTORTION_MOTIVE,HIGH_FRAUD_MOTIVE + HIGH_IDENTITY_THEFT,HIGH_CHILD_CYBERCRIME + HIGH_EXTORTION_MOTIVE -> HIGH_FRAUD_MOTIVE + HIGH_IDENTITY_THEFT,2,2
0.4166666666666667,0.4444444444444444,0.3888888888888889,0.9333333333333333,2.1,1.0,0.20370370370370372,8.333333333333336,0.8979591836734695,0.8235294117647058,0.88,0.9041666666666668,14,15,16,HIGH_FRAUD_MOTIVE + HIGH_WOMEN_CYBERCRIME,HIGH_IDENTITY_THEFT + HIGH_SEXUAL_EXPLOITATION_MOTIVE,HIGH_FRAUD_MOTIVE + HIGH_WOMEN_CYBERCRIME -> HIGH_IDENTITY_THEFT + HIGH_SEXUAL_EXPLOITATION_MOTIVE,2,2
0.4166666666666667,0.4444444444444444,0.3888888888888889,0.9333333333333333,2.1,1.0,0.20370370370370372,8.333333333333336,0.8979591836734695,0.8235294117647058,0.88,0.9041666666666668,14,15,16,HIGH_CHILD_CYBERCRIME + HIGH_FRAUD_MOTIVE,HIGH_IDENTITY_THEFT + HIGH_SEXUAL_EXPLOITATION_MOTIVE,HIGH_CHILD_CYBERCRIME + HIGH_FRAUD_MOTIVE -> HIGH_IDENTITY_THEFT + HIGH_SEXUAL_EXPLOITATION_MOTIVE,2,2
0.4166666666666667,0.4444444444444444,0.3888888888888889,0.9333333333333333,2.1,1.0,0.20370370370370372,8.333333333333336,0.8979591836734695,0.8235294117647058,0.88,0.9041666666666668,14,15,16,HIGH_CHILD_CYBERCRIME + HIGH_IDENTITY_THEFT,HIGH_SEXUAL_EXPLOITATION_MOTIVE + HIGH_WOMEN_CYBERCRIME,HIGH_CHILD_CYBERCRIME + HIGH_IDENTITY_THEFT -> HIGH_SEXUAL_EXPLOITATION_MOTIVE + HIGH_WOMEN_CYBERCRIME,2,2
0.4166666666666667,0.4444444444444444,0.3888888888888889,0.9333333333333333,2.1,1.0,0.20370370370370372,8.333333333333336,0.8979591836734695,0.8235294117647058,0.88,0.9041666666666668,14,15,16,HIGH_IDENTITY_THEFT + HIGH_WOMEN_CYBERCRIME,HIGH_CHILD_CYBERCRIME + HIGH_SEXUAL_EXPLOITATION_MOTIVE,HIGH_IDENTITY_THEFT + HIGH_WOMEN_CYBERCRIME -> HIGH_CHILD_CYBERCRIME + HIGH_SEXUAL_EXPLOITATION_MOTIVE,2,2
0.4166666666666667,0.4444444444444444,0.3888888888888889,0.9333333333333333,2.1,1.0,0.20370370370370372,8.333333333333336,0.8979591836734695,0.8235294117647058,0.88,0.9041666666666668,14,15,16,HIGH_CHILD_CYBERCRIME + HIGH_EXTORTION_MOTIVE,HIGH_SEXUAL_EXPLOITATION_MOTIVE + HIGH_WOMEN_CYBERCRIME,HIGH_CHILD_CYBERCRIME + HIGH_EXTORTION_MOTIVE -> HIGH_SEXUAL_EXPLOITATION_MOTIVE + HIGH_WOMEN_CYBERCRIME,2,2
0.4166666666666667,0.4444444444444444,0.3888888888888889,0.9333333333333333,2.1,1.0,0.20370370370370372,8.333333333333336,0.8979591836734695,0.8235294117647058,0.88,0.9041666666666668,14,15,16,HIGH_EXTORTION_MOTIVE + HIGH_WOMEN_CYBERCRIME,HIGH_CHILD_CYBERCRIME + HIGH_SEXUAL_EXPLOITATION_MOTIVE,HIGH_EXTORTION_MOTIVE + HIGH_WOMEN_CYBERCRIME -> HIGH_CHILD_CYBERCRIME + HIGH_SEXUAL_EXPLOITATION_MOTIVE,2,2
0.4166666666666667,0.4722222222222222,0.3888888888888889,0.9333333333333333,1.9764705882352942,1.0,0.19212962962962962,7.916666666666669,0.8469387755102041,0.7777777777777779,0.8736842105263158,0.8784313725490196,14,15,17,HIGH_CHILD_CYBERCRIME + HIGH_SEXUAL_EXPLOITATION_MOTIVE + HIGH_WOMEN_CYBERCRIME,HIGH_EXTORTION_MOTIVE + HIGH_IDENTITY_THEFT,HIGH_CHILD_CYBERCRIME + HIGH_SEXUAL_EXPLOITATION_MOTIVE + HIGH_WOMEN_CYBERCRIME -> HIGH_EXTORTION_MOTIVE + HIGH_IDENTITY_THEFT,3,2
0.4166666666666667,0.4722222222222222,0.3888888888888889,0.9333333333333333,1.9764705882352942,1.0,0.19212962962962962,7.916666666666669,0.8469387755102041,0.7777777777777779,0.8736842105263158,0.8784313725490196,14,15,17,HIGH_FRAUD_MOTIVE + HIGH_SEC66D_CHEATING,HIGH_EXTORTION_MOTIVE + HIGH_IDENTITY_THEFT,HIGH_FRAUD_MOTIVE + HIGH_SEC66D_CHEATING -> HIGH_EXTORTION_MOTIVE + HIGH_IDENTITY_THEFT,2,2
0.4166666666666667,0.4722222222222222,0.3888888888888889,0.9333333333333333,1.9764705882352942,1.0,0.19212962962962962,7.916666666666669,0.8469387755102041,0.7777777777777779,0.8736842105263158,0.8784313725490196,14,15,17,HIGH_FRAUD_MOTIVE + HIGH_WOMEN_CYBERCRIME,HIGH_EXTORTION_MOTIVE + HIGH_IDENTITY_THEFT,HIGH_FRAUD_MOTIVE + HIGH_WOMEN_CYBERCRIME -> HIGH_EXTORTION_MOTIVE + HIGH_IDENTITY_THEFT,2,2
0.4166666666666667,0.4722222222222222,0.3888888888888889,0.9333333333333333,1.9764705882352942,1.0,0.19212962962962962,7.916666666666669,0.8469387755102041,0.7777777777777779,0.8736842105263158,0.8784313725490196,14,15,17,HIGH_CHILD_CYBERCRIME + HIGH_FRAUD_MOTIVE,HIGH_EXTORTION_MOTIVE + HIGH_IDENTITY_THEFT,HIGH_CHILD_CYBERCRIME + HIGH_FRAUD_MOTIVE -> HIGH_EXTORTION_MOTIVE + HIGH_IDENTITY_THEFT,2,2
0.4166666666666667,0.4722222222222222,0.3888888888888889,0.9333333333333333,1.9764705882352942,1.0,0.19212962962962962,7.916666666666669,0.8469387755102041,0.7777777777777779,0.8736842105263158,0.8784313725490196,14,15,17,HIGH_FRAUD_MOTIVE + HIGH_WOMEN_CYBERCRIME,HIGH_EXTORTION_MOTIVE + HIGH_SEXUAL_EXPLOITATION_MOTIVE,HIGH_FRAUD_MOTIVE + HIGH_WOMEN_CYBERCRIME -> HIGH_EXTORTION_MOTIVE + HIGH_SEXUAL_EXPLOITATION_MOTIVE,2,2
0.4166666666666667,0.4722222222222222,0.3888888888888889,0.9333333333333333,1.9764705882352942,1.0,0.19212962962962962,7.916666666666669,0.8469387755102041,0.7777777777777779,0.8736842105263158,0.8784313725490196,14,15,17,HIGH_CHILD_CYBERCRIME + HIGH_FRAUD_MOTIVE,HIGH_EXTORTION_MOTIVE + HIGH_SEXUAL_EXPLOITATION_MOTIVE,HIGH_CHILD_CYBERCRIME + HIGH_FRAUD_MOTIVE -> HIGH_EXTORTION_MOTIVE + HIGH_SEXUAL_EXPLOITATION_MOTIVE,2,2
0.4166666666666667,0.5,0.3888888888888889,0.9333333333333333,1.8666666666666667,1.0,0.18055555555555555,7.500000000000002,0.7959183673469389,0.7368421052631577,0.8666666666666667,0.8555555555555556,14,15,18,HIGH_EXTORTION_MOTIVE + HIGH_IDENTITY_THEFT + HIGH_SEXUAL_EXPLOITATION_MOTIVE + HIGH_WOMEN_CYBERCRIME,HIGH_FRAUD_MOTIVE,HIGH_EXTORTION_MOTIVE + HIGH_IDENTITY_THEFT + HIGH_SEXUAL_EXPLOITATION_MOTIVE + HIGH_WOMEN_CYBERCRIME -> HIGH_FRAUD_MOTIVE,4,1
0.4166666666666667,0.5,0.3888888888888889,0.9333333333333333,1.8666666666666667,1.0,0.18055555555555555,7.500000000000002,0.7959183673469389,0.7368421052631577,0.8666666666666667,0.8555555555555556,14,15,18,HIGH_EXTORTION_MOTIVE + HIGH_FRAUD_MOTIVE + HIGH_IDENTITY_THEFT + HIGH_SEXUAL_EXPLOITATION_MOTIVE,HIGH_WOMEN_CYBERCRIME,HIGH_EXTORTION_MOTIVE + HIGH_FRAUD_MOTIVE + HIGH_IDENTITY_THEFT + HIGH_SEXUAL_EXPLOITATION_MOTIVE -> HIGH_WOMEN_CYBERCRIME,4,1
0.4166666666666667,0.5,0.3888888888888889,0.9333333333333333,1.8666666666666667,1.0,0.18055555555555555,7.500000000000002,0.7959183673469389,0.7368421052631577,0.8666666666666667,0.8555555555555556,14,15,18,HIGH_CHILD_CYBERCRIME + HIGH_EXTORTION_MOTIVE + HIGH_IDENTITY_THEFT + HIGH_SEXUAL_EXPLOITATION_MOTIVE,HIGH_FRAUD_MOTIVE,HIGH_CHILD_CYBERCRIME + HIGH_EXTORTION_MOTIVE + HIGH_IDENTITY_THEFT + HIGH_SEXUAL_EXPLOITATION_MOTIVE -> HIGH_FRAUD_MOTIVE,4,1
0.4166666666666667,0.5,0.3888888888888889,0.9333333333333333,1.8666666666666667,1.0,0.18055555555555555,7.500000000000002,0.7959183673469389,0.7368421052631577,0.8666666666666667,0.8555555555555556,14,15,18,HIGH_EXTORTION_MOTIVE + HIGH_FRAUD_MOTIVE + HIGH_IDENTITY_THEFT + HIGH_SEXUAL_EXPLOITATION_MOTIVE,HIGH_CHILD_CYBERCRIME,HIGH_EXTORTION_MOTIVE + HIGH_FRAUD_MOTIVE + HIGH_IDENTITY_THEFT + HIGH_SEXUAL_EXPLOITATION_MOTIVE -> HIGH_CHILD_CYBERCRIME,4,1
0.4166666666666667,0.5,0.3888888888888889,0.9333333333333333,1.8666666666666667,1.0,0.18055555555555555,7.500000000000002,0.7959183673469389,0.7368421052631577,0.8666666666666667,0.8555555555555556,14,15,18,HIGH_CHILD_CYBERCRIME + HIGH_EXTORTION_MOTIVE + HIGH_IDENTITY_THEFT + HIGH_SEXUAL_EXPLOITATION_MOTIVE,HIGH_WOMEN_CYBERCRIME,HIGH_CHILD_CYBERCRIME + HIGH_EXTORTION_MOTIVE + HIGH_IDENTITY_THEFT + HIGH_SEXUAL_EXPLOITATION_MOTIVE -> HIGH_WOMEN_CYBERCRIME,4,1
0.4166666666666667,0.5,0.3888888888888889,0.9333333333333333,1.8666666666666667,1.0,0.18055555555555555,7.500000000000002,0.7959183673469389,0.7368421052631577,0.8666666666666667,0.8555555555555556,14,15,18,HIGH_EXTORTION_MOTIVE + HIGH_IDENTITY_THEFT + HIGH_SEXUAL_EXPLOITATION_MOTIVE + HIGH_WOMEN_CYBERCRIME,HIGH_CHILD_CYBERCRIME,HIGH_EXTORTION_MOTIVE + HIGH_IDENTITY_THEFT + HIGH_SEXUAL_EXPLOITATION_MOTIVE + HIGH_WOMEN_CYBERCRIME -> HIGH_CHILD_CYBERCRIME,4,1
0.4166666666666667,0.5,0.3888888888888889,0.9333333333333333,1.8666666666666667,1.0,0.18055555555555555,7.500000000000002,0.7959183673469389,0.7368421052631577,0.8666666666666667,0.8555555555555556,14,15,18,HIGH_EXTORTION_MOTIVE + HIGH_IDENTITY_THEFT + HIGH_WOMEN_CYBERCRIME,HIGH_FRAUD_MOTIVE,HIGH_EXTORTION_MOTIVE + HIGH_IDENTITY_THEFT + HIGH_WOMEN_CYBERCRIME -> HIGH_FRAUD_MOTIVE,3,1
0.4166666666666667,0.5,0.3888888888888889,0.9333333333333333,1.8666666666666667,1.0,0.18055555555555555,7.500000000000002,0.7959183673469389,0.7368421052631577,0.8666666666666667,0.8555555555555556,14,15,18,HIGH_CHILD_CYBERCRIME + HIGH_EXTORTION_MOTIVE + HIGH_IDENTITY_THEFT,HIGH_FRAUD_MOTIVE,HIGH_CHILD_CYBERCRIME + HIGH_EXTORTION_MOTIVE + HIGH_IDENTITY_THEFT -> HIGH_FRAUD_MOTIVE,3,1
0.4166666666666667,0.5,0.3888888888888889,0.9333333333333333,1.8666666666666667,1.0,0.18055555555555555,7.500000000000002,0.7959183673469389,0.7368421052631577,0.8666666666666667,0.8555555555555556,14,15,18,HIGH_IDENTITY_THEFT + HIGH_SEXUAL_EXPLOITATION_MOTIVE + HIGH_WOMEN_CYBERCRIME,HIGH_FRAUD_MOTIVE,HIGH_IDENTITY_THEFT + HIGH_SEXUAL_EXPLOITATION_MOTIVE + HIGH_WOMEN_CYBERCRIME -> HIGH_FRAUD_MOTIVE,3,1
0.4166666666666667,0.5,0.3888888888888889,0.9333333333333333,1.8666666666666667,1.0,0.18055555555555555,7.500000000000002,0.7959183673469389,0.7368421052631577,0.8666666666666667,0.8555555555555556,14,15,18,HIGH_FRAUD_MOTIVE + HIGH_IDENTITY_THEFT + HIGH_SEXUAL_EXPLOITATION_MOTIVE,HIGH_WOMEN_CYBERCRIME,HIGH_FRAUD_MOTIVE + HIGH_IDENTITY_THEFT + HIGH_SEXUAL_EXPLOITATION_MOTIVE -> HIGH_WOMEN_CYBERCRIME,3,1
0.4166666666666667,0.5,0.3888888888888889,0.9333333333333333,1.8666666666666667,1.0,0.18055555555555555,7.500000000000002,0.7959183673469389,0.7368421052631577,0.8666666666666667,0.8555555555555556,14,15,18,HIGH_CHILD_CYBERCRIME + HIGH_IDENTITY_THEFT + HIGH_SEXUAL_EXPLOITATION_MOTIVE,HIGH_FRAUD_MOTIVE,HIGH_CHILD_CYBERCRIME + HIGH_IDENTITY_THEFT + HIGH_SEXUAL_EXPLOITATION_MOTIVE -> HIGH_FRAUD_MOTIVE,3,1
0.4166666666666667,0.5,0.3888888888888889,0.9333333333333333,1.8666666666666667,1.0,0.18055555555555555,7.500000000000002,0.7959183673469389,0.7368421052631577,0.8666666666666667,0.8555555555555556,14,15,18,HIGH_FRAUD_MOTIVE + HIGH_IDENTITY_THEFT + HIGH_SEXUAL_EXPLOITATION_MOTIVE,HIGH_CHILD_CYBERCRIME,HIGH_FRAUD_MOTIVE + HIGH_IDENTITY_THEFT + HIGH_SEXUAL_EXPLOITATION_MOTIVE -> HIGH_CHILD_CYBERCRIME,3,1
0.4166666666666667,0.5,0.3888888888888889,0.9333333333333333,1.8666666666666667,1.0,0.18055555555555555,7.500000000000002,0.7959183673469389,0.7368421052631577,0.8666666666666667,0.8555555555555556,14,15,18,HIGH_EXTORTION_MOTIVE + HIGH_SEXUAL_EXPLOITATION_MOTIVE + HIGH_WOMEN_CYBERCRIME,HIGH_FRAUD_MOTIVE,HIGH_EXTORTION_MOTIVE + HIGH_SEXUAL_EXPLOITATION_MOTIVE + HIGH_WOMEN_CYBERCRIME -> HIGH_FRAUD_MOTIVE,3,1
0.4166666666666667,0.5,0.3888888888888889,0.9333333333333333,1.8666666666666667,1.0,0.18055555555555555,7.500000000000002,0.7959183673469389,0.7368421052631577,0.8666666666666667,0.8555555555555556,14,15,18,HIGH_EXTORTION_MOTIVE + HIGH_FRAUD_MOTIVE + HIGH_SEXUAL_EXPLOITATION_MOTIVE,HIGH_WOMEN_CYBERCRIME,HIGH_EXTORTION_MOTIVE + HIGH_FRAUD_MOTIVE + HIGH_SEXUAL_EXPLOITATION_MOTIVE -> HIGH_WOMEN_CYBERCRIME,3,1
0.4166666666666667,0.5,0.3888888888888889,0.9333333333333333,1.8666666666666667,1.0,0.18055555555555555,7.500000000000002,0.7959183673469389,0.7368421052631577,0.8666666666666667,0.8555555555555556,14,15,18,HIGH_CHILD_CYBERCRIME + HIGH_EXTORTION_MOTIVE + HIGH_SEXUAL_EXPLOITATION_MOTIVE,HIGH_FRAUD_MOTIVE,HIGH_CHILD_CYBERCRIME + HIGH_EXTORTION_MOTIVE + HIGH_SEXUAL_EXPLOITATION_MOTIVE -> HIGH_FRAUD_MOTIVE,3,1
0.4166666666666667,0.5,0.3888888888888889,0.9333333333333333,1.8666666666666667,1.0,0.18055555555555555,7.500000000000002,0.7959183673469389,0.7368421052631577,0.8666666666666667,0.8555555555555556,14,15,18,HIGH_EXTORTION_MOTIVE + HIGH_FRAUD_MOTIVE + HIGH_SEXUAL_EXPLOITATION_MOTIVE,HIGH_CHILD_CYBERCRIME,HIGH_EXTORTION_MOTIVE + HIGH_FRAUD_MOTIVE + HIGH_SEXUAL_EXPLOITATION_MOTIVE -> HIGH_CHILD_CYBERCRIME,3,1
0.4166666666666667,0.5,0.3888888888888889,0.9333333333333333,1.8666666666666667,1.0,0.18055555555555555,7.500000000000002,0.7959183673469389,0.7368421052631577,0.8666666666666667,0.8555555555555556,14,15,18,HIGH_CHILD_CYBERCRIME + HIGH_EXTORTION_MOTIVE + HIGH_IDENTITY_THEFT,HIGH_WOMEN_CYBERCRIME,HIGH_CHILD_CYBERCRIME + HIGH_EXTORTION_MOTIVE + HIGH_IDENTITY_THEFT -> HIGH_WOMEN_CYBERCRIME,3,1
0.4166666666666667,0.5,0.3888888888888889,0.9333333333333333,1.8666666666666667,1.0,0.18055555555555555,7.500000000000002,0.7959183673469389,0.7368421052631577,0.8666666666666667,0.8555555555555556,14,15,18,HIGH_EXTORTION_MOTIVE + HIGH_IDENTITY_THEFT + HIGH_WOMEN_CYBERCRIME,HIGH_CHILD_CYBERCRIME,HIGH_EXTORTION_MOTIVE + HIGH_IDENTITY_THEFT + HIGH_WOMEN_CYBERCRIME -> HIGH_CHILD_CYBERCRIME,3,1
0.4166666666666667,0.5,0.3888888888888889,0.9333333333333333,1.8666666666666667,1.0,0.18055555555555555,7.500000000000002,0.7959183673469389,0.7368421052631577,0.8666666666666667,0.8555555555555556,14,15,18,HIGH_CHILD_CYBERCRIME + HIGH_IDENTITY_THEFT + HIGH_SEXUAL_EXPLOITATION_MOTIVE,HIGH_WOMEN_CYBERCRIME,HIGH_CHILD_CYBERCRIME + HIGH_IDENTITY_THEFT + HIGH_SEXUAL_EXPLOITATION_MOTIVE -> HIGH_WOMEN_CYBERCRIME,3,1
0.4166666666666667,0.5,0.3888888888888889,0.9333333333333333,1.8666666666666667,1.0,0.18055555555555555,7.500000000000002,0.7959183673469389,0.7368421052631577,0.8666666666666667,0.8555555555555556,14,15,18,HIGH_IDENTITY_THEFT + HIGH_SEXUAL_EXPLOITATION_MOTIVE + HIGH_WOMEN_CYBERCRIME,HIGH_CHILD_CYBERCRIME,HIGH_IDENTITY_THEFT + HIGH_SEXUAL_EXPLOITATION_MOTIVE + HIGH_WOMEN_CYBERCRIME -> HIGH_CHILD_CYBERCRIME,3,1
0.4166666666666667,0.5,0.3888888888888889,0.9333333333333333,1.8666666666666667,1.0,0.18055555555555555,7.500000000000002,0.7959183673469389,0.7368421052631577,0.8666666666666667,0.8555555555555556,14,15,18,HIGH_CHILD_CYBERCRIME + HIGH_SEXUAL_EXPLOITATION_MOTIVE + HIGH_WOMEN_CYBERCRIME,HIGH_EXTORTION_MOTIVE,HIGH_CHILD_CYBERCRIME + HIGH_SEXUAL_EXPLOITATION_MOTIVE + HIGH_WOMEN_CYBERCRIME -> HIGH_EXTORTION_MOTIVE,3,1
0.4166666666666667,0.5,0.3888888888888889,0.9333333333333333,1.8666666666666667,1.0,0.18055555555555555,7.500000000000002,0.7959183673469389,0.7368421052631577,0.8666666666666667,0.8555555555555556,14,15,18,HIGH_CHILD_CYBERCRIME + HIGH_EXTORTION_MOTIVE + HIGH_SEXUAL_EXPLOITATION_MOTIVE,HIGH_WOMEN_CYBERCRIME,HIGH_CHILD_CYBERCRIME + HIGH_EXTORTION_MOTIVE + HIGH_SEXUAL_EXPLOITATION_MOTIVE -> HIGH_WOMEN_CYBERCRIME,3,1
0.4166666666666667,0.5,0.3888888888888889,0.9333333333333333,1.8666666666666667,1.0,0.18055555555555555,7.500000000000002,0.7959183673469389,0.7368421052631577,0.8666666666666667,0.8555555555555556,14,15,18,HIGH_EXTORTION_MOTIVE + HIGH_SEXUAL_EXPLOITATION_MOTIVE + HIGH_WOMEN_CYBERCRIME,HIGH_CHILD_CYBERCRIME,HIGH_EXTORTION_MOTIVE + HIGH_SEXUAL_EXPLOITATION_MOTIVE + HIGH_WOMEN_CYBERCRIME -> HIGH_CHILD_CYBERCRIME,3,1
0.4166666666666667,0.5,0.3888888888888889,0.9333333333333333,1.8666666666666667,1.0,0.18055555555555555,7.500000000000002,0.7959183673469389,0.7368421052631577,0.8666666666666667,0.8555555555555556,14,15,18,HIGH_FRAUD_MOTIVE + HIGH_SEC66D_CHEATING,HIGH_EXTORTION_MOTIVE,HIGH_FRAUD_MOTIVE + HIGH_SEC66D_CHEATING -> HIGH_EXTORTION_MOTIVE,2,1
0.4166666666666667,0.5,0.3888888888888889,0.9333333333333333,1.8666666666666667,1.0,0.18055555555555555,7.500000000000002,0.7959183673469389,0.7368421052631577,0.8666666666666667,0.8555555555555556,14,15,18,HIGH_EXTORTION_MOTIVE + HIGH_SEC66D_CHEATING,HIGH_FRAUD_MOTIVE,HIGH_EXTORTION_MOTIVE + HIGH_SEC66D_CHEATING -> HIGH_FRAUD_MOTIVE,2,1
0.4166666666666667,0.5,0.3888888888888889,0.9333333333333333,1.8666666666666667,1.0,0.18055555555555555,7.500000000000002,0.7959183673469389,0.7368421052631577,0.8666666666666667,0.8555555555555556,14,15,18,HIGH_IDENTITY_THEFT + HIGH_WOMEN_CYBERCRIME,HIGH_FRAUD_MOTIVE,HIGH_IDENTITY_THEFT + HIGH_WOMEN_CYBERCRIME -> HIGH_FRAUD_MOTIVE,2,1
0.4166666666666667,0.5,0.3888888888888889,0.9333333333333333,1.8666666666666667,1.0,0.18055555555555555,7.500000000000002,0.7959183673469389,0.7368421052631577,0.8666666666666667,0.8555555555555556,14,15,18,HIGH_CHILD_CYBERCRIME + HIGH_IDENTITY_THEFT,HIGH_FRAUD_MOTIVE,HIGH_CHILD_CYBERCRIME + HIGH_IDENTITY_THEFT -> HIGH_FRAUD_MOTIVE,2,1
0.4166666666666667,0.5,0.3888888888888889,0.9333333333333333,1.8666666666666667,1.0,0.18055555555555555,7.500000000000002,0.7959183673469389,0.7368421052631577,0.8666666666666667,0.8555555555555556,14,15,18,HIGH_FRAUD_MOTIVE + HIGH_WOMEN_CYBERCRIME,HIGH_EXTORTION_MOTIVE,HIGH_FRAUD_MOTIVE + HIGH_WOMEN_CYBERCRIME -> HIGH_EXTORTION_MOTIVE,2,1
0.4166666666666667,0.5,0.3888888888888889,0.9333333333333333,1.8666666666666667,1.0,0.18055555555555555,7.500000000000002,0.7959183673469389,0.7368421052631577,0.8666666666666667,0.8555555555555556,14,15,18,HIGH_EXTORTION_MOTIVE + HIGH_WOMEN_CYBERCRIME,HIGH_FRAUD_MOTIVE,HIGH_EXTORTION_MOTIVE + HIGH_WOMEN_CYBERCRIME -> HIGH_FRAUD_MOTIVE,2,1
0.4166666666666667,0.5,0.3888888888888889,0.9333333333333333,1.8666666666666667,1.0,0.18055555555555555,7.500000000000002,0.7959183673469389,0.7368421052631577,0.8666666666666667,0.8555555555555556,14,15,18,HIGH_CHILD_CYBERCRIME + HIGH_FRAUD_MOTIVE,HIGH_EXTORTION_MOTIVE,HIGH_CHILD_CYBERCRIME + HIGH_FRAUD_MOTIVE -> HIGH_EXTORTION_MOTIVE,2,1
0.4166666666666667,0.5,0.3888888888888889,0.9333333333333333,1.8666666666666667,1.0,0.18055555555555555,7.500000000000002,0.7959183673469389,0.7368421052631577,0.8666666666666667,0.8555555555555556,14,15,18,HIGH_CHILD_CYBERCRIME + HIGH_EXTORTION_MOTIVE,HIGH_FRAUD_MOTIVE,HIGH_CHILD_CYBERCRIME + HIGH_EXTORTION_MOTIVE -> HIGH_FRAUD_MOTIVE,2,1
0.4166666666666667,0.5,0.3888888888888889,0.9333333333333333,1.8666666666666667,1.0,0.18055555555555555,7.500000000000002,0.7959183673469389,0.7368421052631577,0.8666666666666667,0.8555555555555556,14,15,18,HIGH_FRAUD_MOTIVE + HIGH_WOMEN_CYBERCRIME,HIGH_SEXUAL_EXPLOITATION_MOTIVE,HIGH_FRAUD_MOTIVE + HIGH_WOMEN_CYBERCRIME -> HIGH_SEXUAL_EXPLOITATION_MOTIVE,2,1
0.4166666666666667,0.5,0.3888888888888889,0.9333333333333333,1.8666666666666667,1.0,0.18055555555555555,7.500000000000002,0.7959183673469389,0.7368421052631577,0.8666666666666667,0.8555555555555556,14,15,18,HIGH_FRAUD_MOTIVE + HIGH_SEXUAL_EXPLOITATION_MOTIVE,HIGH_WOMEN_CYBERCRIME,HIGH_FRAUD_MOTIVE + HIGH_SEXUAL_EXPLOITATION_MOTIVE -> HIGH_WOMEN_CYBERCRIME,2,1
0.4166666666666667,0.5,0.3888888888888889,0.9333333333333333,1.8666666666666667,1.0,0.18055555555555555,7.500000000000002,0.7959183673469389,0.7368421052631577,0.8666666666666667,0.8555555555555556,14,15,18,HIGH_CHILD_CYBERCRIME + HIGH_FRAUD_MOTIVE,HIGH_SEXUAL_EXPLOITATION_MOTIVE,HIGH_CHILD_CYBERCRIME + HIGH_FRAUD_MOTIVE -> HIGH_SEXUAL_EXPLOITATION_MOTIVE,2,1
0.4166666666666667,0.5,0.3888888888888889,0.9333333333333333,1.8666666666666667,1.0,0.18055555555555555,7.500000000000002,0.7959183673469389,0.7368421052631577,0.8666666666666667,0.8555555555555556,14,15,18,HIGH_FRAUD_MOTIVE + HIGH_SEXUAL_EXPLOITATION_MOTIVE,HIGH_CHILD_CYBERCRIME,HIGH_FRAUD_MOTIVE + HIGH_SEXUAL_EXPLOITATION_MOTIVE -> HIGH_CHILD_CYBERCRIME,2,1
0.4166666666666667,0.5,0.3888888888888889,0.9333333333333333,1.8666666666666667,1.0,0.18055555555555555,7.500000000000002,0.7959183673469389,0.7368421052631577,0.8666666666666667,0.8555555555555556,14,15,18,HIGH_CHILD_CYBERCRIME + HIGH_FRAUD_MOTIVE,HIGH_WOMEN_CYBERCRIME,HIGH_CHILD_CYBERCRIME + HIGH_FRAUD_MOTIVE -> HIGH_WOMEN_CYBERCRIME,2,1
0.4166666666666667,0.5,0.3888888888888889,0.9333333333333333,1.8666666666666667,1.0,0.18055555555555555,7.500000000000002,0.7959183673469389,0.7368421052631577,0.8666666666666667,0.8555555555555556,14,15,18,HIGH_FRAUD_MOTIVE + HIGH_WOMEN_CYBERCRIME,HIGH_CHILD_CYBERCRIME,HIGH_FRAUD_MOTIVE + HIGH_WOMEN_CYBERCRIME -> HIGH_CHILD_CYBERCRIME,2,1
0.4166666666666667,0.5,0.3888888888888889,0.9333333333333333,1.8666666666666667,1.0,0.18055555555555555,7.500000000000002,0.7959183673469389,0.7368421052631577,0.8666666666666667,0.8555555555555556,14,15,18,HIGH_EXTORTION_MOTIVE + HIGH_SEC66D_CHEATING,HIGH_SEXUAL_EXPLOITATION_MOTIVE,HIGH_EXTORTION_MOTIVE + HIGH_SEC66D_CHEATING -> HIGH_SEXUAL_EXPLOITATION_MOTIVE,2,1
0.4166666666666667,0.5,0.3888888888888889,0.9333333333333333,1.8666666666666667,1.0,0.18055555555555555,7.500000000000002,0.7959183673469389,0.7368421052631577,0.8666666666666667,0.8555555555555556,14,15,18,HIGH_CHILD_CYBERCRIME + HIGH_IDENTITY_THEFT,HIGH_WOMEN_CYBERCRIME,HIGH_CHILD_CYBERCRIME + HIGH_IDENTITY_THEFT -> HIGH_WOMEN_CYBERCRIME,2,1
0.4166666666666667,0.5,0.3888888888888889,0.9333333333333333,1.8666666666666667,1.0,0.18055555555555555,7.500000000000002,0.7959183673469389,0.7368421052631577,0.8666666666666667,0.8555555555555556,14,15,18,HIGH_IDENTITY_THEFT + HIGH_WOMEN_CYBERCRIME,HIGH_CHILD_CYBERCRIME,HIGH_IDENTITY_THEFT + HIGH_WOMEN_CYBERCRIME -> HIGH_CHILD_CYBERCRIME,2,1
0.4166666666666667,0.5,0.3888888888888889,0.9333333333333333,1.8666666666666667,1.0,0.18055555555555555,7.500000000000002,0.7959183673469389,0.7368421052631577,0.8666666666666667,0.8555555555555556,14,15,18,HIGH_CHILD_CYBERCRIME + HIGH_EXTORTION_MOTIVE,HIGH_WOMEN_CYBERCRIME,HIGH_CHILD_CYBERCRIME + HIGH_EXTORTION_MOTIVE -> HIGH_WOMEN_CYBERCRIME,2,1
0.4166666666666667,0.5,0.3888888888888889,0.9333333333333333,1.8666666666666667,1.0,0.18055555555555555,7.500000000000002,0.7959183673469389,0.7368421052631577,0.8666666666666667,0.8555555555555556,14,15,18,HIGH_EXTORTION_MOTIVE + HIGH_WOMEN_CYBERCRIME,HIGH_CHILD_CYBERCRIME,HIGH_EXTORTION_MOTIVE + HIGH_WOMEN_CYBERCRIME -> HIGH_CHILD_CYBERCRIME,2,1
0.4166666666666667,0.5277777777777778,0.3888888888888889,0.9333333333333333,1.768421052631579,1.0,0.16898148148148148,7.083333333333335,0.7448979591836735,0.7,0.8588235294117648,0.8350877192982455,14,15,19,HIGH_CHILD_CYBERCRIME + HIGH_SEXUAL_EXPLOITATION_MOTIVE + HIGH_WOMEN_CYBERCRIME,HIGH_IDENTITY_THEFT,HIGH_CHILD_CYBERCRIME + HIGH_SEXUAL_EXPLOITATION_MOTIVE + HIGH_WOMEN_CYBERCRIME -> HIGH_IDENTITY_THEFT,3,1
0.4166666666666667,0.5277777777777778,0.3888888888888889,0.9333333333333333,1.768421052631579,1.0,0.16898148148148148,7.083333333333335,0.7448979591836735,0.7,0.8588235294117648,0.8350877192982455,14,15,19,HIGH_FRAUD_MOTIVE + HIGH_SEC66D_CHEATING,HIGH_IDENTITY_THEFT,HIGH_FRAUD_MOTIVE + HIGH_SEC66D_CHEATING -> HIGH_IDENTITY_THEFT,2,1
0.4166666666666667,0.5277777777777778,0.3888888888888889,0.9333333333333333,1.768421052631579,1.0,0.16898148148148148,7.083333333333335,0.7448979591836735,0.7,0.8588235294117648,0.8350877192982455,14,15,19,HIGH_FRAUD_MOTIVE + HIGH_WOMEN_CYBERCRIME,HIGH_IDENTITY_THEFT,HIGH_FRAUD_MOTIVE + HIGH_WOMEN_CYBERCRIME -> HIGH_IDENTITY_THEFT,2,1
0.4166666666666667,0.5277777777777778,0.3888888888888889,0.9333333333333333,1.768421052631579,1.0,0.16898148148148148,7.083333333333335,0.7448979591836735,0.7,0.8588235294117648,0.8350877192982455,14,15,19,HIGH_CHILD_CYBERCRIME + HIGH_FRAUD_MOTIVE,HIGH_IDENTITY_THEFT,HIGH_CHILD_CYBERCRIME + HIGH_FRAUD_MOTIVE -> HIGH_IDENTITY_THEFT,2,1
0.4166666666666667,0.5277777777777778,0.3888888888888889,0.9333333333333333,1.768421052631579,1.0,0.16898148148148148,7.083333333333335,0.7448979591836735,0.7,0.8588235294117648,0.8350877192982455,14,15,19,HIGH_EXTORTION_MOTIVE + HIGH_SEC66D_CHEATING,HIGH_IDENTITY_THEFT,HIGH_EXTORTION_MOTIVE + HIGH_SEC66D_CHEATING -> HIGH_IDENTITY_THEFT,2,1
0.3888888888888889,0.4166666666666667,0.3611111111111111,0.9285714285714285,2.228571428571428,1.0,0.19907407407407407,8.166666666666657,0.9020979020979021,0.8124999999999999,0.8775510204081634,0.8976190476190475,13,14,15,HIGH_CHILD_CYBERCRIME + HIGH_EXTORTION_MOTIVE + HIGH_IDENTITY_THEFT + HIGH_WOMEN_CYBERCRIME,HIGH_FRAUD_MOTIVE + HIGH_SEXUAL_EXPLOITATION_MOTIVE,HIGH_CHILD_CYBERCRIME + HIGH_EXTORTION_MOTIVE + HIGH_IDENTITY_THEFT + HIGH_WOMEN_CYBERCRIME -> HIGH_FRAUD_MOTIVE + HIGH_SEXUAL_EXPLOITATION_MOTIVE,4,2
0.3888888888888889,0.4166666666666667,0.3611111111111111,0.9285714285714285,2.228571428571428,1.0,0.19907407407407407,8.166666666666657,0.9020979020979021,0.8124999999999999,0.8775510204081634,0.8976190476190475,13,14,15,HIGH_CHILD_CYBERCRIME + HIGH_FRAUD_MOTIVE + HIGH_IDENTITY_THEFT + HIGH_SEXUAL_EXPLOITATION_MOTIVE,HIGH_EXTORTION_MOTIVE + HIGH_WOMEN_CYBERCRIME,HIGH_CHILD_CYBERCRIME + HIGH_FRAUD_MOTIVE + HIGH_IDENTITY_THEFT + HIGH_SEXUAL_EXPLOITATION_MOTIVE -> HIGH_EXTORTION_MOTIVE + HIGH_WOMEN_CYBERCRIME,4,2
0.3888888888888889,0.4166666666666667,0.3611111111111111,0.9285714285714285,2.228571428571428,1.0,0.19907407407407407,8.166666666666657,0.9020979020979021,0.8124999999999999,0.8775510204081634,0.8976190476190475,13,14,15,HIGH_CHILD_CYBERCRIME + HIGH_EXTORTION_MOTIVE + HIGH_FRAUD_MOTIVE + HIGH_SEXUAL_EXPLOITATION_MOTIVE,HIGH_IDENTITY_THEFT + HIGH_WOMEN_CYBERCRIME,HIGH_CHILD_CYBERCRIME + HIGH_EXTORTION_MOTIVE + HIGH_FRAUD_MOTIVE + HIGH_SEXUAL_EXPLOITATION_MOTIVE -> HIGH_IDENTITY_THEFT + HIGH_WOMEN_CYBERCRIME,4,2
0.3888888888888889,0.4166666666666667,0.3611111111111111,0.9285714285714285,2.228571428571428,1.0,0.19907407407407407,8.166666666666657,0.9020979020979021,0.8124999999999999,0.8775510204081634,0.8976190476190475,13,14,15,HIGH_FRAUD_MOTIVE + HIGH_IDENTITY_THEFT + HIGH_SEXUAL_EXPLOITATION_MOTIVE + HIGH_WOMEN_CYBERCRIME,HIGH_CHILD_CYBERCRIME + HIGH_EXTORTION_MOTIVE,HIGH_FRAUD_MOTIVE + HIGH_IDENTITY_THEFT + HIGH_SEXUAL_EXPLOITATION_MOTIVE + HIGH_WOMEN_CYBERCRIME -> HIGH_CHILD_CYBERCRIME + HIGH_EXTORTION_MOTIVE,4,2
0.3888888888888889,0.4166666666666667,0.3611111111111111,0.9285714285714285,2.228571428571428,1.0,0.19907407407407407,8.166666666666657,0.9020979020979021,0.8124999999999999,0.8775510204081634,0.8976190476190475,13,14,15,HIGH_EXTORTION_MOTIVE + HIGH_FRAUD_MOTIVE + HIGH_SEXUAL_EXPLOITATION_MOTIVE + HIGH_WOMEN_CYBERCRIME,HIGH_CHILD_CYBERCRIME + HIGH_IDENTITY_THEFT,HIGH_EXTORTION_MOTIVE + HIGH_FRAUD_MOTIVE + HIGH_SEXUAL_EXPLOITATION_MOTIVE + HIGH_WOMEN_CYBERCRIME -> HIGH_CHILD_CYBERCRIME + HIGH_IDENTITY_THEFT,4,2
0.3888888888888889,0.4166666666666667,0.3611111111111111,0.9285714285714285,2.228571428571428,1.0,0.19907407407407407,8.166666666666657,0.9020979020979021,0.8124999999999999,0.8775510204081634,0.8976190476190475,13,14,15,HIGH_CHILD_CYBERCRIME + HIGH_IDENTITY_THEFT + HIGH_WOMEN_CYBERCRIME,HIGH_EXTORTION_MOTIVE + HIGH_FRAUD_MOTIVE + HIGH_SEXUAL_EXPLOITATION_MOTIVE,HIGH_CHILD_CYBERCRIME + HIGH_IDENTITY_THEFT + HIGH_WOMEN_CYBERCRIME -> HIGH_EXTORTION_MOTIVE + HIGH_FRAUD_MOTIVE + HIGH_SEXUAL_EXPLOITATION_MOTIVE,3,3
0.3888888888888889,0.4166666666666667,0.3611111111111111,0.9285714285714285,2.228571428571428,1.0,0.19907407407407407,8.166666666666657,0.9020979020979021,0.8124999999999999,0.8775510204081634,0.8976190476190475,13,14,15,HIGH_CHILD_CYBERCRIME + HIGH_FRAUD_MOTIVE + HIGH_IDENTITY_THEFT,HIGH_EXTORTION_MOTIVE + HIGH_SEXUAL_EXPLOITATION_MOTIVE + HIGH_WOMEN_CYBERCRIME,HIGH_CHILD_CYBERCRIME + HIGH_FRAUD_MOTIVE + HIGH_IDENTITY_THEFT -> HIGH_EXTORTION_MOTIVE + HIGH_SEXUAL_EXPLOITATION_MOTIVE + HIGH_WOMEN_CYBERCRIME,3,3
0.3888888888888889,0.4166666666666667,0.3611111111111111,0.9285714285714285,2.228571428571428,1.0,0.19907407407407407,8.166666666666657,0.9020979020979021,0.8124999999999999,0.8775510204081634,0.8976190476190475,13,14,15,HIGH_CHILD_CYBERCRIME + HIGH_EXTORTION_MOTIVE + HIGH_WOMEN_CYBERCRIME,HIGH_FRAUD_MOTIVE + HIGH_IDENTITY_THEFT + HIGH_SEXUAL_EXPLOITATION_MOTIVE,HIGH_CHILD_CYBERCRIME + HIGH_EXTORTION_MOTIVE + HIGH_WOMEN_CYBERCRIME -> HIGH_FRAUD_MOTIVE + HIGH_IDENTITY_THEFT + HIGH_SEXUAL_EXPLOITATION_MOTIVE,3,3
0.3888888888888889,0.4166666666666667,0.3611111111111111,0.9285714285714285,2.228571428571428,1.0,0.19907407407407407,8.166666666666657,0.9020979020979021,0.8124999999999999,0.8775510204081634,0.8976190476190475,13,14,15,HIGH_CHILD_CYBERCRIME + HIGH_EXTORTION_MOTIVE + HIGH_FRAUD_MOTIVE,HIGH_IDENTITY_THEFT + HIGH_SEXUAL_EXPLOITATION_MOTIVE + HIGH_WOMEN_CYBERCRIME,HIGH_CHILD_CYBERCRIME + HIGH_EXTORTION_MOTIVE + HIGH_FRAUD_MOTIVE -> HIGH_IDENTITY_THEFT + HIGH_SEXUAL_EXPLOITATION_MOTIVE + HIGH_WOMEN_CYBERCRIME,3,3
0.3888888888888889,0.4166666666666667,0.3611111111111111,0.9285714285714285,2.228571428571428,1.0,0.19907407407407407,8.166666666666657,0.9020979020979021,0.8124999999999999,0.8775510204081634,0.8976190476190475,13,14,15,HIGH_CHILD_CYBERCRIME + HIGH_FRAUD_MOTIVE + HIGH_SEXUAL_EXPLOITATION_MOTIVE,HIGH_EXTORTION_MOTIVE + HIGH_IDENTITY_THEFT + HIGH_WOMEN_CYBERCRIME,HIGH_CHILD_CYBERCRIME + HIGH_FRAUD_MOTIVE + HIGH_SEXUAL_EXPLOITATION_MOTIVE -> HIGH_EXTORTION_MOTIVE + HIGH_IDENTITY_THEFT + HIGH_WOMEN_CYBERCRIME,3,3
0.3888888888888889,0.4166666666666667,0.3611111111111111,0.9285714285714285,2.228571428571428,1.0,0.19907407407407407,8.166666666666657,0.9020979020979021,0.8124999999999999,0.8775510204081634,0.8976190476190475,13,14,15,HIGH_FRAUD_MOTIVE + HIGH_IDENTITY_THEFT + HIGH_WOMEN_CYBERCRIME,HIGH_CHILD_CYBERCRIME + HIGH_EXTORTION_MOTIVE + HIGH_SEXUAL_EXPLOITATION_MOTIVE,HIGH_FRAUD_MOTIVE + HIGH_IDENTITY_THEFT + HIGH_WOMEN_CYBERCRIME -> HIGH_CHILD_CYBERCRIME + HIGH_EXTORTION_MOTIVE + HIGH_SEXUAL_EXPLOITATION_MOTIVE,3,3
0.3888888888888889,0.4166666666666667,0.3611111111111111,0.9285714285714285,2.228571428571428,1.0,0.19907407407407407,8.166666666666657,0.9020979020979021,0.8124999999999999,0.8775510204081634,0.8976190476190475,13,14,15,HIGH_EXTORTION_MOTIVE + HIGH_FRAUD_MOTIVE + HIGH_WOMEN_CYBERCRIME,HIGH_CHILD_CYBERCRIME + HIGH_IDENTITY_THEFT + HIGH_SEXUAL_EXPLOITATION_MOTIVE,HIGH_EXTORTION_MOTIVE + HIGH_FRAUD_MOTIVE + HIGH_WOMEN_CYBERCRIME -> HIGH_CHILD_CYBERCRIME + HIGH_IDENTITY_THEFT + HIGH_SEXUAL_EXPLOITATION_MOTIVE,3,3
0.3888888888888889,0.4166666666666667,0.3611111111111111,0.9285714285714285,2.228571428571428,1.0,0.19907407407407407,8.166666666666657,0.9020979020979021,0.8124999999999999,0.8775510204081634,0.8976190476190475,13,14,15,HIGH_FRAUD_MOTIVE + HIGH_SEXUAL_EXPLOITATION_MOTIVE + HIGH_WOMEN_CYBERCRIME,HIGH_CHILD_CYBERCRIME + HIGH_EXTORTION_MOTIVE + HIGH_IDENTITY_THEFT,HIGH_FRAUD_MOTIVE + HIGH_SEXUAL_EXPLOITATION_MOTIVE + HIGH_WOMEN_CYBERCRIME -> HIGH_CHILD_CYBERCRIME + HIGH_EXTORTION_MOTIVE + HIGH_IDENTITY_THEFT,3,3
0.3888888888888889,0.4166666666666667,0.3611111111111111,0.9285714285714285,2.228571428571428,1.0,0.19907407407407407,8.166666666666657,0.9020979020979021,0.8124999999999999,0.8775510204081634,0.8976190476190475,13,14,15,HIGH_EXTORTION_MOTIVE + HIGH_IDENTITY_THEFT + HIGH_SEC66D_CHEATING,HIGH_FRAUD_MOTIVE + HIGH_SEXUAL_EXPLOITATION_MOTIVE,HIGH_EXTORTION_MOTIVE + HIGH_IDENTITY_THEFT + HIGH_SEC66D_CHEATING -> HIGH_FRAUD_MOTIVE + HIGH_SEXUAL_EXPLOITATION_MOTIVE,3,2
0.3888888888888889,0.4166666666666667,0.3611111111111111,0.9285714285714285,2.228571428571428,1.0,0.19907407407407407,8.166666666666657,0.9020979020979021,0.8124999999999999,0.8775510204081634,0.8976190476190475,13,14,15,HIGH_IDENTITY_THEFT + HIGH_SEC66D_CHEATING,HIGH_EXTORTION_MOTIVE + HIGH_FRAUD_MOTIVE + HIGH_SEXUAL_EXPLOITATION_MOTIVE,HIGH_IDENTITY_THEFT + HIGH_SEC66D_CHEATING -> HIGH_EXTORTION_MOTIVE + HIGH_FRAUD_MOTIVE + HIGH_SEXUAL_EXPLOITATION_MOTIVE,2,3
0.3888888888888889,0.4166666666666667,0.3611111111111111,0.9285714285714285,2.228571428571428,1.0,0.19907407407407407,8.166666666666657,0.9020979020979021,0.8124999999999999,0.8775510204081634,0.8976190476190475,13,14,15,HIGH_CHILD_CYBERCRIME + HIGH_FRAUD_MOTIVE + HIGH_IDENTITY_THEFT,HIGH_EXTORTION_MOTIVE + HIGH_WOMEN_CYBERCRIME,HIGH_CHILD_CYBERCRIME + HIGH_FRAUD_MOTIVE + HIGH_IDENTITY_THEFT -> HIGH_EXTORTION_MOTIVE + HIGH_WOMEN_CYBERCRIME,3,2
0.3888888888888889,0.4166666666666667,0.3611111111111111,0.9285714285714285,2.228571428571428,1.0,0.19907407407407407,8.166666666666657,0.9020979020979021,0.8124999999999999,0.8775510204081634,0.8976190476190475,13,14,15,HIGH_CHILD_CYBERCRIME + HIGH_EXTORTION_MOTIVE + HIGH_FRAUD_MOTIVE,HIGH_IDENTITY_THEFT + HIGH_WOMEN_CYBERCRIME,HIGH_CHILD_CYBERCRIME + HIGH_EXTORTION_MOTIVE + HIGH_FRAUD_MOTIVE -> HIGH_IDENTITY_THEFT + HIGH_WOMEN_CYBERCRIME,3,2
0.3888888888888889,0.4166666666666667,0.3611111111111111,0.9285714285714285,2.228571428571428,1.0,0.19907407407407407,8.166666666666657,0.9020979020979021,0.8124999999999999,0.8775510204081634,0.8976190476190475,13,14,15,HIGH_FRAUD_MOTIVE + HIGH_IDENTITY_THEFT + HIGH_WOMEN_CYBERCRIME,HIGH_CHILD_CYBERCRIME + HIGH_EXTORTION_MOTIVE,HIGH_FRAUD_MOTIVE + HIGH_IDENTITY_THEFT + HIGH_WOMEN_CYBERCRIME -> HIGH_CHILD_CYBERCRIME + HIGH_EXTORTION_MOTIVE,3,2
0.3888888888888889,0.4166666666666667,0.3611111111111111,0.9285714285714285,2.228571428571428,1.0,0.19907407407407407,8.166666666666657,0.9020979020979021,0.8124999999999999,0.8775510204081634,0.8976190476190475,13,14,15,HIGH_EXTORTION_MOTIVE + HIGH_FRAUD_MOTIVE + HIGH_WOMEN_CYBERCRIME,HIGH_CHILD_CYBERCRIME + HIGH_IDENTITY_THEFT,HIGH_EXTORTION_MOTIVE + HIGH_FRAUD_MOTIVE + HIGH_WOMEN_CYBERCRIME -> HIGH_CHILD_CYBERCRIME + HIGH_IDENTITY_THEFT,3,2
0.3888888888888889,0.4166666666666667,0.3611111111111111,0.9285714285714285,2.228571428571428,1.0,0.19907407407407407,8.166666666666657,0.9020979020979021,0.8124999999999999,0.8775510204081634,0.8976190476190475,13,14,15,HIGH_CHILD_CYBERCRIME + HIGH_IDENTITY_THEFT + HIGH_WOMEN_CYBERCRIME,HIGH_FRAUD_MOTIVE + HIGH_SEXUAL_EXPLOITATION_MOTIVE,HIGH_CHILD_CYBERCRIME + HIGH_IDENTITY_THEFT + HIGH_WOMEN_CYBERCRIME -> HIGH_FRAUD_MOTIVE + HIGH_SEXUAL_EXPLOITATION_MOTIVE,3,2
0.3888888888888889,0.4166666666666667,0.3611111111111111,0.9285714285714285,2.228571428571428,1.0,0.19907407407407407,8.166666666666657,0.9020979020979021,0.8124999999999999,0.8775510204081634,0.8976190476190475,13,14,15,HIGH_CHILD_CYBERCRIME + HIGH_FRAUD_MOTIVE + HIGH_SEXUAL_EXPLOITATION_MOTIVE,HIGH_IDENTITY_THEFT + HIGH_WOMEN_CYBERCRIME,HIGH_CHILD_CYBERCRIME + HIGH_FRAUD_MOTIVE + HIGH_SEXUAL_EXPLOITATION_MOTIVE -> HIGH_IDENTITY_THEFT + HIGH_WOMEN_CYBERCRIME,3,2
0.3888888888888889,0.4166666666666667,0.3611111111111111,0.9285714285714285,2.228571428571428,1.0,0.19907407407407407,8.166666666666657,0.9020979020979021,0.8124999999999999,0.8775510204081634,0.8976190476190475,13,14,15,HIGH_FRAUD_MOTIVE + HIGH_SEXUAL_EXPLOITATION_MOTIVE + HIGH_WOMEN_CYBERCRIME,HIGH_CHILD_CYBERCRIME + HIGH_IDENTITY_THEFT,HIGH_FRAUD_MOTIVE + HIGH_SEXUAL_EXPLOITATION_MOTIVE + HIGH_WOMEN_CYBERCRIME -> HIGH_CHILD_CYBERCRIME + HIGH_IDENTITY_THEFT,3,2
0.3888888888888889,0.4166666666666667,0.3611111111111111,0.9285714285714285,2.228571428571428,1.0,0.19907407407407407,8.166666666666657,0.9020979020979021,0.8124999999999999,0.8775510204081634,0.8976190476190475,13,14,15,HIGH_CHILD_CYBERCRIME + HIGH_EXTORTION_MOTIVE + HIGH_WOMEN_CYBERCRIME,HIGH_FRAUD_MOTIVE + HIGH_SEXUAL_EXPLOITATION_MOTIVE,HIGH_CHILD_CYBERCRIME + HIGH_EXTORTION_MOTIVE + HIGH_WOMEN_CYBERCRIME -> HIGH_FRAUD_MOTIVE + HIGH_SEXUAL_EXPLOITATION_MOTIVE,3,2
0.3888888888888889,0.4166666666666667,0.3611111111111111,0.9285714285714285,2.228571428571428,1.0,0.19907407407407407,8.166666666666657,0.9020979020979021,0.8124999999999999,0.8775510204081634,0.8976190476190475,13,14,15,HIGH_CHILD_CYBERCRIME + HIGH_FRAUD_MOTIVE + HIGH_SEXUAL_EXPLOITATION_MOTIVE,HIGH_EXTORTION_MOTIVE + HIGH_WOMEN_CYBERCRIME,HIGH_CHILD_CYBERCRIME + HIGH_FRAUD_MOTIVE + HIGH_SEXUAL_EXPLOITATION_MOTIVE -> HIGH_EXTORTION_MOTIVE + HIGH_WOMEN_CYBERCRIME,3,2
0.3888888888888889,0.4166666666666667,0.3611111111111111,0.9285714285714285,2.228571428571428,1.0,0.19907407407407407,8.166666666666657,0.9020979020979021,0.8124999999999999,0.8775510204081634,0.8976190476190475,13,14,15,HIGH_FRAUD_MOTIVE + HIGH_SEXUAL_EXPLOITATION_MOTIVE + HIGH_WOMEN_CYBERCRIME,HIGH_CHILD_CYBERCRIME + HIGH_EXTORTION_MOTIVE,HIGH_FRAUD_MOTIVE + HIGH_SEXUAL_EXPLOITATION_MOTIVE + HIGH_WOMEN_CYBERCRIME -> HIGH_CHILD_CYBERCRIME + HIGH_EXTORTION_MOTIVE,3,2
0.3888888888888889,0.4166666666666667,0.3611111111111111,0.9285714285714285,2.228571428571428,1.0,0.19907407407407407,8.166666666666657,0.9020979020979021,0.8124999999999999,0.8775510204081634,0.8976190476190475,13,14,15,HIGH_IDENTITY_THEFT + HIGH_SEC66D_CHEATING,HIGH_FRAUD_MOTIVE + HIGH_SEXUAL_EXPLOITATION_MOTIVE,HIGH_IDENTITY_THEFT + HIGH_SEC66D_CHEATING -> HIGH_FRAUD_MOTIVE + HIGH_SEXUAL_EXPLOITATION_MOTIVE,2,2
0.3888888888888889,0.4444444444444444,0.3611111111111111,0.9285714285714285,2.0892857142857144,1.0,0.1882716049382716,7.77777777777777,0.8531468531468531,0.7647058823529412,0.8714285714285713,0.8705357142857142,13,14,16,HIGH_CHILD_CYBERCRIME + HIGH_EXTORTION_MOTIVE + HIGH_FRAUD_MOTIVE + HIGH_IDENTITY_THEFT,HIGH_SEXUAL_EXPLOITATION_MOTIVE + HIGH_WOMEN_CYBERCRIME,HIGH_CHILD_CYBERCRIME + HIGH_EXTORTION_MOTIVE + HIGH_FRAUD_MOTIVE + HIGH_IDENTITY_THEFT -> HIGH_SEXUAL_EXPLOITATION_MOTIVE + HIGH_WOMEN_CYBERCRIME,4,2
0.3888888888888889,0.4444444444444444,0.3611111111111111,0.9285714285714285,2.0892857142857144,1.0,0.1882716049382716,7.77777777777777,0.8531468531468531,0.7647058823529412,0.8714285714285713,0.8705357142857142,13,14,16,HIGH_CHILD_CYBERCRIME + HIGH_IDENTITY_THEFT + HIGH_SEXUAL_EXPLOITATION_MOTIVE + HIGH_WOMEN_CYBERCRIME,HIGH_EXTORTION_MOTIVE + HIGH_FRAUD_MOTIVE,HIGH_CHILD_CYBERCRIME + HIGH_IDENTITY_THEFT + HIGH_SEXUAL_EXPLOITATION_MOTIVE + HIGH_WOMEN_CYBERCRIME -> HIGH_EXTORTION_MOTIVE + HIGH_FRAUD_MOTIVE,4,2
0.3888888888888889,0.4444444444444444,0.3611111111111111,0.9285714285714285,2.0892857142857144,1.0,0.1882716049382716,7.77777777777777,0.8531468531468531,0.7647058823529412,0.8714285714285713,0.8705357142857142,13,14,16,HIGH_CHILD_CYBERCRIME + HIGH_EXTORTION_MOTIVE + HIGH_SEXUAL_EXPLOITATION_MOTIVE + HIGH_WOMEN_CYBERCRIME,HIGH_FRAUD_MOTIVE + HIGH_IDENTITY_THEFT,HIGH_CHILD_CYBERCRIME + HIGH_EXTORTION_MOTIVE + HIGH_SEXUAL_EXPLOITATION_MOTIVE + HIGH_WOMEN_CYBERCRIME -> HIGH_FRAUD_MOTIVE + HIGH_IDENTITY_THEFT,4,2
0.3888888888888889,0.4444444444444444,0.3611111111111111,0.9285714285714285,2.0892857142857144,1.0,0.1882716049382716,7.77777777777777,0.8531468531468531,0.7647058823529412,0.8714285714285713,0.8705357142857142,13,14,16,HIGH_EXTORTION_MOTIVE + HIGH_FRAUD_MOTIVE + HIGH_IDENTITY_THEFT + HIGH_WOMEN_CYBERCRIME,HIGH_CHILD_CYBERCRIME + HIGH_SEXUAL_EXPLOITATION_MOTIVE,HIGH_EXTORTION_MOTIVE + HIGH_FRAUD_MOTIVE + HIGH_IDENTITY_THEFT + HIGH_WOMEN_CYBERCRIME -> HIGH_CHILD_CYBERCRIME + HIGH_SEXUAL_EXPLOITATION_MOTIVE,4,2
0.3888888888888889,0.4444444444444444,0.3611111111111111,0.9285714285714285,2.0892857142857144,1.0,0.1882716049382716,7.77777777777777,0.8531468531468531,0.7647058823529412,0.8714285714285713,0.8705357142857142,13,14,16,HIGH_CHILD_CYBERCRIME + HIGH_FRAUD_MOTIVE + HIGH_WOMEN_CYBERCRIME,HIGH_EXTORTION_MOTIVE + HIGH_IDENTITY_THEFT + HIGH_SEXUAL_EXPLOITATION_MOTIVE,HIGH_CHILD_CYBERCRIME + HIGH_FRAUD_MOTIVE + HIGH_WOMEN_CYBERCRIME -> HIGH_EXTORTION_MOTIVE + HIGH_IDENTITY_THEFT + HIGH_SEXUAL_EXPLOITATION_MOTIVE,3,3
0.3888888888888889,0.4444444444444444,0.3611111111111111,0.9285714285714285,2.0892857142857144,1.0,0.1882716049382716,7.77777777777777,0.8531468531468531,0.7647058823529412,0.8714285714285713,0.8705357142857142,13,14,16,HIGH_EXTORTION_MOTIVE + HIGH_FRAUD_MOTIVE + HIGH_SEC66D_CHEATING,HIGH_IDENTITY_THEFT + HIGH_SEXUAL_EXPLOITATION_MOTIVE,HIGH_EXTORTION_MOTIVE + HIGH_FRAUD_MOTIVE + HIGH_SEC66D_CHEATING -> HIGH_IDENTITY_THEFT + HIGH_SEXUAL_EXPLOITATION_MOTIVE,3,2
0.3888888888888889,0.4444444444444444,0.3611111111111111,0.9285714285714285,2.0892857142857144,1.0,0.1882716049382716,7.77777777777777,0.8531468531468531,0.7647058823529412,0.8714285714285713,0.8705357142857142,13,14,16,HIGH_EXTORTION_MOTIVE + HIGH_SEC66D_CHEATING + HIGH_SEXUAL_EXPLOITATION_MOTIVE,HIGH_FRAUD_MOTIVE + HIGH_IDENTITY_THEFT,HIGH_EXTORTION_MOTIVE + HIGH_SEC66D_CHEATING + HIGH_SEXUAL_EXPLOITATION_MOTIVE -> HIGH_FRAUD_MOTIVE + HIGH_IDENTITY_THEFT,3,2
0.3888888888888889,0.4444444444444444,0.3611111111111111,0.9285714285714285,2.0892857142857144,1.0,0.1882716049382716,7.77777777777777,0.8531468531468531,0.7647058823529412,0.8714285714285713,0.8705357142857142,13,14,16,HIGH_SEC66D_CHEATING + HIGH_SEXUAL_EXPLOITATION_MOTIVE,HIGH_EXTORTION_MOTIVE + HIGH_FRAUD_MOTIVE + HIGH_IDENTITY_THEFT,HIGH_SEC66D_CHEATING + HIGH_SEXUAL_EXPLOITATION_MOTIVE -> HIGH_EXTORTION_MOTIVE + HIGH_FRAUD_MOTIVE + HIGH_IDENTITY_THEFT,2,3
0.3888888888888889,0.4444444444444444,0.3611111111111111,0.9285714285714285,2.0892857142857144,1.0,0.1882716049382716,7.77777777777777,0.8531468531468531,0.7647058823529412,0.8714285714285713,0.8705357142857142,13,14,16,HIGH_CHILD_CYBERCRIME + HIGH_IDENTITY_THEFT + HIGH_WOMEN_CYBERCRIME,HIGH_EXTORTION_MOTIVE + HIGH_FRAUD_MOTIVE,HIGH_CHILD_CYBERCRIME + HIGH_IDENTITY_THEFT + HIGH_WOMEN_CYBERCRIME -> HIGH_EXTORTION_MOTIVE + HIGH_FRAUD_MOTIVE,3,2
0.3888888888888889,0.4444444444444444,0.3611111111111111,0.9285714285714285,2.0892857142857144,1.0,0.1882716049382716,7.77777777777777,0.8531468531468531,0.7647058823529412,0.8714285714285713,0.8705357142857142,13,14,16,HIGH_CHILD_CYBERCRIME + HIGH_EXTORTION_MOTIVE + HIGH_WOMEN_CYBERCRIME,HIGH_FRAUD_MOTIVE + HIGH_IDENTITY_THEFT,HIGH_CHILD_CYBERCRIME + HIGH_EXTORTION_MOTIVE + HIGH_WOMEN_CYBERCRIME -> HIGH_FRAUD_MOTIVE + HIGH_IDENTITY_THEFT,3,2
0.3888888888888889,0.4444444444444444,0.3611111111111111,0.9285714285714285,2.0892857142857144,1.0,0.1882716049382716,7.77777777777777,0.8531468531468531,0.7647058823529412,0.8714285714285713,0.8705357142857142,13,14,16,HIGH_CHILD_CYBERCRIME + HIGH_FRAUD_MOTIVE + HIGH_IDENTITY_THEFT,HIGH_SEXUAL_EXPLOITATION_MOTIVE + HIGH_WOMEN_CYBERCRIME,HIGH_CHILD_CYBERCRIME + HIGH_FRAUD_MOTIVE + HIGH_IDENTITY_THEFT -> HIGH_SEXUAL_EXPLOITATION_MOTIVE + HIGH_WOMEN_CYBERCRIME,3,2
0.3888888888888889,0.4444444444444444,0.3611111111111111,0.9285714285714285,2.0892857142857144,1.0,0.1882716049382716,7.77777777777777,0.8531468531468531,0.7647058823529412,0.8714285714285713,0.8705357142857142,13,14,16,HIGH_CHILD_CYBERCRIME + HIGH_FRAUD_MOTIVE + HIGH_WOMEN_CYBERCRIME,HIGH_IDENTITY_THEFT + HIGH_SEXUAL_EXPLOITATION_MOTIVE,HIGH_CHILD_CYBERCRIME + HIGH_FRAUD_MOTIVE + HIGH_WOMEN_CYBERCRIME -> HIGH_IDENTITY_THEFT + HIGH_SEXUAL_EXPLOITATION_MOTIVE,3,2
0.3888888888888889,0.4444444444444444,0.3611111111111111,0.9285714285714285,2.0892857142857144,1.0,0.1882716049382716,7.77777777777777,0.8531468531468531,0.7647058823529412,0.8714285714285713,0.8705357142857142,13,14,16,HIGH_FRAUD_MOTIVE + HIGH_IDENTITY_THEFT + HIGH_WOMEN_CYBERCRIME,HIGH_CHILD_CYBERCRIME + HIGH_SEXUAL_EXPLOITATION_MOTIVE,HIGH_FRAUD_MOTIVE + HIGH_IDENTITY_THEFT + HIGH_WOMEN_CYBERCRIME -> HIGH_CHILD_CYBERCRIME + HIGH_SEXUAL_EXPLOITATION_MOTIVE,3,2
0.3888888888888889,0.4444444444444444,0.3611111111111111,0.9285714285714285,2.0892857142857144,1.0,0.1882716049382716,7.77777777777777,0.8531468531468531,0.7647058823529412,0.8714285714285713,0.8705357142857142,13,14,16,HIGH_CHILD_CYBERCRIME + HIGH_EXTORTION_MOTIVE + HIGH_FRAUD_MOTIVE,HIGH_SEXUAL_EXPLOITATION_MOTIVE + HIGH_WOMEN_CYBERCRIME,HIGH_CHILD_CYBERCRIME + HIGH_EXTORTION_MOTIVE + HIGH_FRAUD_MOTIVE -> HIGH_SEXUAL_EXPLOITATION_MOTIVE + HIGH_WOMEN_CYBERCRIME,3,2
0.3888888888888889,0.4444444444444444,0.3611111111111111,0.9285714285714285,2.0892857142857144,1.0,0.1882716049382716,7.77777777777777,0.8531468531468531,0.7647058823529412,0.8714285714285713,0.8705357142857142,13,14,16,HIGH_EXTORTION_MOTIVE + HIGH_FRAUD_MOTIVE + HIGH_WOMEN_CYBERCRIME,HIGH_CHILD_CYBERCRIME + HIGH_SEXUAL_EXPLOITATION_MOTIVE,HIGH_EXTORTION_MOTIVE + HIGH_FRAUD_MOTIVE + HIGH_WOMEN_CYBERCRIME -> HIGH_CHILD_CYBERCRIME + HIGH_SEXUAL_EXPLOITATION_MOTIVE,3,2
0.3888888888888889,0.4444444444444444,0.3611111111111111,0.9285714285714285,2.0892857142857144,1.0,0.1882716049382716,7.77777777777777,0.8531468531468531,0.7647058823529412,0.8714285714285713,0.8705357142857142,13,14,16,HIGH_SEC66D_CHEATING + HIGH_SEXUAL_EXPLOITATION_MOTIVE,HIGH_FRAUD_MOTIVE + HIGH_IDENTITY_THEFT,HIGH_SEC66D_CHEATING + HIGH_SEXUAL_EXPLOITATION_MOTIVE -> HIGH_FRAUD_MOTIVE + HIGH_IDENTITY_THEFT,2,2
0.3888888888888889,0.4444444444444444,0.3611111111111111,0.9285714285714285,2.0892857142857144,1.0,0.1882716049382716,7.77777777777777,0.8531468531468531,0.7647058823529412,0.8714285714285713,0.8705357142857142,13,14,16,HIGH_SEC66D_CHEATING + HIGH_SEXUAL_EXPLOITATION_MOTIVE,HIGH_EXTORTION_MOTIVE + HIGH_FRAUD_MOTIVE,HIGH_SEC66D_CHEATING + HIGH_SEXUAL_EXPLOITATION_MOTIVE -> HIGH_EXTORTION_MOTIVE + HIGH_FRAUD_MOTIVE,2,2
0.3888888888888889,0.4722222222222222,0.3611111111111111,0.9285714285714285,1.9663865546218486,1.0,0.17746913580246912,7.388888888888881,0.804195804195804,0.7222222222222222,0.8646616541353382,0.8466386554621849,13,14,17,HIGH_FRAUD_MOTIVE + HIGH_IDENTITY_THEFT + HIGH_SEC66D_CHEATING,HIGH_EXTORTION_MOTIVE + HIGH_SEXUAL_EXPLOITATION_MOTIVE,HIGH_FRAUD_MOTIVE + HIGH_IDENTITY_THEFT + HIGH_SEC66D_CHEATING -> HIGH_EXTORTION_MOTIVE + HIGH_SEXUAL_EXPLOITATION_MOTIVE,3,2
0.3888888888888889,0.4722222222222222,0.3611111111111111,0.9285714285714285,1.9663865546218486,1.0,0.17746913580246912,7.388888888888881,0.804195804195804,0.7222222222222222,0.8646616541353382,0.8466386554621849,13,14,17,HIGH_CHILD_CYBERCRIME + HIGH_FRAUD_MOTIVE + HIGH_WOMEN_CYBERCRIME,HIGH_EXTORTION_MOTIVE + HIGH_IDENTITY_THEFT,HIGH_CHILD_CYBERCRIME + HIGH_FRAUD_MOTIVE + HIGH_WOMEN_CYBERCRIME -> HIGH_EXTORTION_MOTIVE + HIGH_IDENTITY_THEFT,3,2
0.3888888888888889,0.4722222222222222,0.3611111111111111,0.9285714285714285,1.9663865546218486,1.0,0.17746913580246912,7.388888888888881,0.804195804195804,0.7222222222222222,0.8646616541353382,0.8466386554621849,13,14,17,HIGH_CHILD_CYBERCRIME + HIGH_FRAUD_MOTIVE + HIGH_WOMEN_CYBERCRIME,HIGH_EXTORTION_MOTIVE + HIGH_SEXUAL_EXPLOITATION_MOTIVE,HIGH_CHILD_CYBERCRIME + HIGH_FRAUD_MOTIVE + HIGH_WOMEN_CYBERCRIME -> HIGH_EXTORTION_MOTIVE + HIGH_SEXUAL_EXPLOITATION_MOTIVE,3,2
0.3888888888888889,0.4722222222222222,0.3611111111111111,0.9285714285714285,1.9663865546218486,1.0,0.17746913580246912,7.388888888888881,0.804195804195804,0.7222222222222222,0.8646616541353382,0.8466386554621849,13,14,17,HIGH_IDENTITY_THEFT + HIGH_SEC66D_CHEATING,HIGH_EXTORTION_MOTIVE + HIGH_SEXUAL_EXPLOITATION_MOTIVE,HIGH_IDENTITY_THEFT + HIGH_SEC66D_CHEATING -> HIGH_EXTORTION_MOTIVE + HIGH_SEXUAL_EXPLOITATION_MOTIVE,2,2
0.3888888888888889,0.4722222222222222,0.3611111111111111,0.9285714285714285,1.9663865546218486,1.0,0.17746913580246912,7.388888888888881,0.804195804195804,0.7222222222222222,0.8646616541353382,0.8466386554621849,13,14,17,HIGH_SEC66D_CHEATING + HIGH_SEXUAL_EXPLOITATION_MOTIVE,HIGH_EXTORTION_MOTIVE + HIGH_IDENTITY_THEFT,HIGH_SEC66D_CHEATING + HIGH_SEXUAL_EXPLOITATION_MOTIVE -> HIGH_EXTORTION_MOTIVE + HIGH_IDENTITY_THEFT,2,2
0.3888888888888889,0.5,0.3611111111111111,0.9285714285714285,1.857142857142857,1.0,0.16666666666666666,6.999999999999992,0.7552447552447552,0.6842105263157896,0.857142857142857,0.8253968253968254,13,14,18,HIGH_CHILD_CYBERCRIME + HIGH_EXTORTION_MOTIVE + HIGH_IDENTITY_THEFT + HIGH_SEXUAL_EXPLOITATION_MOTIVE + HIGH_WOMEN_CYBERCRIME,HIGH_FRAUD_MOTIVE,HIGH_CHILD_CYBERCRIME + HIGH_EXTORTION_MOTIVE + HIGH_IDENTITY_THEFT + HIGH_SEXUAL_EXPLOITATION_MOTIVE + HIGH_WOMEN_CYBERCRIME -> HIGH_FRAUD_MOTIVE,5,1
0.3888888888888889,0.5,0.3611111111111111,0.9285714285714285,1.857142857142857,1.0,0.16666666666666666,6.999999999999992,0.7552447552447552,0.6842105263157896,0.857142857142857,0.8253968253968254,13,14,18,HIGH_CHILD_CYBERCRIME + HIGH_EXTORTION_MOTIVE + HIGH_FRAUD_MOTIVE + HIGH_IDENTITY_THEFT + HIGH_SEXUAL_EXPLOITATION_MOTIVE,HIGH_WOMEN_CYBERCRIME,HIGH_CHILD_CYBERCRIME + HIGH_EXTORTION_MOTIVE + HIGH_FRAUD_MOTIVE + HIGH_IDENTITY_THEFT + HIGH_SEXUAL_EXPLOITATION_MOTIVE -> HIGH_WOMEN_CYBERCRIME,5,1
0.3888888888888889,0.5,0.3611111111111111,0.9285714285714285,1.857142857142857,1.0,0.16666666666666666,6.999999999999992,0.7552447552447552,0.6842105263157896,0.857142857142857,0.8253968253968254,13,14,18,HIGH_EXTORTION_MOTIVE + HIGH_FRAUD_MOTIVE + HIGH_IDENTITY_THEFT + HIGH_SEXUAL_EXPLOITATION_MOTIVE + HIGH_WOMEN_CYBERCRIME,HIGH_CHILD_CYBERCRIME,HIGH_EXTORTION_MOTIVE + HIGH_FRAUD_MOTIVE + HIGH_IDENTITY_THEFT + HIGH_SEXUAL_EXPLOITATION_MOTIVE + HIGH_WOMEN_CYBERCRIME -> HIGH_CHILD_CYBERCRIME,5,1
0.3888888888888889,0.5,0.3611111111111111,0.9285714285714285,1.857142857142857,1.0,0.16666666666666666,6.999999999999992,0.7552447552447552,0.6842105263157896,0.857142857142857,0.8253968253968254,13,14,18,HIGH_EXTORTION_MOTIVE + HIGH_FRAUD_MOTIVE + HIGH_IDENTITY_THEFT + HIGH_SEC66D_CHEATING,HIGH_SEXUAL_EXPLOITATION_MOTIVE,HIGH_EXTORTION_MOTIVE + HIGH_FRAUD_MOTIVE + HIGH_IDENTITY_THEFT + HIGH_SEC66D_CHEATING -> HIGH_SEXUAL_EXPLOITATION_MOTIVE,4,1
0.3888888888888889,0.5,0.3611111111111111,0.9285714285714285,1.857142857142857,1.0,0.16666666666666666,6.999999999999992,0.7552447552447552,0.6842105263157896,0.857142857142857,0.8253968253968254,13,14,18,HIGH_CHILD_CYBERCRIME + HIGH_EXTORTION_MOTIVE + HIGH_IDENTITY_THEFT + HIGH_WOMEN_CYBERCRIME,HIGH_FRAUD_MOTIVE,HIGH_CHILD_CYBERCRIME + HIGH_EXTORTION_MOTIVE + HIGH_IDENTITY_THEFT + HIGH_WOMEN_CYBERCRIME -> HIGH_FRAUD_MOTIVE,4,1
0.3888888888888889,0.5,0.3611111111111111,0.9285714285714285,1.857142857142857,1.0,0.16666666666666666,6.999999999999992,0.7552447552447552,0.6842105263157896,0.857142857142857,0.8253968253968254,13,14,18,HIGH_CHILD_CYBERCRIME + HIGH_EXTORTION_MOTIVE + HIGH_FRAUD_MOTIVE + HIGH_IDENTITY_THEFT,HIGH_WOMEN_CYBERCRIME,HIGH_CHILD_CYBERCRIME + HIGH_EXTORTION_MOTIVE + HIGH_FRAUD_MOTIVE + HIGH_IDENTITY_THEFT -> HIGH_WOMEN_CYBERCRIME,4,1
0.3888888888888889,0.5,0.3611111111111111,0.9285714285714285,1.857142857142857,1.0,0.16666666666666666,6.999999999999992,0.7552447552447552,0.6842105263157896,0.857142857142857,0.8253968253968254,13,14,18,HIGH_EXTORTION_MOTIVE + HIGH_FRAUD_MOTIVE + HIGH_IDENTITY_THEFT + HIGH_WOMEN_CYBERCRIME,HIGH_CHILD_CYBERCRIME,HIGH_EXTORTION_MOTIVE + HIGH_FRAUD_MOTIVE + HIGH_IDENTITY_THEFT + HIGH_WOMEN_CYBERCRIME -> HIGH_CHILD_CYBERCRIME,4,1
0.3888888888888889,0.5,0.3611111111111111,0.9285714285714285,1.857142857142857,1.0,0.16666666666666666,6.999999999999992,0.7552447552447552,0.6842105263157896,0.857142857142857,0.8253968253968254,13,14,18,HIGH_CHILD_CYBERCRIME + HIGH_IDENTITY_THEFT + HIGH_SEXUAL_EXPLOITATION_MOTIVE + HIGH_WOMEN_CYBERCRIME,HIGH_FRAUD_MOTIVE,HIGH_CHILD_CYBERCRIME + HIGH_IDENTITY_THEFT + HIGH_SEXUAL_EXPLOITATION_MOTIVE + HIGH_WOMEN_CYBERCRIME -> HIGH_FRAUD_MOTIVE,4,1
0.3888888888888889,0.5,0.3611111111111111,0.9285714285714285,1.857142857142857,1.0,0.16666666666666666,6.999999999999992,0.7552447552447552,0.6842105263157896,0.857142857142857,0.8253968253968254,13,14,18,HIGH_CHILD_CYBERCRIME + HIGH_FRAUD_MOTIVE + HIGH_IDENTITY_THEFT + HIGH_SEXUAL_EXPLOITATION_MOTIVE,HIGH_WOMEN_CYBERCRIME,HIGH_CHILD_CYBERCRIME + HIGH_FRAUD_MOTIVE + HIGH_IDENTITY_THEFT + HIGH_SEXUAL_EXPLOITATION_MOTIVE -> HIGH_WOMEN_CYBERCRIME,4,1
0.3888888888888889,0.5,0.3611111111111111,0.9285714285714285,1.857142857142857,1.0,0.16666666666666666,6.999999999999992,0.7552447552447552,0.6842105263157896,0.857142857142857,0.8253968253968254,13,14,18,HIGH_FRAUD_MOTIVE + HIGH_IDENTITY_THEFT + HIGH_SEXUAL_EXPLOITATION_MOTIVE + HIGH_WOMEN_CYBERCRIME,HIGH_CHILD_CYBERCRIME,HIGH_FRAUD_MOTIVE + HIGH_IDENTITY_THEFT + HIGH_SEXUAL_EXPLOITATION_MOTIVE + HIGH_WOMEN_CYBERCRIME -> HIGH_CHILD_CYBERCRIME,4,1
0.3888888888888889,0.5,0.3611111111111111,0.9285714285714285,1.857142857142857,1.0,0.16666666666666666,6.999999999999992,0.7552447552447552,0.6842105263157896,0.857142857142857,0.8253968253968254,13,14,18,HIGH_CHILD_CYBERCRIME + HIGH_EXTORTION_MOTIVE + HIGH_SEXUAL_EXPLOITATION_MOTIVE + HIGH_WOMEN_CYBERCRIME,HIGH_FRAUD_MOTIVE,HIGH_CHILD_CYBERCRIME + HIGH_EXTORTION_MOTIVE + HIGH_SEXUAL_EXPLOITATION_MOTIVE + HIGH_WOMEN_CYBERCRIME -> HIGH_FRAUD_MOTIVE,4,1
0.3888888888888889,0.5,0.3611111111111111,0.9285714285714285,1.857142857142857,1.0,0.16666666666666666,6.999999999999992,0.7552447552447552,0.6842105263157896,0.857142857142857,0.8253968253968254,13,14,18,HIGH_CHILD_CYBERCRIME + HIGH_EXTORTION_MOTIVE + HIGH_FRAUD_MOTIVE + HIGH_SEXUAL_EXPLOITATION_MOTIVE,HIGH_WOMEN_CYBERCRIME,HIGH_CHILD_CYBERCRIME + HIGH_EXTORTION_MOTIVE + HIGH_FRAUD_MOTIVE + HIGH_SEXUAL_EXPLOITATION_MOTIVE -> HIGH_WOMEN_CYBERCRIME,4,1
0.3888888888888889,0.5,0.3611111111111111,0.9285714285714285,1.857142857142857,1.0,0.16666666666666666,6.999999999999992,0.7552447552447552,0.6842105263157896,0.857142857142857,0.8253968253968254,13,14,18,HIGH_EXTORTION_MOTIVE + HIGH_FRAUD_MOTIVE + HIGH_SEXUAL_EXPLOITATION_MOTIVE + HIGH_WOMEN_CYBERCRIME,HIGH_CHILD_CYBERCRIME,HIGH_EXTORTION_MOTIVE + HIGH_FRAUD_MOTIVE + HIGH_SEXUAL_EXPLOITATION_MOTIVE + HIGH_WOMEN_CYBERCRIME -> HIGH_CHILD_CYBERCRIME,4,1
0.3888888888888889,0.5,0.3611111111111111,0.9285714285714285,1.857142857142857,1.0,0.16666666666666666,6.999999999999992,0.7552447552447552,0.6842105263157896,0.857142857142857,0.8253968253968254,13,14,18,HIGH_FRAUD_MOTIVE + HIGH_IDENTITY_THEFT + HIGH_SEC66D_CHEATING,HIGH_SEXUAL_EXPLOITATION_MOTIVE,HIGH_FRAUD_MOTIVE + HIGH_IDENTITY_THEFT + HIGH_SEC66D_CHEATING -> HIGH_SEXUAL_EXPLOITATION_MOTIVE,3,1
0.3888888888888889,0.5,0.3611111111111111,0.9285714285714285,1.857142857142857,1.0,0.16666666666666666,6.999999999999992,0.7552447552447552,0.6842105263157896,0.857142857142857,0.8253968253968254,13,14,18,HIGH_EXTORTION_MOTIVE + HIGH_SEC66D_CHEATING + HIGH_SEXUAL_EXPLOITATION_MOTIVE,HIGH_FRAUD_MOTIVE,HIGH_EXTORTION_MOTIVE + HIGH_SEC66D_CHEATING + HIGH_SEXUAL_EXPLOITATION_MOTIVE -> HIGH_FRAUD_MOTIVE,3,1
0.3888888888888889,0.5,0.3611111111111111,0.9285714285714285,1.857142857142857,1.0,0.16666666666666666,6.999999999999992,0.7552447552447552,0.6842105263157896,0.857142857142857,0.8253968253968254,13,14,18,HIGH_EXTORTION_MOTIVE + HIGH_FRAUD_MOTIVE + HIGH_SEC66D_CHEATING,HIGH_SEXUAL_EXPLOITATION_MOTIVE,HIGH_EXTORTION_MOTIVE + HIGH_FRAUD_MOTIVE + HIGH_SEC66D_CHEATING -> HIGH_SEXUAL_EXPLOITATION_MOTIVE,3,1
0.3888888888888889,0.5,0.3611111111111111,0.9285714285714285,1.857142857142857,1.0,0.16666666666666666,6.999999999999992,0.7552447552447552,0.6842105263157896,0.857142857142857,0.8253968253968254,13,14,18,HIGH_CHILD_CYBERCRIME + HIGH_IDENTITY_THEFT + HIGH_WOMEN_CYBERCRIME,HIGH_FRAUD_MOTIVE,HIGH_CHILD_CYBERCRIME + HIGH_IDENTITY_THEFT + HIGH_WOMEN_CYBERCRIME -> HIGH_FRAUD_MOTIVE,3,1
0.3888888888888889,0.5,0.3611111111111111,0.9285714285714285,1.857142857142857,1.0,0.16666666666666666,6.999999999999992,0.7552447552447552,0.6842105263157896,0.857142857142857,0.8253968253968254,13,14,18,HIGH_CHILD_CYBERCRIME + HIGH_FRAUD_MOTIVE + HIGH_IDENTITY_THEFT,HIGH_WOMEN_CYBERCRIME,HIGH_CHILD_CYBERCRIME + HIGH_FRAUD_MOTIVE + HIGH_IDENTITY_THEFT -> HIGH_WOMEN_CYBERCRIME,3,1
0.3888888888888889,0.5,0.3611111111111111,0.9285714285714285,1.857142857142857,1.0,0.16666666666666666,6.999999999999992,0.7552447552447552,0.6842105263157896,0.857142857142857,0.8253968253968254,13,14,18,HIGH_FRAUD_MOTIVE + HIGH_IDENTITY_THEFT + HIGH_WOMEN_CYBERCRIME,HIGH_CHILD_CYBERCRIME,HIGH_FRAUD_MOTIVE + HIGH_IDENTITY_THEFT + HIGH_WOMEN_CYBERCRIME -> HIGH_CHILD_CYBERCRIME,3,1
0.3888888888888889,0.5,0.3611111111111111,0.9285714285714285,1.857142857142857,1.0,0.16666666666666666,6.999999999999992,0.7552447552447552,0.6842105263157896,0.857142857142857,0.8253968253968254,13,14,18,HIGH_CHILD_CYBERCRIME + HIGH_FRAUD_MOTIVE + HIGH_WOMEN_CYBERCRIME,HIGH_EXTORTION_MOTIVE,HIGH_CHILD_CYBERCRIME + HIGH_FRAUD_MOTIVE + HIGH_WOMEN_CYBERCRIME -> HIGH_EXTORTION_MOTIVE,3,1
0.3888888888888889,0.5,0.3611111111111111,0.9285714285714285,1.857142857142857,1.0,0.16666666666666666,6.999999999999992,0.7552447552447552,0.6842105263157896,0.857142857142857,0.8253968253968254,13,14,18,HIGH_CHILD_CYBERCRIME + HIGH_EXTORTION_MOTIVE + HIGH_WOMEN_CYBERCRIME,HIGH_FRAUD_MOTIVE,HIGH_CHILD_CYBERCRIME + HIGH_EXTORTION_MOTIVE + HIGH_WOMEN_CYBERCRIME -> HIGH_FRAUD_MOTIVE,3,1
0.3888888888888889,0.5,0.3611111111111111,0.9285714285714285,1.857142857142857,1.0,0.16666666666666666,6.999999999999992,0.7552447552447552,0.6842105263157896,0.857142857142857,0.8253968253968254,13,14,18,HIGH_CHILD_CYBERCRIME + HIGH_EXTORTION_MOTIVE + HIGH_FRAUD_MOTIVE,HIGH_WOMEN_CYBERCRIME,HIGH_CHILD_CYBERCRIME + HIGH_EXTORTION_MOTIVE + HIGH_FRAUD_MOTIVE -> HIGH_WOMEN_CYBERCRIME,3,1
0.3888888888888889,0.5,0.3611111111111111,0.9285714285714285,1.857142857142857,1.0,0.16666666666666666,6.999999999999992,0.7552447552447552,0.6842105263157896,0.857142857142857,0.8253968253968254,13,14,18,HIGH_EXTORTION_MOTIVE + HIGH_FRAUD_MOTIVE + HIGH_WOMEN_CYBERCRIME,HIGH_CHILD_CYBERCRIME,HIGH_EXTORTION_MOTIVE + HIGH_FRAUD_MOTIVE + HIGH_WOMEN_CYBERCRIME -> HIGH_CHILD_CYBERCRIME,3,1
0.3888888888888889,0.5,0.3611111111111111,0.9285714285714285,1.857142857142857,1.0,0.16666666666666666,6.999999999999992,0.7552447552447552,0.6842105263157896,0.857142857142857,0.8253968253968254,13,14,18,HIGH_CHILD_CYBERCRIME + HIGH_FRAUD_MOTIVE + HIGH_WOMEN_CYBERCRIME,HIGH_SEXUAL_EXPLOITATION_MOTIVE,HIGH_CHILD_CYBERCRIME + HIGH_FRAUD_MOTIVE + HIGH_WOMEN_CYBERCRIME -> HIGH_SEXUAL_EXPLOITATION_MOTIVE,3,1
0.3888888888888889,0.5,0.3611111111111111,0.9285714285714285,1.857142857142857,1.0,0.16666666666666666,6.999999999999992,0.7552447552447552,0.6842105263157896,0.857142857142857,0.8253968253968254,13,14,18,HIGH_CHILD_CYBERCRIME + HIGH_FRAUD_MOTIVE + HIGH_SEXUAL_EXPLOITATION_MOTIVE,HIGH_WOMEN_CYBERCRIME,HIGH_CHILD_CYBERCRIME + HIGH_FRAUD_MOTIVE + HIGH_SEXUAL_EXPLOITATION_MOTIVE -> HIGH_WOMEN_CYBERCRIME,3,1
0.3888888888888889,0.5,0.3611111111111111,0.9285714285714285,1.857142857142857,1.0,0.16666666666666666,6.999999999999992,0.7552447552447552,0.6842105263157896,0.857142857142857,0.8253968253968254,13,14,18,HIGH_FRAUD_MOTIVE + HIGH_SEXUAL_EXPLOITATION_MOTIVE + HIGH_WOMEN_CYBERCRIME,HIGH_CHILD_CYBERCRIME,HIGH_FRAUD_MOTIVE + HIGH_SEXUAL_EXPLOITATION_MOTIVE + HIGH_WOMEN_CYBERCRIME -> HIGH_CHILD_CYBERCRIME,3,1
0.3888888888888889,0.5,0.3611111111111111,0.9285714285714285,1.857142857142857,1.0,0.16666666666666666,6.999999999999992,0.7552447552447552,0.6842105263157896,0.857142857142857,0.8253968253968254,13,14,18,HIGH_EXTORTION_MOTIVE + HIGH_IDENTITY_THEFT + HIGH_SEC66D_CHEATING,HIGH_SEXUAL_EXPLOITATION_MOTIVE,HIGH_EXTORTION_MOTIVE + HIGH_IDENTITY_THEFT + HIGH_SEC66D_CHEATING -> HIGH_SEXUAL_EXPLOITATION_MOTIVE,3,1
0.3888888888888889,0.5,0.3611111111111111,0.9285714285714285,1.857142857142857,1.0,0.16666666666666666,6.999999999999992,0.7552447552447552,0.6842105263157896,0.857142857142857,0.8253968253968254,13,14,18,HIGH_SEC66D_CHEATING + HIGH_SEXUAL_EXPLOITATION_MOTIVE,HIGH_FRAUD_MOTIVE,HIGH_SEC66D_CHEATING + HIGH_SEXUAL_EXPLOITATION_MOTIVE -> HIGH_FRAUD_MOTIVE,2,1
0.3888888888888889,0.5,0.3611111111111111,0.9285714285714285,1.857142857142857,1.0,0.16666666666666666,6.999999999999992,0.7552447552447552,0.6842105263157896,0.857142857142857,0.8253968253968254,13,14,18,HIGH_IDENTITY_THEFT + HIGH_SEC66D_CHEATING,HIGH_SEXUAL_EXPLOITATION_MOTIVE,HIGH_IDENTITY_THEFT + HIGH_SEC66D_CHEATING -> HIGH_SEXUAL_EXPLOITATION_MOTIVE,2,1
0.3888888888888889,0.5277777777777778,0.3611111111111111,0.9285714285714285,1.7593984962406013,1.0,0.1558641975308642,6.611111111111104,0.7062937062937062,0.6499999999999999,0.8487394957983192,0.806390977443609,13,14,19,HIGH_CHILD_CYBERCRIME + HIGH_FRAUD_MOTIVE + HIGH_WOMEN_CYBERCRIME,HIGH_IDENTITY_THEFT,HIGH_CHILD_CYBERCRIME + HIGH_FRAUD_MOTIVE + HIGH_WOMEN_CYBERCRIME -> HIGH_IDENTITY_THEFT,3,1
0.3888888888888889,0.5277777777777778,0.3611111111111111,0.9285714285714285,1.7593984962406013,1.0,0.1558641975308642,6.611111111111104,0.7062937062937062,0.6499999999999999,0.8487394957983192,0.806390977443609,13,14,19,HIGH_EXTORTION_MOTIVE + HIGH_SEC66D_CHEATING + HIGH_SEXUAL_EXPLOITATION_MOTIVE,HIGH_IDENTITY_THEFT,HIGH_EXTORTION_MOTIVE + HIGH_SEC66D_CHEATING + HIGH_SEXUAL_EXPLOITATION_MOTIVE -> HIGH_IDENTITY_THEFT,3,1
0.3888888888888889,0.5277777777777778,0.3611111111111111,0.9285714285714285,1.7593984962406013,1.0,0.1558641975308642,6.611111111111104,0.7062937062937062,0.6499999999999999,0.8487394957983192,0.806390977443609,13,14,19,HIGH_SEC66D_CHEATING + HIGH_SEXUAL_EXPLOITATION_MOTIVE,HIGH_IDENTITY_THEFT,HIGH_SEC66D_CHEATING + HIGH_SEXUAL_EXPLOITATION_MOTIVE -> HIGH_IDENTITY_THEFT,2,1
0.3611111111111111,0.3888888888888889,0.3333333333333333,0.923076923076923,2.3736263736263736,1.0,0.1929012345679012,7.944444444444439,0.9057971014492753,0.7999999999999999,0.8741258741258738,0.8901098901098901,12,13,14,HIGH_IDENTITY_THEFT + HIGH_SEC66D_CHEATING + HIGH_SEXUAL_EXPLOITATION_MOTIVE,HIGH_EXTORTION_MOTIVE + HIGH_FRAUD_MOTIVE + HIGH_WOMEN_CYBERCRIME,HIGH_IDENTITY_THEFT + HIGH_SEC66D_CHEATING + HIGH_SEXUAL_EXPLOITATION_MOTIVE -> HIGH_EXTORTION_MOTIVE + HIGH_FRAUD_MOTIVE + HIGH_WOMEN_CYBERCRIME,3,3
0.3611111111111111,0.3888888888888889,0.3333333333333333,0.923076923076923,2.3736263736263736,1.0,0.1929012345679012,7.944444444444439,0.9057971014492753,0.7999999999999999,0.8741258741258738,0.8901098901098901,12,13,14,HIGH_IDENTITY_THEFT + HIGH_SEC66D_CHEATING + HIGH_SEXUAL_EXPLOITATION_MOTIVE,HIGH_CHILD_CYBERCRIME + HIGH_EXTORTION_MOTIVE + HIGH_FRAUD_MOTIVE,HIGH_IDENTITY_THEFT + HIGH_SEC66D_CHEATING + HIGH_SEXUAL_EXPLOITATION_MOTIVE -> HIGH_CHILD_CYBERCRIME + HIGH_EXTORTION_MOTIVE + HIGH_FRAUD_MOTIVE,3,3
0.3611111111111111,0.4166666666666667,0.3333333333333333,0.923076923076923,2.215384615384615,1.0,0.18287037037037035,7.583333333333327,0.8586956521739131,0.7499999999999999,0.8681318681318682,0.8615384615384615,12,13,15,HIGH_EXTORTION_MOTIVE + HIGH_IDENTITY_THEFT + HIGH_SEC66D_CHEATING + HIGH_SEXUAL_EXPLOITATION_MOTIVE,HIGH_FRAUD_MOTIVE + HIGH_WOMEN_CYBERCRIME,HIGH_EXTORTION_MOTIVE + HIGH_IDENTITY_THEFT + HIGH_SEC66D_CHEATING + HIGH_SEXUAL_EXPLOITATION_MOTIVE -> HIGH_FRAUD_MOTIVE + HIGH_WOMEN_CYBERCRIME,4,2
0.3611111111111111,0.4166666666666667,0.3333333333333333,0.923076923076923,2.215384615384615,1.0,0.18287037037037035,7.583333333333327,0.8586956521739131,0.7499999999999999,0.8681318681318682,0.8615384615384615,12,13,15,HIGH_FRAUD_MOTIVE + HIGH_IDENTITY_THEFT + HIGH_SEC66D_CHEATING + HIGH_SEXUAL_EXPLOITATION_MOTIVE,HIGH_EXTORTION_MOTIVE + HIGH_WOMEN_CYBERCRIME,HIGH_FRAUD_MOTIVE + HIGH_IDENTITY_THEFT + HIGH_SEC66D_CHEATING + HIGH_SEXUAL_EXPLOITATION_MOTIVE -> HIGH_EXTORTION_MOTIVE + HIGH_WOMEN_CYBERCRIME,4,2
0.3611111111111111,0.4166666666666667,0.3333333333333333,0.923076923076923,2.215384615384615,1.0,0.18287037037037035,7.583333333333327,0.8586956521739131,0.7499999999999999,0.8681318681318682,0.8615384615384615,12,13,15,HIGH_EXTORTION_MOTIVE + HIGH_FRAUD_MOTIVE + HIGH_SEC66D_CHEATING + HIGH_SEXUAL_EXPLOITATION_MOTIVE,HIGH_IDENTITY_THEFT + HIGH_WOMEN_CYBERCRIME,HIGH_EXTORTION_MOTIVE + HIGH_FRAUD_MOTIVE + HIGH_SEC66D_CHEATING + HIGH_SEXUAL_EXPLOITATION_MOTIVE -> HIGH_IDENTITY_THEFT + HIGH_WOMEN_CYBERCRIME,4,2
0.3611111111111111,0.4166666666666667,0.3333333333333333,0.923076923076923,2.215384615384615,1.0,0.18287037037037035,7.583333333333327,0.8586956521739131,0.7499999999999999,0.8681318681318682,0.8615384615384615,12,13,15,HIGH_FRAUD_MOTIVE + HIGH_SEC66D_CHEATING + HIGH_SEXUAL_EXPLOITATION_MOTIVE,HIGH_EXTORTION_MOTIVE + HIGH_IDENTITY_THEFT + HIGH_WOMEN_CYBERCRIME,HIGH_FRAUD_MOTIVE + HIGH_SEC66D_CHEATING + HIGH_SEXUAL_EXPLOITATION_MOTIVE -> HIGH_EXTORTION_MOTIVE + HIGH_IDENTITY_THEFT + HIGH_WOMEN_CYBERCRIME,3,3
0.3611111111111111,0.4166666666666667,0.3333333333333333,0.923076923076923,2.215384615384615,1.0,0.18287037037037035,7.583333333333327,0.8586956521739131,0.7499999999999999,0.8681318681318682,0.8615384615384615,12,13,15,HIGH_EXTORTION_MOTIVE + HIGH_IDENTITY_THEFT + HIGH_SEC66D_CHEATING + HIGH_SEXUAL_EXPLOITATION_MOTIVE,HIGH_CHILD_CYBERCRIME + HIGH_FRAUD_MOTIVE,HIGH_EXTORTION_MOTIVE + HIGH_IDENTITY_THEFT + HIGH_SEC66D_CHEATING + HIGH_SEXUAL_EXPLOITATION_MOTIVE -> HIGH_CHILD_CYBERCRIME + HIGH_FRAUD_MOTIVE,4,2
0.3611111111111111,0.4166666666666667,0.3333333333333333,0.923076923076923,2.215384615384615,1.0,0.18287037037037035,7.583333333333327,0.8586956521739131,0.7499999999999999,0.8681318681318682,0.8615384615384615,12,13,15,HIGH_FRAUD_MOTIVE + HIGH_IDENTITY_THEFT + HIGH_SEC66D_CHEATING + HIGH_SEXUAL_EXPLOITATION_MOTIVE,HIGH_CHILD_CYBERCRIME + HIGH_EXTORTION_MOTIVE,HIGH_FRAUD_MOTIVE + HIGH_IDENTITY_THEFT + HIGH_SEC66D_CHEATING + HIGH_SEXUAL_EXPLOITATION_MOTIVE -> HIGH_CHILD_CYBERCRIME + HIGH_EXTORTION_MOTIVE,4,2
0.3611111111111111,0.4166666666666667,0.3333333333333333,0.923076923076923,2.215384615384615,1.0,0.18287037037037035,7.583333333333327,0.8586956521739131,0.7499999999999999,0.8681318681318682,0.8615384615384615,12,13,15,HIGH_EXTORTION_MOTIVE + HIGH_FRAUD_MOTIVE + HIGH_SEC66D_CHEATING + HIGH_SEXUAL_EXPLOITATION_MOTIVE,HIGH_CHILD_CYBERCRIME + HIGH_IDENTITY_THEFT,HIGH_EXTORTION_MOTIVE + HIGH_FRAUD_MOTIVE + HIGH_SEC66D_CHEATING + HIGH_SEXUAL_EXPLOITATION_MOTIVE -> HIGH_CHILD_CYBERCRIME + HIGH_IDENTITY_THEFT,4,2
0.3611111111111111,0.4166666666666667,0.3333333333333333,0.923076923076923,2.215384615384615,1.0,0.18287037037037035,7.583333333333327,0.8586956521739131,0.7499999999999999,0.8681318681318682,0.8615384615384615,12,13,15,HIGH_FRAUD_MOTIVE + HIGH_SEC66D_CHEATING + HIGH_SEXUAL_EXPLOITATION_MOTIVE,HIGH_CHILD_CYBERCRIME + HIGH_EXTORTION_MOTIVE + HIGH_IDENTITY_THEFT,HIGH_FRAUD_MOTIVE + HIGH_SEC66D_CHEATING + HIGH_SEXUAL_EXPLOITATION_MOTIVE -> HIGH_CHILD_CYBERCRIME + HIGH_EXTORTION_MOTIVE + HIGH_IDENTITY_THEFT,3,3
0.3611111111111111,0.4166666666666667,0.3333333333333333,0.923076923076923,2.215384615384615,1.0,0.18287037037037035,7.583333333333327,0.8586956521739131,0.7499999999999999,0.8681318681318682,0.8615384615384615,12,13,15,HIGH_IDENTITY_THEFT + HIGH_SEC66D_CHEATING + HIGH_SEXUAL_EXPLOITATION_MOTIVE,HIGH_FRAUD_MOTIVE + HIGH_WOMEN_CYBERCRIME,HIGH_IDENTITY_THEFT + HIGH_SEC66D_CHEATING + HIGH_SEXUAL_EXPLOITATION_MOTIVE -> HIGH_FRAUD_MOTIVE + HIGH_WOMEN_CYBERCRIME,3,2
0.3611111111111111,0.4166666666666667,0.3333333333333333,0.923076923076923,2.215384615384615,1.0,0.18287037037037035,7.583333333333327,0.8586956521739131,0.7499999999999999,0.8681318681318682,0.8615384615384615,12,13,15,HIGH_FRAUD_MOTIVE + HIGH_SEC66D_CHEATING + HIGH_SEXUAL_EXPLOITATION_MOTIVE,HIGH_IDENTITY_THEFT + HIGH_WOMEN_CYBERCRIME,HIGH_FRAUD_MOTIVE + HIGH_SEC66D_CHEATING + HIGH_SEXUAL_EXPLOITATION_MOTIVE -> HIGH_IDENTITY_THEFT + HIGH_WOMEN_CYBERCRIME,3,2
0.3611111111111111,0.4166666666666667,0.3333333333333333,0.923076923076923,2.215384615384615,1.0,0.18287037037037035,7.583333333333327,0.8586956521739131,0.7499999999999999,0.8681318681318682,0.8615384615384615,12,13,15,HIGH_IDENTITY_THEFT + HIGH_SEC66D_CHEATING + HIGH_SEXUAL_EXPLOITATION_MOTIVE,HIGH_CHILD_CYBERCRIME + HIGH_FRAUD_MOTIVE,HIGH_IDENTITY_THEFT + HIGH_SEC66D_CHEATING + HIGH_SEXUAL_EXPLOITATION_MOTIVE -> HIGH_CHILD_CYBERCRIME + HIGH_FRAUD_MOTIVE,3,2
0.3611111111111111,0.4166666666666667,0.3333333333333333,0.923076923076923,2.215384615384615,1.0,0.18287037037037035,7.583333333333327,0.8586956521739131,0.7499999999999999,0.8681318681318682,0.8615384615384615,12,13,15,HIGH_FRAUD_MOTIVE + HIGH_SEC66D_CHEATING + HIGH_SEXUAL_EXPLOITATION_MOTIVE,HIGH_CHILD_CYBERCRIME + HIGH_IDENTITY_THEFT,HIGH_FRAUD_MOTIVE + HIGH_SEC66D_CHEATING + HIGH_SEXUAL_EXPLOITATION_MOTIVE -> HIGH_CHILD_CYBERCRIME + HIGH_IDENTITY_THEFT,3,2
0.3611111111111111,0.4166666666666667,0.3333333333333333,0.923076923076923,2.215384615384615,1.0,0.18287037037037035,7.583333333333327,0.8586956521739131,0.7499999999999999,0.8681318681318682,0.8615384615384615,12,13,15,HIGH_FRAUD_MOTIVE + HIGH_SEC66D_CHEATING + HIGH_SEXUAL_EXPLOITATION_MOTIVE,HIGH_EXTORTION_MOTIVE + HIGH_WOMEN_CYBERCRIME,HIGH_FRAUD_MOTIVE + HIGH_SEC66D_CHEATING + HIGH_SEXUAL_EXPLOITATION_MOTIVE -> HIGH_EXTORTION_MOTIVE + HIGH_WOMEN_CYBERCRIME,3,2
0.3611111111111111,0.4166666666666667,0.3333333333333333,0.923076923076923,2.215384615384615,1.0,0.18287037037037035,7.583333333333327,0.8586956521739131,0.7499999999999999,0.8681318681318682,0.8615384615384615,12,13,15,HIGH_FRAUD_MOTIVE + HIGH_SEC66D_CHEATING + HIGH_SEXUAL_EXPLOITATION_MOTIVE,HIGH_CHILD_CYBERCRIME + HIGH_EXTORTION_MOTIVE,HIGH_FRAUD_MOTIVE + HIGH_SEC66D_CHEATING + HIGH_SEXUAL_EXPLOITATION_MOTIVE -> HIGH_CHILD_CYBERCRIME + HIGH_EXTORTION_MOTIVE,3,2
0.3611111111111111,0.4166666666666667,0.3333333333333333,0.923076923076923,2.215384615384615,1.0,0.18287037037037035,7.583333333333327,0.8586956521739131,0.7499999999999999,0.8681318681318682,0.8615384615384615,12,13,15,HIGH_IDENTITY_THEFT + HIGH_SEC66D_CHEATING + HIGH_SEXUAL_EXPLOITATION_MOTIVE,HIGH_EXTORTION_MOTIVE + HIGH_WOMEN_CYBERCRIME,HIGH_IDENTITY_THEFT + HIGH_SEC66D_CHEATING + HIGH_SEXUAL_EXPLOITATION_MOTIVE -> HIGH_EXTORTION_MOTIVE + HIGH_WOMEN_CYBERCRIME,3,2
0.3611111111111111,0.4166666666666667,0.3333333333333333,0.923076923076923,2.215384615384615,1.0,0.18287037037037035,7.583333333333327,0.8586956521739131,0.7499999999999999,0.8681318681318682,0.8615384615384615,12,13,15,HIGH_IDENTITY_THEFT + HIGH_SEC66D_CHEATING + HIGH_SEXUAL_EXPLOITATION_MOTIVE,HIGH_CHILD_CYBERCRIME + HIGH_EXTORTION_MOTIVE,HIGH_IDENTITY_THEFT + HIGH_SEC66D_CHEATING + HIGH_SEXUAL_EXPLOITATION_MOTIVE -> HIGH_CHILD_CYBERCRIME + HIGH_EXTORTION_MOTIVE,3,2
0.3611111111111111,0.5,0.3333333333333333,0.923076923076923,1.846153846153846,1.0,0.15277777777777776,6.499999999999995,0.717391304347826,0.6315789473684209,0.846153846153846,0.7948717948717948,12,13,18,HIGH_EXTORTION_MOTIVE + HIGH_FRAUD_MOTIVE + HIGH_IDENTITY_THEFT + HIGH_SEC66D_CHEATING + HIGH_SEXUAL_EXPLOITATION_MOTIVE,HIGH_WOMEN_CYBERCRIME,HIGH_EXTORTION_MOTIVE + HIGH_FRAUD_MOTIVE + HIGH_IDENTITY_THEFT + HIGH_SEC66D_CHEATING + HIGH_SEXUAL_EXPLOITATION_MOTIVE -> HIGH_WOMEN_CYBERCRIME,5,1
0.3611111111111111,0.5,0.3333333333333333,0.923076923076923,1.846153846153846,1.0,0.15277777777777776,6.499999999999995,0.717391304347826,0.6315789473684209,0.846153846153846,0.7948717948717948,12,13,18,HIGH_EXTORTION_MOTIVE + HIGH_FRAUD_MOTIVE + HIGH_IDENTITY_THEFT + HIGH_SEC66D_CHEATING + HIGH_SEXUAL_EXPLOITATION_MOTIVE,HIGH_CHILD_CYBERCRIME,HIGH_EXTORTION_MOTIVE + HIGH_FRAUD_MOTIVE + HIGH_IDENTITY_THEFT + HIGH_SEC66D_CHEATING + HIGH_SEXUAL_EXPLOITATION_MOTIVE -> HIGH_CHILD_CYBERCRIME,5,1
0.3611111111111111,0.5,0.3333333333333333,0.923076923076923,1.846153846153846,1.0,0.15277777777777776,6.499999999999995,0.717391304347826,0.6315789473684209,0.846153846153846,0.7948717948717948,12,13,18,HIGH_FRAUD_MOTIVE + HIGH_IDENTITY_THEFT + HIGH_SEC66D_CHEATING + HIGH_SEXUAL_EXPLOITATION_MOTIVE,HIGH_WOMEN_CYBERCRIME,HIGH_FRAUD_MOTIVE + HIGH_IDENTITY_THEFT + HIGH_SEC66D_CHEATING + HIGH_SEXUAL_EXPLOITATION_MOTIVE -> HIGH_WOMEN_CYBERCRIME,4,1
0.3611111111111111,0.5,0.3333333333333333,0.923076923076923,1.846153846153846,1.0,0.15277777777777776,6.499999999999995,0.717391304347826,0.6315789473684209,0.846153846153846,0.7948717948717948,12,13,18,HIGH_FRAUD_MOTIVE + HIGH_IDENTITY_THEFT + HIGH_SEC66D_CHEATING + HIGH_SEXUAL_EXPLOITATION_MOTIVE,HIGH_CHILD_CYBERCRIME,HIGH_FRAUD_MOTIVE + HIGH_IDENTITY_THEFT + HIGH_SEC66D_CHEATING + HIGH_SEXUAL_EXPLOITATION_MOTIVE -> HIGH_CHILD_CYBERCRIME,4,1
0.3611111111111111,0.5,0.3333333333333333,0.923076923076923,1.846153846153846,1.0,0.15277777777777776,6.499999999999995,0.717391304347826,0.6315789473684209,0.846153846153846,0.7948717948717948,12,13,18,HIGH_EXTORTION_MOTIVE + HIGH_FRAUD_MOTIVE + HIGH_SEC66D_CHEATING + HIGH_SEXUAL_EXPLOITATION_MOTIVE,HIGH_WOMEN_CYBERCRIME,HIGH_EXTORTION_MOTIVE + HIGH_FRAUD_MOTIVE + HIGH_SEC66D_CHEATING + HIGH_SEXUAL_EXPLOITATION_MOTIVE -> HIGH_WOMEN_CYBERCRIME,4,1
0.3611111111111111,0.5,0.3333333333333333,0.923076923076923,1.846153846153846,1.0,0.15277777777777776,6.499999999999995,0.717391304347826,0.6315789473684209,0.846153846153846,0.7948717948717948,12,13,18,HIGH_EXTORTION_MOTIVE + HIGH_FRAUD_MOTIVE + HIGH_SEC66D_CHEATING + HIGH_SEXUAL_EXPLOITATION_MOTIVE,HIGH_CHILD_CYBERCRIME,HIGH_EXTORTION_MOTIVE + HIGH_FRAUD_MOTIVE + HIGH_SEC66D_CHEATING + HIGH_SEXUAL_EXPLOITATION_MOTIVE -> HIGH_CHILD_CYBERCRIME,4,1
0.3611111111111111,0.5,0.3333333333333333,0.923076923076923,1.846153846153846,1.0,0.15277777777777776,6.499999999999995,0.717391304347826,0.6315789473684209,0.846153846153846,0.7948717948717948,12,13,18,HIGH_EXTORTION_MOTIVE + HIGH_IDENTITY_THEFT + HIGH_SEC66D_CHEATING + HIGH_SEXUAL_EXPLOITATION_MOTIVE,HIGH_WOMEN_CYBERCRIME,HIGH_EXTORTION_MOTIVE + HIGH_IDENTITY_THEFT + HIGH_SEC66D_CHEATING + HIGH_SEXUAL_EXPLOITATION_MOTIVE -> HIGH_WOMEN_CYBERCRIME,4,1
0.3611111111111111,0.5,0.3333333333333333,0.923076923076923,1.846153846153846,1.0,0.15277777777777776,6.499999999999995,0.717391304347826,0.6315789473684209,0.846153846153846,0.7948717948717948,12,13,18,HIGH_EXTORTION_MOTIVE + HIGH_IDENTITY_THEFT + HIGH_SEC66D_CHEATING + HIGH_SEXUAL_EXPLOITATION_MOTIVE,HIGH_CHILD_CYBERCRIME,HIGH_EXTORTION_MOTIVE + HIGH_IDENTITY_THEFT + HIGH_SEC66D_CHEATING + HIGH_SEXUAL_EXPLOITATION_MOTIVE -> HIGH_CHILD_CYBERCRIME,4,1
0.3611111111111111,0.5,0.3333333333333333,0.923076923076923,1.846153846153846,1.0,0.15277777777777776,6.499999999999995,0.717391304347826,0.6315789473684209,0.846153846153846,0.7948717948717948,12,13,18,HIGH_FRAUD_MOTIVE + HIGH_SEC66D_CHEATING + HIGH_SEXUAL_EXPLOITATION_MOTIVE,HIGH_WOMEN_CYBERCRIME,HIGH_FRAUD_MOTIVE + HIGH_SEC66D_CHEATING + HIGH_SEXUAL_EXPLOITATION_MOTIVE -> HIGH_WOMEN_CYBERCRIME,3,1
0.3611111111111111,0.5,0.3333333333333333,0.923076923076923,1.846153846153846,1.0,0.15277777777777776,6.499999999999995,0.717391304347826,0.6315789473684209,0.846153846153846,0.7948717948717948,12,13,18,HIGH_FRAUD_MOTIVE + HIGH_SEC66D_CHEATING + HIGH_SEXUAL_EXPLOITATION_MOTIVE,HIGH_CHILD_CYBERCRIME,HIGH_FRAUD_MOTIVE + HIGH_SEC66D_CHEATING + HIGH_SEXUAL_EXPLOITATION_MOTIVE -> HIGH_CHILD_CYBERCRIME,3,1
0.3611111111111111,0.5,0.3333333333333333,0.923076923076923,1.846153846153846,1.0,0.15277777777777776,6.499999999999995,0.717391304347826,0.6315789473684209,0.846153846153846,0.7948717948717948,12,13,18,HIGH_IDENTITY_THEFT + HIGH_SEC66D_CHEATING + HIGH_SEXUAL_EXPLOITATION_MOTIVE,HIGH_WOMEN_CYBERCRIME,HIGH_IDENTITY_THEFT + HIGH_SEC66D_CHEATING + HIGH_SEXUAL_EXPLOITATION_MOTIVE -> HIGH_WOMEN_CYBERCRIME,3,1
0.3611111111111111,0.5,0.3333333333333333,0.923076923076923,1.846153846153846,1.0,0.15277777777777776,6.499999999999995,0.717391304347826,0.6315789473684209,0.846153846153846,0.7948717948717948,12,13,18,HIGH_IDENTITY_THEFT + HIGH_SEC66D_CHEATING + HIGH_SEXUAL_EXPLOITATION_MOTIVE,HIGH_CHILD_CYBERCRIME,HIGH_IDENTITY_THEFT + HIGH_SEC66D_CHEATING + HIGH_SEXUAL_EXPLOITATION_MOTIVE -> HIGH_CHILD_CYBERCRIME,3,1
0.3333333333333333,0.3888888888888889,0.3055555555555556,0.9166666666666667,2.357142857142857,1.0,0.17592592592592596,7.33333333333334,0.8636363636363636,0.7333333333333335,0.8636363636363638,0.8511904761904763,11,12,14,HIGH_CHILD_CYBERCRIME + HIGH_EXTORTION_MOTIVE + HIGH_IDENTITY_THEFT + HIGH_SEC66D_CHEATING,HIGH_FRAUD_MOTIVE + HIGH_SEXUAL_EXPLOITATION_MOTIVE + HIGH_WOMEN_CYBERCRIME,HIGH_CHILD_CYBERCRIME + HIGH_EXTORTION_MOTIVE + HIGH_IDENTITY_THEFT + HIGH_SEC66D_CHEATING -> HIGH_FRAUD_MOTIVE + HIGH_SEXUAL_EXPLOITATION_MOTIVE + HIGH_WOMEN_CYBERCRIME,4,3
0.3333333333333333,0.3888888888888889,0.3055555555555556,0.9166666666666667,2.357142857142857,1.0,0.17592592592592596,7.33333333333334,0.8636363636363636,0.7333333333333335,0.8636363636363638,0.8511904761904763,11,12,14,HIGH_CHILD_CYBERCRIME + HIGH_IDENTITY_THEFT + HIGH_SEC66D_CHEATING + HIGH_SEXUAL_EXPLOITATION_MOTIVE,HIGH_EXTORTION_MOTIVE + HIGH_FRAUD_MOTIVE + HIGH_WOMEN_CYBERCRIME,HIGH_CHILD_CYBERCRIME + HIGH_IDENTITY_THEFT + HIGH_SEC66D_CHEATING + HIGH_SEXUAL_EXPLOITATION_MOTIVE -> HIGH_EXTORTION_MOTIVE + HIGH_FRAUD_MOTIVE + HIGH_WOMEN_CYBERCRIME,4,3
0.3333333333333333,0.3888888888888889,0.3055555555555556,0.9166666666666667,2.357142857142857,1.0,0.17592592592592596,7.33333333333334,0.8636363636363636,0.7333333333333335,0.8636363636363638,0.8511904761904763,11,12,14,HIGH_CHILD_CYBERCRIME + HIGH_EXTORTION_MOTIVE + HIGH_SEC66D_CHEATING + HIGH_SEXUAL_EXPLOITATION_MOTIVE,HIGH_FRAUD_MOTIVE + HIGH_IDENTITY_THEFT + HIGH_WOMEN_CYBERCRIME,HIGH_CHILD_CYBERCRIME + HIGH_EXTORTION_MOTIVE + HIGH_SEC66D_CHEATING + HIGH_SEXUAL_EXPLOITATION_MOTIVE -> HIGH_FRAUD_MOTIVE + HIGH_IDENTITY_THEFT + HIGH_WOMEN_CYBERCRIME,4,3
0.3333333333333333,0.3888888888888889,0.3055555555555556,0.9166666666666667,2.357142857142857,1.0,0.17592592592592596,7.33333333333334,0.8636363636363636,0.7333333333333335,0.8636363636363638,0.8511904761904763,11,12,14,HIGH_EXTORTION_MOTIVE + HIGH_IDENTITY_THEFT + HIGH_SEC66D_CHEATING + HIGH_WOMEN_CYBERCRIME,HIGH_CHILD_CYBERCRIME + HIGH_FRAUD_MOTIVE + HIGH_SEXUAL_EXPLOITATION_MOTIVE,HIGH_EXTORTION_MOTIVE + HIGH_IDENTITY_THEFT + HIGH_SEC66D_CHEATING + HIGH_WOMEN_CYBERCRIME -> HIGH_CHILD_CYBERCRIME + HIGH_FRAUD_MOTIVE + HIGH_SEXUAL_EXPLOITATION_MOTIVE,4,3
0.3333333333333333,0.3888888888888889,0.3055555555555556,0.9166666666666667,2.357142857142857,1.0,0.17592592592592596,7.33333333333334,0.8636363636363636,0.7333333333333335,0.8636363636363638,0.8511904761904763,11,12,14,HIGH_IDENTITY_THEFT + HIGH_SEC66D_CHEATING + HIGH_SEXUAL_EXPLOITATION_MOTIVE + HIGH_WOMEN_CYBERCRIME,HIGH_CHILD_CYBERCRIME + HIGH_EXTORTION_MOTIVE + HIGH_FRAUD_MOTIVE,HIGH_IDENTITY_THEFT + HIGH_SEC66D_CHEATING + HIGH_SEXUAL_EXPLOITATION_MOTIVE + HIGH_WOMEN_CYBERCRIME -> HIGH_CHILD_CYBERCRIME + HIGH_EXTORTION_MOTIVE + HIGH_FRAUD_MOTIVE,4,3
0.3333333333333333,0.3888888888888889,0.3055555555555556,0.9166666666666667,2.357142857142857,1.0,0.17592592592592596,7.33333333333334,0.8636363636363636,0.7333333333333335,0.8636363636363638,0.8511904761904763,11,12,14,HIGH_EXTORTION_MOTIVE + HIGH_SEC66D_CHEATING + HIGH_SEXUAL_EXPLOITATION_MOTIVE + HIGH_WOMEN_CYBERCRIME,HIGH_CHILD_CYBERCRIME + HIGH_FRAUD_MOTIVE + HIGH_IDENTITY_THEFT,HIGH_EXTORTION_MOTIVE + HIGH_SEC66D_CHEATING + HIGH_SEXUAL_EXPLOITATION_MOTIVE + HIGH_WOMEN_CYBERCRIME -> HIGH_CHILD_CYBERCRIME + HIGH_FRAUD_MOTIVE + HIGH_IDENTITY_THEFT,4,3
0.3333333333333333,0.3888888888888889,0.3055555555555556,0.9166666666666667,2.357142857142857,1.0,0.17592592592592596,7.33333333333334,0.8636363636363636,0.7333333333333335,0.8636363636363638,0.8511904761904763,11,12,14,HIGH_CHILD_CYBERCRIME + HIGH_IDENTITY_THEFT + HIGH_SEC66D_CHEATING,HIGH_EXTORTION_MOTIVE + HIGH_FRAUD_MOTIVE + HIGH_SEXUAL_EXPLOITATION_MOTIVE + HIGH_WOMEN_CYBERCRIME,HIGH_CHILD_CYBERCRIME + HIGH_IDENTITY_THEFT + HIGH_SEC66D_CHEATING -> HIGH_EXTORTION_MOTIVE + HIGH_FRAUD_MOTIVE + HIGH_SEXUAL_EXPLOITATION_MOTIVE + HIGH_WOMEN_CYBERCRIME,3,4
0.3333333333333333,0.3888888888888889,0.3055555555555556,0.9166666666666667,2.357142857142857,1.0,0.17592592592592596,7.33333333333334,0.8636363636363636,0.7333333333333335,0.8636363636363638,0.8511904761904763,11,12,14,HIGH_CHILD_CYBERCRIME + HIGH_EXTORTION_MOTIVE + HIGH_SEC66D_CHEATING,HIGH_FRAUD_MOTIVE + HIGH_IDENTITY_THEFT + HIGH_SEXUAL_EXPLOITATION_MOTIVE + HIGH_WOMEN_CYBERCRIME,HIGH_CHILD_CYBERCRIME + HIGH_EXTORTION_MOTIVE + HIGH_SEC66D_CHEATING -> HIGH_FRAUD_MOTIVE + HIGH_IDENTITY_THEFT + HIGH_SEXUAL_EXPLOITATION_MOTIVE + HIGH_WOMEN_CYBERCRIME,3,4
0.3333333333333333,0.3888888888888889,0.3055555555555556,0.9166666666666667,2.357142857142857,1.0,0.17592592592592596,7.33333333333334,0.8636363636363636,0.7333333333333335,0.8636363636363638,0.8511904761904763,11,12,14,HIGH_CHILD_CYBERCRIME + HIGH_SEC66D_CHEATING + HIGH_SEXUAL_EXPLOITATION_MOTIVE,HIGH_EXTORTION_MOTIVE + HIGH_FRAUD_MOTIVE + HIGH_IDENTITY_THEFT + HIGH_WOMEN_CYBERCRIME,HIGH_CHILD_CYBERCRIME + HIGH_SEC66D_CHEATING + HIGH_SEXUAL_EXPLOITATION_MOTIVE -> HIGH_EXTORTION_MOTIVE + HIGH_FRAUD_MOTIVE + HIGH_IDENTITY_THEFT + HIGH_WOMEN_CYBERCRIME,3,4
0.3333333333333333,0.3888888888888889,0.3055555555555556,0.9166666666666667,2.357142857142857,1.0,0.17592592592592596,7.33333333333334,0.8636363636363636,0.7333333333333335,0.8636363636363638,0.8511904761904763,11,12,14,HIGH_IDENTITY_THEFT + HIGH_SEC66D_CHEATING + HIGH_WOMEN_CYBERCRIME,HIGH_CHILD_CYBERCRIME + HIGH_EXTORTION_MOTIVE + HIGH_FRAUD_MOTIVE + HIGH_SEXUAL_EXPLOITATION_MOTIVE,HIGH_IDENTITY_THEFT + HIGH_SEC66D_CHEATING + HIGH_WOMEN_CYBERCRIME -> HIGH_CHILD_CYBERCRIME + HIGH_EXTORTION_MOTIVE + HIGH_FRAUD_MOTIVE + HIGH_SEXUAL_EXPLOITATION_MOTIVE,3,4
0.3333333333333333,0.3888888888888889,0.3055555555555556,0.9166666666666667,2.357142857142857,1.0,0.17592592592592596,7.33333333333334,0.8636363636363636,0.7333333333333335,0.8636363636363638,0.8511904761904763,11,12,14,HIGH_EXTORTION_MOTIVE + HIGH_SEC66D_CHEATING + HIGH_WOMEN_CYBERCRIME,HIGH_CHILD_CYBERCRIME + HIGH_FRAUD_MOTIVE + HIGH_IDENTITY_THEFT + HIGH_SEXUAL_EXPLOITATION_MOTIVE,HIGH_EXTORTION_MOTIVE + HIGH_SEC66D_CHEATING + HIGH_WOMEN_CYBERCRIME -> HIGH_CHILD_CYBERCRIME + HIGH_FRAUD_MOTIVE + HIGH_IDENTITY_THEFT + HIGH_SEXUAL_EXPLOITATION_MOTIVE,3,4
0.3333333333333333,0.3888888888888889,0.3055555555555556,0.9166666666666667,2.357142857142857,1.0,0.17592592592592596,7.33333333333334,0.8636363636363636,0.7333333333333335,0.8636363636363638,0.8511904761904763,11,12,14,HIGH_SEC66D_CHEATING + HIGH_SEXUAL_EXPLOITATION_MOTIVE + HIGH_WOMEN_CYBERCRIME,HIGH_CHILD_CYBERCRIME + HIGH_EXTORTION_MOTIVE + HIGH_FRAUD_MOTIVE + HIGH_IDENTITY_THEFT,HIGH_SEC66D_CHEATING + HIGH_SEXUAL_EXPLOITATION_MOTIVE + HIGH_WOMEN_CYBERCRIME -> HIGH_CHILD_CYBERCRIME + HIGH_EXTORTION_MOTIVE + HIGH_FRAUD_MOTIVE + HIGH_IDENTITY_THEFT,3,4
0.3333333333333333,0.3888888888888889,0.3055555555555556,0.9166666666666667,2.357142857142857,1.0,0.17592592592592596,7.33333333333334,0.8636363636363636,0.7333333333333335,0.8636363636363638,0.8511904761904763,11,12,14,HIGH_CHILD_CYBERCRIME + HIGH_SEC66D_CHEATING,HIGH_EXTORTION_MOTIVE + HIGH_FRAUD_MOTIVE + HIGH_IDENTITY_THEFT + HIGH_SEXUAL_EXPLOITATION_MOTIVE + HIGH_WOMEN_CYBERCRIME,HIGH_CHILD_CYBERCRIME + HIGH_SEC66D_CHEATING -> HIGH_EXTORTION_MOTIVE + HIGH_FRAUD_MOTIVE + HIGH_IDENTITY_THEFT + HIGH_SEXUAL_EXPLOITATION_MOTIVE + HIGH_WOMEN_CYBERCRIME,2,5
0.3333333333333333,0.3888888888888889,0.3055555555555556,0.9166666666666667,2.357142857142857,1.0,0.17592592592592596,7.33333333333334,0.8636363636363636,0.7333333333333335,0.8636363636363638,0.8511904761904763,11,12,14,HIGH_SEC66D_CHEATING + HIGH_WOMEN_CYBERCRIME,HIGH_CHILD_CYBERCRIME + HIGH_EXTORTION_MOTIVE + HIGH_FRAUD_MOTIVE + HIGH_IDENTITY_THEFT + HIGH_SEXUAL_EXPLOITATION_MOTIVE,HIGH_SEC66D_CHEATING + HIGH_WOMEN_CYBERCRIME -> HIGH_CHILD_CYBERCRIME + HIGH_EXTORTION_MOTIVE + HIGH_FRAUD_MOTIVE + HIGH_IDENTITY_THEFT + HIGH_SEXUAL_EXPLOITATION_MOTIVE,2,5
0.3333333333333333,0.3888888888888889,0.3055555555555556,0.9166666666666667,2.357142857142857,1.0,0.17592592592592596,7.33333333333334,0.8636363636363636,0.7333333333333335,0.8636363636363638,0.8511904761904763,11,12,14,HIGH_CHILD_CYBERCRIME + HIGH_IDENTITY_THEFT + HIGH_SEC66D_CHEATING,HIGH_EXTORTION_MOTIVE + HIGH_FRAUD_MOTIVE + HIGH_WOMEN_CYBERCRIME,HIGH_CHILD_CYBERCRIME + HIGH_IDENTITY_THEFT + HIGH_SEC66D_CHEATING -> HIGH_EXTORTION_MOTIVE + HIGH_FRAUD_MOTIVE + HIGH_WOMEN_CYBERCRIME,3,3
0.3333333333333333,0.3888888888888889,0.3055555555555556,0.9166666666666667,2.357142857142857,1.0,0.17592592592592596,7.33333333333334,0.8636363636363636,0.7333333333333335,0.8636363636363638,0.8511904761904763,11,12,14,HIGH_CHILD_CYBERCRIME + HIGH_EXTORTION_MOTIVE + HIGH_SEC66D_CHEATING,HIGH_FRAUD_MOTIVE + HIGH_IDENTITY_THEFT + HIGH_WOMEN_CYBERCRIME,HIGH_CHILD_CYBERCRIME + HIGH_EXTORTION_MOTIVE + HIGH_SEC66D_CHEATING -> HIGH_FRAUD_MOTIVE + HIGH_IDENTITY_THEFT + HIGH_WOMEN_CYBERCRIME,3,3
0.3333333333333333,0.3888888888888889,0.3055555555555556,0.9166666666666667,2.357142857142857,1.0,0.17592592592592596,7.33333333333334,0.8636363636363636,0.7333333333333335,0.8636363636363638,0.8511904761904763,11,12,14,HIGH_IDENTITY_THEFT + HIGH_SEC66D_CHEATING + HIGH_WOMEN_CYBERCRIME,HIGH_CHILD_CYBERCRIME + HIGH_EXTORTION_MOTIVE + HIGH_FRAUD_MOTIVE,HIGH_IDENTITY_THEFT + HIGH_SEC66D_CHEATING + HIGH_WOMEN_CYBERCRIME -> HIGH_CHILD_CYBERCRIME + HIGH_EXTORTION_MOTIVE + HIGH_FRAUD_MOTIVE,3,3
0.3333333333333333,0.3888888888888889,0.3055555555555556,0.9166666666666667,2.357142857142857,1.0,0.17592592592592596,7.33333333333334,0.8636363636363636,0.7333333333333335,0.8636363636363638,0.8511904761904763,11,12,14,HIGH_EXTORTION_MOTIVE + HIGH_SEC66D_CHEATING + HIGH_WOMEN_CYBERCRIME,HIGH_CHILD_CYBERCRIME + HIGH_FRAUD_MOTIVE + HIGH_IDENTITY_THEFT,HIGH_EXTORTION_MOTIVE + HIGH_SEC66D_CHEATING + HIGH_WOMEN_CYBERCRIME -> HIGH_CHILD_CYBERCRIME + HIGH_FRAUD_MOTIVE + HIGH_IDENTITY_THEFT,3,3
0.3333333333333333,0.3888888888888889,0.3055555555555556,0.9166666666666667,2.357142857142857,1.0,0.17592592592592596,7.33333333333334,0.8636363636363636,0.7333333333333335,0.8636363636363638,0.8511904761904763,11,12,14,HIGH_CHILD_CYBERCRIME + HIGH_SEC66D_CHEATING,HIGH_EXTORTION_MOTIVE + HIGH_FRAUD_MOTIVE + HIGH_IDENTITY_THEFT + HIGH_WOMEN_CYBERCRIME,HIGH_CHILD_CYBERCRIME + HIGH_SEC66D_CHEATING -> HIGH_EXTORTION_MOTIVE + HIGH_FRAUD_MOTIVE + HIGH_IDENTITY_THEFT + HIGH_WOMEN_CYBERCRIME,2,4
0.3333333333333333,0.3888888888888889,0.3055555555555556,0.9166666666666667,2.357142857142857,1.0,0.17592592592592596,7.33333333333334,0.8636363636363636,0.7333333333333335,0.8636363636363638,0.8511904761904763,11,12,14,HIGH_SEC66D_CHEATING + HIGH_WOMEN_CYBERCRIME,HIGH_CHILD_CYBERCRIME + HIGH_EXTORTION_MOTIVE + HIGH_FRAUD_MOTIVE + HIGH_IDENTITY_THEFT,HIGH_SEC66D_CHEATING + HIGH_WOMEN_CYBERCRIME -> HIGH_CHILD_CYBERCRIME + HIGH_EXTORTION_MOTIVE + HIGH_FRAUD_MOTIVE + HIGH_IDENTITY_THEFT,2,4
0.3333333333333333,0.3888888888888889,0.3055555555555556,0.9166666666666667,2.357142857142857,1.0,0.17592592592592596,7.33333333333334,0.8636363636363636,0.7333333333333335,0.8636363636363638,0.8511904761904763,11,12,14,HIGH_CHILD_CYBERCRIME + HIGH_IDENTITY_THEFT + HIGH_SEC66D_CHEATING,HIGH_FRAUD_MOTIVE + HIGH_SEXUAL_EXPLOITATION_MOTIVE + HIGH_WOMEN_CYBERCRIME,HIGH_CHILD_CYBERCRIME + HIGH_IDENTITY_THEFT + HIGH_SEC66D_CHEATING -> HIGH_FRAUD_MOTIVE + HIGH_SEXUAL_EXPLOITATION_MOTIVE + HIGH_WOMEN_CYBERCRIME,3,3
0.3333333333333333,0.3888888888888889,0.3055555555555556,0.9166666666666667,2.357142857142857,1.0,0.17592592592592596,7.33333333333334,0.8636363636363636,0.7333333333333335,0.8636363636363638,0.8511904761904763,11,12,14,HIGH_CHILD_CYBERCRIME + HIGH_SEC66D_CHEATING + HIGH_SEXUAL_EXPLOITATION_MOTIVE,HIGH_FRAUD_MOTIVE + HIGH_IDENTITY_THEFT + HIGH_WOMEN_CYBERCRIME,HIGH_CHILD_CYBERCRIME + HIGH_SEC66D_CHEATING + HIGH_SEXUAL_EXPLOITATION_MOTIVE -> HIGH_FRAUD_MOTIVE + HIGH_IDENTITY_THEFT + HIGH_WOMEN_CYBERCRIME,3,3
0.3333333333333333,0.3888888888888889,0.3055555555555556,0.9166666666666667,2.357142857142857,1.0,0.17592592592592596,7.33333333333334,0.8636363636363636,0.7333333333333335,0.8636363636363638,0.8511904761904763,11,12,14,HIGH_IDENTITY_THEFT + HIGH_SEC66D_CHEATING + HIGH_WOMEN_CYBERCRIME,HIGH_CHILD_CYBERCRIME + HIGH_FRAUD_MOTIVE + HIGH_SEXUAL_EXPLOITATION_MOTIVE,HIGH_IDENTITY_THEFT + HIGH_SEC66D_CHEATING + HIGH_WOMEN_CYBERCRIME -> HIGH_CHILD_CYBERCRIME + HIGH_FRAUD_MOTIVE + HIGH_SEXUAL_EXPLOITATION_MOTIVE,3,3
0.3333333333333333,0.3888888888888889,0.3055555555555556,0.9166666666666667,2.357142857142857,1.0,0.17592592592592596,7.33333333333334,0.8636363636363636,0.7333333333333335,0.8636363636363638,0.8511904761904763,11,12,14,HIGH_SEC66D_CHEATING + HIGH_SEXUAL_EXPLOITATION_MOTIVE + HIGH_WOMEN_CYBERCRIME,HIGH_CHILD_CYBERCRIME + HIGH_FRAUD_MOTIVE + HIGH_IDENTITY_THEFT,HIGH_SEC66D_CHEATING + HIGH_SEXUAL_EXPLOITATION_MOTIVE + HIGH_WOMEN_CYBERCRIME -> HIGH_CHILD_CYBERCRIME + HIGH_FRAUD_MOTIVE + HIGH_IDENTITY_THEFT,3,3
0.3333333333333333,0.3888888888888889,0.3055555555555556,0.9166666666666667,2.357142857142857,1.0,0.17592592592592596,7.33333333333334,0.8636363636363636,0.7333333333333335,0.8636363636363638,0.8511904761904763,11,12,14,HIGH_CHILD_CYBERCRIME + HIGH_SEC66D_CHEATING,HIGH_FRAUD_MOTIVE + HIGH_IDENTITY_THEFT + HIGH_SEXUAL_EXPLOITATION_MOTIVE + HIGH_WOMEN_CYBERCRIME,HIGH_CHILD_CYBERCRIME + HIGH_SEC66D_CHEATING -> HIGH_FRAUD_MOTIVE + HIGH_IDENTITY_THEFT + HIGH_SEXUAL_EXPLOITATION_MOTIVE + HIGH_WOMEN_CYBERCRIME,2,4
0.3333333333333333,0.3888888888888889,0.3055555555555556,0.9166666666666667,2.357142857142857,1.0,0.17592592592592596,7.33333333333334,0.8636363636363636,0.7333333333333335,0.8636363636363638,0.8511904761904763,11,12,14,HIGH_SEC66D_CHEATING + HIGH_WOMEN_CYBERCRIME,HIGH_CHILD_CYBERCRIME + HIGH_FRAUD_MOTIVE + HIGH_IDENTITY_THEFT + HIGH_SEXUAL_EXPLOITATION_MOTIVE,HIGH_SEC66D_CHEATING + HIGH_WOMEN_CYBERCRIME -> HIGH_CHILD_CYBERCRIME + HIGH_FRAUD_MOTIVE + HIGH_IDENTITY_THEFT + HIGH_SEXUAL_EXPLOITATION_MOTIVE,2,4
0.3333333333333333,0.3888888888888889,0.3055555555555556,0.9166666666666667,2.357142857142857,1.0,0.17592592592592596,7.33333333333334,0.8636363636363636,0.7333333333333335,0.8636363636363638,0.8511904761904763,11,12,14,HIGH_CHILD_CYBERCRIME + HIGH_EXTORTION_MOTIVE + HIGH_SEC66D_CHEATING,HIGH_FRAUD_MOTIVE + HIGH_SEXUAL_EXPLOITATION_MOTIVE + HIGH_WOMEN_CYBERCRIME,HIGH_CHILD_CYBERCRIME + HIGH_EXTORTION_MOTIVE + HIGH_SEC66D_CHEATING -> HIGH_FRAUD_MOTIVE + HIGH_SEXUAL_EXPLOITATION_MOTIVE + HIGH_WOMEN_CYBERCRIME,3,3
0.3333333333333333,0.3888888888888889,0.3055555555555556,0.9166666666666667,2.357142857142857,1.0,0.17592592592592596,7.33333333333334,0.8636363636363636,0.7333333333333335,0.8636363636363638,0.8511904761904763,11,12,14,HIGH_CHILD_CYBERCRIME + HIGH_SEC66D_CHEATING + HIGH_SEXUAL_EXPLOITATION_MOTIVE,HIGH_EXTORTION_MOTIVE + HIGH_FRAUD_MOTIVE + HIGH_WOMEN_CYBERCRIME,HIGH_CHILD_CYBERCRIME + HIGH_SEC66D_CHEATING + HIGH_SEXUAL_EXPLOITATION_MOTIVE -> HIGH_EXTORTION_MOTIVE + HIGH_FRAUD_MOTIVE + HIGH_WOMEN_CYBERCRIME,3,3
0.3333333333333333,0.3888888888888889,0.3055555555555556,0.9166666666666667,2.357142857142857,1.0,0.17592592592592596,7.33333333333334,0.8636363636363636,0.7333333333333335,0.8636363636363638,0.8511904761904763,11,12,14,HIGH_EXTORTION_MOTIVE + HIGH_SEC66D_CHEATING + HIGH_WOMEN_CYBERCRIME,HIGH_CHILD_CYBERCRIME + HIGH_FRAUD_MOTIVE + HIGH_SEXUAL_EXPLOITATION_MOTIVE,HIGH_EXTORTION_MOTIVE + HIGH_SEC66D_CHEATING + HIGH_WOMEN_CYBERCRIME -> HIGH_CHILD_CYBERCRIME + HIGH_FRAUD_MOTIVE + HIGH_SEXUAL_EXPLOITATION_MOTIVE,3,3
0.3333333333333333,0.3888888888888889,0.3055555555555556,0.9166666666666667,2.357142857142857,1.0,0.17592592592592596,7.33333333333334,0.8636363636363636,0.7333333333333335,0.8636363636363638,0.8511904761904763,11,12,14,HIGH_SEC66D_CHEATING + HIGH_SEXUAL_EXPLOITATION_MOTIVE + HIGH_WOMEN_CYBERCRIME,HIGH_CHILD_CYBERCRIME + HIGH_EXTORTION_MOTIVE + HIGH_FRAUD_MOTIVE,HIGH_SEC66D_CHEATING + HIGH_SEXUAL_EXPLOITATION_MOTIVE + HIGH_WOMEN_CYBERCRIME -> HIGH_CHILD_CYBERCRIME + HIGH_EXTORTION_MOTIVE + HIGH_FRAUD_MOTIVE,3,3
0.3333333333333333,0.3888888888888889,0.3055555555555556,0.9166666666666667,2.357142857142857,1.0,0.17592592592592596,7.33333333333334,0.8636363636363636,0.7333333333333335,0.8636363636363638,0.8511904761904763,11,12,14,HIGH_CHILD_CYBERCRIME + HIGH_SEC66D_CHEATING,HIGH_EXTORTION_MOTIVE + HIGH_FRAUD_MOTIVE + HIGH_SEXUAL_EXPLOITATION_MOTIVE + HIGH_WOMEN_CYBERCRIME,HIGH_CHILD_CYBERCRIME + HIGH_SEC66D_CHEATING -> HIGH_EXTORTION_MOTIVE + HIGH_FRAUD_MOTIVE + HIGH_SEXUAL_EXPLOITATION_MOTIVE + HIGH_WOMEN_CYBERCRIME,2,4
0.3333333333333333,0.3888888888888889,0.3055555555555556,0.9166666666666667,2.357142857142857,1.0,0.17592592592592596,7.33333333333334,0.8636363636363636,0.7333333333333335,0.8636363636363638,0.8511904761904763,11,12,14,HIGH_SEC66D_CHEATING + HIGH_WOMEN_CYBERCRIME,HIGH_CHILD_CYBERCRIME + HIGH_EXTORTION_MOTIVE + HIGH_FRAUD_MOTIVE + HIGH_SEXUAL_EXPLOITATION_MOTIVE,HIGH_SEC66D_CHEATING + HIGH_WOMEN_CYBERCRIME -> HIGH_CHILD_CYBERCRIME + HIGH_EXTORTION_MOTIVE + HIGH_FRAUD_MOTIVE + HIGH_SEXUAL_EXPLOITATION_MOTIVE,2,4
0.3333333333333333,0.3888888888888889,0.3055555555555556,0.9166666666666667,2.357142857142857,1.0,0.17592592592592596,7.33333333333334,0.8636363636363636,0.7333333333333335,0.8636363636363638,0.8511904761904763,11,12,14,HIGH_CHILD_CYBERCRIME + HIGH_SEC66D_CHEATING,HIGH_FRAUD_MOTIVE + HIGH_IDENTITY_THEFT + HIGH_WOMEN_CYBERCRIME,HIGH_CHILD_CYBERCRIME + HIGH_SEC66D_CHEATING -> HIGH_FRAUD_MOTIVE + HIGH_IDENTITY_THEFT + HIGH_WOMEN_CYBERCRIME,2,3
0.3333333333333333,0.3888888888888889,0.3055555555555556,0.9166666666666667,2.357142857142857,1.0,0.17592592592592596,7.33333333333334,0.8636363636363636,0.7333333333333335,0.8636363636363638,0.8511904761904763,11,12,14,HIGH_SEC66D_CHEATING + HIGH_WOMEN_CYBERCRIME,HIGH_CHILD_CYBERCRIME + HIGH_FRAUD_MOTIVE + HIGH_IDENTITY_THEFT,HIGH_SEC66D_CHEATING + HIGH_WOMEN_CYBERCRIME -> HIGH_CHILD_CYBERCRIME + HIGH_FRAUD_MOTIVE + HIGH_IDENTITY_THEFT,2,3
0.3333333333333333,0.3888888888888889,0.3055555555555556,0.9166666666666667,2.357142857142857,1.0,0.17592592592592596,7.33333333333334,0.8636363636363636,0.7333333333333335,0.8636363636363638,0.8511904761904763,11,12,14,HIGH_CHILD_CYBERCRIME + HIGH_SEC66D_CHEATING,HIGH_EXTORTION_MOTIVE + HIGH_FRAUD_MOTIVE + HIGH_WOMEN_CYBERCRIME,HIGH_CHILD_CYBERCRIME + HIGH_SEC66D_CHEATING -> HIGH_EXTORTION_MOTIVE + HIGH_FRAUD_MOTIVE + HIGH_WOMEN_CYBERCRIME,2,3
0.3333333333333333,0.3888888888888889,0.3055555555555556,0.9166666666666667,2.357142857142857,1.0,0.17592592592592596,7.33333333333334,0.8636363636363636,0.7333333333333335,0.8636363636363638,0.8511904761904763,11,12,14,HIGH_SEC66D_CHEATING + HIGH_WOMEN_CYBERCRIME,HIGH_CHILD_CYBERCRIME + HIGH_EXTORTION_MOTIVE + HIGH_FRAUD_MOTIVE,HIGH_SEC66D_CHEATING + HIGH_WOMEN_CYBERCRIME -> HIGH_CHILD_CYBERCRIME + HIGH_EXTORTION_MOTIVE + HIGH_FRAUD_MOTIVE,2,3
0.3333333333333333,0.3888888888888889,0.3055555555555556,0.9166666666666667,2.357142857142857,1.0,0.17592592592592596,7.33333333333334,0.8636363636363636,0.7333333333333335,0.8636363636363638,0.8511904761904763,11,12,14,HIGH_CHILD_CYBERCRIME + HIGH_SEC66D_CHEATING,HIGH_FRAUD_MOTIVE + HIGH_SEXUAL_EXPLOITATION_MOTIVE + HIGH_WOMEN_CYBERCRIME,HIGH_CHILD_CYBERCRIME + HIGH_SEC66D_CHEATING -> HIGH_FRAUD_MOTIVE + HIGH_SEXUAL_EXPLOITATION_MOTIVE + HIGH_WOMEN_CYBERCRIME,2,3
0.3333333333333333,0.3888888888888889,0.3055555555555556,0.9166666666666667,2.357142857142857,1.0,0.17592592592592596,7.33333333333334,0.8636363636363636,0.7333333333333335,0.8636363636363638,0.8511904761904763,11,12,14,HIGH_SEC66D_CHEATING + HIGH_WOMEN_CYBERCRIME,HIGH_CHILD_CYBERCRIME + HIGH_FRAUD_MOTIVE + HIGH_SEXUAL_EXPLOITATION_MOTIVE,HIGH_SEC66D_CHEATING + HIGH_WOMEN_CYBERCRIME -> HIGH_CHILD_CYBERCRIME + HIGH_FRAUD_MOTIVE + HIGH_SEXUAL_EXPLOITATION_MOTIVE,2,3
0.3333333333333333,0.4166666666666667,0.3055555555555556,0.9166666666666667,2.2,1.0,0.16666666666666669,7.000000000000005,0.8181818181818181,0.6875000000000001,0.8571428571428572,0.8250000000000001,11,12,15,HIGH_CHILD_CYBERCRIME + HIGH_EXTORTION_MOTIVE + HIGH_IDENTITY_THEFT + HIGH_SEC66D_CHEATING + HIGH_SEXUAL_EXPLOITATION_MOTIVE,HIGH_FRAUD_MOTIVE + HIGH_WOMEN_CYBERCRIME,HIGH_CHILD_CYBERCRIME + HIGH_EXTORTION_MOTIVE + HIGH_IDENTITY_THEFT + HIGH_SEC66D_CHEATING + HIGH_SEXUAL_EXPLOITATION_MOTIVE -> HIGH_FRAUD_MOTIVE + HIGH_WOMEN_CYBERCRIME,5,2
0.3333333333333333,0.4166666666666667,0.3055555555555556,0.9166666666666667,2.2,1.0,0.16666666666666669,7.000000000000005,0.8181818181818181,0.6875000000000001,0.8571428571428572,0.8250000000000001,11,12,15,HIGH_CHILD_CYBERCRIME + HIGH_FRAUD_MOTIVE + HIGH_IDENTITY_THEFT + HIGH_SEC66D_CHEATING + HIGH_SEXUAL_EXPLOITATION_MOTIVE,HIGH_EXTORTION_MOTIVE + HIGH_WOMEN_CYBERCRIME,HIGH_CHILD_CYBERCRIME + HIGH_FRAUD_MOTIVE + HIGH_IDENTITY_THEFT + HIGH_SEC66D_CHEATING + HIGH_SEXUAL_EXPLOITATION_MOTIVE -> HIGH_EXTORTION_MOTIVE + HIGH_WOMEN_CYBERCRIME,5,2
0.3333333333333333,0.4166666666666667,0.3055555555555556,0.9166666666666667,2.2,1.0,0.16666666666666669,7.000000000000005,0.8181818181818181,0.6875000000000001,0.8571428571428572,0.8250000000000001,11,12,15,HIGH_CHILD_CYBERCRIME + HIGH_EXTORTION_MOTIVE + HIGH_FRAUD_MOTIVE + HIGH_SEC66D_CHEATING + HIGH_SEXUAL_EXPLOITATION_MOTIVE,HIGH_IDENTITY_THEFT + HIGH_WOMEN_CYBERCRIME,HIGH_CHILD_CYBERCRIME + HIGH_EXTORTION_MOTIVE + HIGH_FRAUD_MOTIVE + HIGH_SEC66D_CHEATING + HIGH_SEXUAL_EXPLOITATION_MOTIVE -> HIGH_IDENTITY_THEFT + HIGH_WOMEN_CYBERCRIME,5,2
0.3333333333333333,0.4166666666666667,0.3055555555555556,0.9166666666666667,2.2,1.0,0.16666666666666669,7.000000000000005,0.8181818181818181,0.6875000000000001,0.8571428571428572,0.8250000000000001,11,12,15,HIGH_EXTORTION_MOTIVE + HIGH_IDENTITY_THEFT + HIGH_SEC66D_CHEATING + HIGH_SEXUAL_EXPLOITATION_MOTIVE + HIGH_WOMEN_CYBERCRIME,HIGH_CHILD_CYBERCRIME + HIGH_FRAUD_MOTIVE,HIGH_EXTORTION_MOTIVE + HIGH_IDENTITY_THEFT + HIGH_SEC66D_CHEATING + HIGH_SEXUAL_EXPLOITATION_MOTIVE + HIGH_WOMEN_CYBERCRIME -> HIGH_CHILD_CYBERCRIME + HIGH_FRAUD_MOTIVE,5,2
0.3333333333333333,0.4166666666666667,0.3055555555555556,0.9166666666666667,2.2,1.0,0.16666666666666669,7.000000000000005,0.8181818181818181,0.6875000000000001,0.8571428571428572,0.8250000000000001,11,12,15,HIGH_FRAUD_MOTIVE + HIGH_IDENTITY_THEFT + HIGH_SEC66D_CHEATING + HIGH_SEXUAL_EXPLOITATION_MOTIVE + HIGH_WOMEN_CYBERCRIME,HIGH_CHILD_CYBERCRIME + HIGH_EXTORTION_MOTIVE,HIGH_FRAUD_MOTIVE + HIGH_IDENTITY_THEFT + HIGH_SEC66D_CHEATING + HIGH_SEXUAL_EXPLOITATION_MOTIVE + HIGH_WOMEN_CYBERCRIME -> HIGH_CHILD_CYBERCRIME + HIGH_EXTORTION_MOTIVE,5,2
0.3333333333333333,0.4166666666666667,0.3055555555555556,0.9166666666666667,2.2,1.0,0.16666666666666669,7.000000000000005,0.8181818181818181,0.6875000000000001,0.8571428571428572,0.8250000000000001,11,12,15,HIGH_EXTORTION_MOTIVE + HIGH_FRAUD_MOTIVE + HIGH_SEC66D_CHEATING + HIGH_SEXUAL_EXPLOITATION_MOTIVE + HIGH_WOMEN_CYBERCRIME,HIGH_CHILD_CYBERCRIME + HIGH_IDENTITY_THEFT,HIGH_EXTORTION_MOTIVE + HIGH_FRAUD_MOTIVE + HIGH_SEC66D_CHEATING + HIGH_SEXUAL_EXPLOITATION_MOTIVE + HIGH_WOMEN_CYBERCRIME -> HIGH_CHILD_CYBERCRIME + HIGH_IDENTITY_THEFT,5,2
0.3333333333333333,0.4166666666666667,0.3055555555555556,0.9166666666666667,2.2,1.0,0.16666666666666669,7.000000000000005,0.8181818181818181,0.6875000000000001,0.8571428571428572,0.8250000000000001,11,12,15,HIGH_CHILD_CYBERCRIME + HIGH_FRAUD_MOTIVE + HIGH_IDENTITY_THEFT + HIGH_SEC66D_CHEATING,HIGH_EXTORTION_MOTIVE + HIGH_SEXUAL_EXPLOITATION_MOTIVE + HIGH_WOMEN_CYBERCRIME,HIGH_CHILD_CYBERCRIME + HIGH_FRAUD_MOTIVE + HIGH_IDENTITY_THEFT + HIGH_SEC66D_CHEATING -> HIGH_EXTORTION_MOTIVE + HIGH_SEXUAL_EXPLOITATION_MOTIVE + HIGH_WOMEN_CYBERCRIME,4,3
0.3333333333333333,0.4166666666666667,0.3055555555555556,0.9166666666666667,2.2,1.0,0.16666666666666669,7.000000000000005,0.8181818181818181,0.6875000000000001,0.8571428571428572,0.8250000000000001,11,12,15,HIGH_CHILD_CYBERCRIME + HIGH_EXTORTION_MOTIVE + HIGH_FRAUD_MOTIVE + HIGH_SEC66D_CHEATING,HIGH_IDENTITY_THEFT + HIGH_SEXUAL_EXPLOITATION_MOTIVE + HIGH_WOMEN_CYBERCRIME,HIGH_CHILD_CYBERCRIME + HIGH_EXTORTION_MOTIVE + HIGH_FRAUD_MOTIVE + HIGH_SEC66D_CHEATING -> HIGH_IDENTITY_THEFT + HIGH_SEXUAL_EXPLOITATION_MOTIVE + HIGH_WOMEN_CYBERCRIME,4,3
0.3333333333333333,0.4166666666666667,0.3055555555555556,0.9166666666666667,2.2,1.0,0.16666666666666669,7.000000000000005,0.8181818181818181,0.6875000000000001,0.8571428571428572,0.8250000000000001,11,12,15,HIGH_CHILD_CYBERCRIME + HIGH_FRAUD_MOTIVE + HIGH_SEC66D_CHEATING + HIGH_SEXUAL_EXPLOITATION_MOTIVE,HIGH_EXTORTION_MOTIVE + HIGH_IDENTITY_THEFT + HIGH_WOMEN_CYBERCRIME,HIGH_CHILD_CYBERCRIME + HIGH_FRAUD_MOTIVE + HIGH_SEC66D_CHEATING + HIGH_SEXUAL_EXPLOITATION_MOTIVE -> HIGH_EXTORTION_MOTIVE + HIGH_IDENTITY_THEFT + HIGH_WOMEN_CYBERCRIME,4,3
0.3333333333333333,0.4166666666666667,0.3055555555555556,0.9166666666666667,2.2,1.0,0.16666666666666669,7.000000000000005,0.8181818181818181,0.6875000000000001,0.8571428571428572,0.8250000000000001,11,12,15,HIGH_FRAUD_MOTIVE + HIGH_IDENTITY_THEFT + HIGH_SEC66D_CHEATING + HIGH_WOMEN_CYBERCRIME,HIGH_CHILD_CYBERCRIME + HIGH_EXTORTION_MOTIVE + HIGH_SEXUAL_EXPLOITATION_MOTIVE,HIGH_FRAUD_MOTIVE + HIGH_IDENTITY_THEFT + HIGH_SEC66D_CHEATING + HIGH_WOMEN_CYBERCRIME -> HIGH_CHILD_CYBERCRIME + HIGH_EXTORTION_MOTIVE + HIGH_SEXUAL_EXPLOITATION_MOTIVE,4,3
0.3333333333333333,0.4166666666666667,0.3055555555555556,0.9166666666666667,2.2,1.0,0.16666666666666669,7.000000000000005,0.8181818181818181,0.6875000000000001,0.8571428571428572,0.8250000000000001,11,12,15,HIGH_EXTORTION_MOTIVE + HIGH_FRAUD_MOTIVE + HIGH_SEC66D_CHEATING + HIGH_WOMEN_CYBERCRIME,HIGH_CHILD_CYBERCRIME + HIGH_IDENTITY_THEFT + HIGH_SEXUAL_EXPLOITATION_MOTIVE,HIGH_EXTORTION_MOTIVE + HIGH_FRAUD_MOTIVE + HIGH_SEC66D_CHEATING + HIGH_WOMEN_CYBERCRIME -> HIGH_CHILD_CYBERCRIME + HIGH_IDENTITY_THEFT + HIGH_SEXUAL_EXPLOITATION_MOTIVE,4,3
0.3333333333333333,0.4166666666666667,0.3055555555555556,0.9166666666666667,2.2,1.0,0.16666666666666669,7.000000000000005,0.8181818181818181,0.6875000000000001,0.8571428571428572,0.8250000000000001,11,12,15,HIGH_FRAUD_MOTIVE + HIGH_SEC66D_CHEATING + HIGH_SEXUAL_EXPLOITATION_MOTIVE + HIGH_WOMEN_CYBERCRIME,HIGH_CHILD_CYBERCRIME + HIGH_EXTORTION_MOTIVE + HIGH_IDENTITY_THEFT,HIGH_FRAUD_MOTIVE + HIGH_SEC66D_CHEATING + HIGH_SEXUAL_EXPLOITATION_MOTIVE + HIGH_WOMEN_CYBERCRIME -> HIGH_CHILD_CYBERCRIME + HIGH_EXTORTION_MOTIVE + HIGH_IDENTITY_THEFT,4,3
0.3333333333333333,0.4166666666666667,0.3055555555555556,0.9166666666666667,2.2,1.0,0.16666666666666669,7.000000000000005,0.8181818181818181,0.6875000000000001,0.8571428571428572,0.8250000000000001,11,12,15,HIGH_CHILD_CYBERCRIME + HIGH_FRAUD_MOTIVE + HIGH_SEC66D_CHEATING,HIGH_EXTORTION_MOTIVE + HIGH_IDENTITY_THEFT + HIGH_SEXUAL_EXPLOITATION_MOTIVE + HIGH_WOMEN_CYBERCRIME,HIGH_CHILD_CYBERCRIME + HIGH_FRAUD_MOTIVE + HIGH_SEC66D_CHEATING -> HIGH_EXTORTION_MOTIVE + HIGH_IDENTITY_THEFT + HIGH_SEXUAL_EXPLOITATION_MOTIVE + HIGH_WOMEN_CYBERCRIME,3,4
0.3333333333333333,0.4166666666666667,0.3055555555555556,0.9166666666666667,2.2,1.0,0.16666666666666669,7.000000000000005,0.8181818181818181,0.6875000000000001,0.8571428571428572,0.8250000000000001,11,12,15,HIGH_FRAUD_MOTIVE + HIGH_SEC66D_CHEATING + HIGH_WOMEN_CYBERCRIME,HIGH_CHILD_CYBERCRIME + HIGH_EXTORTION_MOTIVE + HIGH_IDENTITY_THEFT + HIGH_SEXUAL_EXPLOITATION_MOTIVE,HIGH_FRAUD_MOTIVE + HIGH_SEC66D_CHEATING + HIGH_WOMEN_CYBERCRIME -> HIGH_CHILD_CYBERCRIME + HIGH_EXTORTION_MOTIVE + HIGH_IDENTITY_THEFT + HIGH_SEXUAL_EXPLOITATION_MOTIVE,3,4
0.3333333333333333,0.4166666666666667,0.3055555555555556,0.9166666666666667,2.2,1.0,0.16666666666666669,7.000000000000005,0.8181818181818181,0.6875000000000001,0.8571428571428572,0.8250000000000001,11,12,15,HIGH_CHILD_CYBERCRIME + HIGH_EXTORTION_MOTIVE + HIGH_IDENTITY_THEFT + HIGH_SEC66D_CHEATING,HIGH_FRAUD_MOTIVE + HIGH_WOMEN_CYBERCRIME,HIGH_CHILD_CYBERCRIME + HIGH_EXTORTION_MOTIVE + HIGH_IDENTITY_THEFT + HIGH_SEC66D_CHEATING -> HIGH_FRAUD_MOTIVE + HIGH_WOMEN_CYBERCRIME,4,2
0.3333333333333333,0.4166666666666667,0.3055555555555556,0.9166666666666667,2.2,1.0,0.16666666666666669,7.000000000000005,0.8181818181818181,0.6875000000000001,0.8571428571428572,0.8250000000000001,11,12,15,HIGH_CHILD_CYBERCRIME + HIGH_FRAUD_MOTIVE + HIGH_IDENTITY_THEFT + HIGH_SEC66D_CHEATING,HIGH_EXTORTION_MOTIVE + HIGH_WOMEN_CYBERCRIME,HIGH_CHILD_CYBERCRIME + HIGH_FRAUD_MOTIVE + HIGH_IDENTITY_THEFT + HIGH_SEC66D_CHEATING -> HIGH_EXTORTION_MOTIVE + HIGH_WOMEN_CYBERCRIME,4,2
0.3333333333333333,0.4166666666666667,0.3055555555555556,0.9166666666666667,2.2,1.0,0.16666666666666669,7.000000000000005,0.8181818181818181,0.6875000000000001,0.8571428571428572,0.8250000000000001,11,12,15,HIGH_CHILD_CYBERCRIME + HIGH_EXTORTION_MOTIVE + HIGH_FRAUD_MOTIVE + HIGH_SEC66D_CHEATING,HIGH_IDENTITY_THEFT + HIGH_WOMEN_CYBERCRIME,HIGH_CHILD_CYBERCRIME + HIGH_EXTORTION_MOTIVE + HIGH_FRAUD_MOTIVE + HIGH_SEC66D_CHEATING -> HIGH_IDENTITY_THEFT + HIGH_WOMEN_CYBERCRIME,4,2
0.3333333333333333,0.4166666666666667,0.3055555555555556,0.9166666666666667,2.2,1.0,0.16666666666666669,7.000000000000005,0.8181818181818181,0.6875000000000001,0.8571428571428572,0.8250000000000001,11,12,15,HIGH_EXTORTION_MOTIVE + HIGH_IDENTITY_THEFT + HIGH_SEC66D_CHEATING + HIGH_WOMEN_CYBERCRIME,HIGH_CHILD_CYBERCRIME + HIGH_FRAUD_MOTIVE,HIGH_EXTORTION_MOTIVE + HIGH_IDENTITY_THEFT + HIGH_SEC66D_CHEATING + HIGH_WOMEN_CYBERCRIME -> HIGH_CHILD_CYBERCRIME + HIGH_FRAUD_MOTIVE,4,2
0.3333333333333333,0.4166666666666667,0.3055555555555556,0.9166666666666667,2.2,1.0,0.16666666666666669,7.000000000000005,0.8181818181818181,0.6875000000000001,0.8571428571428572,0.8250000000000001,11,12,15,HIGH_FRAUD_MOTIVE + HIGH_IDENTITY_THEFT + HIGH_SEC66D_CHEATING + HIGH_WOMEN_CYBERCRIME,HIGH_CHILD_CYBERCRIME + HIGH_EXTORTION_MOTIVE,HIGH_FRAUD_MOTIVE + HIGH_IDENTITY_THEFT + HIGH_SEC66D_CHEATING + HIGH_WOMEN_CYBERCRIME -> HIGH_CHILD_CYBERCRIME + HIGH_EXTORTION_MOTIVE,4,2
0.3333333333333333,0.4166666666666667,0.3055555555555556,0.9166666666666667,2.2,1.0,0.16666666666666669,7.000000000000005,0.8181818181818181,0.6875000000000001,0.8571428571428572,0.8250000000000001,11,12,15,HIGH_EXTORTION_MOTIVE + HIGH_FRAUD_MOTIVE + HIGH_SEC66D_CHEATING + HIGH_WOMEN_CYBERCRIME,HIGH_CHILD_CYBERCRIME + HIGH_IDENTITY_THEFT,HIGH_EXTORTION_MOTIVE + HIGH_FRAUD_MOTIVE + HIGH_SEC66D_CHEATING + HIGH_WOMEN_CYBERCRIME -> HIGH_CHILD_CYBERCRIME + HIGH_IDENTITY_THEFT,4,2
0.3333333333333333,0.4166666666666667,0.3055555555555556,0.9166666666666667,2.2,1.0,0.16666666666666669,7.000000000000005,0.8181818181818181,0.6875000000000001,0.8571428571428572,0.8250000000000001,11,12,15,HIGH_CHILD_CYBERCRIME + HIGH_FRAUD_MOTIVE + HIGH_SEC66D_CHEATING,HIGH_EXTORTION_MOTIVE + HIGH_IDENTITY_THEFT + HIGH_WOMEN_CYBERCRIME,HIGH_CHILD_CYBERCRIME + HIGH_FRAUD_MOTIVE + HIGH_SEC66D_CHEATING -> HIGH_EXTORTION_MOTIVE + HIGH_IDENTITY_THEFT + HIGH_WOMEN_CYBERCRIME,3,3
0.3333333333333333,0.4166666666666667,0.3055555555555556,0.9166666666666667,2.2,1.0,0.16666666666666669,7.000000000000005,0.8181818181818181,0.6875000000000001,0.8571428571428572,0.8250000000000001,11,12,15,HIGH_FRAUD_MOTIVE + HIGH_SEC66D_CHEATING + HIGH_WOMEN_CYBERCRIME,HIGH_CHILD_CYBERCRIME + HIGH_EXTORTION_MOTIVE + HIGH_IDENTITY_THEFT,HIGH_FRAUD_MOTIVE + HIGH_SEC66D_CHEATING + HIGH_WOMEN_CYBERCRIME -> HIGH_CHILD_CYBERCRIME + HIGH_EXTORTION_MOTIVE + HIGH_IDENTITY_THEFT,3,3
0.3333333333333333,0.4166666666666667,0.3055555555555556,0.9166666666666667,2.2,1.0,0.16666666666666669,7.000000000000005,0.8181818181818181,0.6875000000000001,0.8571428571428572,0.8250000000000001,11,12,15,HIGH_CHILD_CYBERCRIME + HIGH_IDENTITY_THEFT + HIGH_SEC66D_CHEATING + HIGH_SEXUAL_EXPLOITATION_MOTIVE,HIGH_FRAUD_MOTIVE + HIGH_WOMEN_CYBERCRIME,HIGH_CHILD_CYBERCRIME + HIGH_IDENTITY_THEFT + HIGH_SEC66D_CHEATING + HIGH_SEXUAL_EXPLOITATION_MOTIVE -> HIGH_FRAUD_MOTIVE + HIGH_WOMEN_CYBERCRIME,4,2
0.3333333333333333,0.4166666666666667,0.3055555555555556,0.9166666666666667,2.2,1.0,0.16666666666666669,7.000000000000005,0.8181818181818181,0.6875000000000001,0.8571428571428572,0.8250000000000001,11,12,15,HIGH_CHILD_CYBERCRIME + HIGH_FRAUD_MOTIVE + HIGH_SEC66D_CHEATING + HIGH_SEXUAL_EXPLOITATION_MOTIVE,HIGH_IDENTITY_THEFT + HIGH_WOMEN_CYBERCRIME,HIGH_CHILD_CYBERCRIME + HIGH_FRAUD_MOTIVE + HIGH_SEC66D_CHEATING + HIGH_SEXUAL_EXPLOITATION_MOTIVE -> HIGH_IDENTITY_THEFT + HIGH_WOMEN_CYBERCRIME,4,2
0.3333333333333333,0.4166666666666667,0.3055555555555556,0.9166666666666667,2.2,1.0,0.16666666666666669,7.000000000000005,0.8181818181818181,0.6875000000000001,0.8571428571428572,0.8250000000000001,11,12,15,HIGH_IDENTITY_THEFT + HIGH_SEC66D_CHEATING + HIGH_SEXUAL_EXPLOITATION_MOTIVE + HIGH_WOMEN_CYBERCRIME,HIGH_CHILD_CYBERCRIME + HIGH_FRAUD_MOTIVE,HIGH_IDENTITY_THEFT + HIGH_SEC66D_CHEATING + HIGH_SEXUAL_EXPLOITATION_MOTIVE + HIGH_WOMEN_CYBERCRIME -> HIGH_CHILD_CYBERCRIME + HIGH_FRAUD_MOTIVE,4,2
0.3333333333333333,0.4166666666666667,0.3055555555555556,0.9166666666666667,2.2,1.0,0.16666666666666669,7.000000000000005,0.8181818181818181,0.6875000000000001,0.8571428571428572,0.8250000000000001,11,12,15,HIGH_FRAUD_MOTIVE + HIGH_SEC66D_CHEATING + HIGH_SEXUAL_EXPLOITATION_MOTIVE + HIGH_WOMEN_CYBERCRIME,HIGH_CHILD_CYBERCRIME + HIGH_IDENTITY_THEFT,HIGH_FRAUD_MOTIVE + HIGH_SEC66D_CHEATING + HIGH_SEXUAL_EXPLOITATION_MOTIVE + HIGH_WOMEN_CYBERCRIME -> HIGH_CHILD_CYBERCRIME + HIGH_IDENTITY_THEFT,4,2
0.3333333333333333,0.4166666666666667,0.3055555555555556,0.9166666666666667,2.2,1.0,0.16666666666666669,7.000000000000005,0.8181818181818181,0.6875000000000001,0.8571428571428572,0.8250000000000001,11,12,15,HIGH_CHILD_CYBERCRIME + HIGH_FRAUD_MOTIVE + HIGH_SEC66D_CHEATING,HIGH_IDENTITY_THEFT + HIGH_SEXUAL_EXPLOITATION_MOTIVE + HIGH_WOMEN_CYBERCRIME,HIGH_CHILD_CYBERCRIME + HIGH_FRAUD_MOTIVE + HIGH_SEC66D_CHEATING -> HIGH_IDENTITY_THEFT + HIGH_SEXUAL_EXPLOITATION_MOTIVE + HIGH_WOMEN_CYBERCRIME,3,3
0.3333333333333333,0.4166666666666667,0.3055555555555556,0.9166666666666667,2.2,1.0,0.16666666666666669,7.000000000000005,0.8181818181818181,0.6875000000000001,0.8571428571428572,0.8250000000000001,11,12,15,HIGH_FRAUD_MOTIVE + HIGH_SEC66D_CHEATING + HIGH_WOMEN_CYBERCRIME,HIGH_CHILD_CYBERCRIME + HIGH_IDENTITY_THEFT + HIGH_SEXUAL_EXPLOITATION_MOTIVE,HIGH_FRAUD_MOTIVE + HIGH_SEC66D_CHEATING + HIGH_WOMEN_CYBERCRIME -> HIGH_CHILD_CYBERCRIME + HIGH_IDENTITY_THEFT + HIGH_SEXUAL_EXPLOITATION_MOTIVE,3,3
0.3333333333333333,0.4166666666666667,0.3055555555555556,0.9166666666666667,2.2,1.0,0.16666666666666669,7.000000000000005,0.8181818181818181,0.6875000000000001,0.8571428571428572,0.8250000000000001,11,12,15,HIGH_CHILD_CYBERCRIME + HIGH_EXTORTION_MOTIVE + HIGH_SEC66D_CHEATING + HIGH_SEXUAL_EXPLOITATION_MOTIVE,HIGH_FRAUD_MOTIVE + HIGH_WOMEN_CYBERCRIME,HIGH_CHILD_CYBERCRIME + HIGH_EXTORTION_MOTIVE + HIGH_SEC66D_CHEATING + HIGH_SEXUAL_EXPLOITATION_MOTIVE -> HIGH_FRAUD_MOTIVE + HIGH_WOMEN_CYBERCRIME,4,2
0.3333333333333333,0.4166666666666667,0.3055555555555556,0.9166666666666667,2.2,1.0,0.16666666666666669,7.000000000000005,0.8181818181818181,0.6875000000000001,0.8571428571428572,0.8250000000000001,11,12,15,HIGH_CHILD_CYBERCRIME + HIGH_FRAUD_MOTIVE + HIGH_SEC66D_CHEATING + HIGH_SEXUAL_EXPLOITATION_MOTIVE,HIGH_EXTORTION_MOTIVE + HIGH_WOMEN_CYBERCRIME,HIGH_CHILD_CYBERCRIME + HIGH_FRAUD_MOTIVE + HIGH_SEC66D_CHEATING + HIGH_SEXUAL_EXPLOITATION_MOTIVE -> HIGH_EXTORTION_MOTIVE + HIGH_WOMEN_CYBERCRIME,4,2
0.3333333333333333,0.4166666666666667,0.3055555555555556,0.9166666666666667,2.2,1.0,0.16666666666666669,7.000000000000005,0.8181818181818181,0.6875000000000001,0.8571428571428572,0.8250000000000001,11,12,15,HIGH_EXTORTION_MOTIVE + HIGH_SEC66D_CHEATING + HIGH_SEXUAL_EXPLOITATION_MOTIVE + HIGH_WOMEN_CYBERCRIME,HIGH_CHILD_CYBERCRIME + HIGH_FRAUD_MOTIVE,HIGH_EXTORTION_MOTIVE + HIGH_SEC66D_CHEATING + HIGH_SEXUAL_EXPLOITATION_MOTIVE + HIGH_WOMEN_CYBERCRIME -> HIGH_CHILD_CYBERCRIME + HIGH_FRAUD_MOTIVE,4,2
0.3333333333333333,0.4166666666666667,0.3055555555555556,0.9166666666666667,2.2,1.0,0.16666666666666669,7.000000000000005,0.8181818181818181,0.6875000000000001,0.8571428571428572,0.8250000000000001,11,12,15,HIGH_FRAUD_MOTIVE + HIGH_SEC66D_CHEATING + HIGH_SEXUAL_EXPLOITATION_MOTIVE + HIGH_WOMEN_CYBERCRIME,HIGH_CHILD_CYBERCRIME + HIGH_EXTORTION_MOTIVE,HIGH_FRAUD_MOTIVE + HIGH_SEC66D_CHEATING + HIGH_SEXUAL_EXPLOITATION_MOTIVE + HIGH_WOMEN_CYBERCRIME -> HIGH_CHILD_CYBERCRIME + HIGH_EXTORTION_MOTIVE,4,2
0.3333333333333333,0.4166666666666667,0.3055555555555556,0.9166666666666667,2.2,1.0,0.16666666666666669,7.000000000000005,0.8181818181818181,0.6875000000000001,0.8571428571428572,0.8250000000000001,11,12,15,HIGH_CHILD_CYBERCRIME + HIGH_FRAUD_MOTIVE + HIGH_SEC66D_CHEATING,HIGH_EXTORTION_MOTIVE + HIGH_SEXUAL_EXPLOITATION_MOTIVE + HIGH_WOMEN_CYBERCRIME,HIGH_CHILD_CYBERCRIME + HIGH_FRAUD_MOTIVE + HIGH_SEC66D_CHEATING -> HIGH_EXTORTION_MOTIVE + HIGH_SEXUAL_EXPLOITATION_MOTIVE + HIGH_WOMEN_CYBERCRIME,3,3
0.3333333333333333,0.4166666666666667,0.3055555555555556,0.9166666666666667,2.2,1.0,0.16666666666666669,7.000000000000005,0.8181818181818181,0.6875000000000001,0.8571428571428572,0.8250000000000001,11,12,15,HIGH_FRAUD_MOTIVE + HIGH_SEC66D_CHEATING + HIGH_WOMEN_CYBERCRIME,HIGH_CHILD_CYBERCRIME + HIGH_EXTORTION_MOTIVE + HIGH_SEXUAL_EXPLOITATION_MOTIVE,HIGH_FRAUD_MOTIVE + HIGH_SEC66D_CHEATING + HIGH_WOMEN_CYBERCRIME -> HIGH_CHILD_CYBERCRIME + HIGH_EXTORTION_MOTIVE + HIGH_SEXUAL_EXPLOITATION_MOTIVE,3,3
0.3333333333333333,0.4166666666666667,0.3055555555555556,0.9166666666666667,2.2,1.0,0.16666666666666669,7.000000000000005,0.8181818181818181,0.6875000000000001,0.8571428571428572,0.8250000000000001,11,12,15,HIGH_CHILD_CYBERCRIME + HIGH_IDENTITY_THEFT + HIGH_SEC66D_CHEATING + HIGH_SEXUAL_EXPLOITATION_MOTIVE,HIGH_EXTORTION_MOTIVE + HIGH_WOMEN_CYBERCRIME,HIGH_CHILD_CYBERCRIME + HIGH_IDENTITY_THEFT + HIGH_SEC66D_CHEATING + HIGH_SEXUAL_EXPLOITATION_MOTIVE -> HIGH_EXTORTION_MOTIVE + HIGH_WOMEN_CYBERCRIME,4,2
0.3333333333333333,0.4166666666666667,0.3055555555555556,0.9166666666666667,2.2,1.0,0.16666666666666669,7.000000000000005,0.8181818181818181,0.6875000000000001,0.8571428571428572,0.8250000000000001,11,12,15,HIGH_CHILD_CYBERCRIME + HIGH_EXTORTION_MOTIVE + HIGH_SEC66D_CHEATING + HIGH_SEXUAL_EXPLOITATION_MOTIVE,HIGH_IDENTITY_THEFT + HIGH_WOMEN_CYBERCRIME,HIGH_CHILD_CYBERCRIME + HIGH_EXTORTION_MOTIVE + HIGH_SEC66D_CHEATING + HIGH_SEXUAL_EXPLOITATION_MOTIVE -> HIGH_IDENTITY_THEFT + HIGH_WOMEN_CYBERCRIME,4,2
0.3333333333333333,0.4166666666666667,0.3055555555555556,0.9166666666666667,2.2,1.0,0.16666666666666669,7.000000000000005,0.8181818181818181,0.6875000000000001,0.8571428571428572,0.8250000000000001,11,12,15,HIGH_IDENTITY_THEFT + HIGH_SEC66D_CHEATING + HIGH_SEXUAL_EXPLOITATION_MOTIVE + HIGH_WOMEN_CYBERCRIME,HIGH_CHILD_CYBERCRIME + HIGH_EXTORTION_MOTIVE,HIGH_IDENTITY_THEFT + HIGH_SEC66D_CHEATING + HIGH_SEXUAL_EXPLOITATION_MOTIVE + HIGH_WOMEN_CYBERCRIME -> HIGH_CHILD_CYBERCRIME + HIGH_EXTORTION_MOTIVE,4,2
0.3333333333333333,0.4166666666666667,0.3055555555555556,0.9166666666666667,2.2,1.0,0.16666666666666669,7.000000000000005,0.8181818181818181,0.6875000000000001,0.8571428571428572,0.8250000000000001,11,12,15,HIGH_EXTORTION_MOTIVE + HIGH_SEC66D_CHEATING + HIGH_SEXUAL_EXPLOITATION_MOTIVE + HIGH_WOMEN_CYBERCRIME,HIGH_CHILD_CYBERCRIME + HIGH_IDENTITY_THEFT,HIGH_EXTORTION_MOTIVE + HIGH_SEC66D_CHEATING + HIGH_SEXUAL_EXPLOITATION_MOTIVE + HIGH_WOMEN_CYBERCRIME -> HIGH_CHILD_CYBERCRIME + HIGH_IDENTITY_THEFT,4,2
0.3333333333333333,0.4166666666666667,0.3055555555555556,0.9166666666666667,2.2,1.0,0.16666666666666669,7.000000000000005,0.8181818181818181,0.6875000000000001,0.8571428571428572,0.8250000000000001,11,12,15,HIGH_CHILD_CYBERCRIME + HIGH_IDENTITY_THEFT + HIGH_SEC66D_CHEATING,HIGH_EXTORTION_MOTIVE + HIGH_SEXUAL_EXPLOITATION_MOTIVE + HIGH_WOMEN_CYBERCRIME,HIGH_CHILD_CYBERCRIME + HIGH_IDENTITY_THEFT + HIGH_SEC66D_CHEATING -> HIGH_EXTORTION_MOTIVE + HIGH_SEXUAL_EXPLOITATION_MOTIVE + HIGH_WOMEN_CYBERCRIME,3,3
0.3333333333333333,0.4166666666666667,0.3055555555555556,0.9166666666666667,2.2,1.0,0.16666666666666669,7.000000000000005,0.8181818181818181,0.6875000000000001,0.8571428571428572,0.8250000000000001,11,12,15,HIGH_CHILD_CYBERCRIME + HIGH_EXTORTION_MOTIVE + HIGH_SEC66D_CHEATING,HIGH_IDENTITY_THEFT + HIGH_SEXUAL_EXPLOITATION_MOTIVE + HIGH_WOMEN_CYBERCRIME,HIGH_CHILD_CYBERCRIME + HIGH_EXTORTION_MOTIVE + HIGH_SEC66D_CHEATING -> HIGH_IDENTITY_THEFT + HIGH_SEXUAL_EXPLOITATION_MOTIVE + HIGH_WOMEN_CYBERCRIME,3,3
0.3333333333333333,0.4166666666666667,0.3055555555555556,0.9166666666666667,2.2,1.0,0.16666666666666669,7.000000000000005,0.8181818181818181,0.6875000000000001,0.8571428571428572,0.8250000000000001,11,12,15,HIGH_CHILD_CYBERCRIME + HIGH_SEC66D_CHEATING + HIGH_SEXUAL_EXPLOITATION_MOTIVE,HIGH_EXTORTION_MOTIVE + HIGH_IDENTITY_THEFT + HIGH_WOMEN_CYBERCRIME,HIGH_CHILD_CYBERCRIME + HIGH_SEC66D_CHEATING + HIGH_SEXUAL_EXPLOITATION_MOTIVE -> HIGH_EXTORTION_MOTIVE + HIGH_IDENTITY_THEFT + HIGH_WOMEN_CYBERCRIME,3,3
0.3333333333333333,0.4166666666666667,0.3055555555555556,0.9166666666666667,2.2,1.0,0.16666666666666669,7.000000000000005,0.8181818181818181,0.6875000000000001,0.8571428571428572,0.8250000000000001,11,12,15,HIGH_IDENTITY_THEFT + HIGH_SEC66D_CHEATING + HIGH_WOMEN_CYBERCRIME,HIGH_CHILD_CYBERCRIME + HIGH_EXTORTION_MOTIVE + HIGH_SEXUAL_EXPLOITATION_MOTIVE,HIGH_IDENTITY_THEFT + HIGH_SEC66D_CHEATING + HIGH_WOMEN_CYBERCRIME -> HIGH_CHILD_CYBERCRIME + HIGH_EXTORTION_MOTIVE + HIGH_SEXUAL_EXPLOITATION_MOTIVE,3,3
0.3333333333333333,0.4166666666666667,0.3055555555555556,0.9166666666666667,2.2,1.0,0.16666666666666669,7.000000000000005,0.8181818181818181,0.6875000000000001,0.8571428571428572,0.8250000000000001,11,12,15,HIGH_EXTORTION_MOTIVE + HIGH_SEC66D_CHEATING + HIGH_WOMEN_CYBERCRIME,HIGH_CHILD_CYBERCRIME + HIGH_IDENTITY_THEFT + HIGH_SEXUAL_EXPLOITATION_MOTIVE,HIGH_EXTORTION_MOTIVE + HIGH_SEC66D_CHEATING + HIGH_WOMEN_CYBERCRIME -> HIGH_CHILD_CYBERCRIME + HIGH_IDENTITY_THEFT + HIGH_SEXUAL_EXPLOITATION_MOTIVE,3,3
0.3333333333333333,0.4166666666666667,0.3055555555555556,0.9166666666666667,2.2,1.0,0.16666666666666669,7.000000000000005,0.8181818181818181,0.6875000000000001,0.8571428571428572,0.8250000000000001,11,12,15,HIGH_SEC66D_CHEATING + HIGH_SEXUAL_EXPLOITATION_MOTIVE + HIGH_WOMEN_CYBERCRIME,HIGH_CHILD_CYBERCRIME + HIGH_EXTORTION_MOTIVE + HIGH_IDENTITY_THEFT,HIGH_SEC66D_CHEATING + HIGH_SEXUAL_EXPLOITATION_MOTIVE + HIGH_WOMEN_CYBERCRIME -> HIGH_CHILD_CYBERCRIME + HIGH_EXTORTION_MOTIVE + HIGH_IDENTITY_THEFT,3,3
0.3333333333333333,0.4166666666666667,0.3055555555555556,0.9166666666666667,2.2,1.0,0.16666666666666669,7.000000000000005,0.8181818181818181,0.6875000000000001,0.8571428571428572,0.8250000000000001,11,12,15,HIGH_CHILD_CYBERCRIME + HIGH_SEC66D_CHEATING,HIGH_EXTORTION_MOTIVE + HIGH_IDENTITY_THEFT + HIGH_SEXUAL_EXPLOITATION_MOTIVE + HIGH_WOMEN_CYBERCRIME,HIGH_CHILD_CYBERCRIME + HIGH_SEC66D_CHEATING -> HIGH_EXTORTION_MOTIVE + HIGH_IDENTITY_THEFT + HIGH_SEXUAL_EXPLOITATION_MOTIVE + HIGH_WOMEN_CYBERCRIME,2,4
0.3333333333333333,0.4166666666666667,0.3055555555555556,0.9166666666666667,2.2,1.0,0.16666666666666669,7.000000000000005,0.8181818181818181,0.6875000000000001,0.8571428571428572,0.8250000000000001,11,12,15,HIGH_SEC66D_CHEATING + HIGH_WOMEN_CYBERCRIME,HIGH_CHILD_CYBERCRIME + HIGH_EXTORTION_MOTIVE + HIGH_IDENTITY_THEFT + HIGH_SEXUAL_EXPLOITATION_MOTIVE,HIGH_SEC66D_CHEATING + HIGH_WOMEN_CYBERCRIME -> HIGH_CHILD_CYBERCRIME + HIGH_EXTORTION_MOTIVE + HIGH_IDENTITY_THEFT + HIGH_SEXUAL_EXPLOITATION_MOTIVE,2,4
0.3333333333333333,0.4166666666666667,0.3055555555555556,0.9166666666666667,2.2,1.0,0.16666666666666669,7.000000000000005,0.8181818181818181,0.6875000000000001,0.8571428571428572,0.8250000000000001,11,12,15,HIGH_CHILD_CYBERCRIME + HIGH_IDENTITY_THEFT + HIGH_SEC66D_CHEATING,HIGH_FRAUD_MOTIVE + HIGH_WOMEN_CYBERCRIME,HIGH_CHILD_CYBERCRIME + HIGH_IDENTITY_THEFT + HIGH_SEC66D_CHEATING -> HIGH_FRAUD_MOTIVE + HIGH_WOMEN_CYBERCRIME,3,2
0.3333333333333333,0.4166666666666667,0.3055555555555556,0.9166666666666667,2.2,1.0,0.16666666666666669,7.000000000000005,0.8181818181818181,0.6875000000000001,0.8571428571428572,0.8250000000000001,11,12,15,HIGH_CHILD_CYBERCRIME + HIGH_FRAUD_MOTIVE + HIGH_SEC66D_CHEATING,HIGH_IDENTITY_THEFT + HIGH_WOMEN_CYBERCRIME,HIGH_CHILD_CYBERCRIME + HIGH_FRAUD_MOTIVE + HIGH_SEC66D_CHEATING -> HIGH_IDENTITY_THEFT + HIGH_WOMEN_CYBERCRIME,3,2
0.3333333333333333,0.4166666666666667,0.3055555555555556,0.9166666666666667,2.2,1.0,0.16666666666666669,7.000000000000005,0.8181818181818181,0.6875000000000001,0.8571428571428572,0.8250000000000001,11,12,15,HIGH_IDENTITY_THEFT + HIGH_SEC66D_CHEATING + HIGH_WOMEN_CYBERCRIME,HIGH_CHILD_CYBERCRIME + HIGH_FRAUD_MOTIVE,HIGH_IDENTITY_THEFT + HIGH_SEC66D_CHEATING + HIGH_WOMEN_CYBERCRIME -> HIGH_CHILD_CYBERCRIME + HIGH_FRAUD_MOTIVE,3,2
0.3333333333333333,0.4166666666666667,0.3055555555555556,0.9166666666666667,2.2,1.0,0.16666666666666669,7.000000000000005,0.8181818181818181,0.6875000000000001,0.8571428571428572,0.8250000000000001,11,12,15,HIGH_FRAUD_MOTIVE + HIGH_SEC66D_CHEATING + HIGH_WOMEN_CYBERCRIME,HIGH_CHILD_CYBERCRIME + HIGH_IDENTITY_THEFT,HIGH_FRAUD_MOTIVE + HIGH_SEC66D_CHEATING + HIGH_WOMEN_CYBERCRIME -> HIGH_CHILD_CYBERCRIME + HIGH_IDENTITY_THEFT,3,2
0.3333333333333333,0.4166666666666667,0.3055555555555556,0.9166666666666667,2.2,1.0,0.16666666666666669,7.000000000000005,0.8181818181818181,0.6875000000000001,0.8571428571428572,0.8250000000000001,11,12,15,HIGH_CHILD_CYBERCRIME + HIGH_EXTORTION_MOTIVE + HIGH_SEC66D_CHEATING,HIGH_FRAUD_MOTIVE + HIGH_WOMEN_CYBERCRIME,HIGH_CHILD_CYBERCRIME + HIGH_EXTORTION_MOTIVE + HIGH_SEC66D_CHEATING -> HIGH_FRAUD_MOTIVE + HIGH_WOMEN_CYBERCRIME,3,2
0.3333333333333333,0.4166666666666667,0.3055555555555556,0.9166666666666667,2.2,1.0,0.16666666666666669,7.000000000000005,0.8181818181818181,0.6875000000000001,0.8571428571428572,0.8250000000000001,11,12,15,HIGH_CHILD_CYBERCRIME + HIGH_FRAUD_MOTIVE + HIGH_SEC66D_CHEATING,HIGH_EXTORTION_MOTIVE + HIGH_WOMEN_CYBERCRIME,HIGH_CHILD_CYBERCRIME + HIGH_FRAUD_MOTIVE + HIGH_SEC66D_CHEATING -> HIGH_EXTORTION_MOTIVE + HIGH_WOMEN_CYBERCRIME,3,2
0.3333333333333333,0.4166666666666667,0.3055555555555556,0.9166666666666667,2.2,1.0,0.16666666666666669,7.000000000000005,0.8181818181818181,0.6875000000000001,0.8571428571428572,0.8250000000000001,11,12,15,HIGH_EXTORTION_MOTIVE + HIGH_SEC66D_CHEATING + HIGH_WOMEN_CYBERCRIME,HIGH_CHILD_CYBERCRIME + HIGH_FRAUD_MOTIVE,HIGH_EXTORTION_MOTIVE + HIGH_SEC66D_CHEATING + HIGH_WOMEN_CYBERCRIME -> HIGH_CHILD_CYBERCRIME + HIGH_FRAUD_MOTIVE,3,2
0.3333333333333333,0.4166666666666667,0.3055555555555556,0.9166666666666667,2.2,1.0,0.16666666666666669,7.000000000000005,0.8181818181818181,0.6875000000000001,0.8571428571428572,0.8250000000000001,11,12,15,HIGH_FRAUD_MOTIVE + HIGH_SEC66D_CHEATING + HIGH_WOMEN_CYBERCRIME,HIGH_CHILD_CYBERCRIME + HIGH_EXTORTION_MOTIVE,HIGH_FRAUD_MOTIVE + HIGH_SEC66D_CHEATING + HIGH_WOMEN_CYBERCRIME -> HIGH_CHILD_CYBERCRIME + HIGH_EXTORTION_MOTIVE,3,2
0.3333333333333333,0.4166666666666667,0.3055555555555556,0.9166666666666667,2.2,1.0,0.16666666666666669,7.000000000000005,0.8181818181818181,0.6875000000000001,0.8571428571428572,0.8250000000000001,11,12,15,HIGH_CHILD_CYBERCRIME + HIGH_SEC66D_CHEATING + HIGH_SEXUAL_EXPLOITATION_MOTIVE,HIGH_FRAUD_MOTIVE + HIGH_WOMEN_CYBERCRIME,HIGH_CHILD_CYBERCRIME + HIGH_SEC66D_CHEATING + HIGH_SEXUAL_EXPLOITATION_MOTIVE -> HIGH_FRAUD_MOTIVE + HIGH_WOMEN_CYBERCRIME,3,2
0.3333333333333333,0.4166666666666667,0.3055555555555556,0.9166666666666667,2.2,1.0,0.16666666666666669,7.000000000000005,0.8181818181818181,0.6875000000000001,0.8571428571428572,0.8250000000000001,11,12,15,HIGH_SEC66D_CHEATING + HIGH_SEXUAL_EXPLOITATION_MOTIVE + HIGH_WOMEN_CYBERCRIME,HIGH_CHILD_CYBERCRIME + HIGH_FRAUD_MOTIVE,HIGH_SEC66D_CHEATING + HIGH_SEXUAL_EXPLOITATION_MOTIVE + HIGH_WOMEN_CYBERCRIME -> HIGH_CHILD_CYBERCRIME + HIGH_FRAUD_MOTIVE,3,2
0.3333333333333333,0.4166666666666667,0.3055555555555556,0.9166666666666667,2.2,1.0,0.16666666666666669,7.000000000000005,0.8181818181818181,0.6875000000000001,0.8571428571428572,0.8250000000000001,11,12,15,HIGH_CHILD_CYBERCRIME + HIGH_IDENTITY_THEFT + HIGH_SEC66D_CHEATING,HIGH_EXTORTION_MOTIVE + HIGH_WOMEN_CYBERCRIME,HIGH_CHILD_CYBERCRIME + HIGH_IDENTITY_THEFT + HIGH_SEC66D_CHEATING -> HIGH_EXTORTION_MOTIVE + HIGH_WOMEN_CYBERCRIME,3,2
0.3333333333333333,0.4166666666666667,0.3055555555555556,0.9166666666666667,2.2,1.0,0.16666666666666669,7.000000000000005,0.8181818181818181,0.6875000000000001,0.8571428571428572,0.8250000000000001,11,12,15,HIGH_CHILD_CYBERCRIME + HIGH_EXTORTION_MOTIVE + HIGH_SEC66D_CHEATING,HIGH_IDENTITY_THEFT + HIGH_WOMEN_CYBERCRIME,HIGH_CHILD_CYBERCRIME + HIGH_EXTORTION_MOTIVE + HIGH_SEC66D_CHEATING -> HIGH_IDENTITY_THEFT + HIGH_WOMEN_CYBERCRIME,3,2
0.3333333333333333,0.4166666666666667,0.3055555555555556,0.9166666666666667,2.2,1.0,0.16666666666666669,7.000000000000005,0.8181818181818181,0.6875000000000001,0.8571428571428572,0.8250000000000001,11,12,15,HIGH_IDENTITY_THEFT + HIGH_SEC66D_CHEATING + HIGH_WOMEN_CYBERCRIME,HIGH_CHILD_CYBERCRIME + HIGH_EXTORTION_MOTIVE,HIGH_IDENTITY_THEFT + HIGH_SEC66D_CHEATING + HIGH_WOMEN_CYBERCRIME -> HIGH_CHILD_CYBERCRIME + HIGH_EXTORTION_MOTIVE,3,2
0.3333333333333333,0.4166666666666667,0.3055555555555556,0.9166666666666667,2.2,1.0,0.16666666666666669,7.000000000000005,0.8181818181818181,0.6875000000000001,0.8571428571428572,0.8250000000000001,11,12,15,HIGH_EXTORTION_MOTIVE + HIGH_SEC66D_CHEATING + HIGH_WOMEN_CYBERCRIME,HIGH_CHILD_CYBERCRIME + HIGH_IDENTITY_THEFT,HIGH_EXTORTION_MOTIVE + HIGH_SEC66D_CHEATING + HIGH_WOMEN_CYBERCRIME -> HIGH_CHILD_CYBERCRIME + HIGH_IDENTITY_THEFT,3,2
0.3333333333333333,0.4166666666666667,0.3055555555555556,0.9166666666666667,2.2,1.0,0.16666666666666669,7.000000000000005,0.8181818181818181,0.6875000000000001,0.8571428571428572,0.8250000000000001,11,12,15,HIGH_CHILD_CYBERCRIME + HIGH_SEC66D_CHEATING,HIGH_EXTORTION_MOTIVE + HIGH_IDENTITY_THEFT + HIGH_WOMEN_CYBERCRIME,HIGH_CHILD_CYBERCRIME + HIGH_SEC66D_CHEATING -> HIGH_EXTORTION_MOTIVE + HIGH_IDENTITY_THEFT + HIGH_WOMEN_CYBERCRIME,2,3
0.3333333333333333,0.4166666666666667,0.3055555555555556,0.9166666666666667,2.2,1.0,0.16666666666666669,7.000000000000005,0.8181818181818181,0.6875000000000001,0.8571428571428572,0.8250000000000001,11,12,15,HIGH_SEC66D_CHEATING + HIGH_WOMEN_CYBERCRIME,HIGH_CHILD_CYBERCRIME + HIGH_EXTORTION_MOTIVE + HIGH_IDENTITY_THEFT,HIGH_SEC66D_CHEATING + HIGH_WOMEN_CYBERCRIME -> HIGH_CHILD_CYBERCRIME + HIGH_EXTORTION_MOTIVE + HIGH_IDENTITY_THEFT,2,3
0.3333333333333333,0.4166666666666667,0.3055555555555556,0.9166666666666667,2.2,1.0,0.16666666666666669,7.000000000000005,0.8181818181818181,0.6875000000000001,0.8571428571428572,0.8250000000000001,11,12,15,HIGH_CHILD_CYBERCRIME + HIGH_SEC66D_CHEATING + HIGH_SEXUAL_EXPLOITATION_MOTIVE,HIGH_IDENTITY_THEFT + HIGH_WOMEN_CYBERCRIME,HIGH_CHILD_CYBERCRIME + HIGH_SEC66D_CHEATING + HIGH_SEXUAL_EXPLOITATION_MOTIVE -> HIGH_IDENTITY_THEFT + HIGH_WOMEN_CYBERCRIME,3,2
0.3333333333333333,0.4166666666666667,0.3055555555555556,0.9166666666666667,2.2,1.0,0.16666666666666669,7.000000000000005,0.8181818181818181,0.6875000000000001,0.8571428571428572,0.8250000000000001,11,12,15,HIGH_SEC66D_CHEATING + HIGH_SEXUAL_EXPLOITATION_MOTIVE + HIGH_WOMEN_CYBERCRIME,HIGH_CHILD_CYBERCRIME + HIGH_IDENTITY_THEFT,HIGH_SEC66D_CHEATING + HIGH_SEXUAL_EXPLOITATION_MOTIVE + HIGH_WOMEN_CYBERCRIME -> HIGH_CHILD_CYBERCRIME + HIGH_IDENTITY_THEFT,3,2
0.3333333333333333,0.4166666666666667,0.3055555555555556,0.9166666666666667,2.2,1.0,0.16666666666666669,7.000000000000005,0.8181818181818181,0.6875000000000001,0.8571428571428572,0.8250000000000001,11,12,15,HIGH_CHILD_CYBERCRIME + HIGH_SEC66D_CHEATING,HIGH_IDENTITY_THEFT + HIGH_SEXUAL_EXPLOITATION_MOTIVE + HIGH_WOMEN_CYBERCRIME,HIGH_CHILD_CYBERCRIME + HIGH_SEC66D_CHEATING -> HIGH_IDENTITY_THEFT + HIGH_SEXUAL_EXPLOITATION_MOTIVE + HIGH_WOMEN_CYBERCRIME,2,3
0.3333333333333333,0.4166666666666667,0.3055555555555556,0.9166666666666667,2.2,1.0,0.16666666666666669,7.000000000000005,0.8181818181818181,0.6875000000000001,0.8571428571428572,0.8250000000000001,11,12,15,HIGH_SEC66D_CHEATING + HIGH_WOMEN_CYBERCRIME,HIGH_CHILD_CYBERCRIME + HIGH_IDENTITY_THEFT + HIGH_SEXUAL_EXPLOITATION_MOTIVE,HIGH_SEC66D_CHEATING + HIGH_WOMEN_CYBERCRIME -> HIGH_CHILD_CYBERCRIME + HIGH_IDENTITY_THEFT + HIGH_SEXUAL_EXPLOITATION_MOTIVE,2,3
0.3333333333333333,0.4166666666666667,0.3055555555555556,0.9166666666666667,2.2,1.0,0.16666666666666669,7.000000000000005,0.8181818181818181,0.6875000000000001,0.8571428571428572,0.8250000000000001,11,12,15,HIGH_CHILD_CYBERCRIME + HIGH_SEC66D_CHEATING + HIGH_SEXUAL_EXPLOITATION_MOTIVE,HIGH_EXTORTION_MOTIVE + HIGH_WOMEN_CYBERCRIME,HIGH_CHILD_CYBERCRIME + HIGH_SEC66D_CHEATING + HIGH_SEXUAL_EXPLOITATION_MOTIVE -> HIGH_EXTORTION_MOTIVE + HIGH_WOMEN_CYBERCRIME,3,2
0.3333333333333333,0.4166666666666667,0.3055555555555556,0.9166666666666667,2.2,1.0,0.16666666666666669,7.000000000000005,0.8181818181818181,0.6875000000000001,0.8571428571428572,0.8250000000000001,11,12,15,HIGH_SEC66D_CHEATING + HIGH_SEXUAL_EXPLOITATION_MOTIVE + HIGH_WOMEN_CYBERCRIME,HIGH_CHILD_CYBERCRIME + HIGH_EXTORTION_MOTIVE,HIGH_SEC66D_CHEATING + HIGH_SEXUAL_EXPLOITATION_MOTIVE + HIGH_WOMEN_CYBERCRIME -> HIGH_CHILD_CYBERCRIME + HIGH_EXTORTION_MOTIVE,3,2
0.3333333333333333,0.4166666666666667,0.3055555555555556,0.9166666666666667,2.2,1.0,0.16666666666666669,7.000000000000005,0.8181818181818181,0.6875000000000001,0.8571428571428572,0.8250000000000001,11,12,15,HIGH_CHILD_CYBERCRIME + HIGH_SEC66D_CHEATING,HIGH_EXTORTION_MOTIVE + HIGH_SEXUAL_EXPLOITATION_MOTIVE + HIGH_WOMEN_CYBERCRIME,HIGH_CHILD_CYBERCRIME + HIGH_SEC66D_CHEATING -> HIGH_EXTORTION_MOTIVE + HIGH_SEXUAL_EXPLOITATION_MOTIVE + HIGH_WOMEN_CYBERCRIME,2,3
0.3333333333333333,0.4166666666666667,0.3055555555555556,0.9166666666666667,2.2,1.0,0.16666666666666669,7.000000000000005,0.8181818181818181,0.6875000000000001,0.8571428571428572,0.8250000000000001,11,12,15,HIGH_SEC66D_CHEATING + HIGH_WOMEN_CYBERCRIME,HIGH_CHILD_CYBERCRIME + HIGH_EXTORTION_MOTIVE + HIGH_SEXUAL_EXPLOITATION_MOTIVE,HIGH_SEC66D_CHEATING + HIGH_WOMEN_CYBERCRIME -> HIGH_CHILD_CYBERCRIME + HIGH_EXTORTION_MOTIVE + HIGH_SEXUAL_EXPLOITATION_MOTIVE,2,3
0.3333333333333333,0.4166666666666667,0.3055555555555556,0.9166666666666667,2.2,1.0,0.16666666666666669,7.000000000000005,0.8181818181818181,0.6875000000000001,0.8571428571428572,0.8250000000000001,11,12,15,HIGH_CHILD_CYBERCRIME + HIGH_SEC66D_CHEATING,HIGH_FRAUD_MOTIVE + HIGH_WOMEN_CYBERCRIME,HIGH_CHILD_CYBERCRIME + HIGH_SEC66D_CHEATING -> HIGH_FRAUD_MOTIVE + HIGH_WOMEN_CYBERCRIME,2,2
0.3333333333333333,0.4166666666666667,0.3055555555555556,0.9166666666666667,2.2,1.0,0.16666666666666669,7.000000000000005,0.8181818181818181,0.6875000000000001,0.8571428571428572,0.8250000000000001,11,12,15,HIGH_SEC66D_CHEATING + HIGH_WOMEN_CYBERCRIME,HIGH_CHILD_CYBERCRIME + HIGH_FRAUD_MOTIVE,HIGH_SEC66D_CHEATING + HIGH_WOMEN_CYBERCRIME -> HIGH_CHILD_CYBERCRIME + HIGH_FRAUD_MOTIVE,2,2
0.3333333333333333,0.4166666666666667,0.3055555555555556,0.9166666666666667,2.2,1.0,0.16666666666666669,7.000000000000005,0.8181818181818181,0.6875000000000001,0.8571428571428572,0.8250000000000001,11,12,15,HIGH_CHILD_CYBERCRIME + HIGH_SEC66D_CHEATING,HIGH_IDENTITY_THEFT + HIGH_WOMEN_CYBERCRIME,HIGH_CHILD_CYBERCRIME + HIGH_SEC66D_CHEATING -> HIGH_IDENTITY_THEFT + HIGH_WOMEN_CYBERCRIME,2,2
0.3333333333333333,0.4166666666666667,0.3055555555555556,0.9166666666666667,2.2,1.0,0.16666666666666669,7.000000000000005,0.8181818181818181,0.6875000000000001,0.8571428571428572,0.8250000000000001,11,12,15,HIGH_SEC66D_CHEATING + HIGH_WOMEN_CYBERCRIME,HIGH_CHILD_CYBERCRIME + HIGH_IDENTITY_THEFT,HIGH_SEC66D_CHEATING + HIGH_WOMEN_CYBERCRIME -> HIGH_CHILD_CYBERCRIME + HIGH_IDENTITY_THEFT,2,2
0.3333333333333333,0.4166666666666667,0.3055555555555556,0.9166666666666667,2.2,1.0,0.16666666666666669,7.000000000000005,0.8181818181818181,0.6875000000000001,0.8571428571428572,0.8250000000000001,11,12,15,HIGH_CHILD_CYBERCRIME + HIGH_SEC66D_CHEATING,HIGH_EXTORTION_MOTIVE + HIGH_WOMEN_CYBERCRIME,HIGH_CHILD_CYBERCRIME + HIGH_SEC66D_CHEATING -> HIGH_EXTORTION_MOTIVE + HIGH_WOMEN_CYBERCRIME,2,2
0.3333333333333333,0.4166666666666667,0.3055555555555556,0.9166666666666667,2.2,1.0,0.16666666666666669,7.000000000000005,0.8181818181818181,0.6875000000000001,0.8571428571428572,0.8250000000000001,11,12,15,HIGH_SEC66D_CHEATING + HIGH_WOMEN_CYBERCRIME,HIGH_CHILD_CYBERCRIME + HIGH_EXTORTION_MOTIVE,HIGH_SEC66D_CHEATING + HIGH_WOMEN_CYBERCRIME -> HIGH_CHILD_CYBERCRIME + HIGH_EXTORTION_MOTIVE,2,2
0.3333333333333333,0.4444444444444444,0.3055555555555556,0.9166666666666667,2.0625000000000004,1.0,0.15740740740740744,6.666666666666673,0.7727272727272727,0.647058823529412,0.8500000000000001,0.8020833333333335,11,12,16,HIGH_CHILD_CYBERCRIME + HIGH_EXTORTION_MOTIVE + HIGH_FRAUD_MOTIVE + HIGH_IDENTITY_THEFT + HIGH_SEC66D_CHEATING,HIGH_SEXUAL_EXPLOITATION_MOTIVE + HIGH_WOMEN_CYBERCRIME,HIGH_CHILD_CYBERCRIME + HIGH_EXTORTION_MOTIVE + HIGH_FRAUD_MOTIVE + HIGH_IDENTITY_THEFT + HIGH_SEC66D_CHEATING -> HIGH_SEXUAL_EXPLOITATION_MOTIVE + HIGH_WOMEN_CYBERCRIME,5,2
0.3333333333333333,0.4444444444444444,0.3055555555555556,0.9166666666666667,2.0625000000000004,1.0,0.15740740740740744,6.666666666666673,0.7727272727272727,0.647058823529412,0.8500000000000001,0.8020833333333335,11,12,16,HIGH_EXTORTION_MOTIVE + HIGH_FRAUD_MOTIVE + HIGH_IDENTITY_THEFT + HIGH_SEC66D_CHEATING + HIGH_WOMEN_CYBERCRIME,HIGH_CHILD_CYBERCRIME + HIGH_SEXUAL_EXPLOITATION_MOTIVE,HIGH_EXTORTION_MOTIVE + HIGH_FRAUD_MOTIVE + HIGH_IDENTITY_THEFT + HIGH_SEC66D_CHEATING + HIGH_WOMEN_CYBERCRIME -> HIGH_CHILD_CYBERCRIME + HIGH_SEXUAL_EXPLOITATION_MOTIVE,5,2
0.3333333333333333,0.4444444444444444,0.3055555555555556,0.9166666666666667,2.0625000000000004,1.0,0.15740740740740744,6.666666666666673,0.7727272727272727,0.647058823529412,0.8500000000000001,0.8020833333333335,11,12,16,HIGH_CHILD_CYBERCRIME + HIGH_FRAUD_MOTIVE + HIGH_IDENTITY_THEFT + HIGH_SEC66D_CHEATING,HIGH_SEXUAL_EXPLOITATION_MOTIVE + HIGH_WOMEN_CYBERCRIME,HIGH_CHILD_CYBERCRIME + HIGH_FRAUD_MOTIVE + HIGH_IDENTITY_THEFT + HIGH_SEC66D_CHEATING -> HIGH_SEXUAL_EXPLOITATION_MOTIVE + HIGH_WOMEN_CYBERCRIME,4,2
0.3333333333333333,0.4444444444444444,0.3055555555555556,0.9166666666666667,2.0625000000000004,1.0,0.15740740740740744,6.666666666666673,0.7727272727272727,0.647058823529412,0.8500000000000001,0.8020833333333335,11,12,16,HIGH_FRAUD_MOTIVE + HIGH_IDENTITY_THEFT + HIGH_SEC66D_CHEATING + HIGH_WOMEN_CYBERCRIME,HIGH_CHILD_CYBERCRIME + HIGH_SEXUAL_EXPLOITATION_MOTIVE,HIGH_FRAUD_MOTIVE + HIGH_IDENTITY_THEFT + HIGH_SEC66D_CHEATING + HIGH_WOMEN_CYBERCRIME -> HIGH_CHILD_CYBERCRIME + HIGH_SEXUAL_EXPLOITATION_MOTIVE,4,2
0.3333333333333333,0.4444444444444444,0.3055555555555556,0.9166666666666667,2.0625000000000004,1.0,0.15740740740740744,6.666666666666673,0.7727272727272727,0.647058823529412,0.8500000000000001,0.8020833333333335,11,12,16,HIGH_CHILD_CYBERCRIME + HIGH_EXTORTION_MOTIVE + HIGH_FRAUD_MOTIVE + HIGH_SEC66D_CHEATING,HIGH_SEXUAL_EXPLOITATION_MOTIVE + HIGH_WOMEN_CYBERCRIME,HIGH_CHILD_CYBERCRIME + HIGH_EXTORTION_MOTIVE + HIGH_FRAUD_MOTIVE + HIGH_SEC66D_CHEATING -> HIGH_SEXUAL_EXPLOITATION_MOTIVE + HIGH_WOMEN_CYBERCRIME,4,2
0.3333333333333333,0.4444444444444444,0.3055555555555556,0.9166666666666667,2.0625000000000004,1.0,0.15740740740740744,6.666666666666673,0.7727272727272727,0.647058823529412,0.8500000000000001,0.8020833333333335,11,12,16,HIGH_EXTORTION_MOTIVE + HIGH_FRAUD_MOTIVE + HIGH_SEC66D_CHEATING + HIGH_WOMEN_CYBERCRIME,HIGH_CHILD_CYBERCRIME + HIGH_SEXUAL_EXPLOITATION_MOTIVE,HIGH_EXTORTION_MOTIVE + HIGH_FRAUD_MOTIVE + HIGH_SEC66D_CHEATING + HIGH_WOMEN_CYBERCRIME -> HIGH_CHILD_CYBERCRIME + HIGH_SEXUAL_EXPLOITATION_MOTIVE,4,2
0.3333333333333333,0.4444444444444444,0.3055555555555556,0.9166666666666667,2.0625000000000004,1.0,0.15740740740740744,6.666666666666673,0.7727272727272727,0.647058823529412,0.8500000000000001,0.8020833333333335,11,12,16,HIGH_CHILD_CYBERCRIME + HIGH_EXTORTION_MOTIVE + HIGH_IDENTITY_THEFT + HIGH_SEC66D_CHEATING,HIGH_SEXUAL_EXPLOITATION_MOTIVE + HIGH_WOMEN_CYBERCRIME,HIGH_CHILD_CYBERCRIME + HIGH_EXTORTION_MOTIVE + HIGH_IDENTITY_THEFT + HIGH_SEC66D_CHEATING -> HIGH_SEXUAL_EXPLOITATION_MOTIVE + HIGH_WOMEN_CYBERCRIME,4,2
0.3333333333333333,0.4444444444444444,0.3055555555555556,0.9166666666666667,2.0625000000000004,1.0,0.15740740740740744,6.666666666666673,0.7727272727272727,0.647058823529412,0.8500000000000001,0.8020833333333335,11,12,16,HIGH_EXTORTION_MOTIVE + HIGH_IDENTITY_THEFT + HIGH_SEC66D_CHEATING + HIGH_WOMEN_CYBERCRIME,HIGH_CHILD_CYBERCRIME + HIGH_SEXUAL_EXPLOITATION_MOTIVE,HIGH_EXTORTION_MOTIVE + HIGH_IDENTITY_THEFT + HIGH_SEC66D_CHEATING + HIGH_WOMEN_CYBERCRIME -> HIGH_CHILD_CYBERCRIME + HIGH_SEXUAL_EXPLOITATION_MOTIVE,4,2
0.3333333333333333,0.4444444444444444,0.3055555555555556,0.9166666666666667,2.0625000000000004,1.0,0.15740740740740744,6.666666666666673,0.7727272727272727,0.647058823529412,0.8500000000000001,0.8020833333333335,11,12,16,HIGH_CHILD_CYBERCRIME + HIGH_FRAUD_MOTIVE + HIGH_SEC66D_CHEATING,HIGH_SEXUAL_EXPLOITATION_MOTIVE + HIGH_WOMEN_CYBERCRIME,HIGH_CHILD_CYBERCRIME + HIGH_FRAUD_MOTIVE + HIGH_SEC66D_CHEATING -> HIGH_SEXUAL_EXPLOITATION_MOTIVE + HIGH_WOMEN_CYBERCRIME,3,2
0.3333333333333333,0.4444444444444444,0.3055555555555556,0.9166666666666667,2.0625000000000004,1.0,0.15740740740740744,6.666666666666673,0.7727272727272727,0.647058823529412,0.8500000000000001,0.8020833333333335,11,12,16,HIGH_FRAUD_MOTIVE + HIGH_SEC66D_CHEATING + HIGH_WOMEN_CYBERCRIME,HIGH_CHILD_CYBERCRIME + HIGH_SEXUAL_EXPLOITATION_MOTIVE,HIGH_FRAUD_MOTIVE + HIGH_SEC66D_CHEATING + HIGH_WOMEN_CYBERCRIME -> HIGH_CHILD_CYBERCRIME + HIGH_SEXUAL_EXPLOITATION_MOTIVE,3,2
0.3333333333333333,0.4444444444444444,0.3055555555555556,0.9166666666666667,2.0625000000000004,1.0,0.15740740740740744,6.666666666666673,0.7727272727272727,0.647058823529412,0.8500000000000001,0.8020833333333335,11,12,16,HIGH_CHILD_CYBERCRIME + HIGH_IDENTITY_THEFT + HIGH_SEC66D_CHEATING,HIGH_SEXUAL_EXPLOITATION_MOTIVE + HIGH_WOMEN_CYBERCRIME,HIGH_CHILD_CYBERCRIME + HIGH_IDENTITY_THEFT + HIGH_SEC66D_CHEATING -> HIGH_SEXUAL_EXPLOITATION_MOTIVE + HIGH_WOMEN_CYBERCRIME,3,2
0.3333333333333333,0.4444444444444444,0.3055555555555556,0.9166666666666667,2.0625000000000004,1.0,0.15740740740740744,6.666666666666673,0.7727272727272727,0.647058823529412,0.8500000000000001,0.8020833333333335,11,12,16,HIGH_IDENTITY_THEFT + HIGH_SEC66D_CHEATING + HIGH_WOMEN_CYBERCRIME,HIGH_CHILD_CYBERCRIME + HIGH_SEXUAL_EXPLOITATION_MOTIVE,HIGH_IDENTITY_THEFT + HIGH_SEC66D_CHEATING + HIGH_WOMEN_CYBERCRIME -> HIGH_CHILD_CYBERCRIME + HIGH_SEXUAL_EXPLOITATION_MOTIVE,3,2
0.3333333333333333,0.4444444444444444,0.3055555555555556,0.9166666666666667,2.0625000000000004,1.0,0.15740740740740744,6.666666666666673,0.7727272727272727,0.647058823529412,0.8500000000000001,0.8020833333333335,11,12,16,HIGH_CHILD_CYBERCRIME + HIGH_EXTORTION_MOTIVE + HIGH_SEC66D_CHEATING,HIGH_SEXUAL_EXPLOITATION_MOTIVE + HIGH_WOMEN_CYBERCRIME,HIGH_CHILD_CYBERCRIME + HIGH_EXTORTION_MOTIVE + HIGH_SEC66D_CHEATING -> HIGH_SEXUAL_EXPLOITATION_MOTIVE + HIGH_WOMEN_CYBERCRIME,3,2
0.3333333333333333,0.4444444444444444,0.3055555555555556,0.9166666666666667,2.0625000000000004,1.0,0.15740740740740744,6.666666666666673,0.7727272727272727,0.647058823529412,0.8500000000000001,0.8020833333333335,11,12,16,HIGH_EXTORTION_MOTIVE + HIGH_SEC66D_CHEATING + HIGH_WOMEN_CYBERCRIME,HIGH_CHILD_CYBERCRIME + HIGH_SEXUAL_EXPLOITATION_MOTIVE,HIGH_EXTORTION_MOTIVE + HIGH_SEC66D_CHEATING + HIGH_WOMEN_CYBERCRIME -> HIGH_CHILD_CYBERCRIME + HIGH_SEXUAL_EXPLOITATION_MOTIVE,3,2
0.3333333333333333,0.4444444444444444,0.3055555555555556,0.9166666666666667,2.0625000000000004,1.0,0.15740740740740744,6.666666666666673,0.7727272727272727,0.647058823529412,0.8500000000000001,0.8020833333333335,11,12,16,HIGH_CHILD_CYBERCRIME + HIGH_SEC66D_CHEATING,HIGH_SEXUAL_EXPLOITATION_MOTIVE + HIGH_WOMEN_CYBERCRIME,HIGH_CHILD_CYBERCRIME + HIGH_SEC66D_CHEATING -> HIGH_SEXUAL_EXPLOITATION_MOTIVE + HIGH_WOMEN_CYBERCRIME,2,2
0.3333333333333333,0.4444444444444444,0.3055555555555556,0.9166666666666667,2.0625000000000004,1.0,0.15740740740740744,6.666666666666673,0.7727272727272727,0.647058823529412,0.8500000000000001,0.8020833333333335,11,12,16,HIGH_SEC66D_CHEATING + HIGH_WOMEN_CYBERCRIME,HIGH_CHILD_CYBERCRIME + HIGH_SEXUAL_EXPLOITATION_MOTIVE,HIGH_SEC66D_CHEATING + HIGH_WOMEN_CYBERCRIME -> HIGH_CHILD_CYBERCRIME + HIGH_SEXUAL_EXPLOITATION_MOTIVE,2,2
0.3333333333333333,0.5,0.3055555555555556,0.9166666666666667,1.8333333333333335,1.0,0.13888888888888892,6.000000000000005,0.6818181818181819,0.5789473684210528,0.8333333333333335,0.763888888888889,11,12,18,HIGH_CHILD_CYBERCRIME + HIGH_EXTORTION_MOTIVE + HIGH_FRAUD_MOTIVE + HIGH_IDENTITY_THEFT + HIGH_SEC66D_CHEATING + HIGH_SEXUAL_EXPLOITATION_MOTIVE,HIGH_WOMEN_CYBERCRIME,HIGH_CHILD_CYBERCRIME + HIGH_EXTORTION_MOTIVE + HIGH_FRAUD_MOTIVE + HIGH_IDENTITY_THEFT + HIGH_SEC66D_CHEATING + HIGH_SEXUAL_EXPLOITATION_MOTIVE -> HIGH_WOMEN_CYBERCRIME,6,1
0.3333333333333333,0.5,0.3055555555555556,0.9166666666666667,1.8333333333333335,1.0,0.13888888888888892,6.000000000000005,0.6818181818181819,0.5789473684210528,0.8333333333333335,0.763888888888889,11,12,18,HIGH_EXTORTION_MOTIVE + HIGH_FRAUD_MOTIVE + HIGH_IDENTITY_THEFT + HIGH_SEC66D_CHEATING + HIGH_SEXUAL_EXPLOITATION_MOTIVE + HIGH_WOMEN_CYBERCRIME,HIGH_CHILD_CYBERCRIME,HIGH_EXTORTION_MOTIVE + HIGH_FRAUD_MOTIVE + HIGH_IDENTITY_THEFT + HIGH_SEC66D_CHEATING + HIGH_SEXUAL_EXPLOITATION_MOTIVE + HIGH_WOMEN_CYBERCRIME -> HIGH_CHILD_CYBERCRIME,6,1
0.3333333333333333,0.5,0.3055555555555556,0.9166666666666667,1.8333333333333335,1.0,0.13888888888888892,6.000000000000005,0.6818181818181819,0.5789473684210528,0.8333333333333335,0.763888888888889,11,12,18,HIGH_CHILD_CYBERCRIME + HIGH_EXTORTION_MOTIVE + HIGH_FRAUD_MOTIVE + HIGH_IDENTITY_THEFT + HIGH_SEC66D_CHEATING,HIGH_WOMEN_CYBERCRIME,HIGH_CHILD_CYBERCRIME + HIGH_EXTORTION_MOTIVE + HIGH_FRAUD_MOTIVE + HIGH_IDENTITY_THEFT + HIGH_SEC66D_CHEATING -> HIGH_WOMEN_CYBERCRIME,5,1
0.3333333333333333,0.5,0.3055555555555556,0.9166666666666667,1.8333333333333335,1.0,0.13888888888888892,6.000000000000005,0.6818181818181819,0.5789473684210528,0.8333333333333335,0.763888888888889,11,12,18,HIGH_EXTORTION_MOTIVE + HIGH_FRAUD_MOTIVE + HIGH_IDENTITY_THEFT + HIGH_SEC66D_CHEATING + HIGH_WOMEN_CYBERCRIME,HIGH_CHILD_CYBERCRIME,HIGH_EXTORTION_MOTIVE + HIGH_FRAUD_MOTIVE + HIGH_IDENTITY_THEFT + HIGH_SEC66D_CHEATING + HIGH_WOMEN_CYBERCRIME -> HIGH_CHILD_CYBERCRIME,5,1
0.3333333333333333,0.5,0.3055555555555556,0.9166666666666667,1.8333333333333335,1.0,0.13888888888888892,6.000000000000005,0.6818181818181819,0.5789473684210528,0.8333333333333335,0.763888888888889,11,12,18,HIGH_CHILD_CYBERCRIME + HIGH_FRAUD_MOTIVE + HIGH_IDENTITY_THEFT + HIGH_SEC66D_CHEATING + HIGH_SEXUAL_EXPLOITATION_MOTIVE,HIGH_WOMEN_CYBERCRIME,HIGH_CHILD_CYBERCRIME + HIGH_FRAUD_MOTIVE + HIGH_IDENTITY_THEFT + HIGH_SEC66D_CHEATING + HIGH_SEXUAL_EXPLOITATION_MOTIVE -> HIGH_WOMEN_CYBERCRIME,5,1
0.3333333333333333,0.5,0.3055555555555556,0.9166666666666667,1.8333333333333335,1.0,0.13888888888888892,6.000000000000005,0.6818181818181819,0.5789473684210528,0.8333333333333335,0.763888888888889,11,12,18,HIGH_FRAUD_MOTIVE + HIGH_IDENTITY_THEFT + HIGH_SEC66D_CHEATING + HIGH_SEXUAL_EXPLOITATION_MOTIVE + HIGH_WOMEN_CYBERCRIME,HIGH_CHILD_CYBERCRIME,HIGH_FRAUD_MOTIVE + HIGH_IDENTITY_THEFT + HIGH_SEC66D_CHEATING + HIGH_SEXUAL_EXPLOITATION_MOTIVE + HIGH_WOMEN_CYBERCRIME -> HIGH_CHILD_CYBERCRIME,5,1
0.3333333333333333,0.5,0.3055555555555556,0.9166666666666667,1.8333333333333335,1.0,0.13888888888888892,6.000000000000005,0.6818181818181819,0.5789473684210528,0.8333333333333335,0.763888888888889,11,12,18,HIGH_CHILD_CYBERCRIME + HIGH_EXTORTION_MOTIVE + HIGH_FRAUD_MOTIVE + HIGH_SEC66D_CHEATING + HIGH_SEXUAL_EXPLOITATION_MOTIVE,HIGH_WOMEN_CYBERCRIME,HIGH_CHILD_CYBERCRIME + HIGH_EXTORTION_MOTIVE + HIGH_FRAUD_MOTIVE + HIGH_SEC66D_CHEATING + HIGH_SEXUAL_EXPLOITATION_MOTIVE -> HIGH_WOMEN_CYBERCRIME,5,1
0.3333333333333333,0.5,0.3055555555555556,0.9166666666666667,1.8333333333333335,1.0,0.13888888888888892,6.000000000000005,0.6818181818181819,0.5789473684210528,0.8333333333333335,0.763888888888889,11,12,18,HIGH_EXTORTION_MOTIVE + HIGH_FRAUD_MOTIVE + HIGH_SEC66D_CHEATING + HIGH_SEXUAL_EXPLOITATION_MOTIVE + HIGH_WOMEN_CYBERCRIME,HIGH_CHILD_CYBERCRIME,HIGH_EXTORTION_MOTIVE + HIGH_FRAUD_MOTIVE + HIGH_SEC66D_CHEATING + HIGH_SEXUAL_EXPLOITATION_MOTIVE + HIGH_WOMEN_CYBERCRIME -> HIGH_CHILD_CYBERCRIME,5,1
0.3333333333333333,0.5,0.3055555555555556,0.9166666666666667,1.8333333333333335,1.0,0.13888888888888892,6.000000000000005,0.6818181818181819,0.5789473684210528,0.8333333333333335,0.763888888888889,11,12,18,HIGH_CHILD_CYBERCRIME + HIGH_EXTORTION_MOTIVE + HIGH_IDENTITY_THEFT + HIGH_SEC66D_CHEATING + HIGH_SEXUAL_EXPLOITATION_MOTIVE,HIGH_WOMEN_CYBERCRIME,HIGH_CHILD_CYBERCRIME + HIGH_EXTORTION_MOTIVE + HIGH_IDENTITY_THEFT + HIGH_SEC66D_CHEATING + HIGH_SEXUAL_EXPLOITATION_MOTIVE -> HIGH_WOMEN_CYBERCRIME,5,1
0.3333333333333333,0.5,0.3055555555555556,0.9166666666666667,1.8333333333333335,1.0,0.13888888888888892,6.000000000000005,0.6818181818181819,0.5789473684210528,0.8333333333333335,0.763888888888889,11,12,18,HIGH_EXTORTION_MOTIVE + HIGH_IDENTITY_THEFT + HIGH_SEC66D_CHEATING + HIGH_SEXUAL_EXPLOITATION_MOTIVE + HIGH_WOMEN_CYBERCRIME,HIGH_CHILD_CYBERCRIME,HIGH_EXTORTION_MOTIVE + HIGH_IDENTITY_THEFT + HIGH_SEC66D_CHEATING + HIGH_SEXUAL_EXPLOITATION_MOTIVE + HIGH_WOMEN_CYBERCRIME -> HIGH_CHILD_CYBERCRIME,5,1
0.3333333333333333,0.5,0.3055555555555556,0.9166666666666667,1.8333333333333335,1.0,0.13888888888888892,6.000000000000005,0.6818181818181819,0.5789473684210528,0.8333333333333335,0.763888888888889,11,12,18,HIGH_CHILD_CYBERCRIME + HIGH_FRAUD_MOTIVE + HIGH_IDENTITY_THEFT + HIGH_SEC66D_CHEATING,HIGH_WOMEN_CYBERCRIME,HIGH_CHILD_CYBERCRIME + HIGH_FRAUD_MOTIVE + HIGH_IDENTITY_THEFT + HIGH_SEC66D_CHEATING -> HIGH_WOMEN_CYBERCRIME,4,1
0.3333333333333333,0.5,0.3055555555555556,0.9166666666666667,1.8333333333333335,1.0,0.13888888888888892,6.000000000000005,0.6818181818181819,0.5789473684210528,0.8333333333333335,0.763888888888889,11,12,18,HIGH_FRAUD_MOTIVE + HIGH_IDENTITY_THEFT + HIGH_SEC66D_CHEATING + HIGH_WOMEN_CYBERCRIME,HIGH_CHILD_CYBERCRIME,HIGH_FRAUD_MOTIVE + HIGH_IDENTITY_THEFT + HIGH_SEC66D_CHEATING + HIGH_WOMEN_CYBERCRIME -> HIGH_CHILD_CYBERCRIME,4,1
0.3333333333333333,0.5,0.3055555555555556,0.9166666666666667,1.8333333333333335,1.0,0.13888888888888892,6.000000000000005,0.6818181818181819,0.5789473684210528,0.8333333333333335,0.763888888888889,11,12,18,HIGH_CHILD_CYBERCRIME + HIGH_EXTORTION_MOTIVE + HIGH_FRAUD_MOTIVE + HIGH_SEC66D_CHEATING,HIGH_WOMEN_CYBERCRIME,HIGH_CHILD_CYBERCRIME + HIGH_EXTORTION_MOTIVE + HIGH_FRAUD_MOTIVE + HIGH_SEC66D_CHEATING -> HIGH_WOMEN_CYBERCRIME,4,1
0.3333333333333333,0.5,0.3055555555555556,0.9166666666666667,1.8333333333333335,1.0,0.13888888888888892,6.000000000000005,0.6818181818181819,0.5789473684210528,0.8333333333333335,0.763888888888889,11,12,18,HIGH_EXTORTION_MOTIVE + HIGH_FRAUD_MOTIVE + HIGH_SEC66D_CHEATING + HIGH_WOMEN_CYBERCRIME,HIGH_CHILD_CYBERCRIME,HIGH_EXTORTION_MOTIVE + HIGH_FRAUD_MOTIVE + HIGH_SEC66D_CHEATING + HIGH_WOMEN_CYBERCRIME -> HIGH_CHILD_CYBERCRIME,4,1
0.3333333333333333,0.5,0.3055555555555556,0.9166666666666667,1.8333333333333335,1.0,0.13888888888888892,6.000000000000005,0.6818181818181819,0.5789473684210528,0.8333333333333335,0.763888888888889,11,12,18,HIGH_CHILD_CYBERCRIME + HIGH_FRAUD_MOTIVE + HIGH_SEC66D_CHEATING + HIGH_SEXUAL_EXPLOITATION_MOTIVE,HIGH_WOMEN_CYBERCRIME,HIGH_CHILD_CYBERCRIME + HIGH_FRAUD_MOTIVE + HIGH_SEC66D_CHEATING + HIGH_SEXUAL_EXPLOITATION_MOTIVE -> HIGH_WOMEN_CYBERCRIME,4,1
0.3333333333333333,0.5,0.3055555555555556,0.9166666666666667,1.8333333333333335,1.0,0.13888888888888892,6.000000000000005,0.6818181818181819,0.5789473684210528,0.8333333333333335,0.763888888888889,11,12,18,HIGH_FRAUD_MOTIVE + HIGH_SEC66D_CHEATING + HIGH_SEXUAL_EXPLOITATION_MOTIVE + HIGH_WOMEN_CYBERCRIME,HIGH_CHILD_CYBERCRIME,HIGH_FRAUD_MOTIVE + HIGH_SEC66D_CHEATING + HIGH_SEXUAL_EXPLOITATION_MOTIVE + HIGH_WOMEN_CYBERCRIME -> HIGH_CHILD_CYBERCRIME,4,1
0.3333333333333333,0.5,0.3055555555555556,0.9166666666666667,1.8333333333333335,1.0,0.13888888888888892,6.000000000000005,0.6818181818181819,0.5789473684210528,0.8333333333333335,0.763888888888889,11,12,18,HIGH_CHILD_CYBERCRIME + HIGH_EXTORTION_MOTIVE + HIGH_IDENTITY_THEFT + HIGH_SEC66D_CHEATING,HIGH_WOMEN_CYBERCRIME,HIGH_CHILD_CYBERCRIME + HIGH_EXTORTION_MOTIVE + HIGH_IDENTITY_THEFT + HIGH_SEC66D_CHEATING -> HIGH_WOMEN_CYBERCRIME,4,1
0.3333333333333333,0.5,0.3055555555555556,0.9166666666666667,1.8333333333333335,1.0,0.13888888888888892,6.000000000000005,0.6818181818181819,0.5789473684210528,0.8333333333333335,0.763888888888889,11,12,18,HIGH_EXTORTION_MOTIVE + HIGH_IDENTITY_THEFT + HIGH_SEC66D_CHEATING + HIGH_WOMEN_CYBERCRIME,HIGH_CHILD_CYBERCRIME,HIGH_EXTORTION_MOTIVE + HIGH_IDENTITY_THEFT + HIGH_SEC66D_CHEATING + HIGH_WOMEN_CYBERCRIME -> HIGH_CHILD_CYBERCRIME,4,1
0.3333333333333333,0.5,0.3055555555555556,0.9166666666666667,1.8333333333333335,1.0,0.13888888888888892,6.000000000000005,0.6818181818181819,0.5789473684210528,0.8333333333333335,0.763888888888889,11,12,18,HIGH_CHILD_CYBERCRIME + HIGH_IDENTITY_THEFT + HIGH_SEC66D_CHEATING + HIGH_SEXUAL_EXPLOITATION_MOTIVE,HIGH_WOMEN_CYBERCRIME,HIGH_CHILD_CYBERCRIME + HIGH_IDENTITY_THEFT + HIGH_SEC66D_CHEATING + HIGH_SEXUAL_EXPLOITATION_MOTIVE -> HIGH_WOMEN_CYBERCRIME,4,1
0.3333333333333333,0.5,0.3055555555555556,0.9166666666666667,1.8333333333333335,1.0,0.13888888888888892,6.000000000000005,0.6818181818181819,0.5789473684210528,0.8333333333333335,0.763888888888889,11,12,18,HIGH_IDENTITY_THEFT + HIGH_SEC66D_CHEATING + HIGH_SEXUAL_EXPLOITATION_MOTIVE + HIGH_WOMEN_CYBERCRIME,HIGH_CHILD_CYBERCRIME,HIGH_IDENTITY_THEFT + HIGH_SEC66D_CHEATING + HIGH_SEXUAL_EXPLOITATION_MOTIVE + HIGH_WOMEN_CYBERCRIME -> HIGH_CHILD_CYBERCRIME,4,1
0.3333333333333333,0.5,0.3055555555555556,0.9166666666666667,1.8333333333333335,1.0,0.13888888888888892,6.000000000000005,0.6818181818181819,0.5789473684210528,0.8333333333333335,0.763888888888889,11,12,18,HIGH_CHILD_CYBERCRIME + HIGH_EXTORTION_MOTIVE + HIGH_SEC66D_CHEATING + HIGH_SEXUAL_EXPLOITATION_MOTIVE,HIGH_WOMEN_CYBERCRIME,HIGH_CHILD_CYBERCRIME + HIGH_EXTORTION_MOTIVE + HIGH_SEC66D_CHEATING + HIGH_SEXUAL_EXPLOITATION_MOTIVE -> HIGH_WOMEN_CYBERCRIME,4,1
0.3333333333333333,0.5,0.3055555555555556,0.9166666666666667,1.8333333333333335,1.0,0.13888888888888892,6.000000000000005,0.6818181818181819,0.5789473684210528,0.8333333333333335,0.763888888888889,11,12,18,HIGH_EXTORTION_MOTIVE + HIGH_SEC66D_CHEATING + HIGH_SEXUAL_EXPLOITATION_MOTIVE + HIGH_WOMEN_CYBERCRIME,HIGH_CHILD_CYBERCRIME,HIGH_EXTORTION_MOTIVE + HIGH_SEC66D_CHEATING + HIGH_SEXUAL_EXPLOITATION_MOTIVE + HIGH_WOMEN_CYBERCRIME -> HIGH_CHILD_CYBERCRIME,4,1
0.3333333333333333,0.5,0.3055555555555556,0.9166666666666667,1.8333333333333335,1.0,0.13888888888888892,6.000000000000005,0.6818181818181819,0.5789473684210528,0.8333333333333335,0.763888888888889,11,12,18,HIGH_CHILD_CYBERCRIME + HIGH_FRAUD_MOTIVE + HIGH_SEC66D_CHEATING,HIGH_WOMEN_CYBERCRIME,HIGH_CHILD_CYBERCRIME + HIGH_FRAUD_MOTIVE + HIGH_SEC66D_CHEATING -> HIGH_WOMEN_CYBERCRIME,3,1
0.3333333333333333,0.5,0.3055555555555556,0.9166666666666667,1.8333333333333335,1.0,0.13888888888888892,6.000000000000005,0.6818181818181819,0.5789473684210528,0.8333333333333335,0.763888888888889,11,12,18,HIGH_FRAUD_MOTIVE + HIGH_SEC66D_CHEATING + HIGH_WOMEN_CYBERCRIME,HIGH_CHILD_CYBERCRIME,HIGH_FRAUD_MOTIVE + HIGH_SEC66D_CHEATING + HIGH_WOMEN_CYBERCRIME -> HIGH_CHILD_CYBERCRIME,3,1
0.3333333333333333,0.5,0.3055555555555556,0.9166666666666667,1.8333333333333335,1.0,0.13888888888888892,6.000000000000005,0.6818181818181819,0.5789473684210528,0.8333333333333335,0.763888888888889,11,12,18,HIGH_CHILD_CYBERCRIME + HIGH_IDENTITY_THEFT + HIGH_SEC66D_CHEATING,HIGH_WOMEN_CYBERCRIME,HIGH_CHILD_CYBERCRIME + HIGH_IDENTITY_THEFT + HIGH_SEC66D_CHEATING -> HIGH_WOMEN_CYBERCRIME,3,1
0.3333333333333333,0.5,0.3055555555555556,0.9166666666666667,1.8333333333333335,1.0,0.13888888888888892,6.000000000000005,0.6818181818181819,0.5789473684210528,0.8333333333333335,0.763888888888889,11,12,18,HIGH_IDENTITY_THEFT + HIGH_SEC66D_CHEATING + HIGH_WOMEN_CYBERCRIME,HIGH_CHILD_CYBERCRIME,HIGH_IDENTITY_THEFT + HIGH_SEC66D_CHEATING + HIGH_WOMEN_CYBERCRIME -> HIGH_CHILD_CYBERCRIME,3,1
0.3333333333333333,0.5,0.3055555555555556,0.9166666666666667,1.8333333333333335,1.0,0.13888888888888892,6.000000000000005,0.6818181818181819,0.5789473684210528,0.8333333333333335,0.763888888888889,11,12,18,HIGH_CHILD_CYBERCRIME + HIGH_EXTORTION_MOTIVE + HIGH_SEC66D_CHEATING,HIGH_WOMEN_CYBERCRIME,HIGH_CHILD_CYBERCRIME + HIGH_EXTORTION_MOTIVE + HIGH_SEC66D_CHEATING -> HIGH_WOMEN_CYBERCRIME,3,1
0.3333333333333333,0.5,0.3055555555555556,0.9166666666666667,1.8333333333333335,1.0,0.13888888888888892,6.000000000000005,0.6818181818181819,0.5789473684210528,0.8333333333333335,0.763888888888889,11,12,18,HIGH_EXTORTION_MOTIVE + HIGH_SEC66D_CHEATING + HIGH_WOMEN_CYBERCRIME,HIGH_CHILD_CYBERCRIME,HIGH_EXTORTION_MOTIVE + HIGH_SEC66D_CHEATING + HIGH_WOMEN_CYBERCRIME -> HIGH_CHILD_CYBERCRIME,3,1
0.3333333333333333,0.5,0.3055555555555556,0.9166666666666667,1.8333333333333335,1.0,0.13888888888888892,6.000000000000005,0.6818181818181819,0.5789473684210528,0.8333333333333335,0.763888888888889,11,12,18,HIGH_CHILD_CYBERCRIME + HIGH_SEC66D_CHEATING + HIGH_SEXUAL_EXPLOITATION_MOTIVE,HIGH_WOMEN_CYBERCRIME,HIGH_CHILD_CYBERCRIME + HIGH_SEC66D_CHEATING + HIGH_SEXUAL_EXPLOITATION_MOTIVE -> HIGH_WOMEN_CYBERCRIME,3,1
0.3333333333333333,0.5,0.3055555555555556,0.9166666666666667,1.8333333333333335,1.0,0.13888888888888892,6.000000000000005,0.6818181818181819,0.5789473684210528,0.8333333333333335,0.763888888888889,11,12,18,HIGH_SEC66D_CHEATING + HIGH_SEXUAL_EXPLOITATION_MOTIVE + HIGH_WOMEN_CYBERCRIME,HIGH_CHILD_CYBERCRIME,HIGH_SEC66D_CHEATING + HIGH_SEXUAL_EXPLOITATION_MOTIVE + HIGH_WOMEN_CYBERCRIME -> HIGH_CHILD_CYBERCRIME,3,1
0.3333333333333333,0.5,0.3055555555555556,0.9166666666666667,1.8333333333333335,1.0,0.13888888888888892,6.000000000000005,0.6818181818181819,0.5789473684210528,0.8333333333333335,0.763888888888889,11,12,18,HIGH_CHILD_CYBERCRIME + HIGH_SEC66D_CHEATING,HIGH_WOMEN_CYBERCRIME,HIGH_CHILD_CYBERCRIME + HIGH_SEC66D_CHEATING -> HIGH_WOMEN_CYBERCRIME,2,1
0.3333333333333333,0.5,0.3055555555555556,0.9166666666666667,1.8333333333333335,1.0,0.13888888888888892,6.000000000000005,0.6818181818181819,0.5789473684210528,0.8333333333333335,0.763888888888889,11,12,18,HIGH_SEC66D_CHEATING + HIGH_WOMEN_CYBERCRIME,HIGH_CHILD_CYBERCRIME,HIGH_SEC66D_CHEATING + HIGH_WOMEN_CYBERCRIME -> HIGH_CHILD_CYBERCRIME,2,1
0.5277777777777778,0.5,0.4722222222222222,0.8947368421052632,1.7894736842105263,1.0,0.20833333333333331,4.75,0.9342560553633218,0.8500000000000001,0.7894736842105263,0.9195906432748537,17,19,18,HIGH_IDENTITY_THEFT,HIGH_EXTORTION_MOTIVE,HIGH_IDENTITY_THEFT -> HIGH_EXTORTION_MOTIVE,1,1
0.5,0.4444444444444444,0.4444444444444444,0.8888888888888888,2.0,1.0,0.2222222222222222,4.999999999999998,1.0,0.8888888888888888,0.7999999999999999,0.9444444444444444,16,18,16,HIGH_EXTORTION_MOTIVE,HIGH_FRAUD_MOTIVE + HIGH_IDENTITY_THEFT,HIGH_EXTORTION_MOTIVE -> HIGH_FRAUD_MOTIVE + HIGH_IDENTITY_THEFT,1,2
0.5,0.4444444444444444,0.4444444444444444,0.8888888888888888,2.0,1.0,0.2222222222222222,4.999999999999998,1.0,0.8888888888888888,0.7999999999999999,0.9444444444444444,16,18,16,HIGH_EXTORTION_MOTIVE,HIGH_IDENTITY_THEFT + HIGH_SEXUAL_EXPLOITATION_MOTIVE,HIGH_EXTORTION_MOTIVE -> HIGH_IDENTITY_THEFT + HIGH_SEXUAL_EXPLOITATION_MOTIVE,1,2
0.5,0.4722222222222222,0.4444444444444444,0.8888888888888888,1.8823529411764706,1.0,0.20833333333333331,4.749999999999998,0.9375,0.8421052631578947,0.7894736842105262,0.9150326797385621,16,18,17,HIGH_FRAUD_MOTIVE,HIGH_EXTORTION_MOTIVE + HIGH_IDENTITY_THEFT,HIGH_FRAUD_MOTIVE -> HIGH_EXTORTION_MOTIVE + HIGH_IDENTITY_THEFT,1,2
0.5,0.4722222222222222,0.4444444444444444,0.8888888888888888,1.8823529411764706,1.0,0.20833333333333331,4.749999999999998,0.9375,0.8421052631578947,0.7894736842105262,0.9150326797385621,16,18,17,HIGH_SEXUAL_EXPLOITATION_MOTIVE,HIGH_EXTORTION_MOTIVE + HIGH_IDENTITY_THEFT,HIGH_SEXUAL_EXPLOITATION_MOTIVE -> HIGH_EXTORTION_MOTIVE + HIGH_IDENTITY_THEFT,1,2
0.5,0.5,0.4444444444444444,0.8888888888888888,1.7777777777777777,1.0,0.19444444444444442,4.499999999999998,0.8749999999999999,0.7999999999999999,0.7777777777777777,0.8888888888888888,16,18,18,HIGH_FRAUD_MOTIVE,HIGH_EXTORTION_MOTIVE,HIGH_FRAUD_MOTIVE -> HIGH_EXTORTION_MOTIVE,1,1
0.5,0.5,0.4444444444444444,0.8888888888888888,1.7777777777777777,1.0,0.19444444444444442,4.499999999999998,0.8749999999999999,0.7999999999999999,0.7777777777777777,0.8888888888888888,16,18,18,HIGH_EXTORTION_MOTIVE,HIGH_FRAUD_MOTIVE,HIGH_EXTORTION_MOTIVE -> HIGH_FRAUD_MOTIVE,1,1
0.5,0.5,0.4444444444444444,0.8888888888888888,1.7777777777777777,1.0,0.19444444444444442,4.499999999999998,0.8749999999999999,0.7999999999999999,0.7777777777777777,0.8888888888888888,16,18,18,HIGH_WOMEN_CYBERCRIME,HIGH_SEXUAL_EXPLOITATION_MOTIVE,HIGH_WOMEN_CYBERCRIME -> HIGH_SEXUAL_EXPLOITATION_MOTIVE,1,1
0.5,0.5,0.4444444444444444,0.8888888888888888,1.7777777777777777,1.0,0.19444444444444442,4.499999999999998,0.8749999999999999,0.7999999999999999,0.7777777777777777,0.8888888888888888,16,18,18,HIGH_SEXUAL_EXPLOITATION_MOTIVE,HIGH_WOMEN_CYBERCRIME,HIGH_SEXUAL_EXPLOITATION_MOTIVE -> HIGH_WOMEN_CYBERCRIME,1,1
0.5,0.5,0.4444444444444444,0.8888888888888888,1.7777777777777777,1.0,0.19444444444444442,4.499999999999998,0.8749999999999999,0.7999999999999999,0.7777777777777777,0.8888888888888888,16,18,18,HIGH_CHILD_CYBERCRIME,HIGH_SEXUAL_EXPLOITATION_MOTIVE,HIGH_CHILD_CYBERCRIME -> HIGH_SEXUAL_EXPLOITATION_MOTIVE,1,1
0.5,0.5,0.4444444444444444,0.8888888888888888,1.7777777777777777,1.0,0.19444444444444442,4.499999999999998,0.8749999999999999,0.7999999999999999,0.7777777777777777,0.8888888888888888,16,18,18,HIGH_SEXUAL_EXPLOITATION_MOTIVE,HIGH_CHILD_CYBERCRIME,HIGH_SEXUAL_EXPLOITATION_MOTIVE -> HIGH_CHILD_CYBERCRIME,1,1
0.5,0.5,0.4444444444444444,0.8888888888888888,1.7777777777777777,1.0,0.19444444444444442,4.499999999999998,0.8749999999999999,0.7999999999999999,0.7777777777777777,0.8888888888888888,16,18,18,HIGH_CHILD_CYBERCRIME,HIGH_WOMEN_CYBERCRIME,HIGH_CHILD_CYBERCRIME -> HIGH_WOMEN_CYBERCRIME,1,1
0.5,0.5,0.4444444444444444,0.8888888888888888,1.7777777777777777,1.0,0.19444444444444442,4.499999999999998,0.8749999999999999,0.7999999999999999,0.7777777777777777,0.8888888888888888,16,18,18,HIGH_WOMEN_CYBERCRIME,HIGH_CHILD_CYBERCRIME,HIGH_WOMEN_CYBERCRIME -> HIGH_CHILD_CYBERCRIME,1,1
0.5,0.5277777777777778,0.4444444444444444,0.8888888888888888,1.6842105263157894,1.0,0.18055555555555552,4.249999999999998,0.8124999999999999,0.761904761904762,0.764705882352941,0.8654970760233918,16,18,19,HIGH_FRAUD_MOTIVE,HIGH_IDENTITY_THEFT,HIGH_FRAUD_MOTIVE -> HIGH_IDENTITY_THEFT,1,1
0.5,0.5277777777777778,0.4444444444444444,0.8888888888888888,1.6842105263157894,1.0,0.18055555555555552,4.249999999999998,0.8124999999999999,0.761904761904762,0.764705882352941,0.8654970760233918,16,18,19,HIGH_SEXUAL_EXPLOITATION_MOTIVE,HIGH_IDENTITY_THEFT,HIGH_SEXUAL_EXPLOITATION_MOTIVE -> HIGH_IDENTITY_THEFT,1,1
0.4722222222222222,0.4166666666666667,0.4166666666666667,0.8823529411764707,2.1176470588235294,1.0,0.2199074074074074,4.958333333333337,1.0,0.8823529411764708,0.7983193277310926,0.9411764705882353,15,17,15,HIGH_EXTORTION_MOTIVE + HIGH_IDENTITY_THEFT,HIGH_FRAUD_MOTIVE + HIGH_SEXUAL_EXPLOITATION_MOTIVE,HIGH_EXTORTION_MOTIVE + HIGH_IDENTITY_THEFT -> HIGH_FRAUD_MOTIVE + HIGH_SEXUAL_EXPLOITATION_MOTIVE,2,2
0.4722222222222222,0.4166666666666667,0.4166666666666667,0.8823529411764707,2.1176470588235294,1.0,0.2199074074074074,4.958333333333337,1.0,0.8823529411764708,0.7983193277310926,0.9411764705882353,15,17,15,HIGH_EXTORTION_MOTIVE + HIGH_SEXUAL_EXPLOITATION_MOTIVE,HIGH_IDENTITY_THEFT + HIGH_WOMEN_CYBERCRIME,HIGH_EXTORTION_MOTIVE + HIGH_SEXUAL_EXPLOITATION_MOTIVE -> HIGH_IDENTITY_THEFT + HIGH_WOMEN_CYBERCRIME,2,2
0.4722222222222222,0.4166666666666667,0.4166666666666667,0.8823529411764707,2.1176470588235294,1.0,0.2199074074074074,4.958333333333337,1.0,0.8823529411764708,0.7983193277310926,0.9411764705882353,15,17,15,HIGH_EXTORTION_MOTIVE + HIGH_SEXUAL_EXPLOITATION_MOTIVE,HIGH_CHILD_CYBERCRIME + HIGH_IDENTITY_THEFT,HIGH_EXTORTION_MOTIVE + HIGH_SEXUAL_EXPLOITATION_MOTIVE -> HIGH_CHILD_CYBERCRIME + HIGH_IDENTITY_THEFT,2,2
0.4722222222222222,0.4444444444444444,0.4166666666666667,0.8823529411764707,1.985294117647059,1.0,0.20679012345679015,4.722222222222226,0.9403508771929826,0.8333333333333335,0.7882352941176473,0.9099264705882354,15,17,16,HIGH_EXTORTION_MOTIVE + HIGH_SEXUAL_EXPLOITATION_MOTIVE,HIGH_FRAUD_MOTIVE + HIGH_IDENTITY_THEFT,HIGH_EXTORTION_MOTIVE + HIGH_SEXUAL_EXPLOITATION_MOTIVE -> HIGH_FRAUD_MOTIVE + HIGH_IDENTITY_THEFT,2,2
0.4722222222222222,0.4444444444444444,0.4166666666666667,0.8823529411764707,1.985294117647059,1.0,0.20679012345679015,4.722222222222226,0.9403508771929826,0.8333333333333335,0.7882352941176473,0.9099264705882354,15,17,16,HIGH_EXTORTION_MOTIVE + HIGH_IDENTITY_THEFT,HIGH_SEXUAL_EXPLOITATION_MOTIVE + HIGH_WOMEN_CYBERCRIME,HIGH_EXTORTION_MOTIVE + HIGH_IDENTITY_THEFT -> HIGH_SEXUAL_EXPLOITATION_MOTIVE + HIGH_WOMEN_CYBERCRIME,2,2
0.4722222222222222,0.4444444444444444,0.4166666666666667,0.8823529411764707,1.985294117647059,1.0,0.20679012345679015,4.722222222222226,0.9403508771929826,0.8333333333333335,0.7882352941176473,0.9099264705882354,15,17,16,HIGH_EXTORTION_MOTIVE + HIGH_IDENTITY_THEFT,HIGH_CHILD_CYBERCRIME + HIGH_SEXUAL_EXPLOITATION_MOTIVE,HIGH_EXTORTION_MOTIVE + HIGH_IDENTITY_THEFT -> HIGH_CHILD_CYBERCRIME + HIGH_SEXUAL_EXPLOITATION_MOTIVE,2,2
0.4722222222222222,0.5,0.4166666666666667,0.8823529411764707,1.7647058823529413,1.0,0.18055555555555558,4.250000000000003,0.8210526315789475,0.75,0.7647058823529413,0.857843137254902,15,17,18,HIGH_EXTORTION_MOTIVE + HIGH_SEXUAL_EXPLOITATION_MOTIVE,HIGH_FRAUD_MOTIVE,HIGH_EXTORTION_MOTIVE + HIGH_SEXUAL_EXPLOITATION_MOTIVE -> HIGH_FRAUD_MOTIVE,2,1
0.4722222222222222,0.5,0.4166666666666667,0.8823529411764707,1.7647058823529413,1.0,0.18055555555555558,4.250000000000003,0.8210526315789475,0.75,0.7647058823529413,0.857843137254902,15,17,18,HIGH_EXTORTION_MOTIVE + HIGH_IDENTITY_THEFT,HIGH_WOMEN_CYBERCRIME,HIGH_EXTORTION_MOTIVE + HIGH_IDENTITY_THEFT -> HIGH_WOMEN_CYBERCRIME,2,1
0.4722222222222222,0.5,0.4166666666666667,0.8823529411764707,1.7647058823529413,1.0,0.18055555555555558,4.250000000000003,0.8210526315789475,0.75,0.7647058823529413,0.857843137254902,15,17,18,HIGH_EXTORTION_MOTIVE + HIGH_IDENTITY_THEFT,HIGH_CHILD_CYBERCRIME,HIGH_EXTORTION_MOTIVE + HIGH_IDENTITY_THEFT -> HIGH_CHILD_CYBERCRIME,2,1
0.4722222222222222,0.5,0.4166666666666667,0.8823529411764707,1.7647058823529413,1.0,0.18055555555555558,4.250000000000003,0.8210526315789475,0.75,0.7647058823529413,0.857843137254902,15,17,18,HIGH_EXTORTION_MOTIVE + HIGH_SEXUAL_EXPLOITATION_MOTIVE,HIGH_WOMEN_CYBERCRIME,HIGH_EXTORTION_MOTIVE + HIGH_SEXUAL_EXPLOITATION_MOTIVE -> HIGH_WOMEN_CYBERCRIME,2,1
0.4722222222222222,0.5,0.4166666666666667,0.8823529411764707,1.7647058823529413,1.0,0.18055555555555558,4.250000000000003,0.8210526315789475,0.75,0.7647058823529413,0.857843137254902,15,17,18,HIGH_EXTORTION_MOTIVE + HIGH_SEXUAL_EXPLOITATION_MOTIVE,HIGH_CHILD_CYBERCRIME,HIGH_EXTORTION_MOTIVE + HIGH_SEXUAL_EXPLOITATION_MOTIVE -> HIGH_CHILD_CYBERCRIME,2,1
0.4444444444444444,0.3888888888888889,0.3888888888888889,0.8750000000000001,2.2500000000000004,1.0,0.2160493827160494,4.888888888888894,1.0,0.8750000000000002,0.7954545454545455,0.9375,14,16,14,HIGH_IDENTITY_THEFT + HIGH_SEXUAL_EXPLOITATION_MOTIVE,HIGH_EXTORTION_MOTIVE + HIGH_FRAUD_MOTIVE + HIGH_WOMEN_CYBERCRIME,HIGH_IDENTITY_THEFT + HIGH_SEXUAL_EXPLOITATION_MOTIVE -> HIGH_EXTORTION_MOTIVE + HIGH_FRAUD_MOTIVE + HIGH_WOMEN_CYBERCRIME,2,3
0.4444444444444444,0.3888888888888889,0.3888888888888889,0.8750000000000001,2.2500000000000004,1.0,0.2160493827160494,4.888888888888894,1.0,0.8750000000000002,0.7954545454545455,0.9375,14,16,14,HIGH_IDENTITY_THEFT + HIGH_SEXUAL_EXPLOITATION_MOTIVE,HIGH_CHILD_CYBERCRIME + HIGH_EXTORTION_MOTIVE + HIGH_FRAUD_MOTIVE,HIGH_IDENTITY_THEFT + HIGH_SEXUAL_EXPLOITATION_MOTIVE -> HIGH_CHILD_CYBERCRIME + HIGH_EXTORTION_MOTIVE + HIGH_FRAUD_MOTIVE,2,3
0.4444444444444444,0.3888888888888889,0.3888888888888889,0.8750000000000001,2.2500000000000004,1.0,0.2160493827160494,4.888888888888894,1.0,0.8750000000000002,0.7954545454545455,0.9375,14,16,14,HIGH_IDENTITY_THEFT + HIGH_SEXUAL_EXPLOITATION_MOTIVE,HIGH_CHILD_CYBERCRIME + HIGH_EXTORTION_MOTIVE + HIGH_WOMEN_CYBERCRIME,HIGH_IDENTITY_THEFT + HIGH_SEXUAL_EXPLOITATION_MOTIVE -> HIGH_CHILD_CYBERCRIME + HIGH_EXTORTION_MOTIVE + HIGH_WOMEN_CYBERCRIME,2,3
0.4444444444444444,0.3888888888888889,0.3888888888888889,0.8750000000000001,2.2500000000000004,1.0,0.2160493827160494,4.888888888888894,1.0,0.8750000000000002,0.7954545454545455,0.9375,14,16,14,HIGH_EXTORTION_MOTIVE + HIGH_FRAUD_MOTIVE,HIGH_IDENTITY_THEFT + HIGH_SEC66D_CHEATING,HIGH_EXTORTION_MOTIVE + HIGH_FRAUD_MOTIVE -> HIGH_IDENTITY_THEFT + HIGH_SEC66D_CHEATING,2,2
0.4444444444444444,0.4166666666666667,0.3888888888888889,0.8750000000000001,2.1,1.0,0.20370370370370372,4.6666666666666705,0.9428571428571428,0.8235294117647058,0.7857142857142859,0.9041666666666668,14,16,15,HIGH_EXTORTION_MOTIVE + HIGH_IDENTITY_THEFT + HIGH_SEXUAL_EXPLOITATION_MOTIVE,HIGH_FRAUD_MOTIVE + HIGH_WOMEN_CYBERCRIME,HIGH_EXTORTION_MOTIVE + HIGH_IDENTITY_THEFT + HIGH_SEXUAL_EXPLOITATION_MOTIVE -> HIGH_FRAUD_MOTIVE + HIGH_WOMEN_CYBERCRIME,3,2
0.4444444444444444,0.4166666666666667,0.3888888888888889,0.8750000000000001,2.1,1.0,0.20370370370370372,4.6666666666666705,0.9428571428571428,0.8235294117647058,0.7857142857142859,0.9041666666666668,14,16,15,HIGH_FRAUD_MOTIVE + HIGH_IDENTITY_THEFT,HIGH_EXTORTION_MOTIVE + HIGH_SEXUAL_EXPLOITATION_MOTIVE + HIGH_WOMEN_CYBERCRIME,HIGH_FRAUD_MOTIVE + HIGH_IDENTITY_THEFT -> HIGH_EXTORTION_MOTIVE + HIGH_SEXUAL_EXPLOITATION_MOTIVE + HIGH_WOMEN_CYBERCRIME,2,3
0.4444444444444444,0.4166666666666667,0.3888888888888889,0.8750000000000001,2.1,1.0,0.20370370370370372,4.6666666666666705,0.9428571428571428,0.8235294117647058,0.7857142857142859,0.9041666666666668,14,16,15,HIGH_EXTORTION_MOTIVE + HIGH_FRAUD_MOTIVE,HIGH_IDENTITY_THEFT + HIGH_SEXUAL_EXPLOITATION_MOTIVE + HIGH_WOMEN_CYBERCRIME,HIGH_EXTORTION_MOTIVE + HIGH_FRAUD_MOTIVE -> HIGH_IDENTITY_THEFT + HIGH_SEXUAL_EXPLOITATION_MOTIVE + HIGH_WOMEN_CYBERCRIME,2,3
0.4444444444444444,0.4166666666666667,0.3888888888888889,0.8750000000000001,2.1,1.0,0.20370370370370372,4.6666666666666705,0.9428571428571428,0.8235294117647058,0.7857142857142859,0.9041666666666668,14,16,15,HIGH_EXTORTION_MOTIVE + HIGH_IDENTITY_THEFT + HIGH_SEXUAL_EXPLOITATION_MOTIVE,HIGH_CHILD_CYBERCRIME + HIGH_FRAUD_MOTIVE,HIGH_EXTORTION_MOTIVE + HIGH_IDENTITY_THEFT + HIGH_SEXUAL_EXPLOITATION_MOTIVE -> HIGH_CHILD_CYBERCRIME + HIGH_FRAUD_MOTIVE,3,2
0.4444444444444444,0.4166666666666667,0.3888888888888889,0.8750000000000001,2.1,1.0,0.20370370370370372,4.6666666666666705,0.9428571428571428,0.8235294117647058,0.7857142857142859,0.9041666666666668,14,16,15,HIGH_FRAUD_MOTIVE + HIGH_IDENTITY_THEFT,HIGH_CHILD_CYBERCRIME + HIGH_EXTORTION_MOTIVE + HIGH_SEXUAL_EXPLOITATION_MOTIVE,HIGH_FRAUD_MOTIVE + HIGH_IDENTITY_THEFT -> HIGH_CHILD_CYBERCRIME + HIGH_EXTORTION_MOTIVE + HIGH_SEXUAL_EXPLOITATION_MOTIVE,2,3
0.4444444444444444,0.4166666666666667,0.3888888888888889,0.8750000000000001,2.1,1.0,0.20370370370370372,4.6666666666666705,0.9428571428571428,0.8235294117647058,0.7857142857142859,0.9041666666666668,14,16,15,HIGH_EXTORTION_MOTIVE + HIGH_FRAUD_MOTIVE,HIGH_CHILD_CYBERCRIME + HIGH_IDENTITY_THEFT + HIGH_SEXUAL_EXPLOITATION_MOTIVE,HIGH_EXTORTION_MOTIVE + HIGH_FRAUD_MOTIVE -> HIGH_CHILD_CYBERCRIME + HIGH_IDENTITY_THEFT + HIGH_SEXUAL_EXPLOITATION_MOTIVE,2,3
0.4444444444444444,0.4166666666666667,0.3888888888888889,0.8750000000000001,2.1,1.0,0.20370370370370372,4.6666666666666705,0.9428571428571428,0.8235294117647058,0.7857142857142859,0.9041666666666668,14,16,15,HIGH_CHILD_CYBERCRIME + HIGH_SEXUAL_EXPLOITATION_MOTIVE,HIGH_EXTORTION_MOTIVE + HIGH_IDENTITY_THEFT + HIGH_WOMEN_CYBERCRIME,HIGH_CHILD_CYBERCRIME + HIGH_SEXUAL_EXPLOITATION_MOTIVE -> HIGH_EXTORTION_MOTIVE + HIGH_IDENTITY_THEFT + HIGH_WOMEN_CYBERCRIME,2,3
0.4444444444444444,0.4166666666666667,0.3888888888888889,0.8750000000000001,2.1,1.0,0.20370370370370372,4.6666666666666705,0.9428571428571428,0.8235294117647058,0.7857142857142859,0.9041666666666668,14,16,15,HIGH_SEXUAL_EXPLOITATION_MOTIVE + HIGH_WOMEN_CYBERCRIME,HIGH_CHILD_CYBERCRIME + HIGH_EXTORTION_MOTIVE + HIGH_IDENTITY_THEFT,HIGH_SEXUAL_EXPLOITATION_MOTIVE + HIGH_WOMEN_CYBERCRIME -> HIGH_CHILD_CYBERCRIME + HIGH_EXTORTION_MOTIVE + HIGH_IDENTITY_THEFT,2,3
0.4444444444444444,0.4166666666666667,0.3888888888888889,0.8750000000000001,2.1,1.0,0.20370370370370372,4.6666666666666705,0.9428571428571428,0.8235294117647058,0.7857142857142859,0.9041666666666668,14,16,15,HIGH_FRAUD_MOTIVE + HIGH_IDENTITY_THEFT,HIGH_EXTORTION_MOTIVE + HIGH_SEC66D_CHEATING,HIGH_FRAUD_MOTIVE + HIGH_IDENTITY_THEFT -> HIGH_EXTORTION_MOTIVE + HIGH_SEC66D_CHEATING,2,2
0.4444444444444444,0.4166666666666667,0.3888888888888889,0.8750000000000001,2.1,1.0,0.20370370370370372,4.6666666666666705,0.9428571428571428,0.8235294117647058,0.7857142857142859,0.9041666666666668,14,16,15,HIGH_FRAUD_MOTIVE + HIGH_IDENTITY_THEFT,HIGH_EXTORTION_MOTIVE + HIGH_WOMEN_CYBERCRIME,HIGH_FRAUD_MOTIVE + HIGH_IDENTITY_THEFT -> HIGH_EXTORTION_MOTIVE + HIGH_WOMEN_CYBERCRIME,2,2
0.4444444444444444,0.4166666666666667,0.3888888888888889,0.8750000000000001,2.1,1.0,0.20370370370370372,4.6666666666666705,0.9428571428571428,0.8235294117647058,0.7857142857142859,0.9041666666666668,14,16,15,HIGH_EXTORTION_MOTIVE + HIGH_FRAUD_MOTIVE,HIGH_IDENTITY_THEFT + HIGH_WOMEN_CYBERCRIME,HIGH_EXTORTION_MOTIVE + HIGH_FRAUD_MOTIVE -> HIGH_IDENTITY_THEFT + HIGH_WOMEN_CYBERCRIME,2,2
0.4444444444444444,0.4166666666666667,0.3888888888888889,0.8750000000000001,2.1,1.0,0.20370370370370372,4.6666666666666705,0.9428571428571428,0.8235294117647058,0.7857142857142859,0.9041666666666668,14,16,15,HIGH_FRAUD_MOTIVE + HIGH_IDENTITY_THEFT,HIGH_CHILD_CYBERCRIME + HIGH_EXTORTION_MOTIVE,HIGH_FRAUD_MOTIVE + HIGH_IDENTITY_THEFT -> HIGH_CHILD_CYBERCRIME + HIGH_EXTORTION_MOTIVE,2,2
0.4444444444444444,0.4166666666666667,0.3888888888888889,0.8750000000000001,2.1,1.0,0.20370370370370372,4.6666666666666705,0.9428571428571428,0.8235294117647058,0.7857142857142859,0.9041666666666668,14,16,15,HIGH_EXTORTION_MOTIVE + HIGH_FRAUD_MOTIVE,HIGH_CHILD_CYBERCRIME + HIGH_IDENTITY_THEFT,HIGH_EXTORTION_MOTIVE + HIGH_FRAUD_MOTIVE -> HIGH_CHILD_CYBERCRIME + HIGH_IDENTITY_THEFT,2,2
0.4444444444444444,0.4166666666666667,0.3888888888888889,0.8750000000000001,2.1,1.0,0.20370370370370372,4.6666666666666705,0.9428571428571428,0.8235294117647058,0.7857142857142859,0.9041666666666668,14,16,15,HIGH_IDENTITY_THEFT + HIGH_SEXUAL_EXPLOITATION_MOTIVE,HIGH_FRAUD_MOTIVE + HIGH_WOMEN_CYBERCRIME,HIGH_IDENTITY_THEFT + HIGH_SEXUAL_EXPLOITATION_MOTIVE -> HIGH_FRAUD_MOTIVE + HIGH_WOMEN_CYBERCRIME,2,2
0.4444444444444444,0.4166666666666667,0.3888888888888889,0.8750000000000001,2.1,1.0,0.20370370370370372,4.6666666666666705,0.9428571428571428,0.8235294117647058,0.7857142857142859,0.9041666666666668,14,16,15,HIGH_IDENTITY_THEFT + HIGH_SEXUAL_EXPLOITATION_MOTIVE,HIGH_CHILD_CYBERCRIME + HIGH_FRAUD_MOTIVE,HIGH_IDENTITY_THEFT + HIGH_SEXUAL_EXPLOITATION_MOTIVE -> HIGH_CHILD_CYBERCRIME + HIGH_FRAUD_MOTIVE,2,2
0.4444444444444444,0.4166666666666667,0.3888888888888889,0.8750000000000001,2.1,1.0,0.20370370370370372,4.6666666666666705,0.9428571428571428,0.8235294117647058,0.7857142857142859,0.9041666666666668,14,16,15,HIGH_CHILD_CYBERCRIME + HIGH_SEXUAL_EXPLOITATION_MOTIVE,HIGH_IDENTITY_THEFT + HIGH_WOMEN_CYBERCRIME,HIGH_CHILD_CYBERCRIME + HIGH_SEXUAL_EXPLOITATION_MOTIVE -> HIGH_IDENTITY_THEFT + HIGH_WOMEN_CYBERCRIME,2,2
0.4444444444444444,0.4166666666666667,0.3888888888888889,0.8750000000000001,2.1,1.0,0.20370370370370372,4.6666666666666705,0.9428571428571428,0.8235294117647058,0.7857142857142859,0.9041666666666668,14,16,15,HIGH_SEXUAL_EXPLOITATION_MOTIVE + HIGH_WOMEN_CYBERCRIME,HIGH_CHILD_CYBERCRIME + HIGH_IDENTITY_THEFT,HIGH_SEXUAL_EXPLOITATION_MOTIVE + HIGH_WOMEN_CYBERCRIME -> HIGH_CHILD_CYBERCRIME + HIGH_IDENTITY_THEFT,2,2
0.4444444444444444,0.4166666666666667,0.3888888888888889,0.8750000000000001,2.1,1.0,0.20370370370370372,4.6666666666666705,0.9428571428571428,0.8235294117647058,0.7857142857142859,0.9041666666666668,14,16,15,HIGH_CHILD_CYBERCRIME + HIGH_SEXUAL_EXPLOITATION_MOTIVE,HIGH_EXTORTION_MOTIVE + HIGH_WOMEN_CYBERCRIME,HIGH_CHILD_CYBERCRIME + HIGH_SEXUAL_EXPLOITATION_MOTIVE -> HIGH_EXTORTION_MOTIVE + HIGH_WOMEN_CYBERCRIME,2,2
0.4444444444444444,0.4166666666666667,0.3888888888888889,0.8750000000000001,2.1,1.0,0.20370370370370372,4.6666666666666705,0.9428571428571428,0.8235294117647058,0.7857142857142859,0.9041666666666668,14,16,15,HIGH_SEXUAL_EXPLOITATION_MOTIVE + HIGH_WOMEN_CYBERCRIME,HIGH_CHILD_CYBERCRIME + HIGH_EXTORTION_MOTIVE,HIGH_SEXUAL_EXPLOITATION_MOTIVE + HIGH_WOMEN_CYBERCRIME -> HIGH_CHILD_CYBERCRIME + HIGH_EXTORTION_MOTIVE,2,2
0.4444444444444444,0.4444444444444444,0.3888888888888889,0.8750000000000001,1.9687500000000004,1.0,0.19135802469135804,4.444444444444448,0.8857142857142857,0.7777777777777779,0.7750000000000002,0.8750000000000001,14,16,16,HIGH_EXTORTION_MOTIVE + HIGH_FRAUD_MOTIVE + HIGH_IDENTITY_THEFT,HIGH_SEXUAL_EXPLOITATION_MOTIVE + HIGH_WOMEN_CYBERCRIME,HIGH_EXTORTION_MOTIVE + HIGH_FRAUD_MOTIVE + HIGH_IDENTITY_THEFT -> HIGH_SEXUAL_EXPLOITATION_MOTIVE + HIGH_WOMEN_CYBERCRIME,3,2
0.4444444444444444,0.4444444444444444,0.3888888888888889,0.8750000000000001,1.9687500000000004,1.0,0.19135802469135804,4.444444444444448,0.8857142857142857,0.7777777777777779,0.7750000000000002,0.8750000000000001,14,16,16,HIGH_SEXUAL_EXPLOITATION_MOTIVE + HIGH_WOMEN_CYBERCRIME,HIGH_EXTORTION_MOTIVE + HIGH_FRAUD_MOTIVE + HIGH_IDENTITY_THEFT,HIGH_SEXUAL_EXPLOITATION_MOTIVE + HIGH_WOMEN_CYBERCRIME -> HIGH_EXTORTION_MOTIVE + HIGH_FRAUD_MOTIVE + HIGH_IDENTITY_THEFT,2,3
0.4444444444444444,0.4444444444444444,0.3888888888888889,0.8750000000000001,1.9687500000000004,1.0,0.19135802469135804,4.444444444444448,0.8857142857142857,0.7777777777777779,0.7750000000000002,0.8750000000000001,14,16,16,HIGH_EXTORTION_MOTIVE + HIGH_FRAUD_MOTIVE + HIGH_IDENTITY_THEFT,HIGH_CHILD_CYBERCRIME + HIGH_SEXUAL_EXPLOITATION_MOTIVE,HIGH_EXTORTION_MOTIVE + HIGH_FRAUD_MOTIVE + HIGH_IDENTITY_THEFT -> HIGH_CHILD_CYBERCRIME + HIGH_SEXUAL_EXPLOITATION_MOTIVE,3,2
0.4444444444444444,0.4444444444444444,0.3888888888888889,0.8750000000000001,1.9687500000000004,1.0,0.19135802469135804,4.444444444444448,0.8857142857142857,0.7777777777777779,0.7750000000000002,0.8750000000000001,14,16,16,HIGH_CHILD_CYBERCRIME + HIGH_SEXUAL_EXPLOITATION_MOTIVE,HIGH_EXTORTION_MOTIVE + HIGH_FRAUD_MOTIVE + HIGH_IDENTITY_THEFT,HIGH_CHILD_CYBERCRIME + HIGH_SEXUAL_EXPLOITATION_MOTIVE -> HIGH_EXTORTION_MOTIVE + HIGH_FRAUD_MOTIVE + HIGH_IDENTITY_THEFT,2,3
0.4444444444444444,0.4444444444444444,0.3888888888888889,0.8750000000000001,1.9687500000000004,1.0,0.19135802469135804,4.444444444444448,0.8857142857142857,0.7777777777777779,0.7750000000000002,0.8750000000000001,14,16,16,HIGH_EXTORTION_MOTIVE + HIGH_IDENTITY_THEFT + HIGH_SEXUAL_EXPLOITATION_MOTIVE,HIGH_CHILD_CYBERCRIME + HIGH_WOMEN_CYBERCRIME,HIGH_EXTORTION_MOTIVE + HIGH_IDENTITY_THEFT + HIGH_SEXUAL_EXPLOITATION_MOTIVE -> HIGH_CHILD_CYBERCRIME + HIGH_WOMEN_CYBERCRIME,3,2
0.4444444444444444,0.4444444444444444,0.3888888888888889,0.8750000000000001,1.9687500000000004,1.0,0.19135802469135804,4.444444444444448,0.8857142857142857,0.7777777777777779,0.7750000000000002,0.8750000000000001,14,16,16,HIGH_CHILD_CYBERCRIME + HIGH_WOMEN_CYBERCRIME,HIGH_EXTORTION_MOTIVE + HIGH_IDENTITY_THEFT + HIGH_SEXUAL_EXPLOITATION_MOTIVE,HIGH_CHILD_CYBERCRIME + HIGH_WOMEN_CYBERCRIME -> HIGH_EXTORTION_MOTIVE + HIGH_IDENTITY_THEFT + HIGH_SEXUAL_EXPLOITATION_MOTIVE,2,3
0.4444444444444444,0.4444444444444444,0.3888888888888889,0.8750000000000001,1.9687500000000004,1.0,0.19135802469135804,4.444444444444448,0.8857142857142857,0.7777777777777779,0.7750000000000002,0.8750000000000001,14,16,16,HIGH_SEXUAL_EXPLOITATION_MOTIVE + HIGH_WOMEN_CYBERCRIME,HIGH_FRAUD_MOTIVE + HIGH_IDENTITY_THEFT,HIGH_SEXUAL_EXPLOITATION_MOTIVE + HIGH_WOMEN_CYBERCRIME -> HIGH_FRAUD_MOTIVE + HIGH_IDENTITY_THEFT,2,2
0.4444444444444444,0.4444444444444444,0.3888888888888889,0.8750000000000001,1.9687500000000004,1.0,0.19135802469135804,4.444444444444448,0.8857142857142857,0.7777777777777779,0.7750000000000002,0.8750000000000001,14,16,16,HIGH_FRAUD_MOTIVE + HIGH_IDENTITY_THEFT,HIGH_SEXUAL_EXPLOITATION_MOTIVE + HIGH_WOMEN_CYBERCRIME,HIGH_FRAUD_MOTIVE + HIGH_IDENTITY_THEFT -> HIGH_SEXUAL_EXPLOITATION_MOTIVE + HIGH_WOMEN_CYBERCRIME,2,2
0.4444444444444444,0.4444444444444444,0.3888888888888889,0.8750000000000001,1.9687500000000004,1.0,0.19135802469135804,4.444444444444448,0.8857142857142857,0.7777777777777779,0.7750000000000002,0.8750000000000001,14,16,16,HIGH_CHILD_CYBERCRIME + HIGH_SEXUAL_EXPLOITATION_MOTIVE,HIGH_FRAUD_MOTIVE + HIGH_IDENTITY_THEFT,HIGH_CHILD_CYBERCRIME + HIGH_SEXUAL_EXPLOITATION_MOTIVE -> HIGH_FRAUD_MOTIVE + HIGH_IDENTITY_THEFT,2,2
0.4444444444444444,0.4444444444444444,0.3888888888888889,0.8750000000000001,1.9687500000000004,1.0,0.19135802469135804,4.444444444444448,0.8857142857142857,0.7777777777777779,0.7750000000000002,0.8750000000000001,14,16,16,HIGH_FRAUD_MOTIVE + HIGH_IDENTITY_THEFT,HIGH_CHILD_CYBERCRIME + HIGH_SEXUAL_EXPLOITATION_MOTIVE,HIGH_FRAUD_MOTIVE + HIGH_IDENTITY_THEFT -> HIGH_CHILD_CYBERCRIME + HIGH_SEXUAL_EXPLOITATION_MOTIVE,2,2
0.4444444444444444,0.4444444444444444,0.3888888888888889,0.8750000000000001,1.9687500000000004,1.0,0.19135802469135804,4.444444444444448,0.8857142857142857,0.7777777777777779,0.7750000000000002,0.8750000000000001,14,16,16,HIGH_SEXUAL_EXPLOITATION_MOTIVE + HIGH_WOMEN_CYBERCRIME,HIGH_EXTORTION_MOTIVE + HIGH_FRAUD_MOTIVE,HIGH_SEXUAL_EXPLOITATION_MOTIVE + HIGH_WOMEN_CYBERCRIME -> HIGH_EXTORTION_MOTIVE + HIGH_FRAUD_MOTIVE,2,2
0.4444444444444444,0.4444444444444444,0.3888888888888889,0.8750000000000001,1.9687500000000004,1.0,0.19135802469135804,4.444444444444448,0.8857142857142857,0.7777777777777779,0.7750000000000002,0.8750000000000001,14,16,16,HIGH_EXTORTION_MOTIVE + HIGH_FRAUD_MOTIVE,HIGH_SEXUAL_EXPLOITATION_MOTIVE + HIGH_WOMEN_CYBERCRIME,HIGH_EXTORTION_MOTIVE + HIGH_FRAUD_MOTIVE -> HIGH_SEXUAL_EXPLOITATION_MOTIVE + HIGH_WOMEN_CYBERCRIME,2,2
0.4444444444444444,0.4444444444444444,0.3888888888888889,0.8750000000000001,1.9687500000000004,1.0,0.19135802469135804,4.444444444444448,0.8857142857142857,0.7777777777777779,0.7750000000000002,0.8750000000000001,14,16,16,HIGH_CHILD_CYBERCRIME + HIGH_SEXUAL_EXPLOITATION_MOTIVE,HIGH_EXTORTION_MOTIVE + HIGH_FRAUD_MOTIVE,HIGH_CHILD_CYBERCRIME + HIGH_SEXUAL_EXPLOITATION_MOTIVE -> HIGH_EXTORTION_MOTIVE + HIGH_FRAUD_MOTIVE,2,2
0.4444444444444444,0.4444444444444444,0.3888888888888889,0.8750000000000001,1.9687500000000004,1.0,0.19135802469135804,4.444444444444448,0.8857142857142857,0.7777777777777779,0.7750000000000002,0.8750000000000001,14,16,16,HIGH_EXTORTION_MOTIVE + HIGH_FRAUD_MOTIVE,HIGH_CHILD_CYBERCRIME + HIGH_SEXUAL_EXPLOITATION_MOTIVE,HIGH_EXTORTION_MOTIVE + HIGH_FRAUD_MOTIVE -> HIGH_CHILD_CYBERCRIME + HIGH_SEXUAL_EXPLOITATION_MOTIVE,2,2
0.4444444444444444,0.4444444444444444,0.3888888888888889,0.8750000000000001,1.9687500000000004,1.0,0.19135802469135804,4.444444444444448,0.8857142857142857,0.7777777777777779,0.7750000000000002,0.8750000000000001,14,16,16,HIGH_CHILD_CYBERCRIME + HIGH_WOMEN_CYBERCRIME,HIGH_IDENTITY_THEFT + HIGH_SEXUAL_EXPLOITATION_MOTIVE,HIGH_CHILD_CYBERCRIME + HIGH_WOMEN_CYBERCRIME -> HIGH_IDENTITY_THEFT + HIGH_SEXUAL_EXPLOITATION_MOTIVE,2,2
0.4444444444444444,0.4444444444444444,0.3888888888888889,0.8750000000000001,1.9687500000000004,1.0,0.19135802469135804,4.444444444444448,0.8857142857142857,0.7777777777777779,0.7750000000000002,0.8750000000000001,14,16,16,HIGH_IDENTITY_THEFT + HIGH_SEXUAL_EXPLOITATION_MOTIVE,HIGH_CHILD_CYBERCRIME + HIGH_WOMEN_CYBERCRIME,HIGH_IDENTITY_THEFT + HIGH_SEXUAL_EXPLOITATION_MOTIVE -> HIGH_CHILD_CYBERCRIME + HIGH_WOMEN_CYBERCRIME,2,2
0.4444444444444444,0.4722222222222222,0.3888888888888889,0.8750000000000001,1.8529411764705885,1.0,0.17901234567901236,4.222222222222226,0.8285714285714286,0.7368421052631581,0.7631578947368424,0.849264705882353,14,16,17,HIGH_CHILD_CYBERCRIME + HIGH_WOMEN_CYBERCRIME,HIGH_EXTORTION_MOTIVE + HIGH_IDENTITY_THEFT,HIGH_CHILD_CYBERCRIME + HIGH_WOMEN_CYBERCRIME -> HIGH_EXTORTION_MOTIVE + HIGH_IDENTITY_THEFT,2,2
0.4444444444444444,0.4722222222222222,0.3888888888888889,0.8750000000000001,1.8529411764705885,1.0,0.17901234567901236,4.222222222222226,0.8285714285714286,0.7368421052631581,0.7631578947368424,0.849264705882353,14,16,17,HIGH_CHILD_CYBERCRIME + HIGH_WOMEN_CYBERCRIME,HIGH_EXTORTION_MOTIVE + HIGH_SEXUAL_EXPLOITATION_MOTIVE,HIGH_CHILD_CYBERCRIME + HIGH_WOMEN_CYBERCRIME -> HIGH_EXTORTION_MOTIVE + HIGH_SEXUAL_EXPLOITATION_MOTIVE,2,2
0.4444444444444444,0.5,0.3888888888888889,0.8750000000000001,1.7500000000000002,1.0,0.16666666666666669,4.0000000000000036,0.7714285714285715,0.7,0.7500000000000002,0.826388888888889,14,16,18,HIGH_EXTORTION_MOTIVE + HIGH_FRAUD_MOTIVE + HIGH_IDENTITY_THEFT,HIGH_SEC66D_CHEATING,HIGH_EXTORTION_MOTIVE + HIGH_FRAUD_MOTIVE + HIGH_IDENTITY_THEFT -> HIGH_SEC66D_CHEATING,3,1
0.4444444444444444,0.5,0.3888888888888889,0.8750000000000001,1.7500000000000002,1.0,0.16666666666666669,4.0000000000000036,0.7714285714285715,0.7,0.7500000000000002,0.826388888888889,14,16,18,HIGH_EXTORTION_MOTIVE + HIGH_FRAUD_MOTIVE + HIGH_IDENTITY_THEFT,HIGH_WOMEN_CYBERCRIME,HIGH_EXTORTION_MOTIVE + HIGH_FRAUD_MOTIVE + HIGH_IDENTITY_THEFT -> HIGH_WOMEN_CYBERCRIME,3,1
0.4444444444444444,0.5,0.3888888888888889,0.8750000000000001,1.7500000000000002,1.0,0.16666666666666669,4.0000000000000036,0.7714285714285715,0.7,0.7500000000000002,0.826388888888889,14,16,18,HIGH_EXTORTION_MOTIVE + HIGH_FRAUD_MOTIVE + HIGH_IDENTITY_THEFT,HIGH_CHILD_CYBERCRIME,HIGH_EXTORTION_MOTIVE + HIGH_FRAUD_MOTIVE + HIGH_IDENTITY_THEFT -> HIGH_CHILD_CYBERCRIME,3,1
0.4444444444444444,0.5,0.3888888888888889,0.8750000000000001,1.7500000000000002,1.0,0.16666666666666669,4.0000000000000036,0.7714285714285715,0.7,0.7500000000000002,0.826388888888889,14,16,18,HIGH_FRAUD_MOTIVE + HIGH_IDENTITY_THEFT,HIGH_SEC66D_CHEATING,HIGH_FRAUD_MOTIVE + HIGH_IDENTITY_THEFT -> HIGH_SEC66D_CHEATING,2,1
0.4444444444444444,0.5,0.3888888888888889,0.8750000000000001,1.7500000000000002,1.0,0.16666666666666669,4.0000000000000036,0.7714285714285715,0.7,0.7500000000000002,0.826388888888889,14,16,18,HIGH_EXTORTION_MOTIVE + HIGH_FRAUD_MOTIVE,HIGH_SEC66D_CHEATING,HIGH_EXTORTION_MOTIVE + HIGH_FRAUD_MOTIVE -> HIGH_SEC66D_CHEATING,2,1
0.4444444444444444,0.5,0.3888888888888889,0.8750000000000001,1.7500000000000002,1.0,0.16666666666666669,4.0000000000000036,0.7714285714285715,0.7,0.7500000000000002,0.826388888888889,14,16,18,HIGH_FRAUD_MOTIVE + HIGH_IDENTITY_THEFT,HIGH_WOMEN_CYBERCRIME,HIGH_FRAUD_MOTIVE + HIGH_IDENTITY_THEFT -> HIGH_WOMEN_CYBERCRIME,2,1
0.4444444444444444,0.5,0.3888888888888889,0.8750000000000001,1.7500000000000002,1.0,0.16666666666666669,4.0000000000000036,0.7714285714285715,0.7,0.7500000000000002,0.826388888888889,14,16,18,HIGH_FRAUD_MOTIVE + HIGH_IDENTITY_THEFT,HIGH_CHILD_CYBERCRIME,HIGH_FRAUD_MOTIVE + HIGH_IDENTITY_THEFT -> HIGH_CHILD_CYBERCRIME,2,1
0.4444444444444444,0.5,0.3888888888888889,0.8750000000000001,1.7500000000000002,1.0,0.16666666666666669,4.0000000000000036,0.7714285714285715,0.7,0.7500000000000002,0.826388888888889,14,16,18,HIGH_EXTORTION_MOTIVE + HIGH_FRAUD_MOTIVE,HIGH_WOMEN_CYBERCRIME,HIGH_EXTORTION_MOTIVE + HIGH_FRAUD_MOTIVE -> HIGH_WOMEN_CYBERCRIME,2,1
0.4444444444444444,0.5,0.3888888888888889,0.8750000000000001,1.7500000000000002,1.0,0.16666666666666669,4.0000000000000036,0.7714285714285715,0.7,0.7500000000000002,0.826388888888889,14,16,18,HIGH_EXTORTION_MOTIVE + HIGH_FRAUD_MOTIVE,HIGH_CHILD_CYBERCRIME,HIGH_EXTORTION_MOTIVE + HIGH_FRAUD_MOTIVE -> HIGH_CHILD_CYBERCRIME,2,1
0.4444444444444444,0.5,0.3888888888888889,0.8750000000000001,1.7500000000000002,1.0,0.16666666666666669,4.0000000000000036,0.7714285714285715,0.7,0.7500000000000002,0.826388888888889,14,16,18,HIGH_SEXUAL_EXPLOITATION_MOTIVE + HIGH_WOMEN_CYBERCRIME,HIGH_FRAUD_MOTIVE,HIGH_SEXUAL_EXPLOITATION_MOTIVE + HIGH_WOMEN_CYBERCRIME -> HIGH_FRAUD_MOTIVE,2,1
0.4444444444444444,0.5,0.3888888888888889,0.8750000000000001,1.7500000000000002,1.0,0.16666666666666669,4.0000000000000036,0.7714285714285715,0.7,0.7500000000000002,0.826388888888889,14,16,18,HIGH_CHILD_CYBERCRIME + HIGH_SEXUAL_EXPLOITATION_MOTIVE,HIGH_FRAUD_MOTIVE,HIGH_CHILD_CYBERCRIME + HIGH_SEXUAL_EXPLOITATION_MOTIVE -> HIGH_FRAUD_MOTIVE,2,1
0.4444444444444444,0.5,0.3888888888888889,0.8750000000000001,1.7500000000000002,1.0,0.16666666666666669,4.0000000000000036,0.7714285714285715,0.7,0.7500000000000002,0.826388888888889,14,16,18,HIGH_CHILD_CYBERCRIME + HIGH_WOMEN_CYBERCRIME,HIGH_FRAUD_MOTIVE,HIGH_CHILD_CYBERCRIME + HIGH_WOMEN_CYBERCRIME -> HIGH_FRAUD_MOTIVE,2,1
0.4444444444444444,0.5,0.3888888888888889,0.8750000000000001,1.7500000000000002,1.0,0.16666666666666669,4.0000000000000036,0.7714285714285715,0.7,0.7500000000000002,0.826388888888889,14,16,18,HIGH_CHILD_CYBERCRIME + HIGH_WOMEN_CYBERCRIME,HIGH_EXTORTION_MOTIVE,HIGH_CHILD_CYBERCRIME + HIGH_WOMEN_CYBERCRIME -> HIGH_EXTORTION_MOTIVE,2,1
0.4444444444444444,0.5277777777777778,0.3888888888888889,0.8750000000000001,1.6578947368421055,1.0,0.154320987654321,3.7777777777777812,0.7142857142857143,0.6666666666666667,0.7352941176470591,0.805921052631579,14,16,19,HIGH_CHILD_CYBERCRIME + HIGH_WOMEN_CYBERCRIME,HIGH_IDENTITY_THEFT,HIGH_CHILD_CYBERCRIME + HIGH_WOMEN_CYBERCRIME -> HIGH_IDENTITY_THEFT,2,1
0.4166666666666667,0.3888888888888889,0.3611111111111111,0.8666666666666666,2.228571428571428,1.0,0.19907407407407407,4.583333333333331,0.9450549450549453,0.8124999999999999,0.7818181818181816,0.8976190476190475,13,15,14,HIGH_CHILD_CYBERCRIME + HIGH_EXTORTION_MOTIVE + HIGH_IDENTITY_THEFT,HIGH_FRAUD_MOTIVE + HIGH_SEXUAL_EXPLOITATION_MOTIVE + HIGH_WOMEN_CYBERCRIME,HIGH_CHILD_CYBERCRIME + HIGH_EXTORTION_MOTIVE + HIGH_IDENTITY_THEFT -> HIGH_FRAUD_MOTIVE + HIGH_SEXUAL_EXPLOITATION_MOTIVE + HIGH_WOMEN_CYBERCRIME,3,3
0.4166666666666667,0.3888888888888889,0.3611111111111111,0.8666666666666666,2.228571428571428,1.0,0.19907407407407407,4.583333333333331,0.9450549450549453,0.8124999999999999,0.7818181818181816,0.8976190476190475,13,15,14,HIGH_CHILD_CYBERCRIME + HIGH_IDENTITY_THEFT + HIGH_SEXUAL_EXPLOITATION_MOTIVE,HIGH_EXTORTION_MOTIVE + HIGH_FRAUD_MOTIVE + HIGH_WOMEN_CYBERCRIME,HIGH_CHILD_CYBERCRIME + HIGH_IDENTITY_THEFT + HIGH_SEXUAL_EXPLOITATION_MOTIVE -> HIGH_EXTORTION_MOTIVE + HIGH_FRAUD_MOTIVE + HIGH_WOMEN_CYBERCRIME,3,3
0.4166666666666667,0.3888888888888889,0.3611111111111111,0.8666666666666666,2.228571428571428,1.0,0.19907407407407407,4.583333333333331,0.9450549450549453,0.8124999999999999,0.7818181818181816,0.8976190476190475,13,15,14,HIGH_CHILD_CYBERCRIME + HIGH_EXTORTION_MOTIVE + HIGH_SEXUAL_EXPLOITATION_MOTIVE,HIGH_FRAUD_MOTIVE + HIGH_IDENTITY_THEFT + HIGH_WOMEN_CYBERCRIME,HIGH_CHILD_CYBERCRIME + HIGH_EXTORTION_MOTIVE + HIGH_SEXUAL_EXPLOITATION_MOTIVE -> HIGH_FRAUD_MOTIVE + HIGH_IDENTITY_THEFT + HIGH_WOMEN_CYBERCRIME,3,3
0.4166666666666667,0.3888888888888889,0.3611111111111111,0.8666666666666666,2.228571428571428,1.0,0.19907407407407407,4.583333333333331,0.9450549450549453,0.8124999999999999,0.7818181818181816,0.8976190476190475,13,15,14,HIGH_EXTORTION_MOTIVE + HIGH_IDENTITY_THEFT + HIGH_WOMEN_CYBERCRIME,HIGH_CHILD_CYBERCRIME + HIGH_FRAUD_MOTIVE + HIGH_SEXUAL_EXPLOITATION_MOTIVE,HIGH_EXTORTION_MOTIVE + HIGH_IDENTITY_THEFT + HIGH_WOMEN_CYBERCRIME -> HIGH_CHILD_CYBERCRIME + HIGH_FRAUD_MOTIVE + HIGH_SEXUAL_EXPLOITATION_MOTIVE,3,3
0.4166666666666667,0.3888888888888889,0.3611111111111111,0.8666666666666666,2.228571428571428,1.0,0.19907407407407407,4.583333333333331,0.9450549450549453,0.8124999999999999,0.7818181818181816,0.8976190476190475,13,15,14,HIGH_IDENTITY_THEFT + HIGH_SEXUAL_EXPLOITATION_MOTIVE + HIGH_WOMEN_CYBERCRIME,HIGH_CHILD_CYBERCRIME + HIGH_EXTORTION_MOTIVE + HIGH_FRAUD_MOTIVE,HIGH_IDENTITY_THEFT + HIGH_SEXUAL_EXPLOITATION_MOTIVE + HIGH_WOMEN_CYBERCRIME -> HIGH_CHILD_CYBERCRIME + HIGH_EXTORTION_MOTIVE + HIGH_FRAUD_MOTIVE,3,3
0.4166666666666667,0.3888888888888889,0.3611111111111111,0.8666666666666666,2.228571428571428,1.0,0.19907407407407407,4.583333333333331,0.9450549450549453,0.8124999999999999,0.7818181818181816,0.8976190476190475,13,15,14,HIGH_FRAUD_MOTIVE + HIGH_IDENTITY_THEFT + HIGH_SEXUAL_EXPLOITATION_MOTIVE,HIGH_CHILD_CYBERCRIME + HIGH_EXTORTION_MOTIVE + HIGH_WOMEN_CYBERCRIME,HIGH_FRAUD_MOTIVE + HIGH_IDENTITY_THEFT + HIGH_SEXUAL_EXPLOITATION_MOTIVE -> HIGH_CHILD_CYBERCRIME + HIGH_EXTORTION_MOTIVE + HIGH_WOMEN_CYBERCRIME,3,3
0.4166666666666667,0.3888888888888889,0.3611111111111111,0.8666666666666666,2.228571428571428,1.0,0.19907407407407407,4.583333333333331,0.9450549450549453,0.8124999999999999,0.7818181818181816,0.8976190476190475,13,15,14,HIGH_EXTORTION_MOTIVE + HIGH_SEXUAL_EXPLOITATION_MOTIVE + HIGH_WOMEN_CYBERCRIME,HIGH_CHILD_CYBERCRIME + HIGH_FRAUD_MOTIVE + HIGH_IDENTITY_THEFT,HIGH_EXTORTION_MOTIVE + HIGH_SEXUAL_EXPLOITATION_MOTIVE + HIGH_WOMEN_CYBERCRIME -> HIGH_CHILD_CYBERCRIME + HIGH_FRAUD_MOTIVE + HIGH_IDENTITY_THEFT,3,3
0.4166666666666667,0.3888888888888889,0.3611111111111111,0.8666666666666666,2.228571428571428,1.0,0.19907407407407407,4.583333333333331,0.9450549450549453,0.8124999999999999,0.7818181818181816,0.8976190476190475,13,15,14,HIGH_EXTORTION_MOTIVE + HIGH_FRAUD_MOTIVE + HIGH_SEXUAL_EXPLOITATION_MOTIVE,HIGH_CHILD_CYBERCRIME + HIGH_IDENTITY_THEFT + HIGH_WOMEN_CYBERCRIME,HIGH_EXTORTION_MOTIVE + HIGH_FRAUD_MOTIVE + HIGH_SEXUAL_EXPLOITATION_MOTIVE -> HIGH_CHILD_CYBERCRIME + HIGH_IDENTITY_THEFT + HIGH_WOMEN_CYBERCRIME,3,3
0.4166666666666667,0.3888888888888889,0.3611111111111111,0.8666666666666666,2.228571428571428,1.0,0.19907407407407407,4.583333333333331,0.9450549450549453,0.8124999999999999,0.7818181818181816,0.8976190476190475,13,15,14,HIGH_CHILD_CYBERCRIME + HIGH_IDENTITY_THEFT,HIGH_EXTORTION_MOTIVE + HIGH_FRAUD_MOTIVE + HIGH_SEXUAL_EXPLOITATION_MOTIVE + HIGH_WOMEN_CYBERCRIME,HIGH_CHILD_CYBERCRIME + HIGH_IDENTITY_THEFT -> HIGH_EXTORTION_MOTIVE + HIGH_FRAUD_MOTIVE + HIGH_SEXUAL_EXPLOITATION_MOTIVE + HIGH_WOMEN_CYBERCRIME,2,4
0.4166666666666667,0.3888888888888889,0.3611111111111111,0.8666666666666666,2.228571428571428,1.0,0.19907407407407407,4.583333333333331,0.9450549450549453,0.8124999999999999,0.7818181818181816,0.8976190476190475,13,15,14,HIGH_CHILD_CYBERCRIME + HIGH_EXTORTION_MOTIVE,HIGH_FRAUD_MOTIVE + HIGH_IDENTITY_THEFT + HIGH_SEXUAL_EXPLOITATION_MOTIVE + HIGH_WOMEN_CYBERCRIME,HIGH_CHILD_CYBERCRIME + HIGH_EXTORTION_MOTIVE -> HIGH_FRAUD_MOTIVE + HIGH_IDENTITY_THEFT + HIGH_SEXUAL_EXPLOITATION_MOTIVE + HIGH_WOMEN_CYBERCRIME,2,4
0.4166666666666667,0.3888888888888889,0.3611111111111111,0.8666666666666666,2.228571428571428,1.0,0.19907407407407407,4.583333333333331,0.9450549450549453,0.8124999999999999,0.7818181818181816,0.8976190476190475,13,15,14,HIGH_IDENTITY_THEFT + HIGH_WOMEN_CYBERCRIME,HIGH_CHILD_CYBERCRIME + HIGH_EXTORTION_MOTIVE + HIGH_FRAUD_MOTIVE + HIGH_SEXUAL_EXPLOITATION_MOTIVE,HIGH_IDENTITY_THEFT + HIGH_WOMEN_CYBERCRIME -> HIGH_CHILD_CYBERCRIME + HIGH_EXTORTION_MOTIVE + HIGH_FRAUD_MOTIVE + HIGH_SEXUAL_EXPLOITATION_MOTIVE,2,4
0.4166666666666667,0.3888888888888889,0.3611111111111111,0.8666666666666666,2.228571428571428,1.0,0.19907407407407407,4.583333333333331,0.9450549450549453,0.8124999999999999,0.7818181818181816,0.8976190476190475,13,15,14,HIGH_EXTORTION_MOTIVE + HIGH_WOMEN_CYBERCRIME,HIGH_CHILD_CYBERCRIME + HIGH_FRAUD_MOTIVE + HIGH_IDENTITY_THEFT + HIGH_SEXUAL_EXPLOITATION_MOTIVE,HIGH_EXTORTION_MOTIVE + HIGH_WOMEN_CYBERCRIME -> HIGH_CHILD_CYBERCRIME + HIGH_FRAUD_MOTIVE + HIGH_IDENTITY_THEFT + HIGH_SEXUAL_EXPLOITATION_MOTIVE,2,4
0.4166666666666667,0.3888888888888889,0.3611111111111111,0.8666666666666666,2.228571428571428,1.0,0.19907407407407407,4.583333333333331,0.9450549450549453,0.8124999999999999,0.7818181818181816,0.8976190476190475,13,15,14,HIGH_FRAUD_MOTIVE + HIGH_SEXUAL_EXPLOITATION_MOTIVE,HIGH_CHILD_CYBERCRIME + HIGH_EXTORTION_MOTIVE + HIGH_IDENTITY_THEFT + HIGH_WOMEN_CYBERCRIME,HIGH_FRAUD_MOTIVE + HIGH_SEXUAL_EXPLOITATION_MOTIVE -> HIGH_CHILD_CYBERCRIME + HIGH_EXTORTION_MOTIVE + HIGH_IDENTITY_THEFT + HIGH_WOMEN_CYBERCRIME,2,4
0.4166666666666667,0.3888888888888889,0.3611111111111111,0.8666666666666666,2.228571428571428,1.0,0.19907407407407407,4.583333333333331,0.9450549450549453,0.8124999999999999,0.7818181818181816,0.8976190476190475,13,15,14,HIGH_EXTORTION_MOTIVE + HIGH_FRAUD_MOTIVE + HIGH_SEXUAL_EXPLOITATION_MOTIVE,HIGH_IDENTITY_THEFT + HIGH_SEC66D_CHEATING,HIGH_EXTORTION_MOTIVE + HIGH_FRAUD_MOTIVE + HIGH_SEXUAL_EXPLOITATION_MOTIVE -> HIGH_IDENTITY_THEFT + HIGH_SEC66D_CHEATING,3,2
0.4166666666666667,0.3888888888888889,0.3611111111111111,0.8666666666666666,2.228571428571428,1.0,0.19907407407407407,4.583333333333331,0.9450549450549453,0.8124999999999999,0.7818181818181816,0.8976190476190475,13,15,14,HIGH_FRAUD_MOTIVE + HIGH_SEXUAL_EXPLOITATION_MOTIVE,HIGH_EXTORTION_MOTIVE + HIGH_IDENTITY_THEFT + HIGH_SEC66D_CHEATING,HIGH_FRAUD_MOTIVE + HIGH_SEXUAL_EXPLOITATION_MOTIVE -> HIGH_EXTORTION_MOTIVE + HIGH_IDENTITY_THEFT + HIGH_SEC66D_CHEATING,2,3
0.4166666666666667,0.3888888888888889,0.3611111111111111,0.8666666666666666,2.228571428571428,1.0,0.19907407407407407,4.583333333333331,0.9450549450549453,0.8124999999999999,0.7818181818181816,0.8976190476190475,13,15,14,HIGH_CHILD_CYBERCRIME + HIGH_IDENTITY_THEFT,HIGH_EXTORTION_MOTIVE + HIGH_FRAUD_MOTIVE + HIGH_WOMEN_CYBERCRIME,HIGH_CHILD_CYBERCRIME + HIGH_IDENTITY_THEFT -> HIGH_EXTORTION_MOTIVE + HIGH_FRAUD_MOTIVE + HIGH_WOMEN_CYBERCRIME,2,3
0.4166666666666667,0.3888888888888889,0.3611111111111111,0.8666666666666666,2.228571428571428,1.0,0.19907407407407407,4.583333333333331,0.9450549450549453,0.8124999999999999,0.7818181818181816,0.8976190476190475,13,15,14,HIGH_CHILD_CYBERCRIME + HIGH_EXTORTION_MOTIVE,HIGH_FRAUD_MOTIVE + HIGH_IDENTITY_THEFT + HIGH_WOMEN_CYBERCRIME,HIGH_CHILD_CYBERCRIME + HIGH_EXTORTION_MOTIVE -> HIGH_FRAUD_MOTIVE + HIGH_IDENTITY_THEFT + HIGH_WOMEN_CYBERCRIME,2,3
0.4166666666666667,0.3888888888888889,0.3611111111111111,0.8666666666666666,2.228571428571428,1.0,0.19907407407407407,4.583333333333331,0.9450549450549453,0.8124999999999999,0.7818181818181816,0.8976190476190475,13,15,14,HIGH_IDENTITY_THEFT + HIGH_WOMEN_CYBERCRIME,HIGH_CHILD_CYBERCRIME + HIGH_EXTORTION_MOTIVE + HIGH_FRAUD_MOTIVE,HIGH_IDENTITY_THEFT + HIGH_WOMEN_CYBERCRIME -> HIGH_CHILD_CYBERCRIME + HIGH_EXTORTION_MOTIVE + HIGH_FRAUD_MOTIVE,2,3
0.4166666666666667,0.3888888888888889,0.3611111111111111,0.8666666666666666,2.228571428571428,1.0,0.19907407407407407,4.583333333333331,0.9450549450549453,0.8124999999999999,0.7818181818181816,0.8976190476190475,13,15,14,HIGH_EXTORTION_MOTIVE + HIGH_WOMEN_CYBERCRIME,HIGH_CHILD_CYBERCRIME + HIGH_FRAUD_MOTIVE + HIGH_IDENTITY_THEFT,HIGH_EXTORTION_MOTIVE + HIGH_WOMEN_CYBERCRIME -> HIGH_CHILD_CYBERCRIME + HIGH_FRAUD_MOTIVE + HIGH_IDENTITY_THEFT,2,3
0.4166666666666667,0.3888888888888889,0.3611111111111111,0.8666666666666666,2.228571428571428,1.0,0.19907407407407407,4.583333333333331,0.9450549450549453,0.8124999999999999,0.7818181818181816,0.8976190476190475,13,15,14,HIGH_CHILD_CYBERCRIME + HIGH_IDENTITY_THEFT,HIGH_FRAUD_MOTIVE + HIGH_SEXUAL_EXPLOITATION_MOTIVE + HIGH_WOMEN_CYBERCRIME,HIGH_CHILD_CYBERCRIME + HIGH_IDENTITY_THEFT -> HIGH_FRAUD_MOTIVE + HIGH_SEXUAL_EXPLOITATION_MOTIVE + HIGH_WOMEN_CYBERCRIME,2,3
0.4166666666666667,0.3888888888888889,0.3611111111111111,0.8666666666666666,2.228571428571428,1.0,0.19907407407407407,4.583333333333331,0.9450549450549453,0.8124999999999999,0.7818181818181816,0.8976190476190475,13,15,14,HIGH_IDENTITY_THEFT + HIGH_WOMEN_CYBERCRIME,HIGH_CHILD_CYBERCRIME + HIGH_FRAUD_MOTIVE + HIGH_SEXUAL_EXPLOITATION_MOTIVE,HIGH_IDENTITY_THEFT + HIGH_WOMEN_CYBERCRIME -> HIGH_CHILD_CYBERCRIME + HIGH_FRAUD_MOTIVE + HIGH_SEXUAL_EXPLOITATION_MOTIVE,2,3
0.4166666666666667,0.3888888888888889,0.3611111111111111,0.8666666666666666,2.228571428571428,1.0,0.19907407407407407,4.583333333333331,0.9450549450549453,0.8124999999999999,0.7818181818181816,0.8976190476190475,13,15,14,HIGH_FRAUD_MOTIVE + HIGH_SEXUAL_EXPLOITATION_MOTIVE,HIGH_CHILD_CYBERCRIME + HIGH_IDENTITY_THEFT + HIGH_WOMEN_CYBERCRIME,HIGH_FRAUD_MOTIVE + HIGH_SEXUAL_EXPLOITATION_MOTIVE -> HIGH_CHILD_CYBERCRIME + HIGH_IDENTITY_THEFT + HIGH_WOMEN_CYBERCRIME,2,3
0.4166666666666667,0.3888888888888889,0.3611111111111111,0.8666666666666666,2.228571428571428,1.0,0.19907407407407407,4.583333333333331,0.9450549450549453,0.8124999999999999,0.7818181818181816,0.8976190476190475,13,15,14,HIGH_CHILD_CYBERCRIME + HIGH_EXTORTION_MOTIVE,HIGH_FRAUD_MOTIVE + HIGH_SEXUAL_EXPLOITATION_MOTIVE + HIGH_WOMEN_CYBERCRIME,HIGH_CHILD_CYBERCRIME + HIGH_EXTORTION_MOTIVE -> HIGH_FRAUD_MOTIVE + HIGH_SEXUAL_EXPLOITATION_MOTIVE + HIGH_WOMEN_CYBERCRIME,2,3
0.4166666666666667,0.3888888888888889,0.3611111111111111,0.8666666666666666,2.228571428571428,1.0,0.19907407407407407,4.583333333333331,0.9450549450549453,0.8124999999999999,0.7818181818181816,0.8976190476190475,13,15,14,HIGH_EXTORTION_MOTIVE + HIGH_WOMEN_CYBERCRIME,HIGH_CHILD_CYBERCRIME + HIGH_FRAUD_MOTIVE + HIGH_SEXUAL_EXPLOITATION_MOTIVE,HIGH_EXTORTION_MOTIVE + HIGH_WOMEN_CYBERCRIME -> HIGH_CHILD_CYBERCRIME + HIGH_FRAUD_MOTIVE + HIGH_SEXUAL_EXPLOITATION_MOTIVE,2,3
0.4166666666666667,0.3888888888888889,0.3611111111111111,0.8666666666666666,2.228571428571428,1.0,0.19907407407407407,4.583333333333331,0.9450549450549453,0.8124999999999999,0.7818181818181816,0.8976190476190475,13,15,14,HIGH_FRAUD_MOTIVE + HIGH_SEXUAL_EXPLOITATION_MOTIVE,HIGH_CHILD_CYBERCRIME + HIGH_EXTORTION_MOTIVE + HIGH_WOMEN_CYBERCRIME,HIGH_FRAUD_MOTIVE + HIGH_SEXUAL_EXPLOITATION_MOTIVE -> HIGH_CHILD_CYBERCRIME + HIGH_EXTORTION_MOTIVE + HIGH_WOMEN_CYBERCRIME,2,3
0.4166666666666667,0.3888888888888889,0.3611111111111111,0.8666666666666666,2.228571428571428,1.0,0.19907407407407407,4.583333333333331,0.9450549450549453,0.8124999999999999,0.7818181818181816,0.8976190476190475,13,15,14,HIGH_FRAUD_MOTIVE + HIGH_SEXUAL_EXPLOITATION_MOTIVE,HIGH_IDENTITY_THEFT + HIGH_SEC66D_CHEATING,HIGH_FRAUD_MOTIVE + HIGH_SEXUAL_EXPLOITATION_MOTIVE -> HIGH_IDENTITY_THEFT + HIGH_SEC66D_CHEATING,2,2
0.4166666666666667,0.4166666666666667,0.3611111111111111,0.8666666666666666,2.0799999999999996,1.0,0.18749999999999997,4.3749999999999964,0.8901098901098902,0.7647058823529411,0.7714285714285714,0.8666666666666666,13,15,15,HIGH_CHILD_CYBERCRIME + HIGH_EXTORTION_MOTIVE + HIGH_IDENTITY_THEFT + HIGH_SEXUAL_EXPLOITATION_MOTIVE,HIGH_FRAUD_MOTIVE + HIGH_WOMEN_CYBERCRIME,HIGH_CHILD_CYBERCRIME + HIGH_EXTORTION_MOTIVE + HIGH_IDENTITY_THEFT + HIGH_SEXUAL_EXPLOITATION_MOTIVE -> HIGH_FRAUD_MOTIVE + HIGH_WOMEN_CYBERCRIME,4,2
0.4166666666666667,0.4166666666666667,0.3611111111111111,0.8666666666666666,2.0799999999999996,1.0,0.18749999999999997,4.3749999999999964,0.8901098901098902,0.7647058823529411,0.7714285714285714,0.8666666666666666,13,15,15,HIGH_EXTORTION_MOTIVE + HIGH_IDENTITY_THEFT + HIGH_SEXUAL_EXPLOITATION_MOTIVE + HIGH_WOMEN_CYBERCRIME,HIGH_CHILD_CYBERCRIME + HIGH_FRAUD_MOTIVE,HIGH_EXTORTION_MOTIVE + HIGH_IDENTITY_THEFT + HIGH_SEXUAL_EXPLOITATION_MOTIVE + HIGH_WOMEN_CYBERCRIME -> HIGH_CHILD_CYBERCRIME + HIGH_FRAUD_MOTIVE,4,2
0.4166666666666667,0.4166666666666667,0.3611111111111111,0.8666666666666666,2.0799999999999996,1.0,0.18749999999999997,4.3749999999999964,0.8901098901098902,0.7647058823529411,0.7714285714285714,0.8666666666666666,13,15,15,HIGH_CHILD_CYBERCRIME + HIGH_FRAUD_MOTIVE,HIGH_EXTORTION_MOTIVE + HIGH_IDENTITY_THEFT + HIGH_SEXUAL_EXPLOITATION_MOTIVE + HIGH_WOMEN_CYBERCRIME,HIGH_CHILD_CYBERCRIME + HIGH_FRAUD_MOTIVE -> HIGH_EXTORTION_MOTIVE + HIGH_IDENTITY_THEFT + HIGH_SEXUAL_EXPLOITATION_MOTIVE + HIGH_WOMEN_CYBERCRIME,2,4
0.4166666666666667,0.4166666666666667,0.3611111111111111,0.8666666666666666,2.0799999999999996,1.0,0.18749999999999997,4.3749999999999964,0.8901098901098902,0.7647058823529411,0.7714285714285714,0.8666666666666666,13,15,15,HIGH_FRAUD_MOTIVE + HIGH_WOMEN_CYBERCRIME,HIGH_CHILD_CYBERCRIME + HIGH_EXTORTION_MOTIVE + HIGH_IDENTITY_THEFT + HIGH_SEXUAL_EXPLOITATION_MOTIVE,HIGH_FRAUD_MOTIVE + HIGH_WOMEN_CYBERCRIME -> HIGH_CHILD_CYBERCRIME + HIGH_EXTORTION_MOTIVE + HIGH_IDENTITY_THEFT + HIGH_SEXUAL_EXPLOITATION_MOTIVE,2,4
0.4166666666666667,0.4166666666666667,0.3611111111111111,0.8666666666666666,2.0799999999999996,1.0,0.18749999999999997,4.3749999999999964,0.8901098901098902,0.7647058823529411,0.7714285714285714,0.8666666666666666,13,15,15,HIGH_FRAUD_MOTIVE + HIGH_IDENTITY_THEFT + HIGH_SEXUAL_EXPLOITATION_MOTIVE,HIGH_EXTORTION_MOTIVE + HIGH_SEC66D_CHEATING,HIGH_FRAUD_MOTIVE + HIGH_IDENTITY_THEFT + HIGH_SEXUAL_EXPLOITATION_MOTIVE -> HIGH_EXTORTION_MOTIVE + HIGH_SEC66D_CHEATING,3,2
0.4166666666666667,0.4166666666666667,0.3611111111111111,0.8666666666666666,2.0799999999999996,1.0,0.18749999999999997,4.3749999999999964,0.8901098901098902,0.7647058823529411,0.7714285714285714,0.8666666666666666,13,15,15,HIGH_EXTORTION_MOTIVE + HIGH_SEC66D_CHEATING,HIGH_FRAUD_MOTIVE + HIGH_IDENTITY_THEFT + HIGH_SEXUAL_EXPLOITATION_MOTIVE,HIGH_EXTORTION_MOTIVE + HIGH_SEC66D_CHEATING -> HIGH_FRAUD_MOTIVE + HIGH_IDENTITY_THEFT + HIGH_SEXUAL_EXPLOITATION_MOTIVE,2,3
0.4166666666666667,0.4166666666666667,0.3611111111111111,0.8666666666666666,2.0799999999999996,1.0,0.18749999999999997,4.3749999999999964,0.8901098901098902,0.7647058823529411,0.7714285714285714,0.8666666666666666,13,15,15,HIGH_CHILD_CYBERCRIME + HIGH_EXTORTION_MOTIVE + HIGH_IDENTITY_THEFT,HIGH_FRAUD_MOTIVE + HIGH_WOMEN_CYBERCRIME,HIGH_CHILD_CYBERCRIME + HIGH_EXTORTION_MOTIVE + HIGH_IDENTITY_THEFT -> HIGH_FRAUD_MOTIVE + HIGH_WOMEN_CYBERCRIME,3,2
0.4166666666666667,0.4166666666666667,0.3611111111111111,0.8666666666666666,2.0799999999999996,1.0,0.18749999999999997,4.3749999999999964,0.8901098901098902,0.7647058823529411,0.7714285714285714,0.8666666666666666,13,15,15,HIGH_EXTORTION_MOTIVE + HIGH_IDENTITY_THEFT + HIGH_WOMEN_CYBERCRIME,HIGH_CHILD_CYBERCRIME + HIGH_FRAUD_MOTIVE,HIGH_EXTORTION_MOTIVE + HIGH_IDENTITY_THEFT + HIGH_WOMEN_CYBERCRIME -> HIGH_CHILD_CYBERCRIME + HIGH_FRAUD_MOTIVE,3,2
0.4166666666666667,0.4166666666666667,0.3611111111111111,0.8666666666666666,2.0799999999999996,1.0,0.18749999999999997,4.3749999999999964,0.8901098901098902,0.7647058823529411,0.7714285714285714,0.8666666666666666,13,15,15,HIGH_CHILD_CYBERCRIME + HIGH_FRAUD_MOTIVE,HIGH_EXTORTION_MOTIVE + HIGH_IDENTITY_THEFT + HIGH_WOMEN_CYBERCRIME,HIGH_CHILD_CYBERCRIME + HIGH_FRAUD_MOTIVE -> HIGH_EXTORTION_MOTIVE + HIGH_IDENTITY_THEFT + HIGH_WOMEN_CYBERCRIME,2,3
0.4166666666666667,0.4166666666666667,0.3611111111111111,0.8666666666666666,2.0799999999999996,1.0,0.18749999999999997,4.3749999999999964,0.8901098901098902,0.7647058823529411,0.7714285714285714,0.8666666666666666,13,15,15,HIGH_FRAUD_MOTIVE + HIGH_WOMEN_CYBERCRIME,HIGH_CHILD_CYBERCRIME + HIGH_EXTORTION_MOTIVE + HIGH_IDENTITY_THEFT,HIGH_FRAUD_MOTIVE + HIGH_WOMEN_CYBERCRIME -> HIGH_CHILD_CYBERCRIME + HIGH_EXTORTION_MOTIVE + HIGH_IDENTITY_THEFT,2,3
0.4166666666666667,0.4166666666666667,0.3611111111111111,0.8666666666666666,2.0799999999999996,1.0,0.18749999999999997,4.3749999999999964,0.8901098901098902,0.7647058823529411,0.7714285714285714,0.8666666666666666,13,15,15,HIGH_CHILD_CYBERCRIME + HIGH_IDENTITY_THEFT + HIGH_SEXUAL_EXPLOITATION_MOTIVE,HIGH_FRAUD_MOTIVE + HIGH_WOMEN_CYBERCRIME,HIGH_CHILD_CYBERCRIME + HIGH_IDENTITY_THEFT + HIGH_SEXUAL_EXPLOITATION_MOTIVE -> HIGH_FRAUD_MOTIVE + HIGH_WOMEN_CYBERCRIME,3,2
0.4166666666666667,0.4166666666666667,0.3611111111111111,0.8666666666666666,2.0799999999999996,1.0,0.18749999999999997,4.3749999999999964,0.8901098901098902,0.7647058823529411,0.7714285714285714,0.8666666666666666,13,15,15,HIGH_IDENTITY_THEFT + HIGH_SEXUAL_EXPLOITATION_MOTIVE + HIGH_WOMEN_CYBERCRIME,HIGH_CHILD_CYBERCRIME + HIGH_FRAUD_MOTIVE,HIGH_IDENTITY_THEFT + HIGH_SEXUAL_EXPLOITATION_MOTIVE + HIGH_WOMEN_CYBERCRIME -> HIGH_CHILD_CYBERCRIME + HIGH_FRAUD_MOTIVE,3,2
0.4166666666666667,0.4166666666666667,0.3611111111111111,0.8666666666666666,2.0799999999999996,1.0,0.18749999999999997,4.3749999999999964,0.8901098901098902,0.7647058823529411,0.7714285714285714,0.8666666666666666,13,15,15,HIGH_CHILD_CYBERCRIME + HIGH_FRAUD_MOTIVE,HIGH_IDENTITY_THEFT + HIGH_SEXUAL_EXPLOITATION_MOTIVE + HIGH_WOMEN_CYBERCRIME,HIGH_CHILD_CYBERCRIME + HIGH_FRAUD_MOTIVE -> HIGH_IDENTITY_THEFT + HIGH_SEXUAL_EXPLOITATION_MOTIVE + HIGH_WOMEN_CYBERCRIME,2,3
0.4166666666666667,0.4166666666666667,0.3611111111111111,0.8666666666666666,2.0799999999999996,1.0,0.18749999999999997,4.3749999999999964,0.8901098901098902,0.7647058823529411,0.7714285714285714,0.8666666666666666,13,15,15,HIGH_FRAUD_MOTIVE + HIGH_WOMEN_CYBERCRIME,HIGH_CHILD_CYBERCRIME + HIGH_IDENTITY_THEFT + HIGH_SEXUAL_EXPLOITATION_MOTIVE,HIGH_FRAUD_MOTIVE + HIGH_WOMEN_CYBERCRIME -> HIGH_CHILD_CYBERCRIME + HIGH_IDENTITY_THEFT + HIGH_SEXUAL_EXPLOITATION_MOTIVE,2,3
0.4166666666666667,0.4166666666666667,0.3611111111111111,0.8666666666666666,2.0799999999999996,1.0,0.18749999999999997,4.3749999999999964,0.8901098901098902,0.7647058823529411,0.7714285714285714,0.8666666666666666,13,15,15,HIGH_CHILD_CYBERCRIME + HIGH_EXTORTION_MOTIVE + HIGH_SEXUAL_EXPLOITATION_MOTIVE,HIGH_FRAUD_MOTIVE + HIGH_WOMEN_CYBERCRIME,HIGH_CHILD_CYBERCRIME + HIGH_EXTORTION_MOTIVE + HIGH_SEXUAL_EXPLOITATION_MOTIVE -> HIGH_FRAUD_MOTIVE + HIGH_WOMEN_CYBERCRIME,3,2
0.4166666666666667,0.4166666666666667,0.3611111111111111,0.8666666666666666,2.0799999999999996,1.0,0.18749999999999997,4.3749999999999964,0.8901098901098902,0.7647058823529411,0.7714285714285714,0.8666666666666666,13,15,15,HIGH_EXTORTION_MOTIVE + HIGH_SEXUAL_EXPLOITATION_MOTIVE + HIGH_WOMEN_CYBERCRIME,HIGH_CHILD_CYBERCRIME + HIGH_FRAUD_MOTIVE,HIGH_EXTORTION_MOTIVE + HIGH_SEXUAL_EXPLOITATION_MOTIVE + HIGH_WOMEN_CYBERCRIME -> HIGH_CHILD_CYBERCRIME + HIGH_FRAUD_MOTIVE,3,2
0.4166666666666667,0.4166666666666667,0.3611111111111111,0.8666666666666666,2.0799999999999996,1.0,0.18749999999999997,4.3749999999999964,0.8901098901098902,0.7647058823529411,0.7714285714285714,0.8666666666666666,13,15,15,HIGH_CHILD_CYBERCRIME + HIGH_FRAUD_MOTIVE,HIGH_EXTORTION_MOTIVE + HIGH_SEXUAL_EXPLOITATION_MOTIVE + HIGH_WOMEN_CYBERCRIME,HIGH_CHILD_CYBERCRIME + HIGH_FRAUD_MOTIVE -> HIGH_EXTORTION_MOTIVE + HIGH_SEXUAL_EXPLOITATION_MOTIVE + HIGH_WOMEN_CYBERCRIME,2,3
0.4166666666666667,0.4166666666666667,0.3611111111111111,0.8666666666666666,2.0799999999999996,1.0,0.18749999999999997,4.3749999999999964,0.8901098901098902,0.7647058823529411,0.7714285714285714,0.8666666666666666,13,15,15,HIGH_FRAUD_MOTIVE + HIGH_WOMEN_CYBERCRIME,HIGH_CHILD_CYBERCRIME + HIGH_EXTORTION_MOTIVE + HIGH_SEXUAL_EXPLOITATION_MOTIVE,HIGH_FRAUD_MOTIVE + HIGH_WOMEN_CYBERCRIME -> HIGH_CHILD_CYBERCRIME + HIGH_EXTORTION_MOTIVE + HIGH_SEXUAL_EXPLOITATION_MOTIVE,2,3
0.4166666666666667,0.4166666666666667,0.3611111111111111,0.8666666666666666,2.0799999999999996,1.0,0.18749999999999997,4.3749999999999964,0.8901098901098902,0.7647058823529411,0.7714285714285714,0.8666666666666666,13,15,15,HIGH_EXTORTION_MOTIVE + HIGH_SEC66D_CHEATING,HIGH_FRAUD_MOTIVE + HIGH_SEXUAL_EXPLOITATION_MOTIVE,HIGH_EXTORTION_MOTIVE + HIGH_SEC66D_CHEATING -> HIGH_FRAUD_MOTIVE + HIGH_SEXUAL_EXPLOITATION_MOTIVE,2,2
0.4166666666666667,0.4166666666666667,0.3611111111111111,0.8666666666666666,2.0799999999999996,1.0,0.18749999999999997,4.3749999999999964,0.8901098901098902,0.7647058823529411,0.7714285714285714,0.8666666666666666,13,15,15,HIGH_FRAUD_MOTIVE + HIGH_SEXUAL_EXPLOITATION_MOTIVE,HIGH_EXTORTION_MOTIVE + HIGH_SEC66D_CHEATING,HIGH_FRAUD_MOTIVE + HIGH_SEXUAL_EXPLOITATION_MOTIVE -> HIGH_EXTORTION_MOTIVE + HIGH_SEC66D_CHEATING,2,2
0.4166666666666667,0.4166666666666667,0.3611111111111111,0.8666666666666666,2.0799999999999996,1.0,0.18749999999999997,4.3749999999999964,0.8901098901098902,0.7647058823529411,0.7714285714285714,0.8666666666666666,13,15,15,HIGH_CHILD_CYBERCRIME + HIGH_IDENTITY_THEFT,HIGH_FRAUD_MOTIVE + HIGH_WOMEN_CYBERCRIME,HIGH_CHILD_CYBERCRIME + HIGH_IDENTITY_THEFT -> HIGH_FRAUD_MOTIVE + HIGH_WOMEN_CYBERCRIME,2,2
0.4166666666666667,0.4166666666666667,0.3611111111111111,0.8666666666666666,2.0799999999999996,1.0,0.18749999999999997,4.3749999999999964,0.8901098901098902,0.7647058823529411,0.7714285714285714,0.8666666666666666,13,15,15,HIGH_CHILD_CYBERCRIME + HIGH_FRAUD_MOTIVE,HIGH_IDENTITY_THEFT + HIGH_WOMEN_CYBERCRIME,HIGH_CHILD_CYBERCRIME + HIGH_FRAUD_MOTIVE -> HIGH_IDENTITY_THEFT + HIGH_WOMEN_CYBERCRIME,2,2
0.4166666666666667,0.4166666666666667,0.3611111111111111,0.8666666666666666,2.0799999999999996,1.0,0.18749999999999997,4.3749999999999964,0.8901098901098902,0.7647058823529411,0.7714285714285714,0.8666666666666666,13,15,15,HIGH_IDENTITY_THEFT + HIGH_WOMEN_CYBERCRIME,HIGH_CHILD_CYBERCRIME + HIGH_FRAUD_MOTIVE,HIGH_IDENTITY_THEFT + HIGH_WOMEN_CYBERCRIME -> HIGH_CHILD_CYBERCRIME + HIGH_FRAUD_MOTIVE,2,2
0.4166666666666667,0.4166666666666667,0.3611111111111111,0.8666666666666666,2.0799999999999996,1.0,0.18749999999999997,4.3749999999999964,0.8901098901098902,0.7647058823529411,0.7714285714285714,0.8666666666666666,13,15,15,HIGH_FRAUD_MOTIVE + HIGH_WOMEN_CYBERCRIME,HIGH_CHILD_CYBERCRIME + HIGH_IDENTITY_THEFT,HIGH_FRAUD_MOTIVE + HIGH_WOMEN_CYBERCRIME -> HIGH_CHILD_CYBERCRIME + HIGH_IDENTITY_THEFT,2,2
0.4166666666666667,0.4166666666666667,0.3611111111111111,0.8666666666666666,2.0799999999999996,1.0,0.18749999999999997,4.3749999999999964,0.8901098901098902,0.7647058823529411,0.7714285714285714,0.8666666666666666,13,15,15,HIGH_CHILD_CYBERCRIME + HIGH_FRAUD_MOTIVE,HIGH_EXTORTION_MOTIVE + HIGH_WOMEN_CYBERCRIME,HIGH_CHILD_CYBERCRIME + HIGH_FRAUD_MOTIVE -> HIGH_EXTORTION_MOTIVE + HIGH_WOMEN_CYBERCRIME,2,2
0.4166666666666667,0.4166666666666667,0.3611111111111111,0.8666666666666666,2.0799999999999996,1.0,0.18749999999999997,4.3749999999999964,0.8901098901098902,0.7647058823529411,0.7714285714285714,0.8666666666666666,13,15,15,HIGH_CHILD_CYBERCRIME + HIGH_EXTORTION_MOTIVE,HIGH_FRAUD_MOTIVE + HIGH_WOMEN_CYBERCRIME,HIGH_CHILD_CYBERCRIME + HIGH_EXTORTION_MOTIVE -> HIGH_FRAUD_MOTIVE + HIGH_WOMEN_CYBERCRIME,2,2
0.4166666666666667,0.4166666666666667,0.3611111111111111,0.8666666666666666,2.0799999999999996,1.0,0.18749999999999997,4.3749999999999964,0.8901098901098902,0.7647058823529411,0.7714285714285714,0.8666666666666666,13,15,15,HIGH_FRAUD_MOTIVE + HIGH_WOMEN_CYBERCRIME,HIGH_CHILD_CYBERCRIME + HIGH_EXTORTION_MOTIVE,HIGH_FRAUD_MOTIVE + HIGH_WOMEN_CYBERCRIME -> HIGH_CHILD_CYBERCRIME + HIGH_EXTORTION_MOTIVE,2,2
0.4166666666666667,0.4166666666666667,0.3611111111111111,0.8666666666666666,2.0799999999999996,1.0,0.18749999999999997,4.3749999999999964,0.8901098901098902,0.7647058823529411,0.7714285714285714,0.8666666666666666,13,15,15,HIGH_EXTORTION_MOTIVE + HIGH_WOMEN_CYBERCRIME,HIGH_CHILD_CYBERCRIME + HIGH_FRAUD_MOTIVE,HIGH_EXTORTION_MOTIVE + HIGH_WOMEN_CYBERCRIME -> HIGH_CHILD_CYBERCRIME + HIGH_FRAUD_MOTIVE,2,2
0.4166666666666667,0.4444444444444444,0.3611111111111111,0.8666666666666666,1.95,1.0,0.17592592592592593,4.166666666666664,0.8351648351648353,0.7222222222222222,0.7599999999999999,0.8395833333333333,13,15,16,HIGH_EXTORTION_MOTIVE + HIGH_FRAUD_MOTIVE + HIGH_IDENTITY_THEFT + HIGH_SEXUAL_EXPLOITATION_MOTIVE,HIGH_CHILD_CYBERCRIME + HIGH_WOMEN_CYBERCRIME,HIGH_EXTORTION_MOTIVE + HIGH_FRAUD_MOTIVE + HIGH_IDENTITY_THEFT + HIGH_SEXUAL_EXPLOITATION_MOTIVE -> HIGH_CHILD_CYBERCRIME + HIGH_WOMEN_CYBERCRIME,4,2
0.4166666666666667,0.4444444444444444,0.3611111111111111,0.8666666666666666,1.95,1.0,0.17592592592592593,4.166666666666664,0.8351648351648353,0.7222222222222222,0.7599999999999999,0.8395833333333333,13,15,16,HIGH_CHILD_CYBERCRIME + HIGH_SEXUAL_EXPLOITATION_MOTIVE + HIGH_WOMEN_CYBERCRIME,HIGH_EXTORTION_MOTIVE + HIGH_FRAUD_MOTIVE + HIGH_IDENTITY_THEFT,HIGH_CHILD_CYBERCRIME + HIGH_SEXUAL_EXPLOITATION_MOTIVE + HIGH_WOMEN_CYBERCRIME -> HIGH_EXTORTION_MOTIVE + HIGH_FRAUD_MOTIVE + HIGH_IDENTITY_THEFT,3,3
0.4166666666666667,0.4444444444444444,0.3611111111111111,0.8666666666666666,1.95,1.0,0.17592592592592593,4.166666666666664,0.8351648351648353,0.7222222222222222,0.7599999999999999,0.8395833333333333,13,15,16,HIGH_FRAUD_MOTIVE + HIGH_SEC66D_CHEATING,HIGH_EXTORTION_MOTIVE + HIGH_IDENTITY_THEFT + HIGH_SEXUAL_EXPLOITATION_MOTIVE,HIGH_FRAUD_MOTIVE + HIGH_SEC66D_CHEATING -> HIGH_EXTORTION_MOTIVE + HIGH_IDENTITY_THEFT + HIGH_SEXUAL_EXPLOITATION_MOTIVE,2,3
0.4166666666666667,0.4444444444444444,0.3611111111111111,0.8666666666666666,1.95,1.0,0.17592592592592593,4.166666666666664,0.8351648351648353,0.7222222222222222,0.7599999999999999,0.8395833333333333,13,15,16,HIGH_CHILD_CYBERCRIME + HIGH_SEXUAL_EXPLOITATION_MOTIVE + HIGH_WOMEN_CYBERCRIME,HIGH_FRAUD_MOTIVE + HIGH_IDENTITY_THEFT,HIGH_CHILD_CYBERCRIME + HIGH_SEXUAL_EXPLOITATION_MOTIVE + HIGH_WOMEN_CYBERCRIME -> HIGH_FRAUD_MOTIVE + HIGH_IDENTITY_THEFT,3,2
0.4166666666666667,0.4444444444444444,0.3611111111111111,0.8666666666666666,1.95,1.0,0.17592592592592593,4.166666666666664,0.8351648351648353,0.7222222222222222,0.7599999999999999,0.8395833333333333,13,15,16,HIGH_FRAUD_MOTIVE + HIGH_IDENTITY_THEFT + HIGH_SEXUAL_EXPLOITATION_MOTIVE,HIGH_CHILD_CYBERCRIME + HIGH_WOMEN_CYBERCRIME,HIGH_FRAUD_MOTIVE + HIGH_IDENTITY_THEFT + HIGH_SEXUAL_EXPLOITATION_MOTIVE -> HIGH_CHILD_CYBERCRIME + HIGH_WOMEN_CYBERCRIME,3,2
0.4166666666666667,0.4444444444444444,0.3611111111111111,0.8666666666666666,1.95,1.0,0.17592592592592593,4.166666666666664,0.8351648351648353,0.7222222222222222,0.7599999999999999,0.8395833333333333,13,15,16,HIGH_CHILD_CYBERCRIME + HIGH_SEXUAL_EXPLOITATION_MOTIVE + HIGH_WOMEN_CYBERCRIME,HIGH_EXTORTION_MOTIVE + HIGH_FRAUD_MOTIVE,HIGH_CHILD_CYBERCRIME + HIGH_SEXUAL_EXPLOITATION_MOTIVE + HIGH_WOMEN_CYBERCRIME -> HIGH_EXTORTION_MOTIVE + HIGH_FRAUD_MOTIVE,3,2
0.4166666666666667,0.4444444444444444,0.3611111111111111,0.8666666666666666,1.95,1.0,0.17592592592592593,4.166666666666664,0.8351648351648353,0.7222222222222222,0.7599999999999999,0.8395833333333333,13,15,16,HIGH_EXTORTION_MOTIVE + HIGH_FRAUD_MOTIVE + HIGH_SEXUAL_EXPLOITATION_MOTIVE,HIGH_CHILD_CYBERCRIME + HIGH_WOMEN_CYBERCRIME,HIGH_EXTORTION_MOTIVE + HIGH_FRAUD_MOTIVE + HIGH_SEXUAL_EXPLOITATION_MOTIVE -> HIGH_CHILD_CYBERCRIME + HIGH_WOMEN_CYBERCRIME,3,2
0.4166666666666667,0.4444444444444444,0.3611111111111111,0.8666666666666666,1.95,1.0,0.17592592592592593,4.166666666666664,0.8351648351648353,0.7222222222222222,0.7599999999999999,0.8395833333333333,13,15,16,HIGH_FRAUD_MOTIVE + HIGH_SEC66D_CHEATING,HIGH_IDENTITY_THEFT + HIGH_SEXUAL_EXPLOITATION_MOTIVE,HIGH_FRAUD_MOTIVE + HIGH_SEC66D_CHEATING -> HIGH_IDENTITY_THEFT + HIGH_SEXUAL_EXPLOITATION_MOTIVE,2,2
0.4166666666666667,0.4444444444444444,0.3611111111111111,0.8666666666666666,1.95,1.0,0.17592592592592593,4.166666666666664,0.8351648351648353,0.7222222222222222,0.7599999999999999,0.8395833333333333,13,15,16,HIGH_CHILD_CYBERCRIME + HIGH_FRAUD_MOTIVE,HIGH_SEXUAL_EXPLOITATION_MOTIVE + HIGH_WOMEN_CYBERCRIME,HIGH_CHILD_CYBERCRIME + HIGH_FRAUD_MOTIVE -> HIGH_SEXUAL_EXPLOITATION_MOTIVE + HIGH_WOMEN_CYBERCRIME,2,2
0.4166666666666667,0.4444444444444444,0.3611111111111111,0.8666666666666666,1.95,1.0,0.17592592592592593,4.166666666666664,0.8351648351648353,0.7222222222222222,0.7599999999999999,0.8395833333333333,13,15,16,HIGH_FRAUD_MOTIVE + HIGH_WOMEN_CYBERCRIME,HIGH_CHILD_CYBERCRIME + HIGH_SEXUAL_EXPLOITATION_MOTIVE,HIGH_FRAUD_MOTIVE + HIGH_WOMEN_CYBERCRIME -> HIGH_CHILD_CYBERCRIME + HIGH_SEXUAL_EXPLOITATION_MOTIVE,2,2
0.4166666666666667,0.4444444444444444,0.3611111111111111,0.8666666666666666,1.95,1.0,0.17592592592592593,4.166666666666664,0.8351648351648353,0.7222222222222222,0.7599999999999999,0.8395833333333333,13,15,16,HIGH_FRAUD_MOTIVE + HIGH_SEXUAL_EXPLOITATION_MOTIVE,HIGH_CHILD_CYBERCRIME + HIGH_WOMEN_CYBERCRIME,HIGH_FRAUD_MOTIVE + HIGH_SEXUAL_EXPLOITATION_MOTIVE -> HIGH_CHILD_CYBERCRIME + HIGH_WOMEN_CYBERCRIME,2,2
0.4166666666666667,0.4444444444444444,0.3611111111111111,0.8666666666666666,1.95,1.0,0.17592592592592593,4.166666666666664,0.8351648351648353,0.7222222222222222,0.7599999999999999,0.8395833333333333,13,15,16,HIGH_EXTORTION_MOTIVE + HIGH_SEC66D_CHEATING,HIGH_IDENTITY_THEFT + HIGH_SEXUAL_EXPLOITATION_MOTIVE,HIGH_EXTORTION_MOTIVE + HIGH_SEC66D_CHEATING -> HIGH_IDENTITY_THEFT + HIGH_SEXUAL_EXPLOITATION_MOTIVE,2,2
0.4166666666666667,0.4722222222222222,0.3611111111111111,0.8666666666666666,1.8352941176470587,1.0,0.16435185185185183,3.958333333333331,0.7802197802197802,0.6842105263157896,0.7473684210526315,0.8156862745098039,13,15,17,HIGH_FRAUD_MOTIVE + HIGH_SEC66D_CHEATING,HIGH_EXTORTION_MOTIVE + HIGH_SEXUAL_EXPLOITATION_MOTIVE,HIGH_FRAUD_MOTIVE + HIGH_SEC66D_CHEATING -> HIGH_EXTORTION_MOTIVE + HIGH_SEXUAL_EXPLOITATION_MOTIVE,2,2
0.4166666666666667,0.5,0.3611111111111111,0.8666666666666666,1.7333333333333332,1.0,0.15277777777777776,3.749999999999998,0.7252747252747254,0.6499999999999999,0.7333333333333332,0.7944444444444444,13,15,18,HIGH_EXTORTION_MOTIVE + HIGH_FRAUD_MOTIVE + HIGH_IDENTITY_THEFT + HIGH_SEXUAL_EXPLOITATION_MOTIVE,HIGH_SEC66D_CHEATING,HIGH_EXTORTION_MOTIVE + HIGH_FRAUD_MOTIVE + HIGH_IDENTITY_THEFT + HIGH_SEXUAL_EXPLOITATION_MOTIVE -> HIGH_SEC66D_CHEATING,4,1
0.4166666666666667,0.5,0.3611111111111111,0.8666666666666666,1.7333333333333332,1.0,0.15277777777777776,3.749999999999998,0.7252747252747254,0.6499999999999999,0.7333333333333332,0.7944444444444444,13,15,18,HIGH_FRAUD_MOTIVE + HIGH_IDENTITY_THEFT + HIGH_SEXUAL_EXPLOITATION_MOTIVE,HIGH_SEC66D_CHEATING,HIGH_FRAUD_MOTIVE + HIGH_IDENTITY_THEFT + HIGH_SEXUAL_EXPLOITATION_MOTIVE -> HIGH_SEC66D_CHEATING,3,1
0.4166666666666667,0.5,0.3611111111111111,0.8666666666666666,1.7333333333333332,1.0,0.15277777777777776,3.749999999999998,0.7252747252747254,0.6499999999999999,0.7333333333333332,0.7944444444444444,13,15,18,HIGH_EXTORTION_MOTIVE + HIGH_FRAUD_MOTIVE + HIGH_SEXUAL_EXPLOITATION_MOTIVE,HIGH_SEC66D_CHEATING,HIGH_EXTORTION_MOTIVE + HIGH_FRAUD_MOTIVE + HIGH_SEXUAL_EXPLOITATION_MOTIVE -> HIGH_SEC66D_CHEATING,3,1
0.4166666666666667,0.5,0.3611111111111111,0.8666666666666666,1.7333333333333332,1.0,0.15277777777777776,3.749999999999998,0.7252747252747254,0.6499999999999999,0.7333333333333332,0.7944444444444444,13,15,18,HIGH_CHILD_CYBERCRIME + HIGH_SEXUAL_EXPLOITATION_MOTIVE + HIGH_WOMEN_CYBERCRIME,HIGH_FRAUD_MOTIVE,HIGH_CHILD_CYBERCRIME + HIGH_SEXUAL_EXPLOITATION_MOTIVE + HIGH_WOMEN_CYBERCRIME -> HIGH_FRAUD_MOTIVE,3,1
0.4166666666666667,0.5,0.3611111111111111,0.8666666666666666,1.7333333333333332,1.0,0.15277777777777776,3.749999999999998,0.7252747252747254,0.6499999999999999,0.7333333333333332,0.7944444444444444,13,15,18,HIGH_FRAUD_MOTIVE + HIGH_SEC66D_CHEATING,HIGH_SEXUAL_EXPLOITATION_MOTIVE,HIGH_FRAUD_MOTIVE + HIGH_SEC66D_CHEATING -> HIGH_SEXUAL_EXPLOITATION_MOTIVE,2,1
0.4166666666666667,0.5,0.3611111111111111,0.8666666666666666,1.7333333333333332,1.0,0.15277777777777776,3.749999999999998,0.7252747252747254,0.6499999999999999,0.7333333333333332,0.7944444444444444,13,15,18,HIGH_FRAUD_MOTIVE + HIGH_SEXUAL_EXPLOITATION_MOTIVE,HIGH_SEC66D_CHEATING,HIGH_FRAUD_MOTIVE + HIGH_SEXUAL_EXPLOITATION_MOTIVE -> HIGH_SEC66D_CHEATING,2,1
0.3888888888888889,0.3611111111111111,0.3333333333333333,0.8571428571428571,2.3736263736263736,1.0,0.1929012345679012,4.4722222222222205,0.9469696969696967,0.7999999999999999,0.7763975155279503,0.8901098901098901,12,14,13,HIGH_EXTORTION_MOTIVE + HIGH_FRAUD_MOTIVE + HIGH_WOMEN_CYBERCRIME,HIGH_IDENTITY_THEFT + HIGH_SEC66D_CHEATING + HIGH_SEXUAL_EXPLOITATION_MOTIVE,HIGH_EXTORTION_MOTIVE + HIGH_FRAUD_MOTIVE + HIGH_WOMEN_CYBERCRIME -> HIGH_IDENTITY_THEFT + HIGH_SEC66D_CHEATING + HIGH_SEXUAL_EXPLOITATION_MOTIVE,3,3
0.3888888888888889,0.3611111111111111,0.3333333333333333,0.8571428571428571,2.3736263736263736,1.0,0.1929012345679012,4.4722222222222205,0.9469696969696967,0.7999999999999999,0.7763975155279503,0.8901098901098901,12,14,13,HIGH_CHILD_CYBERCRIME + HIGH_EXTORTION_MOTIVE + HIGH_FRAUD_MOTIVE,HIGH_IDENTITY_THEFT + HIGH_SEC66D_CHEATING + HIGH_SEXUAL_EXPLOITATION_MOTIVE,HIGH_CHILD_CYBERCRIME + HIGH_EXTORTION_MOTIVE + HIGH_FRAUD_MOTIVE -> HIGH_IDENTITY_THEFT + HIGH_SEC66D_CHEATING + HIGH_SEXUAL_EXPLOITATION_MOTIVE,3,3
0.3888888888888889,0.3888888888888889,0.3333333333333333,0.8571428571428571,2.204081632653061,1.0,0.18209876543209874,4.277777777777777,0.8939393939393937,0.7499999999999999,0.766233766233766,0.8571428571428571,12,14,14,HIGH_EXTORTION_MOTIVE + HIGH_FRAUD_MOTIVE + HIGH_IDENTITY_THEFT + HIGH_WOMEN_CYBERCRIME,HIGH_SEC66D_CHEATING + HIGH_SEXUAL_EXPLOITATION_MOTIVE,HIGH_EXTORTION_MOTIVE + HIGH_FRAUD_MOTIVE + HIGH_IDENTITY_THEFT + HIGH_WOMEN_CYBERCRIME -> HIGH_SEC66D_CHEATING + HIGH_SEXUAL_EXPLOITATION_MOTIVE,4,2
0.3888888888888889,0.3888888888888889,0.3333333333333333,0.8571428571428571,2.204081632653061,1.0,0.18209876543209874,4.277777777777777,0.8939393939393937,0.7499999999999999,0.766233766233766,0.8571428571428571,12,14,14,HIGH_EXTORTION_MOTIVE + HIGH_FRAUD_MOTIVE + HIGH_SEXUAL_EXPLOITATION_MOTIVE + HIGH_WOMEN_CYBERCRIME,HIGH_IDENTITY_THEFT + HIGH_SEC66D_CHEATING,HIGH_EXTORTION_MOTIVE + HIGH_FRAUD_MOTIVE + HIGH_SEXUAL_EXPLOITATION_MOTIVE + HIGH_WOMEN_CYBERCRIME -> HIGH_IDENTITY_THEFT + HIGH_SEC66D_CHEATING,4,2
0.3888888888888889,0.3888888888888889,0.3333333333333333,0.8571428571428571,2.204081632653061,1.0,0.18209876543209874,4.277777777777777,0.8939393939393937,0.7499999999999999,0.766233766233766,0.8571428571428571,12,14,14,HIGH_EXTORTION_MOTIVE + HIGH_IDENTITY_THEFT + HIGH_SEC66D_CHEATING,HIGH_FRAUD_MOTIVE + HIGH_SEXUAL_EXPLOITATION_MOTIVE + HIGH_WOMEN_CYBERCRIME,HIGH_EXTORTION_MOTIVE + HIGH_IDENTITY_THEFT + HIGH_SEC66D_CHEATING -> HIGH_FRAUD_MOTIVE + HIGH_SEXUAL_EXPLOITATION_MOTIVE + HIGH_WOMEN_CYBERCRIME,3,3
0.3888888888888889,0.3888888888888889,0.3333333333333333,0.8571428571428571,2.204081632653061,1.0,0.18209876543209874,4.277777777777777,0.8939393939393937,0.7499999999999999,0.766233766233766,0.8571428571428571,12,14,14,HIGH_FRAUD_MOTIVE + HIGH_IDENTITY_THEFT + HIGH_WOMEN_CYBERCRIME,HIGH_EXTORTION_MOTIVE + HIGH_SEC66D_CHEATING + HIGH_SEXUAL_EXPLOITATION_MOTIVE,HIGH_FRAUD_MOTIVE + HIGH_IDENTITY_THEFT + HIGH_WOMEN_CYBERCRIME -> HIGH_EXTORTION_MOTIVE + HIGH_SEC66D_CHEATING + HIGH_SEXUAL_EXPLOITATION_MOTIVE,3,3
0.3888888888888889,0.3888888888888889,0.3333333333333333,0.8571428571428571,2.204081632653061,1.0,0.18209876543209874,4.277777777777777,0.8939393939393937,0.7499999999999999,0.766233766233766,0.8571428571428571,12,14,14,HIGH_EXTORTION_MOTIVE + HIGH_SEC66D_CHEATING + HIGH_SEXUAL_EXPLOITATION_MOTIVE,HIGH_FRAUD_MOTIVE + HIGH_IDENTITY_THEFT + HIGH_WOMEN_CYBERCRIME,HIGH_EXTORTION_MOTIVE + HIGH_SEC66D_CHEATING + HIGH_SEXUAL_EXPLOITATION_MOTIVE -> HIGH_FRAUD_MOTIVE + HIGH_IDENTITY_THEFT + HIGH_WOMEN_CYBERCRIME,3,3
0.3888888888888889,0.3888888888888889,0.3333333333333333,0.8571428571428571,2.204081632653061,1.0,0.18209876543209874,4.277777777777777,0.8939393939393937,0.7499999999999999,0.766233766233766,0.8571428571428571,12,14,14,HIGH_FRAUD_MOTIVE + HIGH_SEXUAL_EXPLOITATION_MOTIVE + HIGH_WOMEN_CYBERCRIME,HIGH_EXTORTION_MOTIVE + HIGH_IDENTITY_THEFT + HIGH_SEC66D_CHEATING,HIGH_FRAUD_MOTIVE + HIGH_SEXUAL_EXPLOITATION_MOTIVE + HIGH_WOMEN_CYBERCRIME -> HIGH_EXTORTION_MOTIVE + HIGH_IDENTITY_THEFT + HIGH_SEC66D_CHEATING,3,3
0.3888888888888889,0.3888888888888889,0.3333333333333333,0.8571428571428571,2.204081632653061,1.0,0.18209876543209874,4.277777777777777,0.8939393939393937,0.7499999999999999,0.766233766233766,0.8571428571428571,12,14,14,HIGH_IDENTITY_THEFT + HIGH_SEC66D_CHEATING,HIGH_EXTORTION_MOTIVE + HIGH_FRAUD_MOTIVE + HIGH_SEXUAL_EXPLOITATION_MOTIVE + HIGH_WOMEN_CYBERCRIME,HIGH_IDENTITY_THEFT + HIGH_SEC66D_CHEATING -> HIGH_EXTORTION_MOTIVE + HIGH_FRAUD_MOTIVE + HIGH_SEXUAL_EXPLOITATION_MOTIVE + HIGH_WOMEN_CYBERCRIME,2,4
0.3888888888888889,0.3888888888888889,0.3333333333333333,0.8571428571428571,2.204081632653061,1.0,0.18209876543209874,4.277777777777777,0.8939393939393937,0.7499999999999999,0.766233766233766,0.8571428571428571,12,14,14,HIGH_SEC66D_CHEATING + HIGH_SEXUAL_EXPLOITATION_MOTIVE,HIGH_EXTORTION_MOTIVE + HIGH_FRAUD_MOTIVE + HIGH_IDENTITY_THEFT + HIGH_WOMEN_CYBERCRIME,HIGH_SEC66D_CHEATING + HIGH_SEXUAL_EXPLOITATION_MOTIVE -> HIGH_EXTORTION_MOTIVE + HIGH_FRAUD_MOTIVE + HIGH_IDENTITY_THEFT + HIGH_WOMEN_CYBERCRIME,2,4
0.3888888888888889,0.3888888888888889,0.3333333333333333,0.8571428571428571,2.204081632653061,1.0,0.18209876543209874,4.277777777777777,0.8939393939393937,0.7499999999999999,0.766233766233766,0.8571428571428571,12,14,14,HIGH_CHILD_CYBERCRIME + HIGH_EXTORTION_MOTIVE + HIGH_FRAUD_MOTIVE + HIGH_IDENTITY_THEFT,HIGH_SEC66D_CHEATING + HIGH_SEXUAL_EXPLOITATION_MOTIVE,HIGH_CHILD_CYBERCRIME + HIGH_EXTORTION_MOTIVE + HIGH_FRAUD_MOTIVE + HIGH_IDENTITY_THEFT -> HIGH_SEC66D_CHEATING + HIGH_SEXUAL_EXPLOITATION_MOTIVE,4,2
0.3888888888888889,0.3888888888888889,0.3333333333333333,0.8571428571428571,2.204081632653061,1.0,0.18209876543209874,4.277777777777777,0.8939393939393937,0.7499999999999999,0.766233766233766,0.8571428571428571,12,14,14,HIGH_CHILD_CYBERCRIME + HIGH_EXTORTION_MOTIVE + HIGH_FRAUD_MOTIVE + HIGH_SEXUAL_EXPLOITATION_MOTIVE,HIGH_IDENTITY_THEFT + HIGH_SEC66D_CHEATING,HIGH_CHILD_CYBERCRIME + HIGH_EXTORTION_MOTIVE + HIGH_FRAUD_MOTIVE + HIGH_SEXUAL_EXPLOITATION_MOTIVE -> HIGH_IDENTITY_THEFT + HIGH_SEC66D_CHEATING,4,2
0.3888888888888889,0.3888888888888889,0.3333333333333333,0.8571428571428571,2.204081632653061,1.0,0.18209876543209874,4.277777777777777,0.8939393939393937,0.7499999999999999,0.766233766233766,0.8571428571428571,12,14,14,HIGH_CHILD_CYBERCRIME + HIGH_FRAUD_MOTIVE + HIGH_IDENTITY_THEFT,HIGH_EXTORTION_MOTIVE + HIGH_SEC66D_CHEATING + HIGH_SEXUAL_EXPLOITATION_MOTIVE,HIGH_CHILD_CYBERCRIME + HIGH_FRAUD_MOTIVE + HIGH_IDENTITY_THEFT -> HIGH_EXTORTION_MOTIVE + HIGH_SEC66D_CHEATING + HIGH_SEXUAL_EXPLOITATION_MOTIVE,3,3
0.3888888888888889,0.3888888888888889,0.3333333333333333,0.8571428571428571,2.204081632653061,1.0,0.18209876543209874,4.277777777777777,0.8939393939393937,0.7499999999999999,0.766233766233766,0.8571428571428571,12,14,14,HIGH_CHILD_CYBERCRIME + HIGH_FRAUD_MOTIVE + HIGH_SEXUAL_EXPLOITATION_MOTIVE,HIGH_EXTORTION_MOTIVE + HIGH_IDENTITY_THEFT + HIGH_SEC66D_CHEATING,HIGH_CHILD_CYBERCRIME + HIGH_FRAUD_MOTIVE + HIGH_SEXUAL_EXPLOITATION_MOTIVE -> HIGH_EXTORTION_MOTIVE + HIGH_IDENTITY_THEFT + HIGH_SEC66D_CHEATING,3,3
0.3888888888888889,0.3888888888888889,0.3333333333333333,0.8571428571428571,2.204081632653061,1.0,0.18209876543209874,4.277777777777777,0.8939393939393937,0.7499999999999999,0.766233766233766,0.8571428571428571,12,14,14,HIGH_EXTORTION_MOTIVE + HIGH_IDENTITY_THEFT + HIGH_SEC66D_CHEATING,HIGH_CHILD_CYBERCRIME + HIGH_FRAUD_MOTIVE + HIGH_SEXUAL_EXPLOITATION_MOTIVE,HIGH_EXTORTION_MOTIVE + HIGH_IDENTITY_THEFT + HIGH_SEC66D_CHEATING -> HIGH_CHILD_CYBERCRIME + HIGH_FRAUD_MOTIVE + HIGH_SEXUAL_EXPLOITATION_MOTIVE,3,3
0.3888888888888889,0.3888888888888889,0.3333333333333333,0.8571428571428571,2.204081632653061,1.0,0.18209876543209874,4.277777777777777,0.8939393939393937,0.7499999999999999,0.766233766233766,0.8571428571428571,12,14,14,HIGH_EXTORTION_MOTIVE + HIGH_SEC66D_CHEATING + HIGH_SEXUAL_EXPLOITATION_MOTIVE,HIGH_CHILD_CYBERCRIME + HIGH_FRAUD_MOTIVE + HIGH_IDENTITY_THEFT,HIGH_EXTORTION_MOTIVE + HIGH_SEC66D_CHEATING + HIGH_SEXUAL_EXPLOITATION_MOTIVE -> HIGH_CHILD_CYBERCRIME + HIGH_FRAUD_MOTIVE + HIGH_IDENTITY_THEFT,3,3
0.3888888888888889,0.3888888888888889,0.3333333333333333,0.8571428571428571,2.204081632653061,1.0,0.18209876543209874,4.277777777777777,0.8939393939393937,0.7499999999999999,0.766233766233766,0.8571428571428571,12,14,14,HIGH_IDENTITY_THEFT + HIGH_SEC66D_CHEATING,HIGH_CHILD_CYBERCRIME + HIGH_EXTORTION_MOTIVE + HIGH_FRAUD_MOTIVE + HIGH_SEXUAL_EXPLOITATION_MOTIVE,HIGH_IDENTITY_THEFT + HIGH_SEC66D_CHEATING -> HIGH_CHILD_CYBERCRIME + HIGH_EXTORTION_MOTIVE + HIGH_FRAUD_MOTIVE + HIGH_SEXUAL_EXPLOITATION_MOTIVE,2,4
0.3888888888888889,0.3888888888888889,0.3333333333333333,0.8571428571428571,2.204081632653061,1.0,0.18209876543209874,4.277777777777777,0.8939393939393937,0.7499999999999999,0.766233766233766,0.8571428571428571,12,14,14,HIGH_SEC66D_CHEATING + HIGH_SEXUAL_EXPLOITATION_MOTIVE,HIGH_CHILD_CYBERCRIME + HIGH_EXTORTION_MOTIVE + HIGH_FRAUD_MOTIVE + HIGH_IDENTITY_THEFT,HIGH_SEC66D_CHEATING + HIGH_SEXUAL_EXPLOITATION_MOTIVE -> HIGH_CHILD_CYBERCRIME + HIGH_EXTORTION_MOTIVE + HIGH_FRAUD_MOTIVE + HIGH_IDENTITY_THEFT,2,4
0.3888888888888889,0.3888888888888889,0.3333333333333333,0.8571428571428571,2.204081632653061,1.0,0.18209876543209874,4.277777777777777,0.8939393939393937,0.7499999999999999,0.766233766233766,0.8571428571428571,12,14,14,HIGH_EXTORTION_MOTIVE + HIGH_FRAUD_MOTIVE + HIGH_WOMEN_CYBERCRIME,HIGH_IDENTITY_THEFT + HIGH_SEC66D_CHEATING,HIGH_EXTORTION_MOTIVE + HIGH_FRAUD_MOTIVE + HIGH_WOMEN_CYBERCRIME -> HIGH_IDENTITY_THEFT + HIGH_SEC66D_CHEATING,3,2
0.3888888888888889,0.3888888888888889,0.3333333333333333,0.8571428571428571,2.204081632653061,1.0,0.18209876543209874,4.277777777777777,0.8939393939393937,0.7499999999999999,0.766233766233766,0.8571428571428571,12,14,14,HIGH_IDENTITY_THEFT + HIGH_SEC66D_CHEATING,HIGH_EXTORTION_MOTIVE + HIGH_FRAUD_MOTIVE + HIGH_WOMEN_CYBERCRIME,HIGH_IDENTITY_THEFT + HIGH_SEC66D_CHEATING -> HIGH_EXTORTION_MOTIVE + HIGH_FRAUD_MOTIVE + HIGH_WOMEN_CYBERCRIME,2,3
0.3888888888888889,0.3888888888888889,0.3333333333333333,0.8571428571428571,2.204081632653061,1.0,0.18209876543209874,4.277777777777777,0.8939393939393937,0.7499999999999999,0.766233766233766,0.8571428571428571,12,14,14,HIGH_CHILD_CYBERCRIME + HIGH_EXTORTION_MOTIVE + HIGH_FRAUD_MOTIVE,HIGH_IDENTITY_THEFT + HIGH_SEC66D_CHEATING,HIGH_CHILD_CYBERCRIME + HIGH_EXTORTION_MOTIVE + HIGH_FRAUD_MOTIVE -> HIGH_IDENTITY_THEFT + HIGH_SEC66D_CHEATING,3,2
0.3888888888888889,0.3888888888888889,0.3333333333333333,0.8571428571428571,2.204081632653061,1.0,0.18209876543209874,4.277777777777777,0.8939393939393937,0.7499999999999999,0.766233766233766,0.8571428571428571,12,14,14,HIGH_IDENTITY_THEFT + HIGH_SEC66D_CHEATING,HIGH_CHILD_CYBERCRIME + HIGH_EXTORTION_MOTIVE + HIGH_FRAUD_MOTIVE,HIGH_IDENTITY_THEFT + HIGH_SEC66D_CHEATING -> HIGH_CHILD_CYBERCRIME + HIGH_EXTORTION_MOTIVE + HIGH_FRAUD_MOTIVE,2,3
0.3888888888888889,0.3888888888888889,0.3333333333333333,0.8571428571428571,2.204081632653061,1.0,0.18209876543209874,4.277777777777777,0.8939393939393937,0.7499999999999999,0.766233766233766,0.8571428571428571,12,14,14,HIGH_FRAUD_MOTIVE + HIGH_IDENTITY_THEFT + HIGH_WOMEN_CYBERCRIME,HIGH_SEC66D_CHEATING + HIGH_SEXUAL_EXPLOITATION_MOTIVE,HIGH_FRAUD_MOTIVE + HIGH_IDENTITY_THEFT + HIGH_WOMEN_CYBERCRIME -> HIGH_SEC66D_CHEATING + HIGH_SEXUAL_EXPLOITATION_MOTIVE,3,2
0.3888888888888889,0.3888888888888889,0.3333333333333333,0.8571428571428571,2.204081632653061,1.0,0.18209876543209874,4.277777777777777,0.8939393939393937,0.7499999999999999,0.766233766233766,0.8571428571428571,12,14,14,HIGH_FRAUD_MOTIVE + HIGH_SEXUAL_EXPLOITATION_MOTIVE + HIGH_WOMEN_CYBERCRIME,HIGH_IDENTITY_THEFT + HIGH_SEC66D_CHEATING,HIGH_FRAUD_MOTIVE + HIGH_SEXUAL_EXPLOITATION_MOTIVE + HIGH_WOMEN_CYBERCRIME -> HIGH_IDENTITY_THEFT + HIGH_SEC66D_CHEATING,3,2
0.3888888888888889,0.3888888888888889,0.3333333333333333,0.8571428571428571,2.204081632653061,1.0,0.18209876543209874,4.277777777777777,0.8939393939393937,0.7499999999999999,0.766233766233766,0.8571428571428571,12,14,14,HIGH_IDENTITY_THEFT + HIGH_SEC66D_CHEATING,HIGH_FRAUD_MOTIVE + HIGH_SEXUAL_EXPLOITATION_MOTIVE + HIGH_WOMEN_CYBERCRIME,HIGH_IDENTITY_THEFT + HIGH_SEC66D_CHEATING -> HIGH_FRAUD_MOTIVE + HIGH_SEXUAL_EXPLOITATION_MOTIVE + HIGH_WOMEN_CYBERCRIME,2,3
0.3888888888888889,0.3888888888888889,0.3333333333333333,0.8571428571428571,2.204081632653061,1.0,0.18209876543209874,4.277777777777777,0.8939393939393937,0.7499999999999999,0.766233766233766,0.8571428571428571,12,14,14,HIGH_SEC66D_CHEATING + HIGH_SEXUAL_EXPLOITATION_MOTIVE,HIGH_FRAUD_MOTIVE + HIGH_IDENTITY_THEFT + HIGH_WOMEN_CYBERCRIME,HIGH_SEC66D_CHEATING + HIGH_SEXUAL_EXPLOITATION_MOTIVE -> HIGH_FRAUD_MOTIVE + HIGH_IDENTITY_THEFT + HIGH_WOMEN_CYBERCRIME,2,3
0.3888888888888889,0.3888888888888889,0.3333333333333333,0.8571428571428571,2.204081632653061,1.0,0.18209876543209874,4.277777777777777,0.8939393939393937,0.7499999999999999,0.766233766233766,0.8571428571428571,12,14,14,HIGH_CHILD_CYBERCRIME + HIGH_FRAUD_MOTIVE + HIGH_IDENTITY_THEFT,HIGH_SEC66D_CHEATING + HIGH_SEXUAL_EXPLOITATION_MOTIVE,HIGH_CHILD_CYBERCRIME + HIGH_FRAUD_MOTIVE + HIGH_IDENTITY_THEFT -> HIGH_SEC66D_CHEATING + HIGH_SEXUAL_EXPLOITATION_MOTIVE,3,2
0.3888888888888889,0.3888888888888889,0.3333333333333333,0.8571428571428571,2.204081632653061,1.0,0.18209876543209874,4.277777777777777,0.8939393939393937,0.7499999999999999,0.766233766233766,0.8571428571428571,12,14,14,HIGH_CHILD_CYBERCRIME + HIGH_FRAUD_MOTIVE + HIGH_SEXUAL_EXPLOITATION_MOTIVE,HIGH_IDENTITY_THEFT + HIGH_SEC66D_CHEATING,HIGH_CHILD_CYBERCRIME + HIGH_FRAUD_MOTIVE + HIGH_SEXUAL_EXPLOITATION_MOTIVE -> HIGH_IDENTITY_THEFT + HIGH_SEC66D_CHEATING,3,2
0.3888888888888889,0.3888888888888889,0.3333333333333333,0.8571428571428571,2.204081632653061,1.0,0.18209876543209874,4.277777777777777,0.8939393939393937,0.7499999999999999,0.766233766233766,0.8571428571428571,12,14,14,HIGH_IDENTITY_THEFT + HIGH_SEC66D_CHEATING,HIGH_CHILD_CYBERCRIME + HIGH_FRAUD_MOTIVE + HIGH_SEXUAL_EXPLOITATION_MOTIVE,HIGH_IDENTITY_THEFT + HIGH_SEC66D_CHEATING -> HIGH_CHILD_CYBERCRIME + HIGH_FRAUD_MOTIVE + HIGH_SEXUAL_EXPLOITATION_MOTIVE,2,3
0.3888888888888889,0.3888888888888889,0.3333333333333333,0.8571428571428571,2.204081632653061,1.0,0.18209876543209874,4.277777777777777,0.8939393939393937,0.7499999999999999,0.766233766233766,0.8571428571428571,12,14,14,HIGH_SEC66D_CHEATING + HIGH_SEXUAL_EXPLOITATION_MOTIVE,HIGH_CHILD_CYBERCRIME + HIGH_FRAUD_MOTIVE + HIGH_IDENTITY_THEFT,HIGH_SEC66D_CHEATING + HIGH_SEXUAL_EXPLOITATION_MOTIVE -> HIGH_CHILD_CYBERCRIME + HIGH_FRAUD_MOTIVE + HIGH_IDENTITY_THEFT,2,3
0.3888888888888889,0.3888888888888889,0.3333333333333333,0.8571428571428571,2.204081632653061,1.0,0.18209876543209874,4.277777777777777,0.8939393939393937,0.7499999999999999,0.766233766233766,0.8571428571428571,12,14,14,HIGH_EXTORTION_MOTIVE + HIGH_FRAUD_MOTIVE + HIGH_WOMEN_CYBERCRIME,HIGH_SEC66D_CHEATING + HIGH_SEXUAL_EXPLOITATION_MOTIVE,HIGH_EXTORTION_MOTIVE + HIGH_FRAUD_MOTIVE + HIGH_WOMEN_CYBERCRIME -> HIGH_SEC66D_CHEATING + HIGH_SEXUAL_EXPLOITATION_MOTIVE,3,2
0.3888888888888889,0.3888888888888889,0.3333333333333333,0.8571428571428571,2.204081632653061,1.0,0.18209876543209874,4.277777777777777,0.8939393939393937,0.7499999999999999,0.766233766233766,0.8571428571428571,12,14,14,HIGH_SEC66D_CHEATING + HIGH_SEXUAL_EXPLOITATION_MOTIVE,HIGH_EXTORTION_MOTIVE + HIGH_FRAUD_MOTIVE + HIGH_WOMEN_CYBERCRIME,HIGH_SEC66D_CHEATING + HIGH_SEXUAL_EXPLOITATION_MOTIVE -> HIGH_EXTORTION_MOTIVE + HIGH_FRAUD_MOTIVE + HIGH_WOMEN_CYBERCRIME,2,3
0.3888888888888889,0.3888888888888889,0.3333333333333333,0.8571428571428571,2.204081632653061,1.0,0.18209876543209874,4.277777777777777,0.8939393939393937,0.7499999999999999,0.766233766233766,0.8571428571428571,12,14,14,HIGH_CHILD_CYBERCRIME + HIGH_EXTORTION_MOTIVE + HIGH_FRAUD_MOTIVE,HIGH_SEC66D_CHEATING + HIGH_SEXUAL_EXPLOITATION_MOTIVE,HIGH_CHILD_CYBERCRIME + HIGH_EXTORTION_MOTIVE + HIGH_FRAUD_MOTIVE -> HIGH_SEC66D_CHEATING + HIGH_SEXUAL_EXPLOITATION_MOTIVE,3,2
0.3888888888888889,0.3888888888888889,0.3333333333333333,0.8571428571428571,2.204081632653061,1.0,0.18209876543209874,4.277777777777777,0.8939393939393937,0.7499999999999999,0.766233766233766,0.8571428571428571,12,14,14,HIGH_SEC66D_CHEATING + HIGH_SEXUAL_EXPLOITATION_MOTIVE,HIGH_CHILD_CYBERCRIME + HIGH_EXTORTION_MOTIVE + HIGH_FRAUD_MOTIVE,HIGH_SEC66D_CHEATING + HIGH_SEXUAL_EXPLOITATION_MOTIVE -> HIGH_CHILD_CYBERCRIME + HIGH_EXTORTION_MOTIVE + HIGH_FRAUD_MOTIVE,2,3
0.3888888888888889,0.4166666666666667,0.3333333333333333,0.8571428571428571,2.057142857142857,1.0,0.17129629629629628,4.083333333333331,0.8409090909090907,0.7058823529411764,0.7551020408163265,0.8285714285714285,12,14,15,HIGH_FRAUD_MOTIVE + HIGH_IDENTITY_THEFT + HIGH_SEXUAL_EXPLOITATION_MOTIVE + HIGH_WOMEN_CYBERCRIME,HIGH_EXTORTION_MOTIVE + HIGH_SEC66D_CHEATING,HIGH_FRAUD_MOTIVE + HIGH_IDENTITY_THEFT + HIGH_SEXUAL_EXPLOITATION_MOTIVE + HIGH_WOMEN_CYBERCRIME -> HIGH_EXTORTION_MOTIVE + HIGH_SEC66D_CHEATING,4,2
0.3888888888888889,0.4166666666666667,0.3333333333333333,0.8571428571428571,2.057142857142857,1.0,0.17129629629629628,4.083333333333331,0.8409090909090907,0.7058823529411764,0.7551020408163265,0.8285714285714285,12,14,15,HIGH_FRAUD_MOTIVE + HIGH_IDENTITY_THEFT + HIGH_SEC66D_CHEATING,HIGH_EXTORTION_MOTIVE + HIGH_SEXUAL_EXPLOITATION_MOTIVE + HIGH_WOMEN_CYBERCRIME,HIGH_FRAUD_MOTIVE + HIGH_IDENTITY_THEFT + HIGH_SEC66D_CHEATING -> HIGH_EXTORTION_MOTIVE + HIGH_SEXUAL_EXPLOITATION_MOTIVE + HIGH_WOMEN_CYBERCRIME,3,3
0.3888888888888889,0.4166666666666667,0.3333333333333333,0.8571428571428571,2.057142857142857,1.0,0.17129629629629628,4.083333333333331,0.8409090909090907,0.7058823529411764,0.7551020408163265,0.8285714285714285,12,14,15,HIGH_EXTORTION_MOTIVE + HIGH_FRAUD_MOTIVE + HIGH_SEC66D_CHEATING,HIGH_IDENTITY_THEFT + HIGH_SEXUAL_EXPLOITATION_MOTIVE + HIGH_WOMEN_CYBERCRIME,HIGH_EXTORTION_MOTIVE + HIGH_FRAUD_MOTIVE + HIGH_SEC66D_CHEATING -> HIGH_IDENTITY_THEFT + HIGH_SEXUAL_EXPLOITATION_MOTIVE + HIGH_WOMEN_CYBERCRIME,3,3
0.3888888888888889,0.4166666666666667,0.3333333333333333,0.8571428571428571,2.057142857142857,1.0,0.17129629629629628,4.083333333333331,0.8409090909090907,0.7058823529411764,0.7551020408163265,0.8285714285714285,12,14,15,HIGH_CHILD_CYBERCRIME + HIGH_FRAUD_MOTIVE + HIGH_IDENTITY_THEFT + HIGH_SEXUAL_EXPLOITATION_MOTIVE,HIGH_EXTORTION_MOTIVE + HIGH_SEC66D_CHEATING,HIGH_CHILD_CYBERCRIME + HIGH_FRAUD_MOTIVE + HIGH_IDENTITY_THEFT + HIGH_SEXUAL_EXPLOITATION_MOTIVE -> HIGH_EXTORTION_MOTIVE + HIGH_SEC66D_CHEATING,4,2
0.3888888888888889,0.4166666666666667,0.3333333333333333,0.8571428571428571,2.057142857142857,1.0,0.17129629629629628,4.083333333333331,0.8409090909090907,0.7058823529411764,0.7551020408163265,0.8285714285714285,12,14,15,HIGH_FRAUD_MOTIVE + HIGH_IDENTITY_THEFT + HIGH_SEC66D_CHEATING,HIGH_CHILD_CYBERCRIME + HIGH_EXTORTION_MOTIVE + HIGH_SEXUAL_EXPLOITATION_MOTIVE,HIGH_FRAUD_MOTIVE + HIGH_IDENTITY_THEFT + HIGH_SEC66D_CHEATING -> HIGH_CHILD_CYBERCRIME + HIGH_EXTORTION_MOTIVE + HIGH_SEXUAL_EXPLOITATION_MOTIVE,3,3
0.3888888888888889,0.4166666666666667,0.3333333333333333,0.8571428571428571,2.057142857142857,1.0,0.17129629629629628,4.083333333333331,0.8409090909090907,0.7058823529411764,0.7551020408163265,0.8285714285714285,12,14,15,HIGH_EXTORTION_MOTIVE + HIGH_FRAUD_MOTIVE + HIGH_SEC66D_CHEATING,HIGH_CHILD_CYBERCRIME + HIGH_IDENTITY_THEFT + HIGH_SEXUAL_EXPLOITATION_MOTIVE,HIGH_EXTORTION_MOTIVE + HIGH_FRAUD_MOTIVE + HIGH_SEC66D_CHEATING -> HIGH_CHILD_CYBERCRIME + HIGH_IDENTITY_THEFT + HIGH_SEXUAL_EXPLOITATION_MOTIVE,3,3
0.3888888888888889,0.4166666666666667,0.3333333333333333,0.8571428571428571,2.057142857142857,1.0,0.17129629629629628,4.083333333333331,0.8409090909090907,0.7058823529411764,0.7551020408163265,0.8285714285714285,12,14,15,HIGH_EXTORTION_MOTIVE + HIGH_IDENTITY_THEFT + HIGH_SEC66D_CHEATING,HIGH_FRAUD_MOTIVE + HIGH_WOMEN_CYBERCRIME,HIGH_EXTORTION_MOTIVE + HIGH_IDENTITY_THEFT + HIGH_SEC66D_CHEATING -> HIGH_FRAUD_MOTIVE + HIGH_WOMEN_CYBERCRIME,3,2
0.3888888888888889,0.4166666666666667,0.3333333333333333,0.8571428571428571,2.057142857142857,1.0,0.17129629629629628,4.083333333333331,0.8409090909090907,0.7058823529411764,0.7551020408163265,0.8285714285714285,12,14,15,HIGH_FRAUD_MOTIVE + HIGH_IDENTITY_THEFT + HIGH_WOMEN_CYBERCRIME,HIGH_EXTORTION_MOTIVE + HIGH_SEC66D_CHEATING,HIGH_FRAUD_MOTIVE + HIGH_IDENTITY_THEFT + HIGH_WOMEN_CYBERCRIME -> HIGH_EXTORTION_MOTIVE + HIGH_SEC66D_CHEATING,3,2
0.3888888888888889,0.4166666666666667,0.3333333333333333,0.8571428571428571,2.057142857142857,1.0,0.17129629629629628,4.083333333333331,0.8409090909090907,0.7058823529411764,0.7551020408163265,0.8285714285714285,12,14,15,HIGH_FRAUD_MOTIVE + HIGH_IDENTITY_THEFT + HIGH_SEC66D_CHEATING,HIGH_EXTORTION_MOTIVE + HIGH_WOMEN_CYBERCRIME,HIGH_FRAUD_MOTIVE + HIGH_IDENTITY_THEFT + HIGH_SEC66D_CHEATING -> HIGH_EXTORTION_MOTIVE + HIGH_WOMEN_CYBERCRIME,3,2
0.3888888888888889,0.4166666666666667,0.3333333333333333,0.8571428571428571,2.057142857142857,1.0,0.17129629629629628,4.083333333333331,0.8409090909090907,0.7058823529411764,0.7551020408163265,0.8285714285714285,12,14,15,HIGH_EXTORTION_MOTIVE + HIGH_FRAUD_MOTIVE + HIGH_SEC66D_CHEATING,HIGH_IDENTITY_THEFT + HIGH_WOMEN_CYBERCRIME,HIGH_EXTORTION_MOTIVE + HIGH_FRAUD_MOTIVE + HIGH_SEC66D_CHEATING -> HIGH_IDENTITY_THEFT + HIGH_WOMEN_CYBERCRIME,3,2
0.3888888888888889,0.4166666666666667,0.3333333333333333,0.8571428571428571,2.057142857142857,1.0,0.17129629629629628,4.083333333333331,0.8409090909090907,0.7058823529411764,0.7551020408163265,0.8285714285714285,12,14,15,HIGH_CHILD_CYBERCRIME + HIGH_FRAUD_MOTIVE + HIGH_IDENTITY_THEFT,HIGH_EXTORTION_MOTIVE + HIGH_SEC66D_CHEATING,HIGH_CHILD_CYBERCRIME + HIGH_FRAUD_MOTIVE + HIGH_IDENTITY_THEFT -> HIGH_EXTORTION_MOTIVE + HIGH_SEC66D_CHEATING,3,2
0.3888888888888889,0.4166666666666667,0.3333333333333333,0.8571428571428571,2.057142857142857,1.0,0.17129629629629628,4.083333333333331,0.8409090909090907,0.7058823529411764,0.7551020408163265,0.8285714285714285,12,14,15,HIGH_EXTORTION_MOTIVE + HIGH_IDENTITY_THEFT + HIGH_SEC66D_CHEATING,HIGH_CHILD_CYBERCRIME + HIGH_FRAUD_MOTIVE,HIGH_EXTORTION_MOTIVE + HIGH_IDENTITY_THEFT + HIGH_SEC66D_CHEATING -> HIGH_CHILD_CYBERCRIME + HIGH_FRAUD_MOTIVE,3,2
0.3888888888888889,0.4166666666666667,0.3333333333333333,0.8571428571428571,2.057142857142857,1.0,0.17129629629629628,4.083333333333331,0.8409090909090907,0.7058823529411764,0.7551020408163265,0.8285714285714285,12,14,15,HIGH_FRAUD_MOTIVE + HIGH_IDENTITY_THEFT + HIGH_SEC66D_CHEATING,HIGH_CHILD_CYBERCRIME + HIGH_EXTORTION_MOTIVE,HIGH_FRAUD_MOTIVE + HIGH_IDENTITY_THEFT + HIGH_SEC66D_CHEATING -> HIGH_CHILD_CYBERCRIME + HIGH_EXTORTION_MOTIVE,3,2
0.3888888888888889,0.4166666666666667,0.3333333333333333,0.8571428571428571,2.057142857142857,1.0,0.17129629629629628,4.083333333333331,0.8409090909090907,0.7058823529411764,0.7551020408163265,0.8285714285714285,12,14,15,HIGH_EXTORTION_MOTIVE + HIGH_FRAUD_MOTIVE + HIGH_SEC66D_CHEATING,HIGH_CHILD_CYBERCRIME + HIGH_IDENTITY_THEFT,HIGH_EXTORTION_MOTIVE + HIGH_FRAUD_MOTIVE + HIGH_SEC66D_CHEATING -> HIGH_CHILD_CYBERCRIME + HIGH_IDENTITY_THEFT,3,2
0.3888888888888889,0.4166666666666667,0.3333333333333333,0.8571428571428571,2.057142857142857,1.0,0.17129629629629628,4.083333333333331,0.8409090909090907,0.7058823529411764,0.7551020408163265,0.8285714285714285,12,14,15,HIGH_EXTORTION_MOTIVE + HIGH_SEC66D_CHEATING + HIGH_SEXUAL_EXPLOITATION_MOTIVE,HIGH_FRAUD_MOTIVE + HIGH_WOMEN_CYBERCRIME,HIGH_EXTORTION_MOTIVE + HIGH_SEC66D_CHEATING + HIGH_SEXUAL_EXPLOITATION_MOTIVE -> HIGH_FRAUD_MOTIVE + HIGH_WOMEN_CYBERCRIME,3,2
0.3888888888888889,0.4166666666666667,0.3333333333333333,0.8571428571428571,2.057142857142857,1.0,0.17129629629629628,4.083333333333331,0.8409090909090907,0.7058823529411764,0.7551020408163265,0.8285714285714285,12,14,15,HIGH_FRAUD_MOTIVE + HIGH_SEXUAL_EXPLOITATION_MOTIVE + HIGH_WOMEN_CYBERCRIME,HIGH_EXTORTION_MOTIVE + HIGH_SEC66D_CHEATING,HIGH_FRAUD_MOTIVE + HIGH_SEXUAL_EXPLOITATION_MOTIVE + HIGH_WOMEN_CYBERCRIME -> HIGH_EXTORTION_MOTIVE + HIGH_SEC66D_CHEATING,3,2
0.3888888888888889,0.4166666666666667,0.3333333333333333,0.8571428571428571,2.057142857142857,1.0,0.17129629629629628,4.083333333333331,0.8409090909090907,0.7058823529411764,0.7551020408163265,0.8285714285714285,12,14,15,HIGH_CHILD_CYBERCRIME + HIGH_FRAUD_MOTIVE + HIGH_SEXUAL_EXPLOITATION_MOTIVE,HIGH_EXTORTION_MOTIVE + HIGH_SEC66D_CHEATING,HIGH_CHILD_CYBERCRIME + HIGH_FRAUD_MOTIVE + HIGH_SEXUAL_EXPLOITATION_MOTIVE -> HIGH_EXTORTION_MOTIVE + HIGH_SEC66D_CHEATING,3,2
0.3888888888888889,0.4166666666666667,0.3333333333333333,0.8571428571428571,2.057142857142857,1.0,0.17129629629629628,4.083333333333331,0.8409090909090907,0.7058823529411764,0.7551020408163265,0.8285714285714285,12,14,15,HIGH_EXTORTION_MOTIVE + HIGH_SEC66D_CHEATING + HIGH_SEXUAL_EXPLOITATION_MOTIVE,HIGH_CHILD_CYBERCRIME + HIGH_FRAUD_MOTIVE,HIGH_EXTORTION_MOTIVE + HIGH_SEC66D_CHEATING + HIGH_SEXUAL_EXPLOITATION_MOTIVE -> HIGH_CHILD_CYBERCRIME + HIGH_FRAUD_MOTIVE,3,2
0.3888888888888889,0.4166666666666667,0.3333333333333333,0.8571428571428571,2.057142857142857,1.0,0.17129629629629628,4.083333333333331,0.8409090909090907,0.7058823529411764,0.7551020408163265,0.8285714285714285,12,14,15,HIGH_EXTORTION_MOTIVE + HIGH_SEC66D_CHEATING + HIGH_SEXUAL_EXPLOITATION_MOTIVE,HIGH_IDENTITY_THEFT + HIGH_WOMEN_CYBERCRIME,HIGH_EXTORTION_MOTIVE + HIGH_SEC66D_CHEATING + HIGH_SEXUAL_EXPLOITATION_MOTIVE -> HIGH_IDENTITY_THEFT + HIGH_WOMEN_CYBERCRIME,3,2
0.3888888888888889,0.4166666666666667,0.3333333333333333,0.8571428571428571,2.057142857142857,1.0,0.17129629629629628,4.083333333333331,0.8409090909090907,0.7058823529411764,0.7551020408163265,0.8285714285714285,12,14,15,HIGH_IDENTITY_THEFT + HIGH_SEC66D_CHEATING,HIGH_EXTORTION_MOTIVE + HIGH_SEXUAL_EXPLOITATION_MOTIVE + HIGH_WOMEN_CYBERCRIME,HIGH_IDENTITY_THEFT + HIGH_SEC66D_CHEATING -> HIGH_EXTORTION_MOTIVE + HIGH_SEXUAL_EXPLOITATION_MOTIVE + HIGH_WOMEN_CYBERCRIME,2,3
0.3888888888888889,0.4166666666666667,0.3333333333333333,0.8571428571428571,2.057142857142857,1.0,0.17129629629629628,4.083333333333331,0.8409090909090907,0.7058823529411764,0.7551020408163265,0.8285714285714285,12,14,15,HIGH_SEC66D_CHEATING + HIGH_SEXUAL_EXPLOITATION_MOTIVE,HIGH_EXTORTION_MOTIVE + HIGH_IDENTITY_THEFT + HIGH_WOMEN_CYBERCRIME,HIGH_SEC66D_CHEATING + HIGH_SEXUAL_EXPLOITATION_MOTIVE -> HIGH_EXTORTION_MOTIVE + HIGH_IDENTITY_THEFT + HIGH_WOMEN_CYBERCRIME,2,3
0.3888888888888889,0.4166666666666667,0.3333333333333333,0.8571428571428571,2.057142857142857,1.0,0.17129629629629628,4.083333333333331,0.8409090909090907,0.7058823529411764,0.7551020408163265,0.8285714285714285,12,14,15,HIGH_EXTORTION_MOTIVE + HIGH_SEC66D_CHEATING + HIGH_SEXUAL_EXPLOITATION_MOTIVE,HIGH_CHILD_CYBERCRIME + HIGH_IDENTITY_THEFT,HIGH_EXTORTION_MOTIVE + HIGH_SEC66D_CHEATING + HIGH_SEXUAL_EXPLOITATION_MOTIVE -> HIGH_CHILD_CYBERCRIME + HIGH_IDENTITY_THEFT,3,2
0.3888888888888889,0.4166666666666667,0.3333333333333333,0.8571428571428571,2.057142857142857,1.0,0.17129629629629628,4.083333333333331,0.8409090909090907,0.7058823529411764,0.7551020408163265,0.8285714285714285,12,14,15,HIGH_IDENTITY_THEFT + HIGH_SEC66D_CHEATING,HIGH_CHILD_CYBERCRIME + HIGH_EXTORTION_MOTIVE + HIGH_SEXUAL_EXPLOITATION_MOTIVE,HIGH_IDENTITY_THEFT + HIGH_SEC66D_CHEATING -> HIGH_CHILD_CYBERCRIME + HIGH_EXTORTION_MOTIVE + HIGH_SEXUAL_EXPLOITATION_MOTIVE,2,3
0.3888888888888889,0.4166666666666667,0.3333333333333333,0.8571428571428571,2.057142857142857,1.0,0.17129629629629628,4.083333333333331,0.8409090909090907,0.7058823529411764,0.7551020408163265,0.8285714285714285,12,14,15,HIGH_SEC66D_CHEATING + HIGH_SEXUAL_EXPLOITATION_MOTIVE,HIGH_CHILD_CYBERCRIME + HIGH_EXTORTION_MOTIVE + HIGH_IDENTITY_THEFT,HIGH_SEC66D_CHEATING + HIGH_SEXUAL_EXPLOITATION_MOTIVE -> HIGH_CHILD_CYBERCRIME + HIGH_EXTORTION_MOTIVE + HIGH_IDENTITY_THEFT,2,3
0.3888888888888889,0.4166666666666667,0.3333333333333333,0.8571428571428571,2.057142857142857,1.0,0.17129629629629628,4.083333333333331,0.8409090909090907,0.7058823529411764,0.7551020408163265,0.8285714285714285,12,14,15,HIGH_IDENTITY_THEFT + HIGH_SEC66D_CHEATING,HIGH_FRAUD_MOTIVE + HIGH_WOMEN_CYBERCRIME,HIGH_IDENTITY_THEFT + HIGH_SEC66D_CHEATING -> HIGH_FRAUD_MOTIVE + HIGH_WOMEN_CYBERCRIME,2,2
0.3888888888888889,0.4166666666666667,0.3333333333333333,0.8571428571428571,2.057142857142857,1.0,0.17129629629629628,4.083333333333331,0.8409090909090907,0.7058823529411764,0.7551020408163265,0.8285714285714285,12,14,15,HIGH_IDENTITY_THEFT + HIGH_SEC66D_CHEATING,HIGH_CHILD_CYBERCRIME + HIGH_FRAUD_MOTIVE,HIGH_IDENTITY_THEFT + HIGH_SEC66D_CHEATING -> HIGH_CHILD_CYBERCRIME + HIGH_FRAUD_MOTIVE,2,2
0.3888888888888889,0.4166666666666667,0.3333333333333333,0.8571428571428571,2.057142857142857,1.0,0.17129629629629628,4.083333333333331,0.8409090909090907,0.7058823529411764,0.7551020408163265,0.8285714285714285,12,14,15,HIGH_SEC66D_CHEATING + HIGH_SEXUAL_EXPLOITATION_MOTIVE,HIGH_FRAUD_MOTIVE + HIGH_WOMEN_CYBERCRIME,HIGH_SEC66D_CHEATING + HIGH_SEXUAL_EXPLOITATION_MOTIVE -> HIGH_FRAUD_MOTIVE + HIGH_WOMEN_CYBERCRIME,2,2
0.3888888888888889,0.4166666666666667,0.3333333333333333,0.8571428571428571,2.057142857142857,1.0,0.17129629629629628,4.083333333333331,0.8409090909090907,0.7058823529411764,0.7551020408163265,0.8285714285714285,12,14,15,HIGH_SEC66D_CHEATING + HIGH_SEXUAL_EXPLOITATION_MOTIVE,HIGH_CHILD_CYBERCRIME + HIGH_FRAUD_MOTIVE,HIGH_SEC66D_CHEATING + HIGH_SEXUAL_EXPLOITATION_MOTIVE -> HIGH_CHILD_CYBERCRIME + HIGH_FRAUD_MOTIVE,2,2
0.3888888888888889,0.4166666666666667,0.3333333333333333,0.8571428571428571,2.057142857142857,1.0,0.17129629629629628,4.083333333333331,0.8409090909090907,0.7058823529411764,0.7551020408163265,0.8285714285714285,12,14,15,HIGH_IDENTITY_THEFT + HIGH_SEC66D_CHEATING,HIGH_EXTORTION_MOTIVE + HIGH_WOMEN_CYBERCRIME,HIGH_IDENTITY_THEFT + HIGH_SEC66D_CHEATING -> HIGH_EXTORTION_MOTIVE + HIGH_WOMEN_CYBERCRIME,2,2
0.3888888888888889,0.4166666666666667,0.3333333333333333,0.8571428571428571,2.057142857142857,1.0,0.17129629629629628,4.083333333333331,0.8409090909090907,0.7058823529411764,0.7551020408163265,0.8285714285714285,12,14,15,HIGH_IDENTITY_THEFT + HIGH_SEC66D_CHEATING,HIGH_CHILD_CYBERCRIME + HIGH_EXTORTION_MOTIVE,HIGH_IDENTITY_THEFT + HIGH_SEC66D_CHEATING -> HIGH_CHILD_CYBERCRIME + HIGH_EXTORTION_MOTIVE,2,2
0.3888888888888889,0.4166666666666667,0.3333333333333333,0.8571428571428571,2.057142857142857,1.0,0.17129629629629628,4.083333333333331,0.8409090909090907,0.7058823529411764,0.7551020408163265,0.8285714285714285,12,14,15,HIGH_SEC66D_CHEATING + HIGH_SEXUAL_EXPLOITATION_MOTIVE,HIGH_IDENTITY_THEFT + HIGH_WOMEN_CYBERCRIME,HIGH_SEC66D_CHEATING + HIGH_SEXUAL_EXPLOITATION_MOTIVE -> HIGH_IDENTITY_THEFT + HIGH_WOMEN_CYBERCRIME,2,2
0.3888888888888889,0.4166666666666667,0.3333333333333333,0.8571428571428571,2.057142857142857,1.0,0.17129629629629628,4.083333333333331,0.8409090909090907,0.7058823529411764,0.7551020408163265,0.8285714285714285,12,14,15,HIGH_SEC66D_CHEATING + HIGH_SEXUAL_EXPLOITATION_MOTIVE,HIGH_CHILD_CYBERCRIME + HIGH_IDENTITY_THEFT,HIGH_SEC66D_CHEATING + HIGH_SEXUAL_EXPLOITATION_MOTIVE -> HIGH_CHILD_CYBERCRIME + HIGH_IDENTITY_THEFT,2,2
0.3888888888888889,0.4166666666666667,0.3333333333333333,0.8571428571428571,2.057142857142857,1.0,0.17129629629629628,4.083333333333331,0.8409090909090907,0.7058823529411764,0.7551020408163265,0.8285714285714285,12,14,15,HIGH_SEC66D_CHEATING + HIGH_SEXUAL_EXPLOITATION_MOTIVE,HIGH_EXTORTION_MOTIVE + HIGH_WOMEN_CYBERCRIME,HIGH_SEC66D_CHEATING + HIGH_SEXUAL_EXPLOITATION_MOTIVE -> HIGH_EXTORTION_MOTIVE + HIGH_WOMEN_CYBERCRIME,2,2
0.3888888888888889,0.4166666666666667,0.3333333333333333,0.8571428571428571,2.057142857142857,1.0,0.17129629629629628,4.083333333333331,0.8409090909090907,0.7058823529411764,0.7551020408163265,0.8285714285714285,12,14,15,HIGH_SEC66D_CHEATING + HIGH_SEXUAL_EXPLOITATION_MOTIVE,HIGH_CHILD_CYBERCRIME + HIGH_EXTORTION_MOTIVE,HIGH_SEC66D_CHEATING + HIGH_SEXUAL_EXPLOITATION_MOTIVE -> HIGH_CHILD_CYBERCRIME + HIGH_EXTORTION_MOTIVE,2,2
0.3888888888888889,0.4444444444444444,0.3333333333333333,0.8571428571428571,1.9285714285714286,1.0,0.16049382716049382,3.888888888888888,0.7878787878787877,0.6666666666666667,0.7428571428571428,0.8035714285714286,12,14,16,HIGH_EXTORTION_MOTIVE + HIGH_FRAUD_MOTIVE + HIGH_IDENTITY_THEFT + HIGH_SEC66D_CHEATING,HIGH_SEXUAL_EXPLOITATION_MOTIVE + HIGH_WOMEN_CYBERCRIME,HIGH_EXTORTION_MOTIVE + HIGH_FRAUD_MOTIVE + HIGH_IDENTITY_THEFT + HIGH_SEC66D_CHEATING -> HIGH_SEXUAL_EXPLOITATION_MOTIVE + HIGH_WOMEN_CYBERCRIME,4,2
0.3888888888888889,0.4444444444444444,0.3333333333333333,0.8571428571428571,1.9285714285714286,1.0,0.16049382716049382,3.888888888888888,0.7878787878787877,0.6666666666666667,0.7428571428571428,0.8035714285714286,12,14,16,HIGH_EXTORTION_MOTIVE + HIGH_FRAUD_MOTIVE + HIGH_IDENTITY_THEFT + HIGH_SEC66D_CHEATING,HIGH_CHILD_CYBERCRIME + HIGH_SEXUAL_EXPLOITATION_MOTIVE,HIGH_EXTORTION_MOTIVE + HIGH_FRAUD_MOTIVE + HIGH_IDENTITY_THEFT + HIGH_SEC66D_CHEATING -> HIGH_CHILD_CYBERCRIME + HIGH_SEXUAL_EXPLOITATION_MOTIVE,4,2
0.3888888888888889,0.4444444444444444,0.3333333333333333,0.8571428571428571,1.9285714285714286,1.0,0.16049382716049382,3.888888888888888,0.7878787878787877,0.6666666666666667,0.7428571428571428,0.8035714285714286,12,14,16,HIGH_FRAUD_MOTIVE + HIGH_IDENTITY_THEFT + HIGH_SEC66D_CHEATING,HIGH_SEXUAL_EXPLOITATION_MOTIVE + HIGH_WOMEN_CYBERCRIME,HIGH_FRAUD_MOTIVE + HIGH_IDENTITY_THEFT + HIGH_SEC66D_CHEATING -> HIGH_SEXUAL_EXPLOITATION_MOTIVE + HIGH_WOMEN_CYBERCRIME,3,2
0.3888888888888889,0.4444444444444444,0.3333333333333333,0.8571428571428571,1.9285714285714286,1.0,0.16049382716049382,3.888888888888888,0.7878787878787877,0.6666666666666667,0.7428571428571428,0.8035714285714286,12,14,16,HIGH_FRAUD_MOTIVE + HIGH_IDENTITY_THEFT + HIGH_SEC66D_CHEATING,HIGH_CHILD_CYBERCRIME + HIGH_SEXUAL_EXPLOITATION_MOTIVE,HIGH_FRAUD_MOTIVE + HIGH_IDENTITY_THEFT + HIGH_SEC66D_CHEATING -> HIGH_CHILD_CYBERCRIME + HIGH_SEXUAL_EXPLOITATION_MOTIVE,3,2
0.3888888888888889,0.4444444444444444,0.3333333333333333,0.8571428571428571,1.9285714285714286,1.0,0.16049382716049382,3.888888888888888,0.7878787878787877,0.6666666666666667,0.7428571428571428,0.8035714285714286,12,14,16,HIGH_EXTORTION_MOTIVE + HIGH_FRAUD_MOTIVE + HIGH_SEC66D_CHEATING,HIGH_SEXUAL_EXPLOITATION_MOTIVE + HIGH_WOMEN_CYBERCRIME,HIGH_EXTORTION_MOTIVE + HIGH_FRAUD_MOTIVE + HIGH_SEC66D_CHEATING -> HIGH_SEXUAL_EXPLOITATION_MOTIVE + HIGH_WOMEN_CYBERCRIME,3,2
0.3888888888888889,0.4444444444444444,0.3333333333333333,0.8571428571428571,1.9285714285714286,1.0,0.16049382716049382,3.888888888888888,0.7878787878787877,0.6666666666666667,0.7428571428571428,0.8035714285714286,12,14,16,HIGH_EXTORTION_MOTIVE + HIGH_FRAUD_MOTIVE + HIGH_SEC66D_CHEATING,HIGH_CHILD_CYBERCRIME + HIGH_SEXUAL_EXPLOITATION_MOTIVE,HIGH_EXTORTION_MOTIVE + HIGH_FRAUD_MOTIVE + HIGH_SEC66D_CHEATING -> HIGH_CHILD_CYBERCRIME + HIGH_SEXUAL_EXPLOITATION_MOTIVE,3,2
0.3888888888888889,0.4444444444444444,0.3333333333333333,0.8571428571428571,1.9285714285714286,1.0,0.16049382716049382,3.888888888888888,0.7878787878787877,0.6666666666666667,0.7428571428571428,0.8035714285714286,12,14,16,HIGH_EXTORTION_MOTIVE + HIGH_IDENTITY_THEFT + HIGH_SEC66D_CHEATING,HIGH_SEXUAL_EXPLOITATION_MOTIVE + HIGH_WOMEN_CYBERCRIME,HIGH_EXTORTION_MOTIVE + HIGH_IDENTITY_THEFT + HIGH_SEC66D_CHEATING -> HIGH_SEXUAL_EXPLOITATION_MOTIVE + HIGH_WOMEN_CYBERCRIME,3,2
0.3888888888888889,0.4444444444444444,0.3333333333333333,0.8571428571428571,1.9285714285714286,1.0,0.16049382716049382,3.888888888888888,0.7878787878787877,0.6666666666666667,0.7428571428571428,0.8035714285714286,12,14,16,HIGH_EXTORTION_MOTIVE + HIGH_IDENTITY_THEFT + HIGH_SEC66D_CHEATING,HIGH_CHILD_CYBERCRIME + HIGH_SEXUAL_EXPLOITATION_MOTIVE,HIGH_EXTORTION_MOTIVE + HIGH_IDENTITY_THEFT + HIGH_SEC66D_CHEATING -> HIGH_CHILD_CYBERCRIME + HIGH_SEXUAL_EXPLOITATION_MOTIVE,3,2
0.3888888888888889,0.4444444444444444,0.3333333333333333,0.8571428571428571,1.9285714285714286,1.0,0.16049382716049382,3.888888888888888,0.7878787878787877,0.6666666666666667,0.7428571428571428,0.8035714285714286,12,14,16,HIGH_IDENTITY_THEFT + HIGH_SEC66D_CHEATING,HIGH_SEXUAL_EXPLOITATION_MOTIVE + HIGH_WOMEN_CYBERCRIME,HIGH_IDENTITY_THEFT + HIGH_SEC66D_CHEATING -> HIGH_SEXUAL_EXPLOITATION_MOTIVE + HIGH_WOMEN_CYBERCRIME,2,2
0.3888888888888889,0.4444444444444444,0.3333333333333333,0.8571428571428571,1.9285714285714286,1.0,0.16049382716049382,3.888888888888888,0.7878787878787877,0.6666666666666667,0.7428571428571428,0.8035714285714286,12,14,16,HIGH_IDENTITY_THEFT + HIGH_SEC66D_CHEATING,HIGH_CHILD_CYBERCRIME + HIGH_SEXUAL_EXPLOITATION_MOTIVE,HIGH_IDENTITY_THEFT + HIGH_SEC66D_CHEATING -> HIGH_CHILD_CYBERCRIME + HIGH_SEXUAL_EXPLOITATION_MOTIVE,2,2
0.3888888888888889,0.5,0.3333333333333333,0.8571428571428571,1.7142857142857142,1.0,0.13888888888888887,3.4999999999999987,0.6818181818181817,0.6,0.7142857142857142,0.7619047619047619,12,14,18,HIGH_EXTORTION_MOTIVE + HIGH_FRAUD_MOTIVE + HIGH_IDENTITY_THEFT + HIGH_SEXUAL_EXPLOITATION_MOTIVE + HIGH_WOMEN_CYBERCRIME,HIGH_SEC66D_CHEATING,HIGH_EXTORTION_MOTIVE + HIGH_FRAUD_MOTIVE + HIGH_IDENTITY_THEFT + HIGH_SEXUAL_EXPLOITATION_MOTIVE + HIGH_WOMEN_CYBERCRIME -> HIGH_SEC66D_CHEATING,5,1
0.3888888888888889,0.5,0.3333333333333333,0.8571428571428571,1.7142857142857142,1.0,0.13888888888888887,3.4999999999999987,0.6818181818181817,0.6,0.7142857142857142,0.7619047619047619,12,14,18,HIGH_CHILD_CYBERCRIME + HIGH_EXTORTION_MOTIVE + HIGH_FRAUD_MOTIVE + HIGH_IDENTITY_THEFT + HIGH_SEXUAL_EXPLOITATION_MOTIVE,HIGH_SEC66D_CHEATING,HIGH_CHILD_CYBERCRIME + HIGH_EXTORTION_MOTIVE + HIGH_FRAUD_MOTIVE + HIGH_IDENTITY_THEFT + HIGH_SEXUAL_EXPLOITATION_MOTIVE -> HIGH_SEC66D_CHEATING,5,1
0.3888888888888889,0.5,0.3333333333333333,0.8571428571428571,1.7142857142857142,1.0,0.13888888888888887,3.4999999999999987,0.6818181818181817,0.6,0.7142857142857142,0.7619047619047619,12,14,18,HIGH_EXTORTION_MOTIVE + HIGH_FRAUD_MOTIVE + HIGH_IDENTITY_THEFT + HIGH_WOMEN_CYBERCRIME,HIGH_SEC66D_CHEATING,HIGH_EXTORTION_MOTIVE + HIGH_FRAUD_MOTIVE + HIGH_IDENTITY_THEFT + HIGH_WOMEN_CYBERCRIME -> HIGH_SEC66D_CHEATING,4,1
0.3888888888888889,0.5,0.3333333333333333,0.8571428571428571,1.7142857142857142,1.0,0.13888888888888887,3.4999999999999987,0.6818181818181817,0.6,0.7142857142857142,0.7619047619047619,12,14,18,HIGH_EXTORTION_MOTIVE + HIGH_FRAUD_MOTIVE + HIGH_IDENTITY_THEFT + HIGH_SEC66D_CHEATING,HIGH_WOMEN_CYBERCRIME,HIGH_EXTORTION_MOTIVE + HIGH_FRAUD_MOTIVE + HIGH_IDENTITY_THEFT + HIGH_SEC66D_CHEATING -> HIGH_WOMEN_CYBERCRIME,4,1
0.3888888888888889,0.5,0.3333333333333333,0.8571428571428571,1.7142857142857142,1.0,0.13888888888888887,3.4999999999999987,0.6818181818181817,0.6,0.7142857142857142,0.7619047619047619,12,14,18,HIGH_CHILD_CYBERCRIME + HIGH_EXTORTION_MOTIVE + HIGH_FRAUD_MOTIVE + HIGH_IDENTITY_THEFT,HIGH_SEC66D_CHEATING,HIGH_CHILD_CYBERCRIME + HIGH_EXTORTION_MOTIVE + HIGH_FRAUD_MOTIVE + HIGH_IDENTITY_THEFT -> HIGH_SEC66D_CHEATING,4,1
0.3888888888888889,0.5,0.3333333333333333,0.8571428571428571,1.7142857142857142,1.0,0.13888888888888887,3.4999999999999987,0.6818181818181817,0.6,0.7142857142857142,0.7619047619047619,12,14,18,HIGH_EXTORTION_MOTIVE + HIGH_FRAUD_MOTIVE + HIGH_IDENTITY_THEFT + HIGH_SEC66D_CHEATING,HIGH_CHILD_CYBERCRIME,HIGH_EXTORTION_MOTIVE + HIGH_FRAUD_MOTIVE + HIGH_IDENTITY_THEFT + HIGH_SEC66D_CHEATING -> HIGH_CHILD_CYBERCRIME,4,1
0.3888888888888889,0.5,0.3333333333333333,0.8571428571428571,1.7142857142857142,1.0,0.13888888888888887,3.4999999999999987,0.6818181818181817,0.6,0.7142857142857142,0.7619047619047619,12,14,18,HIGH_FRAUD_MOTIVE + HIGH_IDENTITY_THEFT + HIGH_SEXUAL_EXPLOITATION_MOTIVE + HIGH_WOMEN_CYBERCRIME,HIGH_SEC66D_CHEATING,HIGH_FRAUD_MOTIVE + HIGH_IDENTITY_THEFT + HIGH_SEXUAL_EXPLOITATION_MOTIVE + HIGH_WOMEN_CYBERCRIME -> HIGH_SEC66D_CHEATING,4,1
0.3888888888888889,0.5,0.3333333333333333,0.8571428571428571,1.7142857142857142,1.0,0.13888888888888887,3.4999999999999987,0.6818181818181817,0.6,0.7142857142857142,0.7619047619047619,12,14,18,HIGH_CHILD_CYBERCRIME + HIGH_FRAUD_MOTIVE + HIGH_IDENTITY_THEFT + HIGH_SEXUAL_EXPLOITATION_MOTIVE,HIGH_SEC66D_CHEATING,HIGH_CHILD_CYBERCRIME + HIGH_FRAUD_MOTIVE + HIGH_IDENTITY_THEFT + HIGH_SEXUAL_EXPLOITATION_MOTIVE -> HIGH_SEC66D_CHEATING,4,1
0.3888888888888889,0.5,0.3333333333333333,0.8571428571428571,1.7142857142857142,1.0,0.13888888888888887,3.4999999999999987,0.6818181818181817,0.6,0.7142857142857142,0.7619047619047619,12,14,18,HIGH_EXTORTION_MOTIVE + HIGH_FRAUD_MOTIVE + HIGH_SEXUAL_EXPLOITATION_MOTIVE + HIGH_WOMEN_CYBERCRIME,HIGH_SEC66D_CHEATING,HIGH_EXTORTION_MOTIVE + HIGH_FRAUD_MOTIVE + HIGH_SEXUAL_EXPLOITATION_MOTIVE + HIGH_WOMEN_CYBERCRIME -> HIGH_SEC66D_CHEATING,4,1
0.3888888888888889,0.5,0.3333333333333333,0.8571428571428571,1.7142857142857142,1.0,0.13888888888888887,3.4999999999999987,0.6818181818181817,0.6,0.7142857142857142,0.7619047619047619,12,14,18,HIGH_CHILD_CYBERCRIME + HIGH_EXTORTION_MOTIVE + HIGH_FRAUD_MOTIVE + HIGH_SEXUAL_EXPLOITATION_MOTIVE,HIGH_SEC66D_CHEATING,HIGH_CHILD_CYBERCRIME + HIGH_EXTORTION_MOTIVE + HIGH_FRAUD_MOTIVE + HIGH_SEXUAL_EXPLOITATION_MOTIVE -> HIGH_SEC66D_CHEATING,4,1
0.3888888888888889,0.5,0.3333333333333333,0.8571428571428571,1.7142857142857142,1.0,0.13888888888888887,3.4999999999999987,0.6818181818181817,0.6,0.7142857142857142,0.7619047619047619,12,14,18,HIGH_FRAUD_MOTIVE + HIGH_IDENTITY_THEFT + HIGH_SEC66D_CHEATING,HIGH_WOMEN_CYBERCRIME,HIGH_FRAUD_MOTIVE + HIGH_IDENTITY_THEFT + HIGH_SEC66D_CHEATING -> HIGH_WOMEN_CYBERCRIME,3,1
0.3888888888888889,0.5,0.3333333333333333,0.8571428571428571,1.7142857142857142,1.0,0.13888888888888887,3.4999999999999987,0.6818181818181817,0.6,0.7142857142857142,0.7619047619047619,12,14,18,HIGH_FRAUD_MOTIVE + HIGH_IDENTITY_THEFT + HIGH_WOMEN_CYBERCRIME,HIGH_SEC66D_CHEATING,HIGH_FRAUD_MOTIVE + HIGH_IDENTITY_THEFT + HIGH_WOMEN_CYBERCRIME -> HIGH_SEC66D_CHEATING,3,1
0.3888888888888889,0.5,0.3333333333333333,0.8571428571428571,1.7142857142857142,1.0,0.13888888888888887,3.4999999999999987,0.6818181818181817,0.6,0.7142857142857142,0.7619047619047619,12,14,18,HIGH_FRAUD_MOTIVE + HIGH_IDENTITY_THEFT + HIGH_SEC66D_CHEATING,HIGH_CHILD_CYBERCRIME,HIGH_FRAUD_MOTIVE + HIGH_IDENTITY_THEFT + HIGH_SEC66D_CHEATING -> HIGH_CHILD_CYBERCRIME,3,1
0.3888888888888889,0.5,0.3333333333333333,0.8571428571428571,1.7142857142857142,1.0,0.13888888888888887,3.4999999999999987,0.6818181818181817,0.6,0.7142857142857142,0.7619047619047619,12,14,18,HIGH_CHILD_CYBERCRIME + HIGH_FRAUD_MOTIVE + HIGH_IDENTITY_THEFT,HIGH_SEC66D_CHEATING,HIGH_CHILD_CYBERCRIME + HIGH_FRAUD_MOTIVE + HIGH_IDENTITY_THEFT -> HIGH_SEC66D_CHEATING,3,1
0.3888888888888889,0.5,0.3333333333333333,0.8571428571428571,1.7142857142857142,1.0,0.13888888888888887,3.4999999999999987,0.6818181818181817,0.6,0.7142857142857142,0.7619047619047619,12,14,18,HIGH_EXTORTION_MOTIVE + HIGH_FRAUD_MOTIVE + HIGH_SEC66D_CHEATING,HIGH_WOMEN_CYBERCRIME,HIGH_EXTORTION_MOTIVE + HIGH_FRAUD_MOTIVE + HIGH_SEC66D_CHEATING -> HIGH_WOMEN_CYBERCRIME,3,1
0.3888888888888889,0.5,0.3333333333333333,0.8571428571428571,1.7142857142857142,1.0,0.13888888888888887,3.4999999999999987,0.6818181818181817,0.6,0.7142857142857142,0.7619047619047619,12,14,18,HIGH_EXTORTION_MOTIVE + HIGH_FRAUD_MOTIVE + HIGH_WOMEN_CYBERCRIME,HIGH_SEC66D_CHEATING,HIGH_EXTORTION_MOTIVE + HIGH_FRAUD_MOTIVE + HIGH_WOMEN_CYBERCRIME -> HIGH_SEC66D_CHEATING,3,1
0.3888888888888889,0.5,0.3333333333333333,0.8571428571428571,1.7142857142857142,1.0,0.13888888888888887,3.4999999999999987,0.6818181818181817,0.6,0.7142857142857142,0.7619047619047619,12,14,18,HIGH_EXTORTION_MOTIVE + HIGH_FRAUD_MOTIVE + HIGH_SEC66D_CHEATING,HIGH_CHILD_CYBERCRIME,HIGH_EXTORTION_MOTIVE + HIGH_FRAUD_MOTIVE + HIGH_SEC66D_CHEATING -> HIGH_CHILD_CYBERCRIME,3,1
0.3888888888888889,0.5,0.3333333333333333,0.8571428571428571,1.7142857142857142,1.0,0.13888888888888887,3.4999999999999987,0.6818181818181817,0.6,0.7142857142857142,0.7619047619047619,12,14,18,HIGH_CHILD_CYBERCRIME + HIGH_EXTORTION_MOTIVE + HIGH_FRAUD_MOTIVE,HIGH_SEC66D_CHEATING,HIGH_CHILD_CYBERCRIME + HIGH_EXTORTION_MOTIVE + HIGH_FRAUD_MOTIVE -> HIGH_SEC66D_CHEATING,3,1
0.3888888888888889,0.5,0.3333333333333333,0.8571428571428571,1.7142857142857142,1.0,0.13888888888888887,3.4999999999999987,0.6818181818181817,0.6,0.7142857142857142,0.7619047619047619,12,14,18,HIGH_FRAUD_MOTIVE + HIGH_SEXUAL_EXPLOITATION_MOTIVE + HIGH_WOMEN_CYBERCRIME,HIGH_SEC66D_CHEATING,HIGH_FRAUD_MOTIVE + HIGH_SEXUAL_EXPLOITATION_MOTIVE + HIGH_WOMEN_CYBERCRIME -> HIGH_SEC66D_CHEATING,3,1
0.3888888888888889,0.5,0.3333333333333333,0.8571428571428571,1.7142857142857142,1.0,0.13888888888888887,3.4999999999999987,0.6818181818181817,0.6,0.7142857142857142,0.7619047619047619,12,14,18,HIGH_CHILD_CYBERCRIME + HIGH_FRAUD_MOTIVE + HIGH_SEXUAL_EXPLOITATION_MOTIVE,HIGH_SEC66D_CHEATING,HIGH_CHILD_CYBERCRIME + HIGH_FRAUD_MOTIVE + HIGH_SEXUAL_EXPLOITATION_MOTIVE -> HIGH_SEC66D_CHEATING,3,1
0.3888888888888889,0.5,0.3333333333333333,0.8571428571428571,1.7142857142857142,1.0,0.13888888888888887,3.4999999999999987,0.6818181818181817,0.6,0.7142857142857142,0.7619047619047619,12,14,18,HIGH_EXTORTION_MOTIVE + HIGH_IDENTITY_THEFT + HIGH_SEC66D_CHEATING,HIGH_WOMEN_CYBERCRIME,HIGH_EXTORTION_MOTIVE + HIGH_IDENTITY_THEFT + HIGH_SEC66D_CHEATING -> HIGH_WOMEN_CYBERCRIME,3,1
0.3888888888888889,0.5,0.3333333333333333,0.8571428571428571,1.7142857142857142,1.0,0.13888888888888887,3.4999999999999987,0.6818181818181817,0.6,0.7142857142857142,0.7619047619047619,12,14,18,HIGH_EXTORTION_MOTIVE + HIGH_IDENTITY_THEFT + HIGH_SEC66D_CHEATING,HIGH_CHILD_CYBERCRIME,HIGH_EXTORTION_MOTIVE + HIGH_IDENTITY_THEFT + HIGH_SEC66D_CHEATING -> HIGH_CHILD_CYBERCRIME,3,1
0.3888888888888889,0.5,0.3333333333333333,0.8571428571428571,1.7142857142857142,1.0,0.13888888888888887,3.4999999999999987,0.6818181818181817,0.6,0.7142857142857142,0.7619047619047619,12,14,18,HIGH_EXTORTION_MOTIVE + HIGH_SEC66D_CHEATING + HIGH_SEXUAL_EXPLOITATION_MOTIVE,HIGH_WOMEN_CYBERCRIME,HIGH_EXTORTION_MOTIVE + HIGH_SEC66D_CHEATING + HIGH_SEXUAL_EXPLOITATION_MOTIVE -> HIGH_WOMEN_CYBERCRIME,3,1
0.3888888888888889,0.5,0.3333333333333333,0.8571428571428571,1.7142857142857142,1.0,0.13888888888888887,3.4999999999999987,0.6818181818181817,0.6,0.7142857142857142,0.7619047619047619,12,14,18,HIGH_EXTORTION_MOTIVE + HIGH_SEC66D_CHEATING + HIGH_SEXUAL_EXPLOITATION_MOTIVE,HIGH_CHILD_CYBERCRIME,HIGH_EXTORTION_MOTIVE + HIGH_SEC66D_CHEATING + HIGH_SEXUAL_EXPLOITATION_MOTIVE -> HIGH_CHILD_CYBERCRIME,3,1
0.3888888888888889,0.5,0.3333333333333333,0.8571428571428571,1.7142857142857142,1.0,0.13888888888888887,3.4999999999999987,0.6818181818181817,0.6,0.7142857142857142,0.7619047619047619,12,14,18,HIGH_IDENTITY_THEFT + HIGH_SEC66D_CHEATING,HIGH_WOMEN_CYBERCRIME,HIGH_IDENTITY_THEFT + HIGH_SEC66D_CHEATING -> HIGH_WOMEN_CYBERCRIME,2,1
0.3888888888888889,0.5,0.3333333333333333,0.8571428571428571,1.7142857142857142,1.0,0.13888888888888887,3.4999999999999987,0.6818181818181817,0.6,0.7142857142857142,0.7619047619047619,12,14,18,HIGH_IDENTITY_THEFT + HIGH_SEC66D_CHEATING,HIGH_CHILD_CYBERCRIME,HIGH_IDENTITY_THEFT + HIGH_SEC66D_CHEATING -> HIGH_CHILD_CYBERCRIME,2,1
0.3888888888888889,0.5,0.3333333333333333,0.8571428571428571,1.7142857142857142,1.0,0.13888888888888887,3.4999999999999987,0.6818181818181817,0.6,0.7142857142857142,0.7619047619047619,12,14,18,HIGH_SEC66D_CHEATING + HIGH_SEXUAL_EXPLOITATION_MOTIVE,HIGH_WOMEN_CYBERCRIME,HIGH_SEC66D_CHEATING + HIGH_SEXUAL_EXPLOITATION_MOTIVE -> HIGH_WOMEN_CYBERCRIME,2,1
0.3888888888888889,0.5,0.3333333333333333,0.8571428571428571,1.7142857142857142,1.0,0.13888888888888887,3.4999999999999987,0.6818181818181817,0.6,0.7142857142857142,0.7619047619047619,12,14,18,HIGH_SEC66D_CHEATING + HIGH_SEXUAL_EXPLOITATION_MOTIVE,HIGH_CHILD_CYBERCRIME,HIGH_SEC66D_CHEATING + HIGH_SEXUAL_EXPLOITATION_MOTIVE -> HIGH_CHILD_CYBERCRIME,2,1
0.3611111111111111,0.3611111111111111,0.3055555555555556,0.8461538461538463,2.3431952662721898,1.0,0.17515432098765435,4.15277777777778,0.8972332015810278,0.7333333333333335,0.759197324414716,0.8461538461538463,11,13,13,HIGH_CHILD_CYBERCRIME + HIGH_EXTORTION_MOTIVE + HIGH_FRAUD_MOTIVE + HIGH_WOMEN_CYBERCRIME,HIGH_IDENTITY_THEFT + HIGH_SEC66D_CHEATING + HIGH_SEXUAL_EXPLOITATION_MOTIVE,HIGH_CHILD_CYBERCRIME + HIGH_EXTORTION_MOTIVE + HIGH_FRAUD_MOTIVE + HIGH_WOMEN_CYBERCRIME -> HIGH_IDENTITY_THEFT + HIGH_SEC66D_CHEATING + HIGH_SEXUAL_EXPLOITATION_MOTIVE,4,3
0.3611111111111111,0.3611111111111111,0.3055555555555556,0.8461538461538463,2.3431952662721898,1.0,0.17515432098765435,4.15277777777778,0.8972332015810278,0.7333333333333335,0.759197324414716,0.8461538461538463,11,13,13,HIGH_IDENTITY_THEFT + HIGH_SEC66D_CHEATING + HIGH_SEXUAL_EXPLOITATION_MOTIVE,HIGH_CHILD_CYBERCRIME + HIGH_EXTORTION_MOTIVE + HIGH_FRAUD_MOTIVE + HIGH_WOMEN_CYBERCRIME,HIGH_IDENTITY_THEFT + HIGH_SEC66D_CHEATING + HIGH_SEXUAL_EXPLOITATION_MOTIVE -> HIGH_CHILD_CYBERCRIME + HIGH_EXTORTION_MOTIVE + HIGH_FRAUD_MOTIVE + HIGH_WOMEN_CYBERCRIME,3,4
0.3611111111111111,0.3888888888888889,0.3055555555555556,0.8461538461538463,2.175824175824176,1.0,0.16512345679012347,3.972222222222225,0.8458498023715415,0.6875000000000001,0.7482517482517483,0.815934065934066,11,13,14,HIGH_CHILD_CYBERCRIME + HIGH_EXTORTION_MOTIVE + HIGH_FRAUD_MOTIVE + HIGH_IDENTITY_THEFT + HIGH_WOMEN_CYBERCRIME,HIGH_SEC66D_CHEATING + HIGH_SEXUAL_EXPLOITATION_MOTIVE,HIGH_CHILD_CYBERCRIME + HIGH_EXTORTION_MOTIVE + HIGH_FRAUD_MOTIVE + HIGH_IDENTITY_THEFT + HIGH_WOMEN_CYBERCRIME -> HIGH_SEC66D_CHEATING + HIGH_SEXUAL_EXPLOITATION_MOTIVE,5,2
0.3611111111111111,0.3888888888888889,0.3055555555555556,0.8461538461538463,2.175824175824176,1.0,0.16512345679012347,3.972222222222225,0.8458498023715415,0.6875000000000001,0.7482517482517483,0.815934065934066,11,13,14,HIGH_CHILD_CYBERCRIME + HIGH_EXTORTION_MOTIVE + HIGH_FRAUD_MOTIVE + HIGH_SEXUAL_EXPLOITATION_MOTIVE + HIGH_WOMEN_CYBERCRIME,HIGH_IDENTITY_THEFT + HIGH_SEC66D_CHEATING,HIGH_CHILD_CYBERCRIME + HIGH_EXTORTION_MOTIVE + HIGH_FRAUD_MOTIVE + HIGH_SEXUAL_EXPLOITATION_MOTIVE + HIGH_WOMEN_CYBERCRIME -> HIGH_IDENTITY_THEFT + HIGH_SEC66D_CHEATING,5,2
0.3611111111111111,0.3888888888888889,0.3055555555555556,0.8461538461538463,2.175824175824176,1.0,0.16512345679012347,3.972222222222225,0.8458498023715415,0.6875000000000001,0.7482517482517483,0.815934065934066,11,13,14,HIGH_CHILD_CYBERCRIME + HIGH_FRAUD_MOTIVE + HIGH_IDENTITY_THEFT + HIGH_WOMEN_CYBERCRIME,HIGH_EXTORTION_MOTIVE + HIGH_SEC66D_CHEATING + HIGH_SEXUAL_EXPLOITATION_MOTIVE,HIGH_CHILD_CYBERCRIME + HIGH_FRAUD_MOTIVE + HIGH_IDENTITY_THEFT + HIGH_WOMEN_CYBERCRIME -> HIGH_EXTORTION_MOTIVE + HIGH_SEC66D_CHEATING + HIGH_SEXUAL_EXPLOITATION_MOTIVE,4,3
0.3611111111111111,0.3888888888888889,0.3055555555555556,0.8461538461538463,2.175824175824176,1.0,0.16512345679012347,3.972222222222225,0.8458498023715415,0.6875000000000001,0.7482517482517483,0.815934065934066,11,13,14,HIGH_CHILD_CYBERCRIME + HIGH_FRAUD_MOTIVE + HIGH_SEXUAL_EXPLOITATION_MOTIVE + HIGH_WOMEN_CYBERCRIME,HIGH_EXTORTION_MOTIVE + HIGH_IDENTITY_THEFT + HIGH_SEC66D_CHEATING,HIGH_CHILD_CYBERCRIME + HIGH_FRAUD_MOTIVE + HIGH_SEXUAL_EXPLOITATION_MOTIVE + HIGH_WOMEN_CYBERCRIME -> HIGH_EXTORTION_MOTIVE + HIGH_IDENTITY_THEFT + HIGH_SEC66D_CHEATING,4,3
0.3611111111111111,0.3888888888888889,0.3055555555555556,0.8461538461538463,2.175824175824176,1.0,0.16512345679012347,3.972222222222225,0.8458498023715415,0.6875000000000001,0.7482517482517483,0.815934065934066,11,13,14,HIGH_EXTORTION_MOTIVE + HIGH_IDENTITY_THEFT + HIGH_SEC66D_CHEATING + HIGH_SEXUAL_EXPLOITATION_MOTIVE,HIGH_CHILD_CYBERCRIME + HIGH_FRAUD_MOTIVE + HIGH_WOMEN_CYBERCRIME,HIGH_EXTORTION_MOTIVE + HIGH_IDENTITY_THEFT + HIGH_SEC66D_CHEATING + HIGH_SEXUAL_EXPLOITATION_MOTIVE -> HIGH_CHILD_CYBERCRIME + HIGH_FRAUD_MOTIVE + HIGH_WOMEN_CYBERCRIME,4,3
0.3611111111111111,0.3888888888888889,0.3055555555555556,0.8461538461538463,2.175824175824176,1.0,0.16512345679012347,3.972222222222225,0.8458498023715415,0.6875000000000001,0.7482517482517483,0.815934065934066,11,13,14,HIGH_FRAUD_MOTIVE + HIGH_IDENTITY_THEFT + HIGH_SEC66D_CHEATING + HIGH_SEXUAL_EXPLOITATION_MOTIVE,HIGH_CHILD_CYBERCRIME + HIGH_EXTORTION_MOTIVE + HIGH_WOMEN_CYBERCRIME,HIGH_FRAUD_MOTIVE + HIGH_IDENTITY_THEFT + HIGH_SEC66D_CHEATING + HIGH_SEXUAL_EXPLOITATION_MOTIVE -> HIGH_CHILD_CYBERCRIME + HIGH_EXTORTION_MOTIVE + HIGH_WOMEN_CYBERCRIME,4,3
0.3611111111111111,0.3888888888888889,0.3055555555555556,0.8461538461538463,2.175824175824176,1.0,0.16512345679012347,3.972222222222225,0.8458498023715415,0.6875000000000001,0.7482517482517483,0.815934065934066,11,13,14,HIGH_EXTORTION_MOTIVE + HIGH_FRAUD_MOTIVE + HIGH_SEC66D_CHEATING + HIGH_SEXUAL_EXPLOITATION_MOTIVE,HIGH_CHILD_CYBERCRIME + HIGH_IDENTITY_THEFT + HIGH_WOMEN_CYBERCRIME,HIGH_EXTORTION_MOTIVE + HIGH_FRAUD_MOTIVE + HIGH_SEC66D_CHEATING + HIGH_SEXUAL_EXPLOITATION_MOTIVE -> HIGH_CHILD_CYBERCRIME + HIGH_IDENTITY_THEFT + HIGH_WOMEN_CYBERCRIME,4,3
0.3611111111111111,0.3888888888888889,0.3055555555555556,0.8461538461538463,2.175824175824176,1.0,0.16512345679012347,3.972222222222225,0.8458498023715415,0.6875000000000001,0.7482517482517483,0.815934065934066,11,13,14,HIGH_FRAUD_MOTIVE + HIGH_SEC66D_CHEATING + HIGH_SEXUAL_EXPLOITATION_MOTIVE,HIGH_CHILD_CYBERCRIME + HIGH_EXTORTION_MOTIVE + HIGH_IDENTITY_THEFT + HIGH_WOMEN_CYBERCRIME,HIGH_FRAUD_MOTIVE + HIGH_SEC66D_CHEATING + HIGH_SEXUAL_EXPLOITATION_MOTIVE -> HIGH_CHILD_CYBERCRIME + HIGH_EXTORTION_MOTIVE + HIGH_IDENTITY_THEFT + HIGH_WOMEN_CYBERCRIME,3,4
0.3611111111111111,0.3888888888888889,0.3055555555555556,0.8461538461538463,2.175824175824176,1.0,0.16512345679012347,3.972222222222225,0.8458498023715415,0.6875000000000001,0.7482517482517483,0.815934065934066,11,13,14,HIGH_CHILD_CYBERCRIME + HIGH_EXTORTION_MOTIVE + HIGH_FRAUD_MOTIVE + HIGH_WOMEN_CYBERCRIME,HIGH_IDENTITY_THEFT + HIGH_SEC66D_CHEATING,HIGH_CHILD_CYBERCRIME + HIGH_EXTORTION_MOTIVE + HIGH_FRAUD_MOTIVE + HIGH_WOMEN_CYBERCRIME -> HIGH_IDENTITY_THEFT + HIGH_SEC66D_CHEATING,4,2
0.3611111111111111,0.3888888888888889,0.3055555555555556,0.8461538461538463,2.175824175824176,1.0,0.16512345679012347,3.972222222222225,0.8458498023715415,0.6875000000000001,0.7482517482517483,0.815934065934066,11,13,14,HIGH_CHILD_CYBERCRIME + HIGH_FRAUD_MOTIVE + HIGH_IDENTITY_THEFT + HIGH_WOMEN_CYBERCRIME,HIGH_SEC66D_CHEATING + HIGH_SEXUAL_EXPLOITATION_MOTIVE,HIGH_CHILD_CYBERCRIME + HIGH_FRAUD_MOTIVE + HIGH_IDENTITY_THEFT + HIGH_WOMEN_CYBERCRIME -> HIGH_SEC66D_CHEATING + HIGH_SEXUAL_EXPLOITATION_MOTIVE,4,2
0.3611111111111111,0.3888888888888889,0.3055555555555556,0.8461538461538463,2.175824175824176,1.0,0.16512345679012347,3.972222222222225,0.8458498023715415,0.6875000000000001,0.7482517482517483,0.815934065934066,11,13,14,HIGH_CHILD_CYBERCRIME + HIGH_FRAUD_MOTIVE + HIGH_SEXUAL_EXPLOITATION_MOTIVE + HIGH_WOMEN_CYBERCRIME,HIGH_IDENTITY_THEFT + HIGH_SEC66D_CHEATING,HIGH_CHILD_CYBERCRIME + HIGH_FRAUD_MOTIVE + HIGH_SEXUAL_EXPLOITATION_MOTIVE + HIGH_WOMEN_CYBERCRIME -> HIGH_IDENTITY_THEFT + HIGH_SEC66D_CHEATING,4,2
0.3611111111111111,0.3888888888888889,0.3055555555555556,0.8461538461538463,2.175824175824176,1.0,0.16512345679012347,3.972222222222225,0.8458498023715415,0.6875000000000001,0.7482517482517483,0.815934065934066,11,13,14,HIGH_IDENTITY_THEFT + HIGH_SEC66D_CHEATING + HIGH_SEXUAL_EXPLOITATION_MOTIVE,HIGH_CHILD_CYBERCRIME + HIGH_FRAUD_MOTIVE + HIGH_WOMEN_CYBERCRIME,HIGH_IDENTITY_THEFT + HIGH_SEC66D_CHEATING + HIGH_SEXUAL_EXPLOITATION_MOTIVE -> HIGH_CHILD_CYBERCRIME + HIGH_FRAUD_MOTIVE + HIGH_WOMEN_CYBERCRIME,3,3
0.3611111111111111,0.3888888888888889,0.3055555555555556,0.8461538461538463,2.175824175824176,1.0,0.16512345679012347,3.972222222222225,0.8458498023715415,0.6875000000000001,0.7482517482517483,0.815934065934066,11,13,14,HIGH_FRAUD_MOTIVE + HIGH_SEC66D_CHEATING + HIGH_SEXUAL_EXPLOITATION_MOTIVE,HIGH_CHILD_CYBERCRIME + HIGH_IDENTITY_THEFT + HIGH_WOMEN_CYBERCRIME,HIGH_FRAUD_MOTIVE + HIGH_SEC66D_CHEATING + HIGH_SEXUAL_EXPLOITATION_MOTIVE -> HIGH_CHILD_CYBERCRIME + HIGH_IDENTITY_THEFT + HIGH_WOMEN_CYBERCRIME,3,3
0.3611111111111111,0.3888888888888889,0.3055555555555556,0.8461538461538463,2.175824175824176,1.0,0.16512345679012347,3.972222222222225,0.8458498023715415,0.6875000000000001,0.7482517482517483,0.815934065934066,11,13,14,HIGH_CHILD_CYBERCRIME + HIGH_EXTORTION_MOTIVE + HIGH_FRAUD_MOTIVE + HIGH_WOMEN_CYBERCRIME,HIGH_SEC66D_CHEATING + HIGH_SEXUAL_EXPLOITATION_MOTIVE,HIGH_CHILD_CYBERCRIME + HIGH_EXTORTION_MOTIVE + HIGH_FRAUD_MOTIVE + HIGH_WOMEN_CYBERCRIME -> HIGH_SEC66D_CHEATING + HIGH_SEXUAL_EXPLOITATION_MOTIVE,4,2
0.3611111111111111,0.3888888888888889,0.3055555555555556,0.8461538461538463,2.175824175824176,1.0,0.16512345679012347,3.972222222222225,0.8458498023715415,0.6875000000000001,0.7482517482517483,0.815934065934066,11,13,14,HIGH_FRAUD_MOTIVE + HIGH_SEC66D_CHEATING + HIGH_SEXUAL_EXPLOITATION_MOTIVE,HIGH_CHILD_CYBERCRIME + HIGH_EXTORTION_MOTIVE + HIGH_WOMEN_CYBERCRIME,HIGH_FRAUD_MOTIVE + HIGH_SEC66D_CHEATING + HIGH_SEXUAL_EXPLOITATION_MOTIVE -> HIGH_CHILD_CYBERCRIME + HIGH_EXTORTION_MOTIVE + HIGH_WOMEN_CYBERCRIME,3,3
0.3611111111111111,0.3888888888888889,0.3055555555555556,0.8461538461538463,2.175824175824176,1.0,0.16512345679012347,3.972222222222225,0.8458498023715415,0.6875000000000001,0.7482517482517483,0.815934065934066,11,13,14,HIGH_IDENTITY_THEFT + HIGH_SEC66D_CHEATING + HIGH_SEXUAL_EXPLOITATION_MOTIVE,HIGH_CHILD_CYBERCRIME + HIGH_EXTORTION_MOTIVE + HIGH_WOMEN_CYBERCRIME,HIGH_IDENTITY_THEFT + HIGH_SEC66D_CHEATING + HIGH_SEXUAL_EXPLOITATION_MOTIVE -> HIGH_CHILD_CYBERCRIME + HIGH_EXTORTION_MOTIVE + HIGH_WOMEN_CYBERCRIME,3,3
0.3611111111111111,0.4166666666666667,0.3055555555555556,0.8461538461538463,2.030769230769231,1.0,0.15509259259259262,3.7916666666666687,0.7944664031620554,0.6470588235294118,0.7362637362637365,0.7897435897435898,11,13,15,HIGH_CHILD_CYBERCRIME + HIGH_FRAUD_MOTIVE + HIGH_IDENTITY_THEFT + HIGH_SEXUAL_EXPLOITATION_MOTIVE + HIGH_WOMEN_CYBERCRIME,HIGH_EXTORTION_MOTIVE + HIGH_SEC66D_CHEATING,HIGH_CHILD_CYBERCRIME + HIGH_FRAUD_MOTIVE + HIGH_IDENTITY_THEFT + HIGH_SEXUAL_EXPLOITATION_MOTIVE + HIGH_WOMEN_CYBERCRIME -> HIGH_EXTORTION_MOTIVE + HIGH_SEC66D_CHEATING,5,2
0.3611111111111111,0.4166666666666667,0.3055555555555556,0.8461538461538463,2.030769230769231,1.0,0.15509259259259262,3.7916666666666687,0.7944664031620554,0.6470588235294118,0.7362637362637365,0.7897435897435898,11,13,15,HIGH_CHILD_CYBERCRIME + HIGH_FRAUD_MOTIVE + HIGH_IDENTITY_THEFT + HIGH_WOMEN_CYBERCRIME,HIGH_EXTORTION_MOTIVE + HIGH_SEC66D_CHEATING,HIGH_CHILD_CYBERCRIME + HIGH_FRAUD_MOTIVE + HIGH_IDENTITY_THEFT + HIGH_WOMEN_CYBERCRIME -> HIGH_EXTORTION_MOTIVE + HIGH_SEC66D_CHEATING,4,2
0.3611111111111111,0.4166666666666667,0.3055555555555556,0.8461538461538463,2.030769230769231,1.0,0.15509259259259262,3.7916666666666687,0.7944664031620554,0.6470588235294118,0.7362637362637365,0.7897435897435898,11,13,15,HIGH_CHILD_CYBERCRIME + HIGH_FRAUD_MOTIVE + HIGH_SEXUAL_EXPLOITATION_MOTIVE + HIGH_WOMEN_CYBERCRIME,HIGH_EXTORTION_MOTIVE + HIGH_SEC66D_CHEATING,HIGH_CHILD_CYBERCRIME + HIGH_FRAUD_MOTIVE + HIGH_SEXUAL_EXPLOITATION_MOTIVE + HIGH_WOMEN_CYBERCRIME -> HIGH_EXTORTION_MOTIVE + HIGH_SEC66D_CHEATING,4,2
0.3611111111111111,0.4444444444444444,0.3055555555555556,0.8461538461538463,1.9038461538461542,1.0,0.14506172839506176,3.611111111111114,0.7430830039525693,0.6111111111111112,0.7230769230769233,0.7668269230769231,11,13,16,HIGH_EXTORTION_MOTIVE + HIGH_FRAUD_MOTIVE + HIGH_IDENTITY_THEFT + HIGH_SEC66D_CHEATING + HIGH_SEXUAL_EXPLOITATION_MOTIVE,HIGH_CHILD_CYBERCRIME + HIGH_WOMEN_CYBERCRIME,HIGH_EXTORTION_MOTIVE + HIGH_FRAUD_MOTIVE + HIGH_IDENTITY_THEFT + HIGH_SEC66D_CHEATING + HIGH_SEXUAL_EXPLOITATION_MOTIVE -> HIGH_CHILD_CYBERCRIME + HIGH_WOMEN_CYBERCRIME,5,2
0.3611111111111111,0.4444444444444444,0.3055555555555556,0.8461538461538463,1.9038461538461542,1.0,0.14506172839506176,3.611111111111114,0.7430830039525693,0.6111111111111112,0.7230769230769233,0.7668269230769231,11,13,16,HIGH_FRAUD_MOTIVE + HIGH_IDENTITY_THEFT + HIGH_SEC66D_CHEATING + HIGH_SEXUAL_EXPLOITATION_MOTIVE,HIGH_CHILD_CYBERCRIME + HIGH_WOMEN_CYBERCRIME,HIGH_FRAUD_MOTIVE + HIGH_IDENTITY_THEFT + HIGH_SEC66D_CHEATING + HIGH_SEXUAL_EXPLOITATION_MOTIVE -> HIGH_CHILD_CYBERCRIME + HIGH_WOMEN_CYBERCRIME,4,2
0.3611111111111111,0.4444444444444444,0.3055555555555556,0.8461538461538463,1.9038461538461542,1.0,0.14506172839506176,3.611111111111114,0.7430830039525693,0.6111111111111112,0.7230769230769233,0.7668269230769231,11,13,16,HIGH_EXTORTION_MOTIVE + HIGH_FRAUD_MOTIVE + HIGH_SEC66D_CHEATING + HIGH_SEXUAL_EXPLOITATION_MOTIVE,HIGH_CHILD_CYBERCRIME + HIGH_WOMEN_CYBERCRIME,HIGH_EXTORTION_MOTIVE + HIGH_FRAUD_MOTIVE + HIGH_SEC66D_CHEATING + HIGH_SEXUAL_EXPLOITATION_MOTIVE -> HIGH_CHILD_CYBERCRIME + HIGH_WOMEN_CYBERCRIME,4,2
0.3611111111111111,0.4444444444444444,0.3055555555555556,0.8461538461538463,1.9038461538461542,1.0,0.14506172839506176,3.611111111111114,0.7430830039525693,0.6111111111111112,0.7230769230769233,0.7668269230769231,11,13,16,HIGH_EXTORTION_MOTIVE + HIGH_IDENTITY_THEFT + HIGH_SEC66D_CHEATING + HIGH_SEXUAL_EXPLOITATION_MOTIVE,HIGH_CHILD_CYBERCRIME + HIGH_WOMEN_CYBERCRIME,HIGH_EXTORTION_MOTIVE + HIGH_IDENTITY_THEFT + HIGH_SEC66D_CHEATING + HIGH_SEXUAL_EXPLOITATION_MOTIVE -> HIGH_CHILD_CYBERCRIME + HIGH_WOMEN_CYBERCRIME,4,2
0.3611111111111111,0.4444444444444444,0.3055555555555556,0.8461538461538463,1.9038461538461542,1.0,0.14506172839506176,3.611111111111114,0.7430830039525693,0.6111111111111112,0.7230769230769233,0.7668269230769231,11,13,16,HIGH_FRAUD_MOTIVE + HIGH_SEC66D_CHEATING + HIGH_SEXUAL_EXPLOITATION_MOTIVE,HIGH_CHILD_CYBERCRIME + HIGH_WOMEN_CYBERCRIME,HIGH_FRAUD_MOTIVE + HIGH_SEC66D_CHEATING + HIGH_SEXUAL_EXPLOITATION_MOTIVE -> HIGH_CHILD_CYBERCRIME + HIGH_WOMEN_CYBERCRIME,3,2
0.3611111111111111,0.4444444444444444,0.3055555555555556,0.8461538461538463,1.9038461538461542,1.0,0.14506172839506176,3.611111111111114,0.7430830039525693,0.6111111111111112,0.7230769230769233,0.7668269230769231,11,13,16,HIGH_IDENTITY_THEFT + HIGH_SEC66D_CHEATING + HIGH_SEXUAL_EXPLOITATION_MOTIVE,HIGH_CHILD_CYBERCRIME + HIGH_WOMEN_CYBERCRIME,HIGH_IDENTITY_THEFT + HIGH_SEC66D_CHEATING + HIGH_SEXUAL_EXPLOITATION_MOTIVE -> HIGH_CHILD_CYBERCRIME + HIGH_WOMEN_CYBERCRIME,3,2
0.3611111111111111,0.5,0.3055555555555556,0.8461538461538463,1.6923076923076925,1.0,0.12500000000000003,3.250000000000002,0.6403162055335969,0.55,0.6923076923076925,0.7286324786324787,11,13,18,HIGH_CHILD_CYBERCRIME + HIGH_EXTORTION_MOTIVE + HIGH_FRAUD_MOTIVE + HIGH_IDENTITY_THEFT + HIGH_SEXUAL_EXPLOITATION_MOTIVE + HIGH_WOMEN_CYBERCRIME,HIGH_SEC66D_CHEATING,HIGH_CHILD_CYBERCRIME + HIGH_EXTORTION_MOTIVE + HIGH_FRAUD_MOTIVE + HIGH_IDENTITY_THEFT + HIGH_SEXUAL_EXPLOITATION_MOTIVE + HIGH_WOMEN_CYBERCRIME -> HIGH_SEC66D_CHEATING,6,1
0.3611111111111111,0.5,0.3055555555555556,0.8461538461538463,1.6923076923076925,1.0,0.12500000000000003,3.250000000000002,0.6403162055335969,0.55,0.6923076923076925,0.7286324786324787,11,13,18,HIGH_CHILD_CYBERCRIME + HIGH_EXTORTION_MOTIVE + HIGH_FRAUD_MOTIVE + HIGH_IDENTITY_THEFT + HIGH_WOMEN_CYBERCRIME,HIGH_SEC66D_CHEATING,HIGH_CHILD_CYBERCRIME + HIGH_EXTORTION_MOTIVE + HIGH_FRAUD_MOTIVE + HIGH_IDENTITY_THEFT + HIGH_WOMEN_CYBERCRIME -> HIGH_SEC66D_CHEATING,5,1
0.3611111111111111,0.5,0.3055555555555556,0.8461538461538463,1.6923076923076925,1.0,0.12500000000000003,3.250000000000002,0.6403162055335969,0.55,0.6923076923076925,0.7286324786324787,11,13,18,HIGH_CHILD_CYBERCRIME + HIGH_FRAUD_MOTIVE + HIGH_IDENTITY_THEFT + HIGH_SEXUAL_EXPLOITATION_MOTIVE + HIGH_WOMEN_CYBERCRIME,HIGH_SEC66D_CHEATING,HIGH_CHILD_CYBERCRIME + HIGH_FRAUD_MOTIVE + HIGH_IDENTITY_THEFT + HIGH_SEXUAL_EXPLOITATION_MOTIVE + HIGH_WOMEN_CYBERCRIME -> HIGH_SEC66D_CHEATING,5,1
0.3611111111111111,0.5,0.3055555555555556,0.8461538461538463,1.6923076923076925,1.0,0.12500000000000003,3.250000000000002,0.6403162055335969,0.55,0.6923076923076925,0.7286324786324787,11,13,18,HIGH_CHILD_CYBERCRIME + HIGH_EXTORTION_MOTIVE + HIGH_FRAUD_MOTIVE + HIGH_SEXUAL_EXPLOITATION_MOTIVE + HIGH_WOMEN_CYBERCRIME,HIGH_SEC66D_CHEATING,HIGH_CHILD_CYBERCRIME + HIGH_EXTORTION_MOTIVE + HIGH_FRAUD_MOTIVE + HIGH_SEXUAL_EXPLOITATION_MOTIVE + HIGH_WOMEN_CYBERCRIME -> HIGH_SEC66D_CHEATING,5,1
0.3611111111111111,0.5,0.3055555555555556,0.8461538461538463,1.6923076923076925,1.0,0.12500000000000003,3.250000000000002,0.6403162055335969,0.55,0.6923076923076925,0.7286324786324787,11,13,18,HIGH_CHILD_CYBERCRIME + HIGH_FRAUD_MOTIVE + HIGH_IDENTITY_THEFT + HIGH_WOMEN_CYBERCRIME,HIGH_SEC66D_CHEATING,HIGH_CHILD_CYBERCRIME + HIGH_FRAUD_MOTIVE + HIGH_IDENTITY_THEFT + HIGH_WOMEN_CYBERCRIME -> HIGH_SEC66D_CHEATING,4,1
0.3611111111111111,0.5,0.3055555555555556,0.8461538461538463,1.6923076923076925,1.0,0.12500000000000003,3.250000000000002,0.6403162055335969,0.55,0.6923076923076925,0.7286324786324787,11,13,18,HIGH_CHILD_CYBERCRIME + HIGH_EXTORTION_MOTIVE + HIGH_FRAUD_MOTIVE + HIGH_WOMEN_CYBERCRIME,HIGH_SEC66D_CHEATING,HIGH_CHILD_CYBERCRIME + HIGH_EXTORTION_MOTIVE + HIGH_FRAUD_MOTIVE + HIGH_WOMEN_CYBERCRIME -> HIGH_SEC66D_CHEATING,4,1
0.3611111111111111,0.5,0.3055555555555556,0.8461538461538463,1.6923076923076925,1.0,0.12500000000000003,3.250000000000002,0.6403162055335969,0.55,0.6923076923076925,0.7286324786324787,11,13,18,HIGH_CHILD_CYBERCRIME + HIGH_FRAUD_MOTIVE + HIGH_SEXUAL_EXPLOITATION_MOTIVE + HIGH_WOMEN_CYBERCRIME,HIGH_SEC66D_CHEATING,HIGH_CHILD_CYBERCRIME + HIGH_FRAUD_MOTIVE + HIGH_SEXUAL_EXPLOITATION_MOTIVE + HIGH_WOMEN_CYBERCRIME -> HIGH_SEC66D_CHEATING,4,1
0.5277777777777778,0.4444444444444444,0.4444444444444444,0.8421052631578947,1.894736842105263,1.0,0.20987654320987653,3.5185185185185177,1.0,0.8421052631578947,0.7157894736842104,0.9210526315789473,16,19,16,HIGH_IDENTITY_THEFT,HIGH_EXTORTION_MOTIVE + HIGH_FRAUD_MOTIVE,HIGH_IDENTITY_THEFT -> HIGH_EXTORTION_MOTIVE + HIGH_FRAUD_MOTIVE,1,2
0.5277777777777778,0.4722222222222222,0.4444444444444444,0.8421052631578947,1.78328173374613,1.0,0.19521604938271603,3.3425925925925917,0.9301470588235293,0.7999999999999999,0.7008310249307479,0.891640866873065,16,19,17,HIGH_IDENTITY_THEFT,HIGH_EXTORTION_MOTIVE + HIGH_SEXUAL_EXPLOITATION_MOTIVE,HIGH_IDENTITY_THEFT -> HIGH_EXTORTION_MOTIVE + HIGH_SEXUAL_EXPLOITATION_MOTIVE,1,2
0.5277777777777778,0.5,0.4444444444444444,0.8421052631578947,1.6842105263157894,1.0,0.18055555555555552,3.1666666666666656,0.8602941176470588,0.761904761904762,0.6842105263157894,0.8654970760233918,16,19,18,HIGH_IDENTITY_THEFT,HIGH_FRAUD_MOTIVE,HIGH_IDENTITY_THEFT -> HIGH_FRAUD_MOTIVE,1,1
0.5277777777777778,0.5,0.4444444444444444,0.8421052631578947,1.6842105263157894,1.0,0.18055555555555552,3.1666666666666656,0.8602941176470588,0.761904761904762,0.6842105263157894,0.8654970760233918,16,19,18,HIGH_IDENTITY_THEFT,HIGH_SEXUAL_EXPLOITATION_MOTIVE,HIGH_IDENTITY_THEFT -> HIGH_SEXUAL_EXPLOITATION_MOTIVE,1,1
0.5,0.4166666666666667,0.4166666666666667,0.8333333333333334,2.0,1.0,0.20833333333333334,3.5000000000000004,1.0,0.8333333333333334,0.7142857142857144,0.9166666666666667,15,18,15,HIGH_EXTORTION_MOTIVE,HIGH_FRAUD_MOTIVE + HIGH_IDENTITY_THEFT + HIGH_SEXUAL_EXPLOITATION_MOTIVE,HIGH_EXTORTION_MOTIVE -> HIGH_FRAUD_MOTIVE + HIGH_IDENTITY_THEFT + HIGH_SEXUAL_EXPLOITATION_MOTIVE,1,3
0.5,0.4166666666666667,0.4166666666666667,0.8333333333333334,2.0,1.0,0.20833333333333334,3.5000000000000004,1.0,0.8333333333333334,0.7142857142857144,0.9166666666666667,15,18,15,HIGH_SEXUAL_EXPLOITATION_MOTIVE,HIGH_EXTORTION_MOTIVE + HIGH_IDENTITY_THEFT + HIGH_WOMEN_CYBERCRIME,HIGH_SEXUAL_EXPLOITATION_MOTIVE -> HIGH_EXTORTION_MOTIVE + HIGH_IDENTITY_THEFT + HIGH_WOMEN_CYBERCRIME,1,3
0.5,0.4166666666666667,0.4166666666666667,0.8333333333333334,2.0,1.0,0.20833333333333334,3.5000000000000004,1.0,0.8333333333333334,0.7142857142857144,0.9166666666666667,15,18,15,HIGH_EXTORTION_MOTIVE,HIGH_IDENTITY_THEFT + HIGH_SEXUAL_EXPLOITATION_MOTIVE + HIGH_WOMEN_CYBERCRIME,HIGH_EXTORTION_MOTIVE -> HIGH_IDENTITY_THEFT + HIGH_SEXUAL_EXPLOITATION_MOTIVE + HIGH_WOMEN_CYBERCRIME,1,3
0.5,0.4166666666666667,0.4166666666666667,0.8333333333333334,2.0,1.0,0.20833333333333334,3.5000000000000004,1.0,0.8333333333333334,0.7142857142857144,0.9166666666666667,15,18,15,HIGH_SEXUAL_EXPLOITATION_MOTIVE,HIGH_CHILD_CYBERCRIME + HIGH_EXTORTION_MOTIVE + HIGH_IDENTITY_THEFT,HIGH_SEXUAL_EXPLOITATION_MOTIVE -> HIGH_CHILD_CYBERCRIME + HIGH_EXTORTION_MOTIVE + HIGH_IDENTITY_THEFT,1,3
0.5,0.4166666666666667,0.4166666666666667,0.8333333333333334,2.0,1.0,0.20833333333333334,3.5000000000000004,1.0,0.8333333333333334,0.7142857142857144,0.9166666666666667,15,18,15,HIGH_EXTORTION_MOTIVE,HIGH_CHILD_CYBERCRIME + HIGH_IDENTITY_THEFT + HIGH_SEXUAL_EXPLOITATION_MOTIVE,HIGH_EXTORTION_MOTIVE -> HIGH_CHILD_CYBERCRIME + HIGH_IDENTITY_THEFT + HIGH_SEXUAL_EXPLOITATION_MOTIVE,1,3
0.5,0.4166666666666667,0.4166666666666667,0.8333333333333334,2.0,1.0,0.20833333333333334,3.5000000000000004,1.0,0.8333333333333334,0.7142857142857144,0.9166666666666667,15,18,15,HIGH_EXTORTION_MOTIVE,HIGH_FRAUD_MOTIVE + HIGH_SEXUAL_EXPLOITATION_MOTIVE,HIGH_EXTORTION_MOTIVE -> HIGH_FRAUD_MOTIVE + HIGH_SEXUAL_EXPLOITATION_MOTIVE,1,2
0.5,0.4166666666666667,0.4166666666666667,0.8333333333333334,2.0,1.0,0.20833333333333334,3.5000000000000004,1.0,0.8333333333333334,0.7142857142857144,0.9166666666666667,15,18,15,HIGH_EXTORTION_MOTIVE,HIGH_IDENTITY_THEFT + HIGH_WOMEN_CYBERCRIME,HIGH_EXTORTION_MOTIVE -> HIGH_IDENTITY_THEFT + HIGH_WOMEN_CYBERCRIME,1,2
0.5,0.4166666666666667,0.4166666666666667,0.8333333333333334,2.0,1.0,0.20833333333333334,3.5000000000000004,1.0,0.8333333333333334,0.7142857142857144,0.9166666666666667,15,18,15,HIGH_EXTORTION_MOTIVE,HIGH_CHILD_CYBERCRIME + HIGH_IDENTITY_THEFT,HIGH_EXTORTION_MOTIVE -> HIGH_CHILD_CYBERCRIME + HIGH_IDENTITY_THEFT,1,2
0.5,0.4166666666666667,0.4166666666666667,0.8333333333333334,2.0,1.0,0.20833333333333334,3.5000000000000004,1.0,0.8333333333333334,0.7142857142857144,0.9166666666666667,15,18,15,HIGH_SEXUAL_EXPLOITATION_MOTIVE,HIGH_IDENTITY_THEFT + HIGH_WOMEN_CYBERCRIME,HIGH_SEXUAL_EXPLOITATION_MOTIVE -> HIGH_IDENTITY_THEFT + HIGH_WOMEN_CYBERCRIME,1,2
0.5,0.4166666666666667,0.4166666666666667,0.8333333333333334,2.0,1.0,0.20833333333333334,3.5000000000000004,1.0,0.8333333333333334,0.7142857142857144,0.9166666666666667,15,18,15,HIGH_SEXUAL_EXPLOITATION_MOTIVE,HIGH_CHILD_CYBERCRIME + HIGH_IDENTITY_THEFT,HIGH_SEXUAL_EXPLOITATION_MOTIVE -> HIGH_CHILD_CYBERCRIME + HIGH_IDENTITY_THEFT,1,2
0.5,0.4166666666666667,0.4166666666666667,0.8333333333333334,2.0,1.0,0.20833333333333334,3.5000000000000004,1.0,0.8333333333333334,0.7142857142857144,0.9166666666666667,15,18,15,HIGH_SEXUAL_EXPLOITATION_MOTIVE,HIGH_EXTORTION_MOTIVE + HIGH_WOMEN_CYBERCRIME,HIGH_SEXUAL_EXPLOITATION_MOTIVE -> HIGH_EXTORTION_MOTIVE + HIGH_WOMEN_CYBERCRIME,1,2
0.5,0.4166666666666667,0.4166666666666667,0.8333333333333334,2.0,1.0,0.20833333333333334,3.5000000000000004,1.0,0.8333333333333334,0.7142857142857144,0.9166666666666667,15,18,15,HIGH_SEXUAL_EXPLOITATION_MOTIVE,HIGH_CHILD_CYBERCRIME + HIGH_EXTORTION_MOTIVE,HIGH_SEXUAL_EXPLOITATION_MOTIVE -> HIGH_CHILD_CYBERCRIME + HIGH_EXTORTION_MOTIVE,1,2
0.5,0.4444444444444444,0.4166666666666667,0.8333333333333334,1.8750000000000002,1.0,0.19444444444444448,3.3333333333333344,0.9333333333333335,0.7894736842105265,0.7000000000000001,0.8854166666666667,15,18,16,HIGH_SEXUAL_EXPLOITATION_MOTIVE,HIGH_EXTORTION_MOTIVE + HIGH_FRAUD_MOTIVE + HIGH_IDENTITY_THEFT,HIGH_SEXUAL_EXPLOITATION_MOTIVE -> HIGH_EXTORTION_MOTIVE + HIGH_FRAUD_MOTIVE + HIGH_IDENTITY_THEFT,1,3
0.5,0.4444444444444444,0.4166666666666667,0.8333333333333334,1.8750000000000002,1.0,0.19444444444444448,3.3333333333333344,0.9333333333333335,0.7894736842105265,0.7000000000000001,0.8854166666666667,15,18,16,HIGH_FRAUD_MOTIVE,HIGH_EXTORTION_MOTIVE + HIGH_IDENTITY_THEFT + HIGH_SEXUAL_EXPLOITATION_MOTIVE,HIGH_FRAUD_MOTIVE -> HIGH_EXTORTION_MOTIVE + HIGH_IDENTITY_THEFT + HIGH_SEXUAL_EXPLOITATION_MOTIVE,1,3
0.5,0.4444444444444444,0.4166666666666667,0.8333333333333334,1.8750000000000002,1.0,0.19444444444444448,3.3333333333333344,0.9333333333333335,0.7894736842105265,0.7000000000000001,0.8854166666666667,15,18,16,HIGH_WOMEN_CYBERCRIME,HIGH_EXTORTION_MOTIVE + HIGH_IDENTITY_THEFT + HIGH_SEXUAL_EXPLOITATION_MOTIVE,HIGH_WOMEN_CYBERCRIME -> HIGH_EXTORTION_MOTIVE + HIGH_IDENTITY_THEFT + HIGH_SEXUAL_EXPLOITATION_MOTIVE,1,3
0.5,0.4444444444444444,0.4166666666666667,0.8333333333333334,1.8750000000000002,1.0,0.19444444444444448,3.3333333333333344,0.9333333333333335,0.7894736842105265,0.7000000000000001,0.8854166666666667,15,18,16,HIGH_CHILD_CYBERCRIME,HIGH_EXTORTION_MOTIVE + HIGH_IDENTITY_THEFT + HIGH_SEXUAL_EXPLOITATION_MOTIVE,HIGH_CHILD_CYBERCRIME -> HIGH_EXTORTION_MOTIVE + HIGH_IDENTITY_THEFT + HIGH_SEXUAL_EXPLOITATION_MOTIVE,1,3
0.5,0.4444444444444444,0.4166666666666667,0.8333333333333334,1.8750000000000002,1.0,0.19444444444444448,3.3333333333333344,0.9333333333333335,0.7894736842105265,0.7000000000000001,0.8854166666666667,15,18,16,HIGH_SEXUAL_EXPLOITATION_MOTIVE,HIGH_FRAUD_MOTIVE + HIGH_IDENTITY_THEFT,HIGH_SEXUAL_EXPLOITATION_MOTIVE -> HIGH_FRAUD_MOTIVE + HIGH_IDENTITY_THEFT,1,2
0.5,0.4444444444444444,0.4166666666666667,0.8333333333333334,1.8750000000000002,1.0,0.19444444444444448,3.3333333333333344,0.9333333333333335,0.7894736842105265,0.7000000000000001,0.8854166666666667,15,18,16,HIGH_FRAUD_MOTIVE,HIGH_IDENTITY_THEFT + HIGH_SEXUAL_EXPLOITATION_MOTIVE,HIGH_FRAUD_MOTIVE -> HIGH_IDENTITY_THEFT + HIGH_SEXUAL_EXPLOITATION_MOTIVE,1,2
0.5,0.4444444444444444,0.4166666666666667,0.8333333333333334,1.8750000000000002,1.0,0.19444444444444448,3.3333333333333344,0.9333333333333335,0.7894736842105265,0.7000000000000001,0.8854166666666667,15,18,16,HIGH_SEXUAL_EXPLOITATION_MOTIVE,HIGH_EXTORTION_MOTIVE + HIGH_FRAUD_MOTIVE,HIGH_SEXUAL_EXPLOITATION_MOTIVE -> HIGH_EXTORTION_MOTIVE + HIGH_FRAUD_MOTIVE,1,2
0.5,0.4444444444444444,0.4166666666666667,0.8333333333333334,1.8750000000000002,1.0,0.19444444444444448,3.3333333333333344,0.9333333333333335,0.7894736842105265,0.7000000000000001,0.8854166666666667,15,18,16,HIGH_WOMEN_CYBERCRIME,HIGH_IDENTITY_THEFT + HIGH_SEXUAL_EXPLOITATION_MOTIVE,HIGH_WOMEN_CYBERCRIME -> HIGH_IDENTITY_THEFT + HIGH_SEXUAL_EXPLOITATION_MOTIVE,1,2
0.5,0.4444444444444444,0.4166666666666667,0.8333333333333334,1.8750000000000002,1.0,0.19444444444444448,3.3333333333333344,0.9333333333333335,0.7894736842105265,0.7000000000000001,0.8854166666666667,15,18,16,HIGH_CHILD_CYBERCRIME,HIGH_IDENTITY_THEFT + HIGH_SEXUAL_EXPLOITATION_MOTIVE,HIGH_CHILD_CYBERCRIME -> HIGH_IDENTITY_THEFT + HIGH_SEXUAL_EXPLOITATION_MOTIVE,1,2
0.5,0.4444444444444444,0.4166666666666667,0.8333333333333334,1.8750000000000002,1.0,0.19444444444444448,3.3333333333333344,0.9333333333333335,0.7894736842105265,0.7000000000000001,0.8854166666666667,15,18,16,HIGH_EXTORTION_MOTIVE,HIGH_SEXUAL_EXPLOITATION_MOTIVE + HIGH_WOMEN_CYBERCRIME,HIGH_EXTORTION_MOTIVE -> HIGH_SEXUAL_EXPLOITATION_MOTIVE + HIGH_WOMEN_CYBERCRIME,1,2
0.5,0.4444444444444444,0.4166666666666667,0.8333333333333334,1.8750000000000002,1.0,0.19444444444444448,3.3333333333333344,0.9333333333333335,0.7894736842105265,0.7000000000000001,0.8854166666666667,15,18,16,HIGH_EXTORTION_MOTIVE,HIGH_CHILD_CYBERCRIME + HIGH_SEXUAL_EXPLOITATION_MOTIVE,HIGH_EXTORTION_MOTIVE -> HIGH_CHILD_CYBERCRIME + HIGH_SEXUAL_EXPLOITATION_MOTIVE,1,2
0.5,0.4444444444444444,0.4166666666666667,0.8333333333333334,1.8750000000000002,1.0,0.19444444444444448,3.3333333333333344,0.9333333333333335,0.7894736842105265,0.7000000000000001,0.8854166666666667,15,18,16,HIGH_CHILD_CYBERCRIME,HIGH_SEXUAL_EXPLOITATION_MOTIVE + HIGH_WOMEN_CYBERCRIME,HIGH_CHILD_CYBERCRIME -> HIGH_SEXUAL_EXPLOITATION_MOTIVE + HIGH_WOMEN_CYBERCRIME,1,2
0.5,0.4444444444444444,0.4166666666666667,0.8333333333333334,1.8750000000000002,1.0,0.19444444444444448,3.3333333333333344,0.9333333333333335,0.7894736842105265,0.7000000000000001,0.8854166666666667,15,18,16,HIGH_WOMEN_CYBERCRIME,HIGH_CHILD_CYBERCRIME + HIGH_SEXUAL_EXPLOITATION_MOTIVE,HIGH_WOMEN_CYBERCRIME -> HIGH_CHILD_CYBERCRIME + HIGH_SEXUAL_EXPLOITATION_MOTIVE,1,2
0.5,0.4444444444444444,0.4166666666666667,0.8333333333333334,1.8750000000000002,1.0,0.19444444444444448,3.3333333333333344,0.9333333333333335,0.7894736842105265,0.7000000000000001,0.8854166666666667,15,18,16,HIGH_SEXUAL_EXPLOITATION_MOTIVE,HIGH_CHILD_CYBERCRIME + HIGH_WOMEN_CYBERCRIME,HIGH_SEXUAL_EXPLOITATION_MOTIVE -> HIGH_CHILD_CYBERCRIME + HIGH_WOMEN_CYBERCRIME,1,2
0.5,0.4722222222222222,0.4166666666666667,0.8333333333333334,1.7647058823529413,1.0,0.18055555555555558,3.1666666666666674,0.8666666666666667,0.75,0.6842105263157896,0.857843137254902,15,18,17,HIGH_FRAUD_MOTIVE,HIGH_EXTORTION_MOTIVE + HIGH_SEXUAL_EXPLOITATION_MOTIVE,HIGH_FRAUD_MOTIVE -> HIGH_EXTORTION_MOTIVE + HIGH_SEXUAL_EXPLOITATION_MOTIVE,1,2
0.5,0.4722222222222222,0.4166666666666667,0.8333333333333334,1.7647058823529413,1.0,0.18055555555555558,3.1666666666666674,0.8666666666666667,0.75,0.6842105263157896,0.857843137254902,15,18,17,HIGH_WOMEN_CYBERCRIME,HIGH_EXTORTION_MOTIVE + HIGH_IDENTITY_THEFT,HIGH_WOMEN_CYBERCRIME -> HIGH_EXTORTION_MOTIVE + HIGH_IDENTITY_THEFT,1,2
0.5,0.4722222222222222,0.4166666666666667,0.8333333333333334,1.7647058823529413,1.0,0.18055555555555558,3.1666666666666674,0.8666666666666667,0.75,0.6842105263157896,0.857843137254902,15,18,17,HIGH_CHILD_CYBERCRIME,HIGH_EXTORTION_MOTIVE + HIGH_IDENTITY_THEFT,HIGH_CHILD_CYBERCRIME -> HIGH_EXTORTION_MOTIVE + HIGH_IDENTITY_THEFT,1,2
0.5,0.4722222222222222,0.4166666666666667,0.8333333333333334,1.7647058823529413,1.0,0.18055555555555558,3.1666666666666674,0.8666666666666667,0.75,0.6842105263157896,0.857843137254902,15,18,17,HIGH_WOMEN_CYBERCRIME,HIGH_EXTORTION_MOTIVE + HIGH_SEXUAL_EXPLOITATION_MOTIVE,HIGH_WOMEN_CYBERCRIME -> HIGH_EXTORTION_MOTIVE + HIGH_SEXUAL_EXPLOITATION_MOTIVE,1,2
0.5,0.4722222222222222,0.4166666666666667,0.8333333333333334,1.7647058823529413,1.0,0.18055555555555558,3.1666666666666674,0.8666666666666667,0.75,0.6842105263157896,0.857843137254902,15,18,17,HIGH_CHILD_CYBERCRIME,HIGH_EXTORTION_MOTIVE + HIGH_SEXUAL_EXPLOITATION_MOTIVE,HIGH_CHILD_CYBERCRIME -> HIGH_EXTORTION_MOTIVE + HIGH_SEXUAL_EXPLOITATION_MOTIVE,1,2
0.5,0.5,0.4166666666666667,0.8333333333333334,1.6666666666666667,1.0,0.16666666666666669,3.000000000000001,0.8,0.7142857142857144,0.6666666666666667,0.8333333333333334,15,18,18,HIGH_SEC66D_CHEATING,HIGH_FRAUD_MOTIVE,HIGH_SEC66D_CHEATING -> HIGH_FRAUD_MOTIVE,1,1
0.5,0.5,0.4166666666666667,0.8333333333333334,1.6666666666666667,1.0,0.16666666666666669,3.000000000000001,0.8,0.7142857142857144,0.6666666666666667,0.8333333333333334,15,18,18,HIGH_FRAUD_MOTIVE,HIGH_SEC66D_CHEATING,HIGH_FRAUD_MOTIVE -> HIGH_SEC66D_CHEATING,1,1
0.5,0.5,0.4166666666666667,0.8333333333333334,1.6666666666666667,1.0,0.16666666666666669,3.000000000000001,0.8,0.7142857142857144,0.6666666666666667,0.8333333333333334,15,18,18,HIGH_SEXUAL_EXPLOITATION_MOTIVE,HIGH_FRAUD_MOTIVE,HIGH_SEXUAL_EXPLOITATION_MOTIVE -> HIGH_FRAUD_MOTIVE,1,1
0.5,0.5,0.4166666666666667,0.8333333333333334,1.6666666666666667,1.0,0.16666666666666669,3.000000000000001,0.8,0.7142857142857144,0.6666666666666667,0.8333333333333334,15,18,18,HIGH_FRAUD_MOTIVE,HIGH_SEXUAL_EXPLOITATION_MOTIVE,HIGH_FRAUD_MOTIVE -> HIGH_SEXUAL_EXPLOITATION_MOTIVE,1,1
0.5,0.5,0.4166666666666667,0.8333333333333334,1.6666666666666667,1.0,0.16666666666666669,3.000000000000001,0.8,0.7142857142857144,0.6666666666666667,0.8333333333333334,15,18,18,HIGH_WOMEN_CYBERCRIME,HIGH_FRAUD_MOTIVE,HIGH_WOMEN_CYBERCRIME -> HIGH_FRAUD_MOTIVE,1,1
0.5,0.5,0.4166666666666667,0.8333333333333334,1.6666666666666667,1.0,0.16666666666666669,3.000000000000001,0.8,0.7142857142857144,0.6666666666666667,0.8333333333333334,15,18,18,HIGH_FRAUD_MOTIVE,HIGH_WOMEN_CYBERCRIME,HIGH_FRAUD_MOTIVE -> HIGH_WOMEN_CYBERCRIME,1,1
0.5,0.5,0.4166666666666667,0.8333333333333334,1.6666666666666667,1.0,0.16666666666666669,3.000000000000001,0.8,0.7142857142857144,0.6666666666666667,0.8333333333333334,15,18,18,HIGH_CHILD_CYBERCRIME,HIGH_FRAUD_MOTIVE,HIGH_CHILD_CYBERCRIME -> HIGH_FRAUD_MOTIVE,1,1
0.5,0.5,0.4166666666666667,0.8333333333333334,1.6666666666666667,1.0,0.16666666666666669,3.000000000000001,0.8,0.7142857142857144,0.6666666666666667,0.8333333333333334,15,18,18,HIGH_FRAUD_MOTIVE,HIGH_CHILD_CYBERCRIME,HIGH_FRAUD_MOTIVE -> HIGH_CHILD_CYBERCRIME,1,1
0.5,0.5,0.4166666666666667,0.8333333333333334,1.6666666666666667,1.0,0.16666666666666669,3.000000000000001,0.8,0.7142857142857144,0.6666666666666667,0.8333333333333334,15,18,18,HIGH_SEC66D_CHEATING,HIGH_EXTORTION_MOTIVE,HIGH_SEC66D_CHEATING -> HIGH_EXTORTION_MOTIVE,1,1
0.5,0.5,0.4166666666666667,0.8333333333333334,1.6666666666666667,1.0,0.16666666666666669,3.000000000000001,0.8,0.7142857142857144,0.6666666666666667,0.8333333333333334,15,18,18,HIGH_EXTORTION_MOTIVE,HIGH_SEC66D_CHEATING,HIGH_EXTORTION_MOTIVE -> HIGH_SEC66D_CHEATING,1,1
0.5,0.5,0.4166666666666667,0.8333333333333334,1.6666666666666667,1.0,0.16666666666666669,3.000000000000001,0.8,0.7142857142857144,0.6666666666666667,0.8333333333333334,15,18,18,HIGH_WOMEN_CYBERCRIME,HIGH_EXTORTION_MOTIVE,HIGH_WOMEN_CYBERCRIME -> HIGH_EXTORTION_MOTIVE,1,1
0.5,0.5,0.4166666666666667,0.8333333333333334,1.6666666666666667,1.0,0.16666666666666669,3.000000000000001,0.8,0.7142857142857144,0.6666666666666667,0.8333333333333334,15,18,18,HIGH_EXTORTION_MOTIVE,HIGH_WOMEN_CYBERCRIME,HIGH_EXTORTION_MOTIVE -> HIGH_WOMEN_CYBERCRIME,1,1
0.5,0.5,0.4166666666666667,0.8333333333333334,1.6666666666666667,1.0,0.16666666666666669,3.000000000000001,0.8,0.7142857142857144,0.6666666666666667,0.8333333333333334,15,18,18,HIGH_CHILD_CYBERCRIME,HIGH_EXTORTION_MOTIVE,HIGH_CHILD_CYBERCRIME -> HIGH_EXTORTION_MOTIVE,1,1
0.5,0.5,0.4166666666666667,0.8333333333333334,1.6666666666666667,1.0,0.16666666666666669,3.000000000000001,0.8,0.7142857142857144,0.6666666666666667,0.8333333333333334,15,18,18,HIGH_EXTORTION_MOTIVE,HIGH_CHILD_CYBERCRIME,HIGH_EXTORTION_MOTIVE -> HIGH_CHILD_CYBERCRIME,1,1
0.5,0.5277777777777778,0.4166666666666667,0.8333333333333334,1.5789473684210527,1.0,0.1527777777777778,2.833333333333334,0.7333333333333334,0.681818181818182,0.6470588235294118,0.8114035087719298,15,18,19,HIGH_WOMEN_CYBERCRIME,HIGH_IDENTITY_THEFT,HIGH_WOMEN_CYBERCRIME -> HIGH_IDENTITY_THEFT,1,1
0.5,0.5277777777777778,0.4166666666666667,0.8333333333333334,1.5789473684210527,1.0,0.1527777777777778,2.833333333333334,0.7333333333333334,0.681818181818182,0.6470588235294118,0.8114035087719298,15,18,19,HIGH_CHILD_CYBERCRIME,HIGH_IDENTITY_THEFT,HIGH_CHILD_CYBERCRIME -> HIGH_IDENTITY_THEFT,1,1
0.4722222222222222,0.3888888888888889,0.3888888888888889,0.823529411764706,2.1176470588235294,1.0,0.2052469135802469,3.4629629629629646,1.0,0.8235294117647058,0.7112299465240642,0.911764705882353,14,17,14,HIGH_EXTORTION_MOTIVE + HIGH_IDENTITY_THEFT,HIGH_FRAUD_MOTIVE + HIGH_SEXUAL_EXPLOITATION_MOTIVE + HIGH_WOMEN_CYBERCRIME,HIGH_EXTORTION_MOTIVE + HIGH_IDENTITY_THEFT -> HIGH_FRAUD_MOTIVE + HIGH_SEXUAL_EXPLOITATION_MOTIVE + HIGH_WOMEN_CYBERCRIME,2,3
0.4722222222222222,0.3888888888888889,0.3888888888888889,0.823529411764706,2.1176470588235294,1.0,0.2052469135802469,3.4629629629629646,1.0,0.8235294117647058,0.7112299465240642,0.911764705882353,14,17,14,HIGH_EXTORTION_MOTIVE + HIGH_SEXUAL_EXPLOITATION_MOTIVE,HIGH_FRAUD_MOTIVE + HIGH_IDENTITY_THEFT + HIGH_WOMEN_CYBERCRIME,HIGH_EXTORTION_MOTIVE + HIGH_SEXUAL_EXPLOITATION_MOTIVE -> HIGH_FRAUD_MOTIVE + HIGH_IDENTITY_THEFT + HIGH_WOMEN_CYBERCRIME,2,3
0.4722222222222222,0.3888888888888889,0.3888888888888889,0.823529411764706,2.1176470588235294,1.0,0.2052469135802469,3.4629629629629646,1.0,0.8235294117647058,0.7112299465240642,0.911764705882353,14,17,14,HIGH_EXTORTION_MOTIVE + HIGH_IDENTITY_THEFT,HIGH_CHILD_CYBERCRIME + HIGH_FRAUD_MOTIVE + HIGH_SEXUAL_EXPLOITATION_MOTIVE,HIGH_EXTORTION_MOTIVE + HIGH_IDENTITY_THEFT -> HIGH_CHILD_CYBERCRIME + HIGH_FRAUD_MOTIVE + HIGH_SEXUAL_EXPLOITATION_MOTIVE,2,3
0.4722222222222222,0.3888888888888889,0.3888888888888889,0.823529411764706,2.1176470588235294,1.0,0.2052469135802469,3.4629629629629646,1.0,0.8235294117647058,0.7112299465240642,0.911764705882353,14,17,14,HIGH_EXTORTION_MOTIVE + HIGH_SEXUAL_EXPLOITATION_MOTIVE,HIGH_CHILD_CYBERCRIME + HIGH_FRAUD_MOTIVE + HIGH_IDENTITY_THEFT,HIGH_EXTORTION_MOTIVE + HIGH_SEXUAL_EXPLOITATION_MOTIVE -> HIGH_CHILD_CYBERCRIME + HIGH_FRAUD_MOTIVE + HIGH_IDENTITY_THEFT,2,3
0.4722222222222222,0.3888888888888889,0.3888888888888889,0.823529411764706,2.1176470588235294,1.0,0.2052469135802469,3.4629629629629646,1.0,0.8235294117647058,0.7112299465240642,0.911764705882353,14,17,14,HIGH_EXTORTION_MOTIVE + HIGH_SEXUAL_EXPLOITATION_MOTIVE,HIGH_CHILD_CYBERCRIME + HIGH_IDENTITY_THEFT + HIGH_WOMEN_CYBERCRIME,HIGH_EXTORTION_MOTIVE + HIGH_SEXUAL_EXPLOITATION_MOTIVE -> HIGH_CHILD_CYBERCRIME + HIGH_IDENTITY_THEFT + HIGH_WOMEN_CYBERCRIME,2,3
0.4722222222222222,0.4166666666666667,0.3888888888888889,0.823529411764706,1.9764705882352942,1.0,0.19212962962962962,3.3055555555555567,0.9360902255639098,0.7777777777777779,0.6974789915966388,0.8784313725490196,14,17,15,HIGH_EXTORTION_MOTIVE + HIGH_IDENTITY_THEFT,HIGH_CHILD_CYBERCRIME + HIGH_SEXUAL_EXPLOITATION_MOTIVE + HIGH_WOMEN_CYBERCRIME,HIGH_EXTORTION_MOTIVE + HIGH_IDENTITY_THEFT -> HIGH_CHILD_CYBERCRIME + HIGH_SEXUAL_EXPLOITATION_MOTIVE + HIGH_WOMEN_CYBERCRIME,2,3
0.4722222222222222,0.4166666666666667,0.3888888888888889,0.823529411764706,1.9764705882352942,1.0,0.19212962962962962,3.3055555555555567,0.9360902255639098,0.7777777777777779,0.6974789915966388,0.8784313725490196,14,17,15,HIGH_EXTORTION_MOTIVE + HIGH_IDENTITY_THEFT,HIGH_FRAUD_MOTIVE + HIGH_SEC66D_CHEATING,HIGH_EXTORTION_MOTIVE + HIGH_IDENTITY_THEFT -> HIGH_FRAUD_MOTIVE + HIGH_SEC66D_CHEATING,2,2
0.4722222222222222,0.4166666666666667,0.3888888888888889,0.823529411764706,1.9764705882352942,1.0,0.19212962962962962,3.3055555555555567,0.9360902255639098,0.7777777777777779,0.6974789915966388,0.8784313725490196,14,17,15,HIGH_EXTORTION_MOTIVE + HIGH_IDENTITY_THEFT,HIGH_FRAUD_MOTIVE + HIGH_WOMEN_CYBERCRIME,HIGH_EXTORTION_MOTIVE + HIGH_IDENTITY_THEFT -> HIGH_FRAUD_MOTIVE + HIGH_WOMEN_CYBERCRIME,2,2
0.4722222222222222,0.4166666666666667,0.3888888888888889,0.823529411764706,1.9764705882352942,1.0,0.19212962962962962,3.3055555555555567,0.9360902255639098,0.7777777777777779,0.6974789915966388,0.8784313725490196,14,17,15,HIGH_EXTORTION_MOTIVE + HIGH_IDENTITY_THEFT,HIGH_CHILD_CYBERCRIME + HIGH_FRAUD_MOTIVE,HIGH_EXTORTION_MOTIVE + HIGH_IDENTITY_THEFT -> HIGH_CHILD_CYBERCRIME + HIGH_FRAUD_MOTIVE,2,2
0.4722222222222222,0.4166666666666667,0.3888888888888889,0.823529411764706,1.9764705882352942,1.0,0.19212962962962962,3.3055555555555567,0.9360902255639098,0.7777777777777779,0.6974789915966388,0.8784313725490196,14,17,15,HIGH_EXTORTION_MOTIVE + HIGH_SEXUAL_EXPLOITATION_MOTIVE,HIGH_FRAUD_MOTIVE + HIGH_WOMEN_CYBERCRIME,HIGH_EXTORTION_MOTIVE + HIGH_SEXUAL_EXPLOITATION_MOTIVE -> HIGH_FRAUD_MOTIVE + HIGH_WOMEN_CYBERCRIME,2,2
0.4722222222222222,0.4166666666666667,0.3888888888888889,0.823529411764706,1.9764705882352942,1.0,0.19212962962962962,3.3055555555555567,0.9360902255639098,0.7777777777777779,0.6974789915966388,0.8784313725490196,14,17,15,HIGH_EXTORTION_MOTIVE + HIGH_SEXUAL_EXPLOITATION_MOTIVE,HIGH_CHILD_CYBERCRIME + HIGH_FRAUD_MOTIVE,HIGH_EXTORTION_MOTIVE + HIGH_SEXUAL_EXPLOITATION_MOTIVE -> HIGH_CHILD_CYBERCRIME + HIGH_FRAUD_MOTIVE,2,2
0.4722222222222222,0.4444444444444444,0.3888888888888889,0.823529411764706,1.8529411764705885,1.0,0.17901234567901236,3.1481481481481497,0.8721804511278196,0.7368421052631581,0.6823529411764707,0.849264705882353,14,17,16,HIGH_EXTORTION_MOTIVE + HIGH_IDENTITY_THEFT,HIGH_CHILD_CYBERCRIME + HIGH_WOMEN_CYBERCRIME,HIGH_EXTORTION_MOTIVE + HIGH_IDENTITY_THEFT -> HIGH_CHILD_CYBERCRIME + HIGH_WOMEN_CYBERCRIME,2,2
0.4722222222222222,0.4444444444444444,0.3888888888888889,0.823529411764706,1.8529411764705885,1.0,0.17901234567901236,3.1481481481481497,0.8721804511278196,0.7368421052631581,0.6823529411764707,0.849264705882353,14,17,16,HIGH_EXTORTION_MOTIVE + HIGH_SEXUAL_EXPLOITATION_MOTIVE,HIGH_CHILD_CYBERCRIME + HIGH_WOMEN_CYBERCRIME,HIGH_EXTORTION_MOTIVE + HIGH_SEXUAL_EXPLOITATION_MOTIVE -> HIGH_CHILD_CYBERCRIME + HIGH_WOMEN_CYBERCRIME,2,2
0.4722222222222222,0.5,0.3888888888888889,0.823529411764706,1.647058823529412,1.0,0.1527777777777778,2.8333333333333344,0.7443609022556392,0.6666666666666667,0.6470588235294119,0.8006535947712419,14,17,18,HIGH_EXTORTION_MOTIVE + HIGH_IDENTITY_THEFT,HIGH_SEC66D_CHEATING,HIGH_EXTORTION_MOTIVE + HIGH_IDENTITY_THEFT -> HIGH_SEC66D_CHEATING,2,1
0.4722222222222222,0.5,0.3888888888888889,0.823529411764706,1.647058823529412,1.0,0.1527777777777778,2.8333333333333344,0.7443609022556392,0.6666666666666667,0.6470588235294119,0.8006535947712419,14,17,18,HIGH_EXTORTION_MOTIVE + HIGH_SEXUAL_EXPLOITATION_MOTIVE,HIGH_SEC66D_CHEATING,HIGH_EXTORTION_MOTIVE + HIGH_SEXUAL_EXPLOITATION_MOTIVE -> HIGH_SEC66D_CHEATING,2,1
0.4444444444444444,0.3611111111111111,0.3611111111111111,0.8125,2.25,1.0,0.2006172839506173,3.407407407407407,1.0,0.8124999999999999,0.7065217391304348,0.90625,13,16,13,HIGH_IDENTITY_THEFT + HIGH_SEXUAL_EXPLOITATION_MOTIVE,HIGH_CHILD_CYBERCRIME + HIGH_EXTORTION_MOTIVE + HIGH_FRAUD_MOTIVE + HIGH_WOMEN_CYBERCRIME,HIGH_IDENTITY_THEFT + HIGH_SEXUAL_EXPLOITATION_MOTIVE -> HIGH_CHILD_CYBERCRIME + HIGH_EXTORTION_MOTIVE + HIGH_FRAUD_MOTIVE + HIGH_WOMEN_CYBERCRIME,2,4
0.4444444444444444,0.3611111111111111,0.3611111111111111,0.8125,2.25,1.0,0.2006172839506173,3.407407407407407,1.0,0.8124999999999999,0.7065217391304348,0.90625,13,16,13,HIGH_EXTORTION_MOTIVE + HIGH_FRAUD_MOTIVE,HIGH_IDENTITY_THEFT + HIGH_SEC66D_CHEATING + HIGH_SEXUAL_EXPLOITATION_MOTIVE,HIGH_EXTORTION_MOTIVE + HIGH_FRAUD_MOTIVE -> HIGH_IDENTITY_THEFT + HIGH_SEC66D_CHEATING + HIGH_SEXUAL_EXPLOITATION_MOTIVE,2,3
0.4444444444444444,0.3888888888888889,0.3611111111111111,0.8125,2.0892857142857144,1.0,0.1882716049382716,3.2592592592592595,0.9384615384615385,0.7647058823529412,0.6931818181818181,0.8705357142857142,13,16,14,HIGH_EXTORTION_MOTIVE + HIGH_IDENTITY_THEFT + HIGH_SEXUAL_EXPLOITATION_MOTIVE,HIGH_CHILD_CYBERCRIME + HIGH_FRAUD_MOTIVE + HIGH_WOMEN_CYBERCRIME,HIGH_EXTORTION_MOTIVE + HIGH_IDENTITY_THEFT + HIGH_SEXUAL_EXPLOITATION_MOTIVE -> HIGH_CHILD_CYBERCRIME + HIGH_FRAUD_MOTIVE + HIGH_WOMEN_CYBERCRIME,3,3
0.4444444444444444,0.3888888888888889,0.3611111111111111,0.8125,2.0892857142857144,1.0,0.1882716049382716,3.2592592592592595,0.9384615384615385,0.7647058823529412,0.6931818181818181,0.8705357142857142,13,16,14,HIGH_CHILD_CYBERCRIME + HIGH_SEXUAL_EXPLOITATION_MOTIVE,HIGH_EXTORTION_MOTIVE + HIGH_FRAUD_MOTIVE + HIGH_IDENTITY_THEFT + HIGH_WOMEN_CYBERCRIME,HIGH_CHILD_CYBERCRIME + HIGH_SEXUAL_EXPLOITATION_MOTIVE -> HIGH_EXTORTION_MOTIVE + HIGH_FRAUD_MOTIVE + HIGH_IDENTITY_THEFT + HIGH_WOMEN_CYBERCRIME,2,4
0.4444444444444444,0.3888888888888889,0.3611111111111111,0.8125,2.0892857142857144,1.0,0.1882716049382716,3.2592592592592595,0.9384615384615385,0.7647058823529412,0.6931818181818181,0.8705357142857142,13,16,14,HIGH_FRAUD_MOTIVE + HIGH_IDENTITY_THEFT,HIGH_CHILD_CYBERCRIME + HIGH_EXTORTION_MOTIVE + HIGH_SEXUAL_EXPLOITATION_MOTIVE + HIGH_WOMEN_CYBERCRIME,HIGH_FRAUD_MOTIVE + HIGH_IDENTITY_THEFT -> HIGH_CHILD_CYBERCRIME + HIGH_EXTORTION_MOTIVE + HIGH_SEXUAL_EXPLOITATION_MOTIVE + HIGH_WOMEN_CYBERCRIME,2,4
0.4444444444444444,0.3888888888888889,0.3611111111111111,0.8125,2.0892857142857144,1.0,0.1882716049382716,3.2592592592592595,0.9384615384615385,0.7647058823529412,0.6931818181818181,0.8705357142857142,13,16,14,HIGH_EXTORTION_MOTIVE + HIGH_FRAUD_MOTIVE,HIGH_CHILD_CYBERCRIME + HIGH_IDENTITY_THEFT + HIGH_SEXUAL_EXPLOITATION_MOTIVE + HIGH_WOMEN_CYBERCRIME,HIGH_EXTORTION_MOTIVE + HIGH_FRAUD_MOTIVE -> HIGH_CHILD_CYBERCRIME + HIGH_IDENTITY_THEFT + HIGH_SEXUAL_EXPLOITATION_MOTIVE + HIGH_WOMEN_CYBERCRIME,2,4
0.4444444444444444,0.3888888888888889,0.3611111111111111,0.8125,2.0892857142857144,1.0,0.1882716049382716,3.2592592592592595,0.9384615384615385,0.7647058823529412,0.6931818181818181,0.8705357142857142,13,16,14,HIGH_SEXUAL_EXPLOITATION_MOTIVE + HIGH_WOMEN_CYBERCRIME,HIGH_CHILD_CYBERCRIME + HIGH_EXTORTION_MOTIVE + HIGH_FRAUD_MOTIVE + HIGH_IDENTITY_THEFT,HIGH_SEXUAL_EXPLOITATION_MOTIVE + HIGH_WOMEN_CYBERCRIME -> HIGH_CHILD_CYBERCRIME + HIGH_EXTORTION_MOTIVE + HIGH_FRAUD_MOTIVE + HIGH_IDENTITY_THEFT,2,4
0.4444444444444444,0.3888888888888889,0.3611111111111111,0.8125,2.0892857142857144,1.0,0.1882716049382716,3.2592592592592595,0.9384615384615385,0.7647058823529412,0.6931818181818181,0.8705357142857142,13,16,14,HIGH_EXTORTION_MOTIVE + HIGH_FRAUD_MOTIVE + HIGH_IDENTITY_THEFT,HIGH_SEC66D_CHEATING + HIGH_SEXUAL_EXPLOITATION_MOTIVE,HIGH_EXTORTION_MOTIVE + HIGH_FRAUD_MOTIVE + HIGH_IDENTITY_THEFT -> HIGH_SEC66D_CHEATING + HIGH_SEXUAL_EXPLOITATION_MOTIVE,3,2
0.4444444444444444,0.3888888888888889,0.3611111111111111,0.8125,2.0892857142857144,1.0,0.1882716049382716,3.2592592592592595,0.9384615384615385,0.7647058823529412,0.6931818181818181,0.8705357142857142,13,16,14,HIGH_FRAUD_MOTIVE + HIGH_IDENTITY_THEFT,HIGH_EXTORTION_MOTIVE + HIGH_SEC66D_CHEATING + HIGH_SEXUAL_EXPLOITATION_MOTIVE,HIGH_FRAUD_MOTIVE + HIGH_IDENTITY_THEFT -> HIGH_EXTORTION_MOTIVE + HIGH_SEC66D_CHEATING + HIGH_SEXUAL_EXPLOITATION_MOTIVE,2,3
0.4444444444444444,0.3888888888888889,0.3611111111111111,0.8125,2.0892857142857144,1.0,0.1882716049382716,3.2592592592592595,0.9384615384615385,0.7647058823529412,0.6931818181818181,0.8705357142857142,13,16,14,HIGH_IDENTITY_THEFT + HIGH_SEXUAL_EXPLOITATION_MOTIVE,HIGH_EXTORTION_MOTIVE + HIGH_FRAUD_MOTIVE + HIGH_SEC66D_CHEATING,HIGH_IDENTITY_THEFT + HIGH_SEXUAL_EXPLOITATION_MOTIVE -> HIGH_EXTORTION_MOTIVE + HIGH_FRAUD_MOTIVE + HIGH_SEC66D_CHEATING,2,3
0.4444444444444444,0.3888888888888889,0.3611111111111111,0.8125,2.0892857142857144,1.0,0.1882716049382716,3.2592592592592595,0.9384615384615385,0.7647058823529412,0.6931818181818181,0.8705357142857142,13,16,14,HIGH_FRAUD_MOTIVE + HIGH_IDENTITY_THEFT,HIGH_CHILD_CYBERCRIME + HIGH_EXTORTION_MOTIVE + HIGH_WOMEN_CYBERCRIME,HIGH_FRAUD_MOTIVE + HIGH_IDENTITY_THEFT -> HIGH_CHILD_CYBERCRIME + HIGH_EXTORTION_MOTIVE + HIGH_WOMEN_CYBERCRIME,2,3
0.4444444444444444,0.3888888888888889,0.3611111111111111,0.8125,2.0892857142857144,1.0,0.1882716049382716,3.2592592592592595,0.9384615384615385,0.7647058823529412,0.6931818181818181,0.8705357142857142,13,16,14,HIGH_EXTORTION_MOTIVE + HIGH_FRAUD_MOTIVE,HIGH_CHILD_CYBERCRIME + HIGH_IDENTITY_THEFT + HIGH_WOMEN_CYBERCRIME,HIGH_EXTORTION_MOTIVE + HIGH_FRAUD_MOTIVE -> HIGH_CHILD_CYBERCRIME + HIGH_IDENTITY_THEFT + HIGH_WOMEN_CYBERCRIME,2,3
0.4444444444444444,0.3888888888888889,0.3611111111111111,0.8125,2.0892857142857144,1.0,0.1882716049382716,3.2592592592592595,0.9384615384615385,0.7647058823529412,0.6931818181818181,0.8705357142857142,13,16,14,HIGH_CHILD_CYBERCRIME + HIGH_SEXUAL_EXPLOITATION_MOTIVE,HIGH_FRAUD_MOTIVE + HIGH_IDENTITY_THEFT + HIGH_WOMEN_CYBERCRIME,HIGH_CHILD_CYBERCRIME + HIGH_SEXUAL_EXPLOITATION_MOTIVE -> HIGH_FRAUD_MOTIVE + HIGH_IDENTITY_THEFT + HIGH_WOMEN_CYBERCRIME,2,3
0.4444444444444444,0.3888888888888889,0.3611111111111111,0.8125,2.0892857142857144,1.0,0.1882716049382716,3.2592592592592595,0.9384615384615385,0.7647058823529412,0.6931818181818181,0.8705357142857142,13,16,14,HIGH_IDENTITY_THEFT + HIGH_SEXUAL_EXPLOITATION_MOTIVE,HIGH_CHILD_CYBERCRIME + HIGH_FRAUD_MOTIVE + HIGH_WOMEN_CYBERCRIME,HIGH_IDENTITY_THEFT + HIGH_SEXUAL_EXPLOITATION_MOTIVE -> HIGH_CHILD_CYBERCRIME + HIGH_FRAUD_MOTIVE + HIGH_WOMEN_CYBERCRIME,2,3
0.4444444444444444,0.3888888888888889,0.3611111111111111,0.8125,2.0892857142857144,1.0,0.1882716049382716,3.2592592592592595,0.9384615384615385,0.7647058823529412,0.6931818181818181,0.8705357142857142,13,16,14,HIGH_SEXUAL_EXPLOITATION_MOTIVE + HIGH_WOMEN_CYBERCRIME,HIGH_CHILD_CYBERCRIME + HIGH_FRAUD_MOTIVE + HIGH_IDENTITY_THEFT,HIGH_SEXUAL_EXPLOITATION_MOTIVE + HIGH_WOMEN_CYBERCRIME -> HIGH_CHILD_CYBERCRIME + HIGH_FRAUD_MOTIVE + HIGH_IDENTITY_THEFT,2,3
0.4444444444444444,0.3888888888888889,0.3611111111111111,0.8125,2.0892857142857144,1.0,0.1882716049382716,3.2592592592592595,0.9384615384615385,0.7647058823529412,0.6931818181818181,0.8705357142857142,13,16,14,HIGH_CHILD_CYBERCRIME + HIGH_SEXUAL_EXPLOITATION_MOTIVE,HIGH_EXTORTION_MOTIVE + HIGH_FRAUD_MOTIVE + HIGH_WOMEN_CYBERCRIME,HIGH_CHILD_CYBERCRIME + HIGH_SEXUAL_EXPLOITATION_MOTIVE -> HIGH_EXTORTION_MOTIVE + HIGH_FRAUD_MOTIVE + HIGH_WOMEN_CYBERCRIME,2,3
0.4444444444444444,0.3888888888888889,0.3611111111111111,0.8125,2.0892857142857144,1.0,0.1882716049382716,3.2592592592592595,0.9384615384615385,0.7647058823529412,0.6931818181818181,0.8705357142857142,13,16,14,HIGH_SEXUAL_EXPLOITATION_MOTIVE + HIGH_WOMEN_CYBERCRIME,HIGH_CHILD_CYBERCRIME + HIGH_EXTORTION_MOTIVE + HIGH_FRAUD_MOTIVE,HIGH_SEXUAL_EXPLOITATION_MOTIVE + HIGH_WOMEN_CYBERCRIME -> HIGH_CHILD_CYBERCRIME + HIGH_EXTORTION_MOTIVE + HIGH_FRAUD_MOTIVE,2,3
0.4444444444444444,0.3888888888888889,0.3611111111111111,0.8125,2.0892857142857144,1.0,0.1882716049382716,3.2592592592592595,0.9384615384615385,0.7647058823529412,0.6931818181818181,0.8705357142857142,13,16,14,HIGH_FRAUD_MOTIVE + HIGH_IDENTITY_THEFT,HIGH_SEC66D_CHEATING + HIGH_SEXUAL_EXPLOITATION_MOTIVE,HIGH_FRAUD_MOTIVE + HIGH_IDENTITY_THEFT -> HIGH_SEC66D_CHEATING + HIGH_SEXUAL_EXPLOITATION_MOTIVE,2,2
0.4444444444444444,0.3888888888888889,0.3611111111111111,0.8125,2.0892857142857144,1.0,0.1882716049382716,3.2592592592592595,0.9384615384615385,0.7647058823529412,0.6931818181818181,0.8705357142857142,13,16,14,HIGH_EXTORTION_MOTIVE + HIGH_FRAUD_MOTIVE,HIGH_SEC66D_CHEATING + HIGH_SEXUAL_EXPLOITATION_MOTIVE,HIGH_EXTORTION_MOTIVE + HIGH_FRAUD_MOTIVE -> HIGH_SEC66D_CHEATING + HIGH_SEXUAL_EXPLOITATION_MOTIVE,2,2
0.4444444444444444,0.4166666666666667,0.3611111111111111,0.8125,1.95,1.0,0.17592592592592593,3.1111111111111107,0.8769230769230769,0.7222222222222222,0.6785714285714286,0.8395833333333333,13,16,15,HIGH_EXTORTION_MOTIVE + HIGH_FRAUD_MOTIVE + HIGH_IDENTITY_THEFT,HIGH_CHILD_CYBERCRIME + HIGH_SEXUAL_EXPLOITATION_MOTIVE + HIGH_WOMEN_CYBERCRIME,HIGH_EXTORTION_MOTIVE + HIGH_FRAUD_MOTIVE + HIGH_IDENTITY_THEFT -> HIGH_CHILD_CYBERCRIME + HIGH_SEXUAL_EXPLOITATION_MOTIVE + HIGH_WOMEN_CYBERCRIME,3,3
0.4444444444444444,0.4166666666666667,0.3611111111111111,0.8125,1.95,1.0,0.17592592592592593,3.1111111111111107,0.8769230769230769,0.7222222222222222,0.6785714285714286,0.8395833333333333,13,16,15,HIGH_CHILD_CYBERCRIME + HIGH_WOMEN_CYBERCRIME,HIGH_EXTORTION_MOTIVE + HIGH_FRAUD_MOTIVE + HIGH_IDENTITY_THEFT + HIGH_SEXUAL_EXPLOITATION_MOTIVE,HIGH_CHILD_CYBERCRIME + HIGH_WOMEN_CYBERCRIME -> HIGH_EXTORTION_MOTIVE + HIGH_FRAUD_MOTIVE + HIGH_IDENTITY_THEFT + HIGH_SEXUAL_EXPLOITATION_MOTIVE,2,4
0.4444444444444444,0.4166666666666667,0.3611111111111111,0.8125,1.95,1.0,0.17592592592592593,3.1111111111111107,0.8769230769230769,0.7222222222222222,0.6785714285714286,0.8395833333333333,13,16,15,HIGH_EXTORTION_MOTIVE + HIGH_IDENTITY_THEFT + HIGH_SEXUAL_EXPLOITATION_MOTIVE,HIGH_FRAUD_MOTIVE + HIGH_SEC66D_CHEATING,HIGH_EXTORTION_MOTIVE + HIGH_IDENTITY_THEFT + HIGH_SEXUAL_EXPLOITATION_MOTIVE -> HIGH_FRAUD_MOTIVE + HIGH_SEC66D_CHEATING,3,2
0.4444444444444444,0.4166666666666667,0.3611111111111111,0.8125,1.95,1.0,0.17592592592592593,3.1111111111111107,0.8769230769230769,0.7222222222222222,0.6785714285714286,0.8395833333333333,13,16,15,HIGH_CHILD_CYBERCRIME + HIGH_WOMEN_CYBERCRIME,HIGH_FRAUD_MOTIVE + HIGH_IDENTITY_THEFT + HIGH_SEXUAL_EXPLOITATION_MOTIVE,HIGH_CHILD_CYBERCRIME + HIGH_WOMEN_CYBERCRIME -> HIGH_FRAUD_MOTIVE + HIGH_IDENTITY_THEFT + HIGH_SEXUAL_EXPLOITATION_MOTIVE,2,3
0.4444444444444444,0.4166666666666667,0.3611111111111111,0.8125,1.95,1.0,0.17592592592592593,3.1111111111111107,0.8769230769230769,0.7222222222222222,0.6785714285714286,0.8395833333333333,13,16,15,HIGH_FRAUD_MOTIVE + HIGH_IDENTITY_THEFT,HIGH_CHILD_CYBERCRIME + HIGH_SEXUAL_EXPLOITATION_MOTIVE + HIGH_WOMEN_CYBERCRIME,HIGH_FRAUD_MOTIVE + HIGH_IDENTITY_THEFT -> HIGH_CHILD_CYBERCRIME + HIGH_SEXUAL_EXPLOITATION_MOTIVE + HIGH_WOMEN_CYBERCRIME,2,3
0.4444444444444444,0.4166666666666667,0.3611111111111111,0.8125,1.95,1.0,0.17592592592592593,3.1111111111111107,0.8769230769230769,0.7222222222222222,0.6785714285714286,0.8395833333333333,13,16,15,HIGH_CHILD_CYBERCRIME + HIGH_WOMEN_CYBERCRIME,HIGH_EXTORTION_MOTIVE + HIGH_FRAUD_MOTIVE + HIGH_SEXUAL_EXPLOITATION_MOTIVE,HIGH_CHILD_CYBERCRIME + HIGH_WOMEN_CYBERCRIME -> HIGH_EXTORTION_MOTIVE + HIGH_FRAUD_MOTIVE + HIGH_SEXUAL_EXPLOITATION_MOTIVE,2,3
0.4444444444444444,0.4166666666666667,0.3611111111111111,0.8125,1.95,1.0,0.17592592592592593,3.1111111111111107,0.8769230769230769,0.7222222222222222,0.6785714285714286,0.8395833333333333,13,16,15,HIGH_EXTORTION_MOTIVE + HIGH_FRAUD_MOTIVE,HIGH_CHILD_CYBERCRIME + HIGH_SEXUAL_EXPLOITATION_MOTIVE + HIGH_WOMEN_CYBERCRIME,HIGH_EXTORTION_MOTIVE + HIGH_FRAUD_MOTIVE -> HIGH_CHILD_CYBERCRIME + HIGH_SEXUAL_EXPLOITATION_MOTIVE + HIGH_WOMEN_CYBERCRIME,2,3
0.4444444444444444,0.4166666666666667,0.3611111111111111,0.8125,1.95,1.0,0.17592592592592593,3.1111111111111107,0.8769230769230769,0.7222222222222222,0.6785714285714286,0.8395833333333333,13,16,15,HIGH_IDENTITY_THEFT + HIGH_SEXUAL_EXPLOITATION_MOTIVE,HIGH_FRAUD_MOTIVE + HIGH_SEC66D_CHEATING,HIGH_IDENTITY_THEFT + HIGH_SEXUAL_EXPLOITATION_MOTIVE -> HIGH_FRAUD_MOTIVE + HIGH_SEC66D_CHEATING,2,2
0.4444444444444444,0.4166666666666667,0.3611111111111111,0.8125,1.95,1.0,0.17592592592592593,3.1111111111111107,0.8769230769230769,0.7222222222222222,0.6785714285714286,0.8395833333333333,13,16,15,HIGH_CHILD_CYBERCRIME + HIGH_WOMEN_CYBERCRIME,HIGH_FRAUD_MOTIVE + HIGH_SEXUAL_EXPLOITATION_MOTIVE,HIGH_CHILD_CYBERCRIME + HIGH_WOMEN_CYBERCRIME -> HIGH_FRAUD_MOTIVE + HIGH_SEXUAL_EXPLOITATION_MOTIVE,2,2
0.4444444444444444,0.4166666666666667,0.3611111111111111,0.8125,1.95,1.0,0.17592592592592593,3.1111111111111107,0.8769230769230769,0.7222222222222222,0.6785714285714286,0.8395833333333333,13,16,15,HIGH_CHILD_CYBERCRIME + HIGH_SEXUAL_EXPLOITATION_MOTIVE,HIGH_FRAUD_MOTIVE + HIGH_WOMEN_CYBERCRIME,HIGH_CHILD_CYBERCRIME + HIGH_SEXUAL_EXPLOITATION_MOTIVE -> HIGH_FRAUD_MOTIVE + HIGH_WOMEN_CYBERCRIME,2,2
0.4444444444444444,0.4166666666666667,0.3611111111111111,0.8125,1.95,1.0,0.17592592592592593,3.1111111111111107,0.8769230769230769,0.7222222222222222,0.6785714285714286,0.8395833333333333,13,16,15,HIGH_SEXUAL_EXPLOITATION_MOTIVE + HIGH_WOMEN_CYBERCRIME,HIGH_CHILD_CYBERCRIME + HIGH_FRAUD_MOTIVE,HIGH_SEXUAL_EXPLOITATION_MOTIVE + HIGH_WOMEN_CYBERCRIME -> HIGH_CHILD_CYBERCRIME + HIGH_FRAUD_MOTIVE,2,2
0.4444444444444444,0.4166666666666667,0.3611111111111111,0.8125,1.95,1.0,0.17592592592592593,3.1111111111111107,0.8769230769230769,0.7222222222222222,0.6785714285714286,0.8395833333333333,13,16,15,HIGH_IDENTITY_THEFT + HIGH_SEXUAL_EXPLOITATION_MOTIVE,HIGH_EXTORTION_MOTIVE + HIGH_SEC66D_CHEATING,HIGH_IDENTITY_THEFT + HIGH_SEXUAL_EXPLOITATION_MOTIVE -> HIGH_EXTORTION_MOTIVE + HIGH_SEC66D_CHEATING,2,2
0.4444444444444444,0.4444444444444444,0.3611111111111111,0.8125,1.828125,1.0,0.16358024691358025,2.9629629629629632,0.8153846153846154,0.6842105263157896,0.6625,0.8125,13,16,16,HIGH_EXTORTION_MOTIVE + HIGH_FRAUD_MOTIVE + HIGH_IDENTITY_THEFT,HIGH_CHILD_CYBERCRIME + HIGH_WOMEN_CYBERCRIME,HIGH_EXTORTION_MOTIVE + HIGH_FRAUD_MOTIVE + HIGH_IDENTITY_THEFT -> HIGH_CHILD_CYBERCRIME + HIGH_WOMEN_CYBERCRIME,3,2
0.4444444444444444,0.4444444444444444,0.3611111111111111,0.8125,1.828125,1.0,0.16358024691358025,2.9629629629629632,0.8153846153846154,0.6842105263157896,0.6625,0.8125,13,16,16,HIGH_CHILD_CYBERCRIME + HIGH_WOMEN_CYBERCRIME,HIGH_EXTORTION_MOTIVE + HIGH_FRAUD_MOTIVE + HIGH_IDENTITY_THEFT,HIGH_CHILD_CYBERCRIME + HIGH_WOMEN_CYBERCRIME -> HIGH_EXTORTION_MOTIVE + HIGH_FRAUD_MOTIVE + HIGH_IDENTITY_THEFT,2,3
0.4444444444444444,0.4444444444444444,0.3611111111111111,0.8125,1.828125,1.0,0.16358024691358025,2.9629629629629632,0.8153846153846154,0.6842105263157896,0.6625,0.8125,13,16,16,HIGH_CHILD_CYBERCRIME + HIGH_WOMEN_CYBERCRIME,HIGH_FRAUD_MOTIVE + HIGH_IDENTITY_THEFT,HIGH_CHILD_CYBERCRIME + HIGH_WOMEN_CYBERCRIME -> HIGH_FRAUD_MOTIVE + HIGH_IDENTITY_THEFT,2,2
0.4444444444444444,0.4444444444444444,0.3611111111111111,0.8125,1.828125,1.0,0.16358024691358025,2.9629629629629632,0.8153846153846154,0.6842105263157896,0.6625,0.8125,13,16,16,HIGH_FRAUD_MOTIVE + HIGH_IDENTITY_THEFT,HIGH_CHILD_CYBERCRIME + HIGH_WOMEN_CYBERCRIME,HIGH_FRAUD_MOTIVE + HIGH_IDENTITY_THEFT -> HIGH_CHILD_CYBERCRIME + HIGH_WOMEN_CYBERCRIME,2,2
0.4444444444444444,0.4444444444444444,0.3611111111111111,0.8125,1.828125,1.0,0.16358024691358025,2.9629629629629632,0.8153846153846154,0.6842105263157896,0.6625,0.8125,13,16,16,HIGH_CHILD_CYBERCRIME + HIGH_WOMEN_CYBERCRIME,HIGH_EXTORTION_MOTIVE + HIGH_FRAUD_MOTIVE,HIGH_CHILD_CYBERCRIME + HIGH_WOMEN_CYBERCRIME -> HIGH_EXTORTION_MOTIVE + HIGH_FRAUD_MOTIVE,2,2
0.4444444444444444,0.4444444444444444,0.3611111111111111,0.8125,1.828125,1.0,0.16358024691358025,2.9629629629629632,0.8153846153846154,0.6842105263157896,0.6625,0.8125,13,16,16,HIGH_EXTORTION_MOTIVE + HIGH_FRAUD_MOTIVE,HIGH_CHILD_CYBERCRIME + HIGH_WOMEN_CYBERCRIME,HIGH_EXTORTION_MOTIVE + HIGH_FRAUD_MOTIVE -> HIGH_CHILD_CYBERCRIME + HIGH_WOMEN_CYBERCRIME,2,2
0.4444444444444444,0.5,0.3611111111111111,0.8125,1.625,1.0,0.1388888888888889,2.6666666666666665,0.6923076923076923,0.6190476190476191,0.625,0.7673611111111112,13,16,18,HIGH_EXTORTION_MOTIVE + HIGH_IDENTITY_THEFT + HIGH_SEXUAL_EXPLOITATION_MOTIVE,HIGH_SEC66D_CHEATING,HIGH_EXTORTION_MOTIVE + HIGH_IDENTITY_THEFT + HIGH_SEXUAL_EXPLOITATION_MOTIVE -> HIGH_SEC66D_CHEATING,3,1
0.4444444444444444,0.5,0.3611111111111111,0.8125,1.625,1.0,0.1388888888888889,2.6666666666666665,0.6923076923076923,0.6190476190476191,0.625,0.7673611111111112,13,16,18,HIGH_IDENTITY_THEFT + HIGH_SEXUAL_EXPLOITATION_MOTIVE,HIGH_SEC66D_CHEATING,HIGH_IDENTITY_THEFT + HIGH_SEXUAL_EXPLOITATION_MOTIVE -> HIGH_SEC66D_CHEATING,2,1
0.4166666666666667,0.3333333333333333,0.3333333333333333,0.7999999999999999,2.4,1.0,0.19444444444444442,3.3333333333333326,1.0,0.7999999999999999,0.6999999999999998,0.8999999999999999,12,15,12,HIGH_EXTORTION_MOTIVE + HIGH_FRAUD_MOTIVE + HIGH_IDENTITY_THEFT + HIGH_SEXUAL_EXPLOITATION_MOTIVE,HIGH_SEC66D_CHEATING + HIGH_WOMEN_CYBERCRIME,HIGH_EXTORTION_MOTIVE + HIGH_FRAUD_MOTIVE + HIGH_IDENTITY_THEFT + HIGH_SEXUAL_EXPLOITATION_MOTIVE -> HIGH_SEC66D_CHEATING + HIGH_WOMEN_CYBERCRIME,4,2
0.4166666666666667,0.3333333333333333,0.3333333333333333,0.7999999999999999,2.4,1.0,0.19444444444444442,3.3333333333333326,1.0,0.7999999999999999,0.6999999999999998,0.8999999999999999,12,15,12,HIGH_FRAUD_MOTIVE + HIGH_IDENTITY_THEFT + HIGH_SEXUAL_EXPLOITATION_MOTIVE,HIGH_EXTORTION_MOTIVE + HIGH_SEC66D_CHEATING + HIGH_WOMEN_CYBERCRIME,HIGH_FRAUD_MOTIVE + HIGH_IDENTITY_THEFT + HIGH_SEXUAL_EXPLOITATION_MOTIVE -> HIGH_EXTORTION_MOTIVE + HIGH_SEC66D_CHEATING + HIGH_WOMEN_CYBERCRIME,3,3
0.4166666666666667,0.3333333333333333,0.3333333333333333,0.7999999999999999,2.4,1.0,0.19444444444444442,3.3333333333333326,1.0,0.7999999999999999,0.6999999999999998,0.8999999999999999,12,15,12,HIGH_EXTORTION_MOTIVE + HIGH_FRAUD_MOTIVE + HIGH_SEXUAL_EXPLOITATION_MOTIVE,HIGH_IDENTITY_THEFT + HIGH_SEC66D_CHEATING + HIGH_WOMEN_CYBERCRIME,HIGH_EXTORTION_MOTIVE + HIGH_FRAUD_MOTIVE + HIGH_SEXUAL_EXPLOITATION_MOTIVE -> HIGH_IDENTITY_THEFT + HIGH_SEC66D_CHEATING + HIGH_WOMEN_CYBERCRIME,3,3
0.4166666666666667,0.3333333333333333,0.3333333333333333,0.7999999999999999,2.4,1.0,0.19444444444444442,3.3333333333333326,1.0,0.7999999999999999,0.6999999999999998,0.8999999999999999,12,15,12,HIGH_FRAUD_MOTIVE + HIGH_SEXUAL_EXPLOITATION_MOTIVE,HIGH_EXTORTION_MOTIVE + HIGH_IDENTITY_THEFT + HIGH_SEC66D_CHEATING + HIGH_WOMEN_CYBERCRIME,HIGH_FRAUD_MOTIVE + HIGH_SEXUAL_EXPLOITATION_MOTIVE -> HIGH_EXTORTION_MOTIVE + HIGH_IDENTITY_THEFT + HIGH_SEC66D_CHEATING + HIGH_WOMEN_CYBERCRIME,2,4
0.4166666666666667,0.3333333333333333,0.3333333333333333,0.7999999999999999,2.4,1.0,0.19444444444444442,3.3333333333333326,1.0,0.7999999999999999,0.6999999999999998,0.8999999999999999,12,15,12,HIGH_EXTORTION_MOTIVE + HIGH_FRAUD_MOTIVE + HIGH_IDENTITY_THEFT + HIGH_SEXUAL_EXPLOITATION_MOTIVE,HIGH_CHILD_CYBERCRIME + HIGH_SEC66D_CHEATING,HIGH_EXTORTION_MOTIVE + HIGH_FRAUD_MOTIVE + HIGH_IDENTITY_THEFT + HIGH_SEXUAL_EXPLOITATION_MOTIVE -> HIGH_CHILD_CYBERCRIME + HIGH_SEC66D_CHEATING,4,2
0.4166666666666667,0.3333333333333333,0.3333333333333333,0.7999999999999999,2.4,1.0,0.19444444444444442,3.3333333333333326,1.0,0.7999999999999999,0.6999999999999998,0.8999999999999999,12,15,12,HIGH_FRAUD_MOTIVE + HIGH_IDENTITY_THEFT + HIGH_SEXUAL_EXPLOITATION_MOTIVE,HIGH_CHILD_CYBERCRIME + HIGH_EXTORTION_MOTIVE + HIGH_SEC66D_CHEATING,HIGH_FRAUD_MOTIVE + HIGH_IDENTITY_THEFT + HIGH_SEXUAL_EXPLOITATION_MOTIVE -> HIGH_CHILD_CYBERCRIME + HIGH_EXTORTION_MOTIVE + HIGH_SEC66D_CHEATING,3,3
0.4166666666666667,0.3333333333333333,0.3333333333333333,0.7999999999999999,2.4,1.0,0.19444444444444442,3.3333333333333326,1.0,0.7999999999999999,0.6999999999999998,0.8999999999999999,12,15,12,HIGH_EXTORTION_MOTIVE + HIGH_FRAUD_MOTIVE + HIGH_SEXUAL_EXPLOITATION_MOTIVE,HIGH_CHILD_CYBERCRIME + HIGH_IDENTITY_THEFT + HIGH_SEC66D_CHEATING,HIGH_EXTORTION_MOTIVE + HIGH_FRAUD_MOTIVE + HIGH_SEXUAL_EXPLOITATION_MOTIVE -> HIGH_CHILD_CYBERCRIME + HIGH_IDENTITY_THEFT + HIGH_SEC66D_CHEATING,3,3
0.4166666666666667,0.3333333333333333,0.3333333333333333,0.7999999999999999,2.4,1.0,0.19444444444444442,3.3333333333333326,1.0,0.7999999999999999,0.6999999999999998,0.8999999999999999,12,15,12,HIGH_FRAUD_MOTIVE + HIGH_SEXUAL_EXPLOITATION_MOTIVE,HIGH_CHILD_CYBERCRIME + HIGH_EXTORTION_MOTIVE + HIGH_IDENTITY_THEFT + HIGH_SEC66D_CHEATING,HIGH_FRAUD_MOTIVE + HIGH_SEXUAL_EXPLOITATION_MOTIVE -> HIGH_CHILD_CYBERCRIME + HIGH_EXTORTION_MOTIVE + HIGH_IDENTITY_THEFT + HIGH_SEC66D_CHEATING,2,4
0.4166666666666667,0.3333333333333333,0.3333333333333333,0.7999999999999999,2.4,1.0,0.19444444444444442,3.3333333333333326,1.0,0.7999999999999999,0.6999999999999998,0.8999999999999999,12,15,12,HIGH_FRAUD_MOTIVE + HIGH_IDENTITY_THEFT + HIGH_SEXUAL_EXPLOITATION_MOTIVE,HIGH_SEC66D_CHEATING + HIGH_WOMEN_CYBERCRIME,HIGH_FRAUD_MOTIVE + HIGH_IDENTITY_THEFT + HIGH_SEXUAL_EXPLOITATION_MOTIVE -> HIGH_SEC66D_CHEATING + HIGH_WOMEN_CYBERCRIME,3,2
0.4166666666666667,0.3333333333333333,0.3333333333333333,0.7999999999999999,2.4,1.0,0.19444444444444442,3.3333333333333326,1.0,0.7999999999999999,0.6999999999999998,0.8999999999999999,12,15,12,HIGH_FRAUD_MOTIVE + HIGH_SEXUAL_EXPLOITATION_MOTIVE,HIGH_IDENTITY_THEFT + HIGH_SEC66D_CHEATING + HIGH_WOMEN_CYBERCRIME,HIGH_FRAUD_MOTIVE + HIGH_SEXUAL_EXPLOITATION_MOTIVE -> HIGH_IDENTITY_THEFT + HIGH_SEC66D_CHEATING + HIGH_WOMEN_CYBERCRIME,2,3
0.4166666666666667,0.3333333333333333,0.3333333333333333,0.7999999999999999,2.4,1.0,0.19444444444444442,3.3333333333333326,1.0,0.7999999999999999,0.6999999999999998,0.8999999999999999,12,15,12,HIGH_FRAUD_MOTIVE + HIGH_IDENTITY_THEFT + HIGH_SEXUAL_EXPLOITATION_MOTIVE,HIGH_CHILD_CYBERCRIME + HIGH_SEC66D_CHEATING,HIGH_FRAUD_MOTIVE + HIGH_IDENTITY_THEFT + HIGH_SEXUAL_EXPLOITATION_MOTIVE -> HIGH_CHILD_CYBERCRIME + HIGH_SEC66D_CHEATING,3,2
0.4166666666666667,0.3333333333333333,0.3333333333333333,0.7999999999999999,2.4,1.0,0.19444444444444442,3.3333333333333326,1.0,0.7999999999999999,0.6999999999999998,0.8999999999999999,12,15,12,HIGH_FRAUD_MOTIVE + HIGH_SEXUAL_EXPLOITATION_MOTIVE,HIGH_CHILD_CYBERCRIME + HIGH_IDENTITY_THEFT + HIGH_SEC66D_CHEATING,HIGH_FRAUD_MOTIVE + HIGH_SEXUAL_EXPLOITATION_MOTIVE -> HIGH_CHILD_CYBERCRIME + HIGH_IDENTITY_THEFT + HIGH_SEC66D_CHEATING,2,3
0.4166666666666667,0.3333333333333333,0.3333333333333333,0.7999999999999999,2.4,1.0,0.19444444444444442,3.3333333333333326,1.0,0.7999999999999999,0.6999999999999998,0.8999999999999999,12,15,12,HIGH_EXTORTION_MOTIVE + HIGH_FRAUD_MOTIVE + HIGH_SEXUAL_EXPLOITATION_MOTIVE,HIGH_SEC66D_CHEATING + HIGH_WOMEN_CYBERCRIME,HIGH_EXTORTION_MOTIVE + HIGH_FRAUD_MOTIVE + HIGH_SEXUAL_EXPLOITATION_MOTIVE -> HIGH_SEC66D_CHEATING + HIGH_WOMEN_CYBERCRIME,3,2
0.4166666666666667,0.3333333333333333,0.3333333333333333,0.7999999999999999,2.4,1.0,0.19444444444444442,3.3333333333333326,1.0,0.7999999999999999,0.6999999999999998,0.8999999999999999,12,15,12,HIGH_FRAUD_MOTIVE + HIGH_SEXUAL_EXPLOITATION_MOTIVE,HIGH_EXTORTION_MOTIVE + HIGH_SEC66D_CHEATING + HIGH_WOMEN_CYBERCRIME,HIGH_FRAUD_MOTIVE + HIGH_SEXUAL_EXPLOITATION_MOTIVE -> HIGH_EXTORTION_MOTIVE + HIGH_SEC66D_CHEATING + HIGH_WOMEN_CYBERCRIME,2,3
0.4166666666666667,0.3333333333333333,0.3333333333333333,0.7999999999999999,2.4,1.0,0.19444444444444442,3.3333333333333326,1.0,0.7999999999999999,0.6999999999999998,0.8999999999999999,12,15,12,HIGH_EXTORTION_MOTIVE + HIGH_FRAUD_MOTIVE + HIGH_SEXUAL_EXPLOITATION_MOTIVE,HIGH_CHILD_CYBERCRIME + HIGH_SEC66D_CHEATING,HIGH_EXTORTION_MOTIVE + HIGH_FRAUD_MOTIVE + HIGH_SEXUAL_EXPLOITATION_MOTIVE -> HIGH_CHILD_CYBERCRIME + HIGH_SEC66D_CHEATING,3,2
0.4166666666666667,0.3333333333333333,0.3333333333333333,0.7999999999999999,2.4,1.0,0.19444444444444442,3.3333333333333326,1.0,0.7999999999999999,0.6999999999999998,0.8999999999999999,12,15,12,HIGH_FRAUD_MOTIVE + HIGH_SEXUAL_EXPLOITATION_MOTIVE,HIGH_CHILD_CYBERCRIME + HIGH_EXTORTION_MOTIVE + HIGH_SEC66D_CHEATING,HIGH_FRAUD_MOTIVE + HIGH_SEXUAL_EXPLOITATION_MOTIVE -> HIGH_CHILD_CYBERCRIME + HIGH_EXTORTION_MOTIVE + HIGH_SEC66D_CHEATING,2,3
0.4166666666666667,0.3333333333333333,0.3333333333333333,0.7999999999999999,2.4,1.0,0.19444444444444442,3.3333333333333326,1.0,0.7999999999999999,0.6999999999999998,0.8999999999999999,12,15,12,HIGH_FRAUD_MOTIVE + HIGH_SEXUAL_EXPLOITATION_MOTIVE,HIGH_SEC66D_CHEATING + HIGH_WOMEN_CYBERCRIME,HIGH_FRAUD_MOTIVE + HIGH_SEXUAL_EXPLOITATION_MOTIVE -> HIGH_SEC66D_CHEATING + HIGH_WOMEN_CYBERCRIME,2,2
0.4166666666666667,0.3333333333333333,0.3333333333333333,0.7999999999999999,2.4,1.0,0.19444444444444442,3.3333333333333326,1.0,0.7999999999999999,0.6999999999999998,0.8999999999999999,12,15,12,HIGH_FRAUD_MOTIVE + HIGH_SEXUAL_EXPLOITATION_MOTIVE,HIGH_CHILD_CYBERCRIME + HIGH_SEC66D_CHEATING,HIGH_FRAUD_MOTIVE + HIGH_SEXUAL_EXPLOITATION_MOTIVE -> HIGH_CHILD_CYBERCRIME + HIGH_SEC66D_CHEATING,2,2
0.4166666666666667,0.3611111111111111,0.3333333333333333,0.7999999999999999,2.215384615384615,1.0,0.18287037037037035,3.1944444444444433,0.9404761904761905,0.7499999999999999,0.6869565217391304,0.8615384615384615,12,15,13,HIGH_EXTORTION_MOTIVE + HIGH_IDENTITY_THEFT + HIGH_WOMEN_CYBERCRIME,HIGH_FRAUD_MOTIVE + HIGH_SEC66D_CHEATING + HIGH_SEXUAL_EXPLOITATION_MOTIVE,HIGH_EXTORTION_MOTIVE + HIGH_IDENTITY_THEFT + HIGH_WOMEN_CYBERCRIME -> HIGH_FRAUD_MOTIVE + HIGH_SEC66D_CHEATING + HIGH_SEXUAL_EXPLOITATION_MOTIVE,3,3
0.4166666666666667,0.3611111111111111,0.3333333333333333,0.7999999999999999,2.215384615384615,1.0,0.18287037037037035,3.1944444444444433,0.9404761904761905,0.7499999999999999,0.6869565217391304,0.8615384615384615,12,15,13,HIGH_IDENTITY_THEFT + HIGH_WOMEN_CYBERCRIME,HIGH_EXTORTION_MOTIVE + HIGH_FRAUD_MOTIVE + HIGH_SEC66D_CHEATING + HIGH_SEXUAL_EXPLOITATION_MOTIVE,HIGH_IDENTITY_THEFT + HIGH_WOMEN_CYBERCRIME -> HIGH_EXTORTION_MOTIVE + HIGH_FRAUD_MOTIVE + HIGH_SEC66D_CHEATING + HIGH_SEXUAL_EXPLOITATION_MOTIVE,2,4
0.4166666666666667,0.3611111111111111,0.3333333333333333,0.7999999999999999,2.215384615384615,1.0,0.18287037037037035,3.1944444444444433,0.9404761904761905,0.7499999999999999,0.6869565217391304,0.8615384615384615,12,15,13,HIGH_EXTORTION_MOTIVE + HIGH_WOMEN_CYBERCRIME,HIGH_FRAUD_MOTIVE + HIGH_IDENTITY_THEFT + HIGH_SEC66D_CHEATING + HIGH_SEXUAL_EXPLOITATION_MOTIVE,HIGH_EXTORTION_MOTIVE + HIGH_WOMEN_CYBERCRIME -> HIGH_FRAUD_MOTIVE + HIGH_IDENTITY_THEFT + HIGH_SEC66D_CHEATING + HIGH_SEXUAL_EXPLOITATION_MOTIVE,2,4
0.4166666666666667,0.3611111111111111,0.3333333333333333,0.7999999999999999,2.215384615384615,1.0,0.18287037037037035,3.1944444444444433,0.9404761904761905,0.7499999999999999,0.6869565217391304,0.8615384615384615,12,15,13,HIGH_FRAUD_MOTIVE + HIGH_WOMEN_CYBERCRIME,HIGH_EXTORTION_MOTIVE + HIGH_IDENTITY_THEFT + HIGH_SEC66D_CHEATING + HIGH_SEXUAL_EXPLOITATION_MOTIVE,HIGH_FRAUD_MOTIVE + HIGH_WOMEN_CYBERCRIME -> HIGH_EXTORTION_MOTIVE + HIGH_IDENTITY_THEFT + HIGH_SEC66D_CHEATING + HIGH_SEXUAL_EXPLOITATION_MOTIVE,2,4
0.4166666666666667,0.3611111111111111,0.3333333333333333,0.7999999999999999,2.215384615384615,1.0,0.18287037037037035,3.1944444444444433,0.9404761904761905,0.7499999999999999,0.6869565217391304,0.8615384615384615,12,15,13,HIGH_CHILD_CYBERCRIME + HIGH_EXTORTION_MOTIVE + HIGH_IDENTITY_THEFT,HIGH_FRAUD_MOTIVE + HIGH_SEC66D_CHEATING + HIGH_SEXUAL_EXPLOITATION_MOTIVE,HIGH_CHILD_CYBERCRIME + HIGH_EXTORTION_MOTIVE + HIGH_IDENTITY_THEFT -> HIGH_FRAUD_MOTIVE + HIGH_SEC66D_CHEATING + HIGH_SEXUAL_EXPLOITATION_MOTIVE,3,3
0.4166666666666667,0.3611111111111111,0.3333333333333333,0.7999999999999999,2.215384615384615,1.0,0.18287037037037035,3.1944444444444433,0.9404761904761905,0.7499999999999999,0.6869565217391304,0.8615384615384615,12,15,13,HIGH_CHILD_CYBERCRIME + HIGH_IDENTITY_THEFT,HIGH_EXTORTION_MOTIVE + HIGH_FRAUD_MOTIVE + HIGH_SEC66D_CHEATING + HIGH_SEXUAL_EXPLOITATION_MOTIVE,HIGH_CHILD_CYBERCRIME + HIGH_IDENTITY_THEFT -> HIGH_EXTORTION_MOTIVE + HIGH_FRAUD_MOTIVE + HIGH_SEC66D_CHEATING + HIGH_SEXUAL_EXPLOITATION_MOTIVE,2,4
0.4166666666666667,0.3611111111111111,0.3333333333333333,0.7999999999999999,2.215384615384615,1.0,0.18287037037037035,3.1944444444444433,0.9404761904761905,0.7499999999999999,0.6869565217391304,0.8615384615384615,12,15,13,HIGH_CHILD_CYBERCRIME + HIGH_EXTORTION_MOTIVE,HIGH_FRAUD_MOTIVE + HIGH_IDENTITY_THEFT + HIGH_SEC66D_CHEATING + HIGH_SEXUAL_EXPLOITATION_MOTIVE,HIGH_CHILD_CYBERCRIME + HIGH_EXTORTION_MOTIVE -> HIGH_FRAUD_MOTIVE + HIGH_IDENTITY_THEFT + HIGH_SEC66D_CHEATING + HIGH_SEXUAL_EXPLOITATION_MOTIVE,2,4
0.4166666666666667,0.3611111111111111,0.3333333333333333,0.7999999999999999,2.215384615384615,1.0,0.18287037037037035,3.1944444444444433,0.9404761904761905,0.7499999999999999,0.6869565217391304,0.8615384615384615,12,15,13,HIGH_CHILD_CYBERCRIME + HIGH_FRAUD_MOTIVE,HIGH_EXTORTION_MOTIVE + HIGH_IDENTITY_THEFT + HIGH_SEC66D_CHEATING + HIGH_SEXUAL_EXPLOITATION_MOTIVE,HIGH_CHILD_CYBERCRIME + HIGH_FRAUD_MOTIVE -> HIGH_EXTORTION_MOTIVE + HIGH_IDENTITY_THEFT + HIGH_SEC66D_CHEATING + HIGH_SEXUAL_EXPLOITATION_MOTIVE,2,4
0.4166666666666667,0.3611111111111111,0.3333333333333333,0.7999999999999999,2.215384615384615,1.0,0.18287037037037035,3.1944444444444433,0.9404761904761905,0.7499999999999999,0.6869565217391304,0.8615384615384615,12,15,13,HIGH_IDENTITY_THEFT + HIGH_WOMEN_CYBERCRIME,HIGH_FRAUD_MOTIVE + HIGH_SEC66D_CHEATING + HIGH_SEXUAL_EXPLOITATION_MOTIVE,HIGH_IDENTITY_THEFT + HIGH_WOMEN_CYBERCRIME -> HIGH_FRAUD_MOTIVE + HIGH_SEC66D_CHEATING + HIGH_SEXUAL_EXPLOITATION_MOTIVE,2,3
0.4166666666666667,0.3611111111111111,0.3333333333333333,0.7999999999999999,2.215384615384615,1.0,0.18287037037037035,3.1944444444444433,0.9404761904761905,0.7499999999999999,0.6869565217391304,0.8615384615384615,12,15,13,HIGH_FRAUD_MOTIVE + HIGH_WOMEN_CYBERCRIME,HIGH_IDENTITY_THEFT + HIGH_SEC66D_CHEATING + HIGH_SEXUAL_EXPLOITATION_MOTIVE,HIGH_FRAUD_MOTIVE + HIGH_WOMEN_CYBERCRIME -> HIGH_IDENTITY_THEFT + HIGH_SEC66D_CHEATING + HIGH_SEXUAL_EXPLOITATION_MOTIVE,2,3
0.4166666666666667,0.3611111111111111,0.3333333333333333,0.7999999999999999,2.215384615384615,1.0,0.18287037037037035,3.1944444444444433,0.9404761904761905,0.7499999999999999,0.6869565217391304,0.8615384615384615,12,15,13,HIGH_CHILD_CYBERCRIME + HIGH_IDENTITY_THEFT,HIGH_FRAUD_MOTIVE + HIGH_SEC66D_CHEATING + HIGH_SEXUAL_EXPLOITATION_MOTIVE,HIGH_CHILD_CYBERCRIME + HIGH_IDENTITY_THEFT -> HIGH_FRAUD_MOTIVE + HIGH_SEC66D_CHEATING + HIGH_SEXUAL_EXPLOITATION_MOTIVE,2,3
0.4166666666666667,0.3611111111111111,0.3333333333333333,0.7999999999999999,2.215384615384615,1.0,0.18287037037037035,3.1944444444444433,0.9404761904761905,0.7499999999999999,0.6869565217391304,0.8615384615384615,12,15,13,HIGH_CHILD_CYBERCRIME + HIGH_FRAUD_MOTIVE,HIGH_IDENTITY_THEFT + HIGH_SEC66D_CHEATING + HIGH_SEXUAL_EXPLOITATION_MOTIVE,HIGH_CHILD_CYBERCRIME + HIGH_FRAUD_MOTIVE -> HIGH_IDENTITY_THEFT + HIGH_SEC66D_CHEATING + HIGH_SEXUAL_EXPLOITATION_MOTIVE,2,3
0.4166666666666667,0.3611111111111111,0.3333333333333333,0.7999999999999999,2.215384615384615,1.0,0.18287037037037035,3.1944444444444433,0.9404761904761905,0.7499999999999999,0.6869565217391304,0.8615384615384615,12,15,13,HIGH_EXTORTION_MOTIVE + HIGH_WOMEN_CYBERCRIME,HIGH_FRAUD_MOTIVE + HIGH_SEC66D_CHEATING + HIGH_SEXUAL_EXPLOITATION_MOTIVE,HIGH_EXTORTION_MOTIVE + HIGH_WOMEN_CYBERCRIME -> HIGH_FRAUD_MOTIVE + HIGH_SEC66D_CHEATING + HIGH_SEXUAL_EXPLOITATION_MOTIVE,2,3
0.4166666666666667,0.3611111111111111,0.3333333333333333,0.7999999999999999,2.215384615384615,1.0,0.18287037037037035,3.1944444444444433,0.9404761904761905,0.7499999999999999,0.6869565217391304,0.8615384615384615,12,15,13,HIGH_CHILD_CYBERCRIME + HIGH_EXTORTION_MOTIVE,HIGH_FRAUD_MOTIVE + HIGH_SEC66D_CHEATING + HIGH_SEXUAL_EXPLOITATION_MOTIVE,HIGH_CHILD_CYBERCRIME + HIGH_EXTORTION_MOTIVE -> HIGH_FRAUD_MOTIVE + HIGH_SEC66D_CHEATING + HIGH_SEXUAL_EXPLOITATION_MOTIVE,2,3
0.4166666666666667,0.3611111111111111,0.3333333333333333,0.7999999999999999,2.215384615384615,1.0,0.18287037037037035,3.1944444444444433,0.9404761904761905,0.7499999999999999,0.6869565217391304,0.8615384615384615,12,15,13,HIGH_EXTORTION_MOTIVE + HIGH_WOMEN_CYBERCRIME,HIGH_IDENTITY_THEFT + HIGH_SEC66D_CHEATING + HIGH_SEXUAL_EXPLOITATION_MOTIVE,HIGH_EXTORTION_MOTIVE + HIGH_WOMEN_CYBERCRIME -> HIGH_IDENTITY_THEFT + HIGH_SEC66D_CHEATING + HIGH_SEXUAL_EXPLOITATION_MOTIVE,2,3
0.4166666666666667,0.3611111111111111,0.3333333333333333,0.7999999999999999,2.215384615384615,1.0,0.18287037037037035,3.1944444444444433,0.9404761904761905,0.7499999999999999,0.6869565217391304,0.8615384615384615,12,15,13,HIGH_CHILD_CYBERCRIME + HIGH_EXTORTION_MOTIVE,HIGH_IDENTITY_THEFT + HIGH_SEC66D_CHEATING + HIGH_SEXUAL_EXPLOITATION_MOTIVE,HIGH_CHILD_CYBERCRIME + HIGH_EXTORTION_MOTIVE -> HIGH_IDENTITY_THEFT + HIGH_SEC66D_CHEATING + HIGH_SEXUAL_EXPLOITATION_MOTIVE,2,3
0.4166666666666667,0.3888888888888889,0.3333333333333333,0.7999999999999999,2.057142857142857,1.0,0.17129629629629628,3.055555555555555,0.8809523809523809,0.7058823529411764,0.6727272727272725,0.8285714285714285,12,15,14,HIGH_IDENTITY_THEFT + HIGH_SEXUAL_EXPLOITATION_MOTIVE + HIGH_WOMEN_CYBERCRIME,HIGH_EXTORTION_MOTIVE + HIGH_FRAUD_MOTIVE + HIGH_SEC66D_CHEATING,HIGH_IDENTITY_THEFT + HIGH_SEXUAL_EXPLOITATION_MOTIVE + HIGH_WOMEN_CYBERCRIME -> HIGH_EXTORTION_MOTIVE + HIGH_FRAUD_MOTIVE + HIGH_SEC66D_CHEATING,3,3
0.4166666666666667,0.3888888888888889,0.3333333333333333,0.7999999999999999,2.057142857142857,1.0,0.17129629629629628,3.055555555555555,0.8809523809523809,0.7058823529411764,0.6727272727272725,0.8285714285714285,12,15,14,HIGH_EXTORTION_MOTIVE + HIGH_SEXUAL_EXPLOITATION_MOTIVE + HIGH_WOMEN_CYBERCRIME,HIGH_FRAUD_MOTIVE + HIGH_IDENTITY_THEFT + HIGH_SEC66D_CHEATING,HIGH_EXTORTION_MOTIVE + HIGH_SEXUAL_EXPLOITATION_MOTIVE + HIGH_WOMEN_CYBERCRIME -> HIGH_FRAUD_MOTIVE + HIGH_IDENTITY_THEFT + HIGH_SEC66D_CHEATING,3,3
0.4166666666666667,0.3888888888888889,0.3333333333333333,0.7999999999999999,2.057142857142857,1.0,0.17129629629629628,3.055555555555555,0.8809523809523809,0.7058823529411764,0.6727272727272725,0.8285714285714285,12,15,14,HIGH_EXTORTION_MOTIVE + HIGH_SEC66D_CHEATING,HIGH_FRAUD_MOTIVE + HIGH_IDENTITY_THEFT + HIGH_SEXUAL_EXPLOITATION_MOTIVE + HIGH_WOMEN_CYBERCRIME,HIGH_EXTORTION_MOTIVE + HIGH_SEC66D_CHEATING -> HIGH_FRAUD_MOTIVE + HIGH_IDENTITY_THEFT + HIGH_SEXUAL_EXPLOITATION_MOTIVE + HIGH_WOMEN_CYBERCRIME,2,4
0.4166666666666667,0.3888888888888889,0.3333333333333333,0.7999999999999999,2.057142857142857,1.0,0.17129629629629628,3.055555555555555,0.8809523809523809,0.7058823529411764,0.6727272727272725,0.8285714285714285,12,15,14,HIGH_CHILD_CYBERCRIME + HIGH_IDENTITY_THEFT + HIGH_SEXUAL_EXPLOITATION_MOTIVE,HIGH_EXTORTION_MOTIVE + HIGH_FRAUD_MOTIVE + HIGH_SEC66D_CHEATING,HIGH_CHILD_CYBERCRIME + HIGH_IDENTITY_THEFT + HIGH_SEXUAL_EXPLOITATION_MOTIVE -> HIGH_EXTORTION_MOTIVE + HIGH_FRAUD_MOTIVE + HIGH_SEC66D_CHEATING,3,3
0.4166666666666667,0.3888888888888889,0.3333333333333333,0.7999999999999999,2.057142857142857,1.0,0.17129629629629628,3.055555555555555,0.8809523809523809,0.7058823529411764,0.6727272727272725,0.8285714285714285,12,15,14,HIGH_CHILD_CYBERCRIME + HIGH_EXTORTION_MOTIVE + HIGH_SEXUAL_EXPLOITATION_MOTIVE,HIGH_FRAUD_MOTIVE + HIGH_IDENTITY_THEFT + HIGH_SEC66D_CHEATING,HIGH_CHILD_CYBERCRIME + HIGH_EXTORTION_MOTIVE + HIGH_SEXUAL_EXPLOITATION_MOTIVE -> HIGH_FRAUD_MOTIVE + HIGH_IDENTITY_THEFT + HIGH_SEC66D_CHEATING,3,3
0.4166666666666667,0.3888888888888889,0.3333333333333333,0.7999999999999999,2.057142857142857,1.0,0.17129629629629628,3.055555555555555,0.8809523809523809,0.7058823529411764,0.6727272727272725,0.8285714285714285,12,15,14,HIGH_EXTORTION_MOTIVE + HIGH_SEC66D_CHEATING,HIGH_CHILD_CYBERCRIME + HIGH_FRAUD_MOTIVE + HIGH_IDENTITY_THEFT + HIGH_SEXUAL_EXPLOITATION_MOTIVE,HIGH_EXTORTION_MOTIVE + HIGH_SEC66D_CHEATING -> HIGH_CHILD_CYBERCRIME + HIGH_FRAUD_MOTIVE + HIGH_IDENTITY_THEFT + HIGH_SEXUAL_EXPLOITATION_MOTIVE,2,4
0.4166666666666667,0.3888888888888889,0.3333333333333333,0.7999999999999999,2.057142857142857,1.0,0.17129629629629628,3.055555555555555,0.8809523809523809,0.7058823529411764,0.6727272727272725,0.8285714285714285,12,15,14,HIGH_IDENTITY_THEFT + HIGH_WOMEN_CYBERCRIME,HIGH_EXTORTION_MOTIVE + HIGH_FRAUD_MOTIVE + HIGH_SEC66D_CHEATING,HIGH_IDENTITY_THEFT + HIGH_WOMEN_CYBERCRIME -> HIGH_EXTORTION_MOTIVE + HIGH_FRAUD_MOTIVE + HIGH_SEC66D_CHEATING,2,3
0.4166666666666667,0.3888888888888889,0.3333333333333333,0.7999999999999999,2.057142857142857,1.0,0.17129629629629628,3.055555555555555,0.8809523809523809,0.7058823529411764,0.6727272727272725,0.8285714285714285,12,15,14,HIGH_EXTORTION_MOTIVE + HIGH_WOMEN_CYBERCRIME,HIGH_FRAUD_MOTIVE + HIGH_IDENTITY_THEFT + HIGH_SEC66D_CHEATING,HIGH_EXTORTION_MOTIVE + HIGH_WOMEN_CYBERCRIME -> HIGH_FRAUD_MOTIVE + HIGH_IDENTITY_THEFT + HIGH_SEC66D_CHEATING,2,3
0.4166666666666667,0.3888888888888889,0.3333333333333333,0.7999999999999999,2.057142857142857,1.0,0.17129629629629628,3.055555555555555,0.8809523809523809,0.7058823529411764,0.6727272727272725,0.8285714285714285,12,15,14,HIGH_EXTORTION_MOTIVE + HIGH_SEC66D_CHEATING,HIGH_FRAUD_MOTIVE + HIGH_IDENTITY_THEFT + HIGH_WOMEN_CYBERCRIME,HIGH_EXTORTION_MOTIVE + HIGH_SEC66D_CHEATING -> HIGH_FRAUD_MOTIVE + HIGH_IDENTITY_THEFT + HIGH_WOMEN_CYBERCRIME,2,3
0.4166666666666667,0.3888888888888889,0.3333333333333333,0.7999999999999999,2.057142857142857,1.0,0.17129629629629628,3.055555555555555,0.8809523809523809,0.7058823529411764,0.6727272727272725,0.8285714285714285,12,15,14,HIGH_FRAUD_MOTIVE + HIGH_WOMEN_CYBERCRIME,HIGH_EXTORTION_MOTIVE + HIGH_IDENTITY_THEFT + HIGH_SEC66D_CHEATING,HIGH_FRAUD_MOTIVE + HIGH_WOMEN_CYBERCRIME -> HIGH_EXTORTION_MOTIVE + HIGH_IDENTITY_THEFT + HIGH_SEC66D_CHEATING,2,3
0.4166666666666667,0.3888888888888889,0.3333333333333333,0.7999999999999999,2.057142857142857,1.0,0.17129629629629628,3.055555555555555,0.8809523809523809,0.7058823529411764,0.6727272727272725,0.8285714285714285,12,15,14,HIGH_CHILD_CYBERCRIME + HIGH_IDENTITY_THEFT,HIGH_EXTORTION_MOTIVE + HIGH_FRAUD_MOTIVE + HIGH_SEC66D_CHEATING,HIGH_CHILD_CYBERCRIME + HIGH_IDENTITY_THEFT -> HIGH_EXTORTION_MOTIVE + HIGH_FRAUD_MOTIVE + HIGH_SEC66D_CHEATING,2,3
0.4166666666666667,0.3888888888888889,0.3333333333333333,0.7999999999999999,2.057142857142857,1.0,0.17129629629629628,3.055555555555555,0.8809523809523809,0.7058823529411764,0.6727272727272725,0.8285714285714285,12,15,14,HIGH_CHILD_CYBERCRIME + HIGH_EXTORTION_MOTIVE,HIGH_FRAUD_MOTIVE + HIGH_IDENTITY_THEFT + HIGH_SEC66D_CHEATING,HIGH_CHILD_CYBERCRIME + HIGH_EXTORTION_MOTIVE -> HIGH_FRAUD_MOTIVE + HIGH_IDENTITY_THEFT + HIGH_SEC66D_CHEATING,2,3
0.4166666666666667,0.3888888888888889,0.3333333333333333,0.7999999999999999,2.057142857142857,1.0,0.17129629629629628,3.055555555555555,0.8809523809523809,0.7058823529411764,0.6727272727272725,0.8285714285714285,12,15,14,HIGH_CHILD_CYBERCRIME + HIGH_FRAUD_MOTIVE,HIGH_EXTORTION_MOTIVE + HIGH_IDENTITY_THEFT + HIGH_SEC66D_CHEATING,HIGH_CHILD_CYBERCRIME + HIGH_FRAUD_MOTIVE -> HIGH_EXTORTION_MOTIVE + HIGH_IDENTITY_THEFT + HIGH_SEC66D_CHEATING,2,3
0.4166666666666667,0.3888888888888889,0.3333333333333333,0.7999999999999999,2.057142857142857,1.0,0.17129629629629628,3.055555555555555,0.8809523809523809,0.7058823529411764,0.6727272727272725,0.8285714285714285,12,15,14,HIGH_EXTORTION_MOTIVE + HIGH_SEC66D_CHEATING,HIGH_CHILD_CYBERCRIME + HIGH_FRAUD_MOTIVE + HIGH_IDENTITY_THEFT,HIGH_EXTORTION_MOTIVE + HIGH_SEC66D_CHEATING -> HIGH_CHILD_CYBERCRIME + HIGH_FRAUD_MOTIVE + HIGH_IDENTITY_THEFT,2,3
0.4166666666666667,0.3888888888888889,0.3333333333333333,0.7999999999999999,2.057142857142857,1.0,0.17129629629629628,3.055555555555555,0.8809523809523809,0.7058823529411764,0.6727272727272725,0.8285714285714285,12,15,14,HIGH_EXTORTION_MOTIVE + HIGH_SEC66D_CHEATING,HIGH_FRAUD_MOTIVE + HIGH_SEXUAL_EXPLOITATION_MOTIVE + HIGH_WOMEN_CYBERCRIME,HIGH_EXTORTION_MOTIVE + HIGH_SEC66D_CHEATING -> HIGH_FRAUD_MOTIVE + HIGH_SEXUAL_EXPLOITATION_MOTIVE + HIGH_WOMEN_CYBERCRIME,2,3
0.4166666666666667,0.3888888888888889,0.3333333333333333,0.7999999999999999,2.057142857142857,1.0,0.17129629629629628,3.055555555555555,0.8809523809523809,0.7058823529411764,0.6727272727272725,0.8285714285714285,12,15,14,HIGH_FRAUD_MOTIVE + HIGH_WOMEN_CYBERCRIME,HIGH_EXTORTION_MOTIVE + HIGH_SEC66D_CHEATING + HIGH_SEXUAL_EXPLOITATION_MOTIVE,HIGH_FRAUD_MOTIVE + HIGH_WOMEN_CYBERCRIME -> HIGH_EXTORTION_MOTIVE + HIGH_SEC66D_CHEATING + HIGH_SEXUAL_EXPLOITATION_MOTIVE,2,3
0.4166666666666667,0.3888888888888889,0.3333333333333333,0.7999999999999999,2.057142857142857,1.0,0.17129629629629628,3.055555555555555,0.8809523809523809,0.7058823529411764,0.6727272727272725,0.8285714285714285,12,15,14,HIGH_CHILD_CYBERCRIME + HIGH_FRAUD_MOTIVE,HIGH_EXTORTION_MOTIVE + HIGH_SEC66D_CHEATING + HIGH_SEXUAL_EXPLOITATION_MOTIVE,HIGH_CHILD_CYBERCRIME + HIGH_FRAUD_MOTIVE -> HIGH_EXTORTION_MOTIVE + HIGH_SEC66D_CHEATING + HIGH_SEXUAL_EXPLOITATION_MOTIVE,2,3
0.4166666666666667,0.3888888888888889,0.3333333333333333,0.7999999999999999,2.057142857142857,1.0,0.17129629629629628,3.055555555555555,0.8809523809523809,0.7058823529411764,0.6727272727272725,0.8285714285714285,12,15,14,HIGH_EXTORTION_MOTIVE + HIGH_SEC66D_CHEATING,HIGH_CHILD_CYBERCRIME + HIGH_FRAUD_MOTIVE + HIGH_SEXUAL_EXPLOITATION_MOTIVE,HIGH_EXTORTION_MOTIVE + HIGH_SEC66D_CHEATING -> HIGH_CHILD_CYBERCRIME + HIGH_FRAUD_MOTIVE + HIGH_SEXUAL_EXPLOITATION_MOTIVE,2,3
0.4166666666666667,0.3888888888888889,0.3333333333333333,0.7999999999999999,2.057142857142857,1.0,0.17129629629629628,3.055555555555555,0.8809523809523809,0.7058823529411764,0.6727272727272725,0.8285714285714285,12,15,14,HIGH_EXTORTION_MOTIVE + HIGH_IDENTITY_THEFT + HIGH_WOMEN_CYBERCRIME,HIGH_SEC66D_CHEATING + HIGH_SEXUAL_EXPLOITATION_MOTIVE,HIGH_EXTORTION_MOTIVE + HIGH_IDENTITY_THEFT + HIGH_WOMEN_CYBERCRIME -> HIGH_SEC66D_CHEATING + HIGH_SEXUAL_EXPLOITATION_MOTIVE,3,2
0.4166666666666667,0.3888888888888889,0.3333333333333333,0.7999999999999999,2.057142857142857,1.0,0.17129629629629628,3.055555555555555,0.8809523809523809,0.7058823529411764,0.6727272727272725,0.8285714285714285,12,15,14,HIGH_EXTORTION_MOTIVE + HIGH_SEXUAL_EXPLOITATION_MOTIVE + HIGH_WOMEN_CYBERCRIME,HIGH_IDENTITY_THEFT + HIGH_SEC66D_CHEATING,HIGH_EXTORTION_MOTIVE + HIGH_SEXUAL_EXPLOITATION_MOTIVE + HIGH_WOMEN_CYBERCRIME -> HIGH_IDENTITY_THEFT + HIGH_SEC66D_CHEATING,3,2
0.4166666666666667,0.3888888888888889,0.3333333333333333,0.7999999999999999,2.057142857142857,1.0,0.17129629629629628,3.055555555555555,0.8809523809523809,0.7058823529411764,0.6727272727272725,0.8285714285714285,12,15,14,HIGH_IDENTITY_THEFT + HIGH_WOMEN_CYBERCRIME,HIGH_EXTORTION_MOTIVE + HIGH_SEC66D_CHEATING + HIGH_SEXUAL_EXPLOITATION_MOTIVE,HIGH_IDENTITY_THEFT + HIGH_WOMEN_CYBERCRIME -> HIGH_EXTORTION_MOTIVE + HIGH_SEC66D_CHEATING + HIGH_SEXUAL_EXPLOITATION_MOTIVE,2,3
0.4166666666666667,0.3888888888888889,0.3333333333333333,0.7999999999999999,2.057142857142857,1.0,0.17129629629629628,3.055555555555555,0.8809523809523809,0.7058823529411764,0.6727272727272725,0.8285714285714285,12,15,14,HIGH_CHILD_CYBERCRIME + HIGH_EXTORTION_MOTIVE + HIGH_IDENTITY_THEFT,HIGH_SEC66D_CHEATING + HIGH_SEXUAL_EXPLOITATION_MOTIVE,HIGH_CHILD_CYBERCRIME + HIGH_EXTORTION_MOTIVE + HIGH_IDENTITY_THEFT -> HIGH_SEC66D_CHEATING + HIGH_SEXUAL_EXPLOITATION_MOTIVE,3,2
0.4166666666666667,0.3888888888888889,0.3333333333333333,0.7999999999999999,2.057142857142857,1.0,0.17129629629629628,3.055555555555555,0.8809523809523809,0.7058823529411764,0.6727272727272725,0.8285714285714285,12,15,14,HIGH_CHILD_CYBERCRIME + HIGH_EXTORTION_MOTIVE + HIGH_SEXUAL_EXPLOITATION_MOTIVE,HIGH_IDENTITY_THEFT + HIGH_SEC66D_CHEATING,HIGH_CHILD_CYBERCRIME + HIGH_EXTORTION_MOTIVE + HIGH_SEXUAL_EXPLOITATION_MOTIVE -> HIGH_IDENTITY_THEFT + HIGH_SEC66D_CHEATING,3,2
0.4166666666666667,0.3888888888888889,0.3333333333333333,0.7999999999999999,2.057142857142857,1.0,0.17129629629629628,3.055555555555555,0.8809523809523809,0.7058823529411764,0.6727272727272725,0.8285714285714285,12,15,14,HIGH_CHILD_CYBERCRIME + HIGH_IDENTITY_THEFT,HIGH_EXTORTION_MOTIVE + HIGH_SEC66D_CHEATING + HIGH_SEXUAL_EXPLOITATION_MOTIVE,HIGH_CHILD_CYBERCRIME + HIGH_IDENTITY_THEFT -> HIGH_EXTORTION_MOTIVE + HIGH_SEC66D_CHEATING + HIGH_SEXUAL_EXPLOITATION_MOTIVE,2,3
0.4166666666666667,0.3888888888888889,0.3333333333333333,0.7999999999999999,2.057142857142857,1.0,0.17129629629629628,3.055555555555555,0.8809523809523809,0.7058823529411764,0.6727272727272725,0.8285714285714285,12,15,14,HIGH_FRAUD_MOTIVE + HIGH_WOMEN_CYBERCRIME,HIGH_IDENTITY_THEFT + HIGH_SEC66D_CHEATING,HIGH_FRAUD_MOTIVE + HIGH_WOMEN_CYBERCRIME -> HIGH_IDENTITY_THEFT + HIGH_SEC66D_CHEATING,2,2
0.4166666666666667,0.3888888888888889,0.3333333333333333,0.7999999999999999,2.057142857142857,1.0,0.17129629629629628,3.055555555555555,0.8809523809523809,0.7058823529411764,0.6727272727272725,0.8285714285714285,12,15,14,HIGH_CHILD_CYBERCRIME + HIGH_FRAUD_MOTIVE,HIGH_IDENTITY_THEFT + HIGH_SEC66D_CHEATING,HIGH_CHILD_CYBERCRIME + HIGH_FRAUD_MOTIVE -> HIGH_IDENTITY_THEFT + HIGH_SEC66D_CHEATING,2,2
0.4166666666666667,0.3888888888888889,0.3333333333333333,0.7999999999999999,2.057142857142857,1.0,0.17129629629629628,3.055555555555555,0.8809523809523809,0.7058823529411764,0.6727272727272725,0.8285714285714285,12,15,14,HIGH_FRAUD_MOTIVE + HIGH_WOMEN_CYBERCRIME,HIGH_SEC66D_CHEATING + HIGH_SEXUAL_EXPLOITATION_MOTIVE,HIGH_FRAUD_MOTIVE + HIGH_WOMEN_CYBERCRIME -> HIGH_SEC66D_CHEATING + HIGH_SEXUAL_EXPLOITATION_MOTIVE,2,2
0.4166666666666667,0.3888888888888889,0.3333333333333333,0.7999999999999999,2.057142857142857,1.0,0.17129629629629628,3.055555555555555,0.8809523809523809,0.7058823529411764,0.6727272727272725,0.8285714285714285,12,15,14,HIGH_CHILD_CYBERCRIME + HIGH_FRAUD_MOTIVE,HIGH_SEC66D_CHEATING + HIGH_SEXUAL_EXPLOITATION_MOTIVE,HIGH_CHILD_CYBERCRIME + HIGH_FRAUD_MOTIVE -> HIGH_SEC66D_CHEATING + HIGH_SEXUAL_EXPLOITATION_MOTIVE,2,2
0.4166666666666667,0.3888888888888889,0.3333333333333333,0.7999999999999999,2.057142857142857,1.0,0.17129629629629628,3.055555555555555,0.8809523809523809,0.7058823529411764,0.6727272727272725,0.8285714285714285,12,15,14,HIGH_EXTORTION_MOTIVE + HIGH_WOMEN_CYBERCRIME,HIGH_IDENTITY_THEFT + HIGH_SEC66D_CHEATING,HIGH_EXTORTION_MOTIVE + HIGH_WOMEN_CYBERCRIME -> HIGH_IDENTITY_THEFT + HIGH_SEC66D_CHEATING,2,2
0.4166666666666667,0.3888888888888889,0.3333333333333333,0.7999999999999999,2.057142857142857,1.0,0.17129629629629628,3.055555555555555,0.8809523809523809,0.7058823529411764,0.6727272727272725,0.8285714285714285,12,15,14,HIGH_CHILD_CYBERCRIME + HIGH_EXTORTION_MOTIVE,HIGH_IDENTITY_THEFT + HIGH_SEC66D_CHEATING,HIGH_CHILD_CYBERCRIME + HIGH_EXTORTION_MOTIVE -> HIGH_IDENTITY_THEFT + HIGH_SEC66D_CHEATING,2,2
0.4166666666666667,0.3888888888888889,0.3333333333333333,0.7999999999999999,2.057142857142857,1.0,0.17129629629629628,3.055555555555555,0.8809523809523809,0.7058823529411764,0.6727272727272725,0.8285714285714285,12,15,14,HIGH_IDENTITY_THEFT + HIGH_WOMEN_CYBERCRIME,HIGH_SEC66D_CHEATING + HIGH_SEXUAL_EXPLOITATION_MOTIVE,HIGH_IDENTITY_THEFT + HIGH_WOMEN_CYBERCRIME -> HIGH_SEC66D_CHEATING + HIGH_SEXUAL_EXPLOITATION_MOTIVE,2,2
0.4166666666666667,0.3888888888888889,0.3333333333333333,0.7999999999999999,2.057142857142857,1.0,0.17129629629629628,3.055555555555555,0.8809523809523809,0.7058823529411764,0.6727272727272725,0.8285714285714285,12,15,14,HIGH_CHILD_CYBERCRIME + HIGH_IDENTITY_THEFT,HIGH_SEC66D_CHEATING + HIGH_SEXUAL_EXPLOITATION_MOTIVE,HIGH_CHILD_CYBERCRIME + HIGH_IDENTITY_THEFT -> HIGH_SEC66D_CHEATING + HIGH_SEXUAL_EXPLOITATION_MOTIVE,2,2
0.4166666666666667,0.3888888888888889,0.3333333333333333,0.7999999999999999,2.057142857142857,1.0,0.17129629629629628,3.055555555555555,0.8809523809523809,0.7058823529411764,0.6727272727272725,0.8285714285714285,12,15,14,HIGH_EXTORTION_MOTIVE + HIGH_WOMEN_CYBERCRIME,HIGH_SEC66D_CHEATING + HIGH_SEXUAL_EXPLOITATION_MOTIVE,HIGH_EXTORTION_MOTIVE + HIGH_WOMEN_CYBERCRIME -> HIGH_SEC66D_CHEATING + HIGH_SEXUAL_EXPLOITATION_MOTIVE,2,2
0.4166666666666667,0.3888888888888889,0.3333333333333333,0.7999999999999999,2.057142857142857,1.0,0.17129629629629628,3.055555555555555,0.8809523809523809,0.7058823529411764,0.6727272727272725,0.8285714285714285,12,15,14,HIGH_CHILD_CYBERCRIME + HIGH_EXTORTION_MOTIVE,HIGH_SEC66D_CHEATING + HIGH_SEXUAL_EXPLOITATION_MOTIVE,HIGH_CHILD_CYBERCRIME + HIGH_EXTORTION_MOTIVE -> HIGH_SEC66D_CHEATING + HIGH_SEXUAL_EXPLOITATION_MOTIVE,2,2
0.4166666666666667,0.4166666666666667,0.3333333333333333,0.7999999999999999,1.9199999999999997,1.0,0.15972222222222218,2.916666666666665,0.8214285714285713,0.6666666666666666,0.657142857142857,0.7999999999999999,12,15,15,HIGH_EXTORTION_MOTIVE + HIGH_IDENTITY_THEFT + HIGH_SEXUAL_EXPLOITATION_MOTIVE + HIGH_WOMEN_CYBERCRIME,HIGH_FRAUD_MOTIVE + HIGH_SEC66D_CHEATING,HIGH_EXTORTION_MOTIVE + HIGH_IDENTITY_THEFT + HIGH_SEXUAL_EXPLOITATION_MOTIVE + HIGH_WOMEN_CYBERCRIME -> HIGH_FRAUD_MOTIVE + HIGH_SEC66D_CHEATING,4,2
0.4166666666666667,0.4166666666666667,0.3333333333333333,0.7999999999999999,1.9199999999999997,1.0,0.15972222222222218,2.916666666666665,0.8214285714285713,0.6666666666666666,0.657142857142857,0.7999999999999999,12,15,15,HIGH_FRAUD_MOTIVE + HIGH_SEC66D_CHEATING,HIGH_EXTORTION_MOTIVE + HIGH_IDENTITY_THEFT + HIGH_SEXUAL_EXPLOITATION_MOTIVE + HIGH_WOMEN_CYBERCRIME,HIGH_FRAUD_MOTIVE + HIGH_SEC66D_CHEATING -> HIGH_EXTORTION_MOTIVE + HIGH_IDENTITY_THEFT + HIGH_SEXUAL_EXPLOITATION_MOTIVE + HIGH_WOMEN_CYBERCRIME,2,4
0.4166666666666667,0.4166666666666667,0.3333333333333333,0.7999999999999999,1.9199999999999997,1.0,0.15972222222222218,2.916666666666665,0.8214285714285713,0.6666666666666666,0.657142857142857,0.7999999999999999,12,15,15,HIGH_CHILD_CYBERCRIME + HIGH_EXTORTION_MOTIVE + HIGH_IDENTITY_THEFT + HIGH_SEXUAL_EXPLOITATION_MOTIVE,HIGH_FRAUD_MOTIVE + HIGH_SEC66D_CHEATING,HIGH_CHILD_CYBERCRIME + HIGH_EXTORTION_MOTIVE + HIGH_IDENTITY_THEFT + HIGH_SEXUAL_EXPLOITATION_MOTIVE -> HIGH_FRAUD_MOTIVE + HIGH_SEC66D_CHEATING,4,2
0.4166666666666667,0.4166666666666667,0.3333333333333333,0.7999999999999999,1.9199999999999997,1.0,0.15972222222222218,2.916666666666665,0.8214285714285713,0.6666666666666666,0.657142857142857,0.7999999999999999,12,15,15,HIGH_FRAUD_MOTIVE + HIGH_SEC66D_CHEATING,HIGH_CHILD_CYBERCRIME + HIGH_EXTORTION_MOTIVE + HIGH_IDENTITY_THEFT + HIGH_SEXUAL_EXPLOITATION_MOTIVE,HIGH_FRAUD_MOTIVE + HIGH_SEC66D_CHEATING -> HIGH_CHILD_CYBERCRIME + HIGH_EXTORTION_MOTIVE + HIGH_IDENTITY_THEFT + HIGH_SEXUAL_EXPLOITATION_MOTIVE,2,4
0.4166666666666667,0.4166666666666667,0.3333333333333333,0.7999999999999999,1.9199999999999997,1.0,0.15972222222222218,2.916666666666665,0.8214285714285713,0.6666666666666666,0.657142857142857,0.7999999999999999,12,15,15,HIGH_EXTORTION_MOTIVE + HIGH_IDENTITY_THEFT + HIGH_WOMEN_CYBERCRIME,HIGH_FRAUD_MOTIVE + HIGH_SEC66D_CHEATING,HIGH_EXTORTION_MOTIVE + HIGH_IDENTITY_THEFT + HIGH_WOMEN_CYBERCRIME -> HIGH_FRAUD_MOTIVE + HIGH_SEC66D_CHEATING,3,2
0.4166666666666667,0.4166666666666667,0.3333333333333333,0.7999999999999999,1.9199999999999997,1.0,0.15972222222222218,2.916666666666665,0.8214285714285713,0.6666666666666666,0.657142857142857,0.7999999999999999,12,15,15,HIGH_FRAUD_MOTIVE + HIGH_SEC66D_CHEATING,HIGH_EXTORTION_MOTIVE + HIGH_IDENTITY_THEFT + HIGH_WOMEN_CYBERCRIME,HIGH_FRAUD_MOTIVE + HIGH_SEC66D_CHEATING -> HIGH_EXTORTION_MOTIVE + HIGH_IDENTITY_THEFT + HIGH_WOMEN_CYBERCRIME,2,3
0.4166666666666667,0.4166666666666667,0.3333333333333333,0.7999999999999999,1.9199999999999997,1.0,0.15972222222222218,2.916666666666665,0.8214285714285713,0.6666666666666666,0.657142857142857,0.7999999999999999,12,15,15,HIGH_CHILD_CYBERCRIME + HIGH_EXTORTION_MOTIVE + HIGH_IDENTITY_THEFT,HIGH_FRAUD_MOTIVE + HIGH_SEC66D_CHEATING,HIGH_CHILD_CYBERCRIME + HIGH_EXTORTION_MOTIVE + HIGH_IDENTITY_THEFT -> HIGH_FRAUD_MOTIVE + HIGH_SEC66D_CHEATING,3,2
0.4166666666666667,0.4166666666666667,0.3333333333333333,0.7999999999999999,1.9199999999999997,1.0,0.15972222222222218,2.916666666666665,0.8214285714285713,0.6666666666666666,0.657142857142857,0.7999999999999999,12,15,15,HIGH_FRAUD_MOTIVE + HIGH_SEC66D_CHEATING,HIGH_CHILD_CYBERCRIME + HIGH_EXTORTION_MOTIVE + HIGH_IDENTITY_THEFT,HIGH_FRAUD_MOTIVE + HIGH_SEC66D_CHEATING -> HIGH_CHILD_CYBERCRIME + HIGH_EXTORTION_MOTIVE + HIGH_IDENTITY_THEFT,2,3
0.4166666666666667,0.4166666666666667,0.3333333333333333,0.7999999999999999,1.9199999999999997,1.0,0.15972222222222218,2.916666666666665,0.8214285714285713,0.6666666666666666,0.657142857142857,0.7999999999999999,12,15,15,HIGH_IDENTITY_THEFT + HIGH_SEXUAL_EXPLOITATION_MOTIVE + HIGH_WOMEN_CYBERCRIME,HIGH_FRAUD_MOTIVE + HIGH_SEC66D_CHEATING,HIGH_IDENTITY_THEFT + HIGH_SEXUAL_EXPLOITATION_MOTIVE + HIGH_WOMEN_CYBERCRIME -> HIGH_FRAUD_MOTIVE + HIGH_SEC66D_CHEATING,3,2
0.4166666666666667,0.4166666666666667,0.3333333333333333,0.7999999999999999,1.9199999999999997,1.0,0.15972222222222218,2.916666666666665,0.8214285714285713,0.6666666666666666,0.657142857142857,0.7999999999999999,12,15,15,HIGH_FRAUD_MOTIVE + HIGH_SEC66D_CHEATING,HIGH_IDENTITY_THEFT + HIGH_SEXUAL_EXPLOITATION_MOTIVE + HIGH_WOMEN_CYBERCRIME,HIGH_FRAUD_MOTIVE + HIGH_SEC66D_CHEATING -> HIGH_IDENTITY_THEFT + HIGH_SEXUAL_EXPLOITATION_MOTIVE + HIGH_WOMEN_CYBERCRIME,2,3
0.4166666666666667,0.4166666666666667,0.3333333333333333,0.7999999999999999,1.9199999999999997,1.0,0.15972222222222218,2.916666666666665,0.8214285714285713,0.6666666666666666,0.657142857142857,0.7999999999999999,12,15,15,HIGH_CHILD_CYBERCRIME + HIGH_IDENTITY_THEFT + HIGH_SEXUAL_EXPLOITATION_MOTIVE,HIGH_FRAUD_MOTIVE + HIGH_SEC66D_CHEATING,HIGH_CHILD_CYBERCRIME + HIGH_IDENTITY_THEFT + HIGH_SEXUAL_EXPLOITATION_MOTIVE -> HIGH_FRAUD_MOTIVE + HIGH_SEC66D_CHEATING,3,2
0.4166666666666667,0.4166666666666667,0.3333333333333333,0.7999999999999999,1.9199999999999997,1.0,0.15972222222222218,2.916666666666665,0.8214285714285713,0.6666666666666666,0.657142857142857,0.7999999999999999,12,15,15,HIGH_FRAUD_MOTIVE + HIGH_SEC66D_CHEATING,HIGH_CHILD_CYBERCRIME + HIGH_IDENTITY_THEFT + HIGH_SEXUAL_EXPLOITATION_MOTIVE,HIGH_FRAUD_MOTIVE + HIGH_SEC66D_CHEATING -> HIGH_CHILD_CYBERCRIME + HIGH_IDENTITY_THEFT + HIGH_SEXUAL_EXPLOITATION_MOTIVE,2,3
0.4166666666666667,0.4166666666666667,0.3333333333333333,0.7999999999999999,1.9199999999999997,1.0,0.15972222222222218,2.916666666666665,0.8214285714285713,0.6666666666666666,0.657142857142857,0.7999999999999999,12,15,15,HIGH_EXTORTION_MOTIVE + HIGH_SEXUAL_EXPLOITATION_MOTIVE + HIGH_WOMEN_CYBERCRIME,HIGH_FRAUD_MOTIVE + HIGH_SEC66D_CHEATING,HIGH_EXTORTION_MOTIVE + HIGH_SEXUAL_EXPLOITATION_MOTIVE + HIGH_WOMEN_CYBERCRIME -> HIGH_FRAUD_MOTIVE + HIGH_SEC66D_CHEATING,3,2
0.4166666666666667,0.4166666666666667,0.3333333333333333,0.7999999999999999,1.9199999999999997,1.0,0.15972222222222218,2.916666666666665,0.8214285714285713,0.6666666666666666,0.657142857142857,0.7999999999999999,12,15,15,HIGH_FRAUD_MOTIVE + HIGH_SEC66D_CHEATING,HIGH_EXTORTION_MOTIVE + HIGH_SEXUAL_EXPLOITATION_MOTIVE + HIGH_WOMEN_CYBERCRIME,HIGH_FRAUD_MOTIVE + HIGH_SEC66D_CHEATING -> HIGH_EXTORTION_MOTIVE + HIGH_SEXUAL_EXPLOITATION_MOTIVE + HIGH_WOMEN_CYBERCRIME,2,3
0.4166666666666667,0.4166666666666667,0.3333333333333333,0.7999999999999999,1.9199999999999997,1.0,0.15972222222222218,2.916666666666665,0.8214285714285713,0.6666666666666666,0.657142857142857,0.7999999999999999,12,15,15,HIGH_CHILD_CYBERCRIME + HIGH_EXTORTION_MOTIVE + HIGH_SEXUAL_EXPLOITATION_MOTIVE,HIGH_FRAUD_MOTIVE + HIGH_SEC66D_CHEATING,HIGH_CHILD_CYBERCRIME + HIGH_EXTORTION_MOTIVE + HIGH_SEXUAL_EXPLOITATION_MOTIVE -> HIGH_FRAUD_MOTIVE + HIGH_SEC66D_CHEATING,3,2
0.4166666666666667,0.4166666666666667,0.3333333333333333,0.7999999999999999,1.9199999999999997,1.0,0.15972222222222218,2.916666666666665,0.8214285714285713,0.6666666666666666,0.657142857142857,0.7999999999999999,12,15,15,HIGH_FRAUD_MOTIVE + HIGH_SEC66D_CHEATING,HIGH_CHILD_CYBERCRIME + HIGH_EXTORTION_MOTIVE + HIGH_SEXUAL_EXPLOITATION_MOTIVE,HIGH_FRAUD_MOTIVE + HIGH_SEC66D_CHEATING -> HIGH_CHILD_CYBERCRIME + HIGH_EXTORTION_MOTIVE + HIGH_SEXUAL_EXPLOITATION_MOTIVE,2,3
0.4166666666666667,0.4166666666666667,0.3333333333333333,0.7999999999999999,1.9199999999999997,1.0,0.15972222222222218,2.916666666666665,0.8214285714285713,0.6666666666666666,0.657142857142857,0.7999999999999999,12,15,15,HIGH_IDENTITY_THEFT + HIGH_SEXUAL_EXPLOITATION_MOTIVE + HIGH_WOMEN_CYBERCRIME,HIGH_EXTORTION_MOTIVE + HIGH_SEC66D_CHEATING,HIGH_IDENTITY_THEFT + HIGH_SEXUAL_EXPLOITATION_MOTIVE + HIGH_WOMEN_CYBERCRIME -> HIGH_EXTORTION_MOTIVE + HIGH_SEC66D_CHEATING,3,2
0.4166666666666667,0.4166666666666667,0.3333333333333333,0.7999999999999999,1.9199999999999997,1.0,0.15972222222222218,2.916666666666665,0.8214285714285713,0.6666666666666666,0.657142857142857,0.7999999999999999,12,15,15,HIGH_EXTORTION_MOTIVE + HIGH_SEC66D_CHEATING,HIGH_IDENTITY_THEFT + HIGH_SEXUAL_EXPLOITATION_MOTIVE + HIGH_WOMEN_CYBERCRIME,HIGH_EXTORTION_MOTIVE + HIGH_SEC66D_CHEATING -> HIGH_IDENTITY_THEFT + HIGH_SEXUAL_EXPLOITATION_MOTIVE + HIGH_WOMEN_CYBERCRIME,2,3
0.4166666666666667,0.4166666666666667,0.3333333333333333,0.7999999999999999,1.9199999999999997,1.0,0.15972222222222218,2.916666666666665,0.8214285714285713,0.6666666666666666,0.657142857142857,0.7999999999999999,12,15,15,HIGH_CHILD_CYBERCRIME + HIGH_IDENTITY_THEFT + HIGH_SEXUAL_EXPLOITATION_MOTIVE,HIGH_EXTORTION_MOTIVE + HIGH_SEC66D_CHEATING,HIGH_CHILD_CYBERCRIME + HIGH_IDENTITY_THEFT + HIGH_SEXUAL_EXPLOITATION_MOTIVE -> HIGH_EXTORTION_MOTIVE + HIGH_SEC66D_CHEATING,3,2
0.4166666666666667,0.4166666666666667,0.3333333333333333,0.7999999999999999,1.9199999999999997,1.0,0.15972222222222218,2.916666666666665,0.8214285714285713,0.6666666666666666,0.657142857142857,0.7999999999999999,12,15,15,HIGH_EXTORTION_MOTIVE + HIGH_SEC66D_CHEATING,HIGH_CHILD_CYBERCRIME + HIGH_IDENTITY_THEFT + HIGH_SEXUAL_EXPLOITATION_MOTIVE,HIGH_EXTORTION_MOTIVE + HIGH_SEC66D_CHEATING -> HIGH_CHILD_CYBERCRIME + HIGH_IDENTITY_THEFT + HIGH_SEXUAL_EXPLOITATION_MOTIVE,2,3
0.4166666666666667,0.4166666666666667,0.3333333333333333,0.7999999999999999,1.9199999999999997,1.0,0.15972222222222218,2.916666666666665,0.8214285714285713,0.6666666666666666,0.657142857142857,0.7999999999999999,12,15,15,HIGH_FRAUD_MOTIVE + HIGH_SEC66D_CHEATING,HIGH_IDENTITY_THEFT + HIGH_WOMEN_CYBERCRIME,HIGH_FRAUD_MOTIVE + HIGH_SEC66D_CHEATING -> HIGH_IDENTITY_THEFT + HIGH_WOMEN_CYBERCRIME,2,2
0.4166666666666667,0.4166666666666667,0.3333333333333333,0.7999999999999999,1.9199999999999997,1.0,0.15972222222222218,2.916666666666665,0.8214285714285713,0.6666666666666666,0.657142857142857,0.7999999999999999,12,15,15,HIGH_IDENTITY_THEFT + HIGH_WOMEN_CYBERCRIME,HIGH_FRAUD_MOTIVE + HIGH_SEC66D_CHEATING,HIGH_IDENTITY_THEFT + HIGH_WOMEN_CYBERCRIME -> HIGH_FRAUD_MOTIVE + HIGH_SEC66D_CHEATING,2,2
0.4166666666666667,0.4166666666666667,0.3333333333333333,0.7999999999999999,1.9199999999999997,1.0,0.15972222222222218,2.916666666666665,0.8214285714285713,0.6666666666666666,0.657142857142857,0.7999999999999999,12,15,15,HIGH_FRAUD_MOTIVE + HIGH_SEC66D_CHEATING,HIGH_CHILD_CYBERCRIME + HIGH_IDENTITY_THEFT,HIGH_FRAUD_MOTIVE + HIGH_SEC66D_CHEATING -> HIGH_CHILD_CYBERCRIME + HIGH_IDENTITY_THEFT,2,2
0.4166666666666667,0.4166666666666667,0.3333333333333333,0.7999999999999999,1.9199999999999997,1.0,0.15972222222222218,2.916666666666665,0.8214285714285713,0.6666666666666666,0.657142857142857,0.7999999999999999,12,15,15,HIGH_CHILD_CYBERCRIME + HIGH_IDENTITY_THEFT,HIGH_FRAUD_MOTIVE + HIGH_SEC66D_CHEATING,HIGH_CHILD_CYBERCRIME + HIGH_IDENTITY_THEFT -> HIGH_FRAUD_MOTIVE + HIGH_SEC66D_CHEATING,2,2
0.4166666666666667,0.4166666666666667,0.3333333333333333,0.7999999999999999,1.9199999999999997,1.0,0.15972222222222218,2.916666666666665,0.8214285714285713,0.6666666666666666,0.657142857142857,0.7999999999999999,12,15,15,HIGH_FRAUD_MOTIVE + HIGH_SEC66D_CHEATING,HIGH_EXTORTION_MOTIVE + HIGH_WOMEN_CYBERCRIME,HIGH_FRAUD_MOTIVE + HIGH_SEC66D_CHEATING -> HIGH_EXTORTION_MOTIVE + HIGH_WOMEN_CYBERCRIME,2,2
0.4166666666666667,0.4166666666666667,0.3333333333333333,0.7999999999999999,1.9199999999999997,1.0,0.15972222222222218,2.916666666666665,0.8214285714285713,0.6666666666666666,0.657142857142857,0.7999999999999999,12,15,15,HIGH_EXTORTION_MOTIVE + HIGH_SEC66D_CHEATING,HIGH_FRAUD_MOTIVE + HIGH_WOMEN_CYBERCRIME,HIGH_EXTORTION_MOTIVE + HIGH_SEC66D_CHEATING -> HIGH_FRAUD_MOTIVE + HIGH_WOMEN_CYBERCRIME,2,2
0.4166666666666667,0.4166666666666667,0.3333333333333333,0.7999999999999999,1.9199999999999997,1.0,0.15972222222222218,2.916666666666665,0.8214285714285713,0.6666666666666666,0.657142857142857,0.7999999999999999,12,15,15,HIGH_FRAUD_MOTIVE + HIGH_WOMEN_CYBERCRIME,HIGH_EXTORTION_MOTIVE + HIGH_SEC66D_CHEATING,HIGH_FRAUD_MOTIVE + HIGH_WOMEN_CYBERCRIME -> HIGH_EXTORTION_MOTIVE + HIGH_SEC66D_CHEATING,2,2
0.4166666666666667,0.4166666666666667,0.3333333333333333,0.7999999999999999,1.9199999999999997,1.0,0.15972222222222218,2.916666666666665,0.8214285714285713,0.6666666666666666,0.657142857142857,0.7999999999999999,12,15,15,HIGH_EXTORTION_MOTIVE + HIGH_WOMEN_CYBERCRIME,HIGH_FRAUD_MOTIVE + HIGH_SEC66D_CHEATING,HIGH_EXTORTION_MOTIVE + HIGH_WOMEN_CYBERCRIME -> HIGH_FRAUD_MOTIVE + HIGH_SEC66D_CHEATING,2,2
0.4166666666666667,0.4166666666666667,0.3333333333333333,0.7999999999999999,1.9199999999999997,1.0,0.15972222222222218,2.916666666666665,0.8214285714285713,0.6666666666666666,0.657142857142857,0.7999999999999999,12,15,15,HIGH_FRAUD_MOTIVE + HIGH_SEC66D_CHEATING,HIGH_CHILD_CYBERCRIME + HIGH_EXTORTION_MOTIVE,HIGH_FRAUD_MOTIVE + HIGH_SEC66D_CHEATING -> HIGH_CHILD_CYBERCRIME + HIGH_EXTORTION_MOTIVE,2,2
0.4166666666666667,0.4166666666666667,0.3333333333333333,0.7999999999999999,1.9199999999999997,1.0,0.15972222222222218,2.916666666666665,0.8214285714285713,0.6666666666666666,0.657142857142857,0.7999999999999999,12,15,15,HIGH_EXTORTION_MOTIVE + HIGH_SEC66D_CHEATING,HIGH_CHILD_CYBERCRIME + HIGH_FRAUD_MOTIVE,HIGH_EXTORTION_MOTIVE + HIGH_SEC66D_CHEATING -> HIGH_CHILD_CYBERCRIME + HIGH_FRAUD_MOTIVE,2,2
0.4166666666666667,0.4166666666666667,0.3333333333333333,0.7999999999999999,1.9199999999999997,1.0,0.15972222222222218,2.916666666666665,0.8214285714285713,0.6666666666666666,0.657142857142857,0.7999999999999999,12,15,15,HIGH_CHILD_CYBERCRIME + HIGH_FRAUD_MOTIVE,HIGH_EXTORTION_MOTIVE + HIGH_SEC66D_CHEATING,HIGH_CHILD_CYBERCRIME + HIGH_FRAUD_MOTIVE -> HIGH_EXTORTION_MOTIVE + HIGH_SEC66D_CHEATING,2,2
0.4166666666666667,0.4166666666666667,0.3333333333333333,0.7999999999999999,1.9199999999999997,1.0,0.15972222222222218,2.916666666666665,0.8214285714285713,0.6666666666666666,0.657142857142857,0.7999999999999999,12,15,15,HIGH_CHILD_CYBERCRIME + HIGH_EXTORTION_MOTIVE,HIGH_FRAUD_MOTIVE + HIGH_SEC66D_CHEATING,HIGH_CHILD_CYBERCRIME + HIGH_EXTORTION_MOTIVE -> HIGH_FRAUD_MOTIVE + HIGH_SEC66D_CHEATING,2,2
0.4166666666666667,0.4166666666666667,0.3333333333333333,0.7999999999999999,1.9199999999999997,1.0,0.15972222222222218,2.916666666666665,0.8214285714285713,0.6666666666666666,0.657142857142857,0.7999999999999999,12,15,15,HIGH_EXTORTION_MOTIVE + HIGH_SEC66D_CHEATING,HIGH_IDENTITY_THEFT + HIGH_WOMEN_CYBERCRIME,HIGH_EXTORTION_MOTIVE + HIGH_SEC66D_CHEATING -> HIGH_IDENTITY_THEFT + HIGH_WOMEN_CYBERCRIME,2,2
0.4166666666666667,0.4166666666666667,0.3333333333333333,0.7999999999999999,1.9199999999999997,1.0,0.15972222222222218,2.916666666666665,0.8214285714285713,0.6666666666666666,0.657142857142857,0.7999999999999999,12,15,15,HIGH_IDENTITY_THEFT + HIGH_WOMEN_CYBERCRIME,HIGH_EXTORTION_MOTIVE + HIGH_SEC66D_CHEATING,HIGH_IDENTITY_THEFT + HIGH_WOMEN_CYBERCRIME -> HIGH_EXTORTION_MOTIVE + HIGH_SEC66D_CHEATING,2,2
0.4166666666666667,0.4166666666666667,0.3333333333333333,0.7999999999999999,1.9199999999999997,1.0,0.15972222222222218,2.916666666666665,0.8214285714285713,0.6666666666666666,0.657142857142857,0.7999999999999999,12,15,15,HIGH_EXTORTION_MOTIVE + HIGH_SEC66D_CHEATING,HIGH_CHILD_CYBERCRIME + HIGH_IDENTITY_THEFT,HIGH_EXTORTION_MOTIVE + HIGH_SEC66D_CHEATING -> HIGH_CHILD_CYBERCRIME + HIGH_IDENTITY_THEFT,2,2
0.4166666666666667,0.4166666666666667,0.3333333333333333,0.7999999999999999,1.9199999999999997,1.0,0.15972222222222218,2.916666666666665,0.8214285714285713,0.6666666666666666,0.657142857142857,0.7999999999999999,12,15,15,HIGH_CHILD_CYBERCRIME + HIGH_IDENTITY_THEFT,HIGH_EXTORTION_MOTIVE + HIGH_SEC66D_CHEATING,HIGH_CHILD_CYBERCRIME + HIGH_IDENTITY_THEFT -> HIGH_EXTORTION_MOTIVE + HIGH_SEC66D_CHEATING,2,2
0.4166666666666667,0.4444444444444444,0.3333333333333333,0.7999999999999999,1.8,1.0,0.14814814814814814,2.777777777777777,0.761904761904762,0.6315789473684209,0.6399999999999999,0.7749999999999999,12,15,16,HIGH_FRAUD_MOTIVE + HIGH_SEC66D_CHEATING,HIGH_SEXUAL_EXPLOITATION_MOTIVE + HIGH_WOMEN_CYBERCRIME,HIGH_FRAUD_MOTIVE + HIGH_SEC66D_CHEATING -> HIGH_SEXUAL_EXPLOITATION_MOTIVE + HIGH_WOMEN_CYBERCRIME,2,2
0.4166666666666667,0.4444444444444444,0.3333333333333333,0.7999999999999999,1.8,1.0,0.14814814814814814,2.777777777777777,0.761904761904762,0.6315789473684209,0.6399999999999999,0.7749999999999999,12,15,16,HIGH_FRAUD_MOTIVE + HIGH_SEC66D_CHEATING,HIGH_CHILD_CYBERCRIME + HIGH_SEXUAL_EXPLOITATION_MOTIVE,HIGH_FRAUD_MOTIVE + HIGH_SEC66D_CHEATING -> HIGH_CHILD_CYBERCRIME + HIGH_SEXUAL_EXPLOITATION_MOTIVE,2,2
0.4166666666666667,0.4444444444444444,0.3333333333333333,0.7999999999999999,1.8,1.0,0.14814814814814814,2.777777777777777,0.761904761904762,0.6315789473684209,0.6399999999999999,0.7749999999999999,12,15,16,HIGH_EXTORTION_MOTIVE + HIGH_SEC66D_CHEATING,HIGH_SEXUAL_EXPLOITATION_MOTIVE + HIGH_WOMEN_CYBERCRIME,HIGH_EXTORTION_MOTIVE + HIGH_SEC66D_CHEATING -> HIGH_SEXUAL_EXPLOITATION_MOTIVE + HIGH_WOMEN_CYBERCRIME,2,2
0.4166666666666667,0.4444444444444444,0.3333333333333333,0.7999999999999999,1.8,1.0,0.14814814814814814,2.777777777777777,0.761904761904762,0.6315789473684209,0.6399999999999999,0.7749999999999999,12,15,16,HIGH_EXTORTION_MOTIVE + HIGH_SEC66D_CHEATING,HIGH_CHILD_CYBERCRIME + HIGH_SEXUAL_EXPLOITATION_MOTIVE,HIGH_EXTORTION_MOTIVE + HIGH_SEC66D_CHEATING -> HIGH_CHILD_CYBERCRIME + HIGH_SEXUAL_EXPLOITATION_MOTIVE,2,2
0.4166666666666667,0.5,0.3333333333333333,0.7999999999999999,1.5999999999999999,1.0,0.12499999999999997,2.499999999999999,0.6428571428571428,0.5714285714285713,0.5999999999999999,0.7333333333333333,12,15,18,HIGH_EXTORTION_MOTIVE + HIGH_IDENTITY_THEFT + HIGH_SEXUAL_EXPLOITATION_MOTIVE + HIGH_WOMEN_CYBERCRIME,HIGH_SEC66D_CHEATING,HIGH_EXTORTION_MOTIVE + HIGH_IDENTITY_THEFT + HIGH_SEXUAL_EXPLOITATION_MOTIVE + HIGH_WOMEN_CYBERCRIME -> HIGH_SEC66D_CHEATING,4,1
0.4166666666666667,0.5,0.3333333333333333,0.7999999999999999,1.5999999999999999,1.0,0.12499999999999997,2.499999999999999,0.6428571428571428,0.5714285714285713,0.5999999999999999,0.7333333333333333,12,15,18,HIGH_CHILD_CYBERCRIME + HIGH_EXTORTION_MOTIVE + HIGH_IDENTITY_THEFT + HIGH_SEXUAL_EXPLOITATION_MOTIVE,HIGH_SEC66D_CHEATING,HIGH_CHILD_CYBERCRIME + HIGH_EXTORTION_MOTIVE + HIGH_IDENTITY_THEFT + HIGH_SEXUAL_EXPLOITATION_MOTIVE -> HIGH_SEC66D_CHEATING,4,1
0.4166666666666667,0.5,0.3333333333333333,0.7999999999999999,1.5999999999999999,1.0,0.12499999999999997,2.499999999999999,0.6428571428571428,0.5714285714285713,0.5999999999999999,0.7333333333333333,12,15,18,HIGH_EXTORTION_MOTIVE + HIGH_IDENTITY_THEFT + HIGH_WOMEN_CYBERCRIME,HIGH_SEC66D_CHEATING,HIGH_EXTORTION_MOTIVE + HIGH_IDENTITY_THEFT + HIGH_WOMEN_CYBERCRIME -> HIGH_SEC66D_CHEATING,3,1
0.4166666666666667,0.5,0.3333333333333333,0.7999999999999999,1.5999999999999999,1.0,0.12499999999999997,2.499999999999999,0.6428571428571428,0.5714285714285713,0.5999999999999999,0.7333333333333333,12,15,18,HIGH_CHILD_CYBERCRIME + HIGH_EXTORTION_MOTIVE + HIGH_IDENTITY_THEFT,HIGH_SEC66D_CHEATING,HIGH_CHILD_CYBERCRIME + HIGH_EXTORTION_MOTIVE + HIGH_IDENTITY_THEFT -> HIGH_SEC66D_CHEATING,3,1
0.4166666666666667,0.5,0.3333333333333333,0.7999999999999999,1.5999999999999999,1.0,0.12499999999999997,2.499999999999999,0.6428571428571428,0.5714285714285713,0.5999999999999999,0.7333333333333333,12,15,18,HIGH_IDENTITY_THEFT + HIGH_SEXUAL_EXPLOITATION_MOTIVE + HIGH_WOMEN_CYBERCRIME,HIGH_SEC66D_CHEATING,HIGH_IDENTITY_THEFT + HIGH_SEXUAL_EXPLOITATION_MOTIVE + HIGH_WOMEN_CYBERCRIME -> HIGH_SEC66D_CHEATING,3,1
0.4166666666666667,0.5,0.3333333333333333,0.7999999999999999,1.5999999999999999,1.0,0.12499999999999997,2.499999999999999,0.6428571428571428,0.5714285714285713,0.5999999999999999,0.7333333333333333,12,15,18,HIGH_CHILD_CYBERCRIME + HIGH_IDENTITY_THEFT + HIGH_SEXUAL_EXPLOITATION_MOTIVE,HIGH_SEC66D_CHEATING,HIGH_CHILD_CYBERCRIME + HIGH_IDENTITY_THEFT + HIGH_SEXUAL_EXPLOITATION_MOTIVE -> HIGH_SEC66D_CHEATING,3,1
0.4166666666666667,0.5,0.3333333333333333,0.7999999999999999,1.5999999999999999,1.0,0.12499999999999997,2.499999999999999,0.6428571428571428,0.5714285714285713,0.5999999999999999,0.7333333333333333,12,15,18,HIGH_EXTORTION_MOTIVE + HIGH_SEXUAL_EXPLOITATION_MOTIVE + HIGH_WOMEN_CYBERCRIME,HIGH_SEC66D_CHEATING,HIGH_EXTORTION_MOTIVE + HIGH_SEXUAL_EXPLOITATION_MOTIVE + HIGH_WOMEN_CYBERCRIME -> HIGH_SEC66D_CHEATING,3,1
0.4166666666666667,0.5,0.3333333333333333,0.7999999999999999,1.5999999999999999,1.0,0.12499999999999997,2.499999999999999,0.6428571428571428,0.5714285714285713,0.5999999999999999,0.7333333333333333,12,15,18,HIGH_CHILD_CYBERCRIME + HIGH_EXTORTION_MOTIVE + HIGH_SEXUAL_EXPLOITATION_MOTIVE,HIGH_SEC66D_CHEATING,HIGH_CHILD_CYBERCRIME + HIGH_EXTORTION_MOTIVE + HIGH_SEXUAL_EXPLOITATION_MOTIVE -> HIGH_SEC66D_CHEATING,3,1
0.4166666666666667,0.5,0.3333333333333333,0.7999999999999999,1.5999999999999999,1.0,0.12499999999999997,2.499999999999999,0.6428571428571428,0.5714285714285713,0.5999999999999999,0.7333333333333333,12,15,18,HIGH_FRAUD_MOTIVE + HIGH_SEC66D_CHEATING,HIGH_WOMEN_CYBERCRIME,HIGH_FRAUD_MOTIVE + HIGH_SEC66D_CHEATING -> HIGH_WOMEN_CYBERCRIME,2,1
0.4166666666666667,0.5,0.3333333333333333,0.7999999999999999,1.5999999999999999,1.0,0.12499999999999997,2.499999999999999,0.6428571428571428,0.5714285714285713,0.5999999999999999,0.7333333333333333,12,15,18,HIGH_FRAUD_MOTIVE + HIGH_WOMEN_CYBERCRIME,HIGH_SEC66D_CHEATING,HIGH_FRAUD_MOTIVE + HIGH_WOMEN_CYBERCRIME -> HIGH_SEC66D_CHEATING,2,1
0.4166666666666667,0.5,0.3333333333333333,0.7999999999999999,1.5999999999999999,1.0,0.12499999999999997,2.499999999999999,0.6428571428571428,0.5714285714285713,0.5999999999999999,0.7333333333333333,12,15,18,HIGH_FRAUD_MOTIVE + HIGH_SEC66D_CHEATING,HIGH_CHILD_CYBERCRIME,HIGH_FRAUD_MOTIVE + HIGH_SEC66D_CHEATING -> HIGH_CHILD_CYBERCRIME,2,1
0.4166666666666667,0.5,0.3333333333333333,0.7999999999999999,1.5999999999999999,1.0,0.12499999999999997,2.499999999999999,0.6428571428571428,0.5714285714285713,0.5999999999999999,0.7333333333333333,12,15,18,HIGH_CHILD_CYBERCRIME + HIGH_FRAUD_MOTIVE,HIGH_SEC66D_CHEATING,HIGH_CHILD_CYBERCRIME + HIGH_FRAUD_MOTIVE -> HIGH_SEC66D_CHEATING,2,1
0.4166666666666667,0.5,0.3333333333333333,0.7999999999999999,1.5999999999999999,1.0,0.12499999999999997,2.499999999999999,0.6428571428571428,0.5714285714285713,0.5999999999999999,0.7333333333333333,12,15,18,HIGH_IDENTITY_THEFT + HIGH_WOMEN_CYBERCRIME,HIGH_SEC66D_CHEATING,HIGH_IDENTITY_THEFT + HIGH_WOMEN_CYBERCRIME -> HIGH_SEC66D_CHEATING,2,1
0.4166666666666667,0.5,0.3333333333333333,0.7999999999999999,1.5999999999999999,1.0,0.12499999999999997,2.499999999999999,0.6428571428571428,0.5714285714285713,0.5999999999999999,0.7333333333333333,12,15,18,HIGH_CHILD_CYBERCRIME + HIGH_IDENTITY_THEFT,HIGH_SEC66D_CHEATING,HIGH_CHILD_CYBERCRIME + HIGH_IDENTITY_THEFT -> HIGH_SEC66D_CHEATING,2,1
0.4166666666666667,0.5,0.3333333333333333,0.7999999999999999,1.5999999999999999,1.0,0.12499999999999997,2.499999999999999,0.6428571428571428,0.5714285714285713,0.5999999999999999,0.7333333333333333,12,15,18,HIGH_EXTORTION_MOTIVE + HIGH_SEC66D_CHEATING,HIGH_WOMEN_CYBERCRIME,HIGH_EXTORTION_MOTIVE + HIGH_SEC66D_CHEATING -> HIGH_WOMEN_CYBERCRIME,2,1
0.4166666666666667,0.5,0.3333333333333333,0.7999999999999999,1.5999999999999999,1.0,0.12499999999999997,2.499999999999999,0.6428571428571428,0.5714285714285713,0.5999999999999999,0.7333333333333333,12,15,18,HIGH_EXTORTION_MOTIVE + HIGH_WOMEN_CYBERCRIME,HIGH_SEC66D_CHEATING,HIGH_EXTORTION_MOTIVE + HIGH_WOMEN_CYBERCRIME -> HIGH_SEC66D_CHEATING,2,1
0.4166666666666667,0.5,0.3333333333333333,0.7999999999999999,1.5999999999999999,1.0,0.12499999999999997,2.499999999999999,0.6428571428571428,0.5714285714285713,0.5999999999999999,0.7333333333333333,12,15,18,HIGH_EXTORTION_MOTIVE + HIGH_SEC66D_CHEATING,HIGH_CHILD_CYBERCRIME,HIGH_EXTORTION_MOTIVE + HIGH_SEC66D_CHEATING -> HIGH_CHILD_CYBERCRIME,2,1
0.4166666666666667,0.5,0.3333333333333333,0.7999999999999999,1.5999999999999999,1.0,0.12499999999999997,2.499999999999999,0.6428571428571428,0.5714285714285713,0.5999999999999999,0.7333333333333333,12,15,18,HIGH_CHILD_CYBERCRIME + HIGH_EXTORTION_MOTIVE,HIGH_SEC66D_CHEATING,HIGH_CHILD_CYBERCRIME + HIGH_EXTORTION_MOTIVE -> HIGH_SEC66D_CHEATING,2,1
0.5277777777777778,0.4166666666666667,0.4166666666666667,0.7894736842105263,1.894736842105263,1.0,0.19675925925925927,2.770833333333333,1.0,0.7894736842105265,0.6390977443609023,0.8947368421052632,15,19,15,HIGH_IDENTITY_THEFT,HIGH_EXTORTION_MOTIVE + HIGH_FRAUD_MOTIVE + HIGH_SEXUAL_EXPLOITATION_MOTIVE,HIGH_IDENTITY_THEFT -> HIGH_EXTORTION_MOTIVE + HIGH_FRAUD_MOTIVE + HIGH_SEXUAL_EXPLOITATION_MOTIVE,1,3
0.5277777777777778,0.4166666666666667,0.4166666666666667,0.7894736842105263,1.894736842105263,1.0,0.19675925925925927,2.770833333333333,1.0,0.7894736842105265,0.6390977443609023,0.8947368421052632,15,19,15,HIGH_IDENTITY_THEFT,HIGH_EXTORTION_MOTIVE + HIGH_SEXUAL_EXPLOITATION_MOTIVE + HIGH_WOMEN_CYBERCRIME,HIGH_IDENTITY_THEFT -> HIGH_EXTORTION_MOTIVE + HIGH_SEXUAL_EXPLOITATION_MOTIVE + HIGH_WOMEN_CYBERCRIME,1,3
0.5277777777777778,0.4166666666666667,0.4166666666666667,0.7894736842105263,1.894736842105263,1.0,0.19675925925925927,2.770833333333333,1.0,0.7894736842105265,0.6390977443609023,0.8947368421052632,15,19,15,HIGH_IDENTITY_THEFT,HIGH_CHILD_CYBERCRIME + HIGH_EXTORTION_MOTIVE + HIGH_SEXUAL_EXPLOITATION_MOTIVE,HIGH_IDENTITY_THEFT -> HIGH_CHILD_CYBERCRIME + HIGH_EXTORTION_MOTIVE + HIGH_SEXUAL_EXPLOITATION_MOTIVE,1,3
0.5277777777777778,0.4166666666666667,0.4166666666666667,0.7894736842105263,1.894736842105263,1.0,0.19675925925925927,2.770833333333333,1.0,0.7894736842105265,0.6390977443609023,0.8947368421052632,15,19,15,HIGH_IDENTITY_THEFT,HIGH_FRAUD_MOTIVE + HIGH_SEXUAL_EXPLOITATION_MOTIVE,HIGH_IDENTITY_THEFT -> HIGH_FRAUD_MOTIVE + HIGH_SEXUAL_EXPLOITATION_MOTIVE,1,2
0.5277777777777778,0.4166666666666667,0.4166666666666667,0.7894736842105263,1.894736842105263,1.0,0.19675925925925927,2.770833333333333,1.0,0.7894736842105265,0.6390977443609023,0.8947368421052632,15,19,15,HIGH_IDENTITY_THEFT,HIGH_EXTORTION_MOTIVE + HIGH_WOMEN_CYBERCRIME,HIGH_IDENTITY_THEFT -> HIGH_EXTORTION_MOTIVE + HIGH_WOMEN_CYBERCRIME,1,2
0.5277777777777778,0.4166666666666667,0.4166666666666667,0.7894736842105263,1.894736842105263,1.0,0.19675925925925927,2.770833333333333,1.0,0.7894736842105265,0.6390977443609023,0.8947368421052632,15,19,15,HIGH_IDENTITY_THEFT,HIGH_CHILD_CYBERCRIME + HIGH_EXTORTION_MOTIVE,HIGH_IDENTITY_THEFT -> HIGH_CHILD_CYBERCRIME + HIGH_EXTORTION_MOTIVE,1,2
0.5277777777777778,0.4444444444444444,0.4166666666666667,0.7894736842105263,1.7763157894736843,1.0,0.1820987654320988,2.6388888888888893,0.9254901960784314,0.75,0.6210526315789474,0.8634868421052633,15,19,16,HIGH_IDENTITY_THEFT,HIGH_SEXUAL_EXPLOITATION_MOTIVE + HIGH_WOMEN_CYBERCRIME,HIGH_IDENTITY_THEFT -> HIGH_SEXUAL_EXPLOITATION_MOTIVE + HIGH_WOMEN_CYBERCRIME,1,2
0.5277777777777778,0.4444444444444444,0.4166666666666667,0.7894736842105263,1.7763157894736843,1.0,0.1820987654320988,2.6388888888888893,0.9254901960784314,0.75,0.6210526315789474,0.8634868421052633,15,19,16,HIGH_IDENTITY_THEFT,HIGH_CHILD_CYBERCRIME + HIGH_SEXUAL_EXPLOITATION_MOTIVE,HIGH_IDENTITY_THEFT -> HIGH_CHILD_CYBERCRIME + HIGH_SEXUAL_EXPLOITATION_MOTIVE,1,2
0.5277777777777778,0.5,0.4166666666666667,0.7894736842105263,1.5789473684210527,1.0,0.1527777777777778,2.375,0.7764705882352941,0.681818181818182,0.5789473684210527,0.8114035087719298,15,19,18,HIGH_IDENTITY_THEFT,HIGH_WOMEN_CYBERCRIME,HIGH_IDENTITY_THEFT -> HIGH_WOMEN_CYBERCRIME,1,1
0.5277777777777778,0.5,0.4166666666666667,0.7894736842105263,1.5789473684210527,1.0,0.1527777777777778,2.375,0.7764705882352941,0.681818181818182,0.5789473684210527,0.8114035087719298,15,19,18,HIGH_IDENTITY_THEFT,HIGH_CHILD_CYBERCRIME,HIGH_IDENTITY_THEFT -> HIGH_CHILD_CYBERCRIME,1,1
0.3888888888888889,0.3333333333333333,0.3055555555555556,0.7857142857142858,2.3571428571428577,1.0,0.17592592592592596,3.111111111111113,0.9421487603305786,0.7333333333333335,0.6785714285714287,0.8511904761904763,11,14,12,HIGH_CHILD_CYBERCRIME + HIGH_EXTORTION_MOTIVE + HIGH_FRAUD_MOTIVE + HIGH_IDENTITY_THEFT + HIGH_SEXUAL_EXPLOITATION_MOTIVE,HIGH_SEC66D_CHEATING + HIGH_WOMEN_CYBERCRIME,HIGH_CHILD_CYBERCRIME + HIGH_EXTORTION_MOTIVE + HIGH_FRAUD_MOTIVE + HIGH_IDENTITY_THEFT + HIGH_SEXUAL_EXPLOITATION_MOTIVE -> HIGH_SEC66D_CHEATING + HIGH_WOMEN_CYBERCRIME,5,2
0.3888888888888889,0.3333333333333333,0.3055555555555556,0.7857142857142858,2.3571428571428577,1.0,0.17592592592592596,3.111111111111113,0.9421487603305786,0.7333333333333335,0.6785714285714287,0.8511904761904763,11,14,12,HIGH_EXTORTION_MOTIVE + HIGH_FRAUD_MOTIVE + HIGH_IDENTITY_THEFT + HIGH_SEXUAL_EXPLOITATION_MOTIVE + HIGH_WOMEN_CYBERCRIME,HIGH_CHILD_CYBERCRIME + HIGH_SEC66D_CHEATING,HIGH_EXTORTION_MOTIVE + HIGH_FRAUD_MOTIVE + HIGH_IDENTITY_THEFT + HIGH_SEXUAL_EXPLOITATION_MOTIVE + HIGH_WOMEN_CYBERCRIME -> HIGH_CHILD_CYBERCRIME + HIGH_SEC66D_CHEATING,5,2
0.3888888888888889,0.3333333333333333,0.3055555555555556,0.7857142857142858,2.3571428571428577,1.0,0.17592592592592596,3.111111111111113,0.9421487603305786,0.7333333333333335,0.6785714285714287,0.8511904761904763,11,14,12,HIGH_CHILD_CYBERCRIME + HIGH_EXTORTION_MOTIVE + HIGH_FRAUD_MOTIVE + HIGH_IDENTITY_THEFT,HIGH_SEC66D_CHEATING + HIGH_SEXUAL_EXPLOITATION_MOTIVE + HIGH_WOMEN_CYBERCRIME,HIGH_CHILD_CYBERCRIME + HIGH_EXTORTION_MOTIVE + HIGH_FRAUD_MOTIVE + HIGH_IDENTITY_THEFT -> HIGH_SEC66D_CHEATING + HIGH_SEXUAL_EXPLOITATION_MOTIVE + HIGH_WOMEN_CYBERCRIME,4,3
0.3888888888888889,0.3333333333333333,0.3055555555555556,0.7857142857142858,2.3571428571428577,1.0,0.17592592592592596,3.111111111111113,0.9421487603305786,0.7333333333333335,0.6785714285714287,0.8511904761904763,11,14,12,HIGH_CHILD_CYBERCRIME + HIGH_FRAUD_MOTIVE + HIGH_IDENTITY_THEFT + HIGH_SEXUAL_EXPLOITATION_MOTIVE,HIGH_EXTORTION_MOTIVE + HIGH_SEC66D_CHEATING + HIGH_WOMEN_CYBERCRIME,HIGH_CHILD_CYBERCRIME + HIGH_FRAUD_MOTIVE + HIGH_IDENTITY_THEFT + HIGH_SEXUAL_EXPLOITATION_MOTIVE -> HIGH_EXTORTION_MOTIVE + HIGH_SEC66D_CHEATING + HIGH_WOMEN_CYBERCRIME,4,3
0.3888888888888889,0.3333333333333333,0.3055555555555556,0.7857142857142858,2.3571428571428577,1.0,0.17592592592592596,3.111111111111113,0.9421487603305786,0.7333333333333335,0.6785714285714287,0.8511904761904763,11,14,12,HIGH_CHILD_CYBERCRIME + HIGH_EXTORTION_MOTIVE + HIGH_FRAUD_MOTIVE + HIGH_SEXUAL_EXPLOITATION_MOTIVE,HIGH_IDENTITY_THEFT + HIGH_SEC66D_CHEATING + HIGH_WOMEN_CYBERCRIME,HIGH_CHILD_CYBERCRIME + HIGH_EXTORTION_MOTIVE + HIGH_FRAUD_MOTIVE + HIGH_SEXUAL_EXPLOITATION_MOTIVE -> HIGH_IDENTITY_THEFT + HIGH_SEC66D_CHEATING + HIGH_WOMEN_CYBERCRIME,4,3
0.3888888888888889,0.3333333333333333,0.3055555555555556,0.7857142857142858,2.3571428571428577,1.0,0.17592592592592596,3.111111111111113,0.9421487603305786,0.7333333333333335,0.6785714285714287,0.8511904761904763,11,14,12,HIGH_EXTORTION_MOTIVE + HIGH_FRAUD_MOTIVE + HIGH_IDENTITY_THEFT + HIGH_WOMEN_CYBERCRIME,HIGH_CHILD_CYBERCRIME + HIGH_SEC66D_CHEATING + HIGH_SEXUAL_EXPLOITATION_MOTIVE,HIGH_EXTORTION_MOTIVE + HIGH_FRAUD_MOTIVE + HIGH_IDENTITY_THEFT + HIGH_WOMEN_CYBERCRIME -> HIGH_CHILD_CYBERCRIME + HIGH_SEC66D_CHEATING + HIGH_SEXUAL_EXPLOITATION_MOTIVE,4,3
0.3888888888888889,0.3333333333333333,0.3055555555555556,0.7857142857142858,2.3571428571428577,1.0,0.17592592592592596,3.111111111111113,0.9421487603305786,0.7333333333333335,0.6785714285714287,0.8511904761904763,11,14,12,HIGH_FRAUD_MOTIVE + HIGH_IDENTITY_THEFT + HIGH_SEXUAL_EXPLOITATION_MOTIVE + HIGH_WOMEN_CYBERCRIME,HIGH_CHILD_CYBERCRIME + HIGH_EXTORTION_MOTIVE + HIGH_SEC66D_CHEATING,HIGH_FRAUD_MOTIVE + HIGH_IDENTITY_THEFT + HIGH_SEXUAL_EXPLOITATION_MOTIVE + HIGH_WOMEN_CYBERCRIME -> HIGH_CHILD_CYBERCRIME + HIGH_EXTORTION_MOTIVE + HIGH_SEC66D_CHEATING,4,3
0.3888888888888889,0.3333333333333333,0.3055555555555556,0.7857142857142858,2.3571428571428577,1.0,0.17592592592592596,3.111111111111113,0.9421487603305786,0.7333333333333335,0.6785714285714287,0.8511904761904763,11,14,12,HIGH_EXTORTION_MOTIVE + HIGH_FRAUD_MOTIVE + HIGH_SEXUAL_EXPLOITATION_MOTIVE + HIGH_WOMEN_CYBERCRIME,HIGH_CHILD_CYBERCRIME + HIGH_IDENTITY_THEFT + HIGH_SEC66D_CHEATING,HIGH_EXTORTION_MOTIVE + HIGH_FRAUD_MOTIVE + HIGH_SEXUAL_EXPLOITATION_MOTIVE + HIGH_WOMEN_CYBERCRIME -> HIGH_CHILD_CYBERCRIME + HIGH_IDENTITY_THEFT + HIGH_SEC66D_CHEATING,4,3
0.3888888888888889,0.3333333333333333,0.3055555555555556,0.7857142857142858,2.3571428571428577,1.0,0.17592592592592596,3.111111111111113,0.9421487603305786,0.7333333333333335,0.6785714285714287,0.8511904761904763,11,14,12,HIGH_CHILD_CYBERCRIME + HIGH_FRAUD_MOTIVE + HIGH_IDENTITY_THEFT,HIGH_EXTORTION_MOTIVE + HIGH_SEC66D_CHEATING + HIGH_SEXUAL_EXPLOITATION_MOTIVE + HIGH_WOMEN_CYBERCRIME,HIGH_CHILD_CYBERCRIME + HIGH_FRAUD_MOTIVE + HIGH_IDENTITY_THEFT -> HIGH_EXTORTION_MOTIVE + HIGH_SEC66D_CHEATING + HIGH_SEXUAL_EXPLOITATION_MOTIVE + HIGH_WOMEN_CYBERCRIME,3,4
0.3888888888888889,0.3333333333333333,0.3055555555555556,0.7857142857142858,2.3571428571428577,1.0,0.17592592592592596,3.111111111111113,0.9421487603305786,0.7333333333333335,0.6785714285714287,0.8511904761904763,11,14,12,HIGH_CHILD_CYBERCRIME + HIGH_EXTORTION_MOTIVE + HIGH_FRAUD_MOTIVE,HIGH_IDENTITY_THEFT + HIGH_SEC66D_CHEATING + HIGH_SEXUAL_EXPLOITATION_MOTIVE + HIGH_WOMEN_CYBERCRIME,HIGH_CHILD_CYBERCRIME + HIGH_EXTORTION_MOTIVE + HIGH_FRAUD_MOTIVE -> HIGH_IDENTITY_THEFT + HIGH_SEC66D_CHEATING + HIGH_SEXUAL_EXPLOITATION_MOTIVE + HIGH_WOMEN_CYBERCRIME,3,4
0.3888888888888889,0.3333333333333333,0.3055555555555556,0.7857142857142858,2.3571428571428577,1.0,0.17592592592592596,3.111111111111113,0.9421487603305786,0.7333333333333335,0.6785714285714287,0.8511904761904763,11,14,12,HIGH_CHILD_CYBERCRIME + HIGH_FRAUD_MOTIVE + HIGH_SEXUAL_EXPLOITATION_MOTIVE,HIGH_EXTORTION_MOTIVE + HIGH_IDENTITY_THEFT + HIGH_SEC66D_CHEATING + HIGH_WOMEN_CYBERCRIME,HIGH_CHILD_CYBERCRIME + HIGH_FRAUD_MOTIVE + HIGH_SEXUAL_EXPLOITATION_MOTIVE -> HIGH_EXTORTION_MOTIVE + HIGH_IDENTITY_THEFT + HIGH_SEC66D_CHEATING + HIGH_WOMEN_CYBERCRIME,3,4
0.3888888888888889,0.3333333333333333,0.3055555555555556,0.7857142857142858,2.3571428571428577,1.0,0.17592592592592596,3.111111111111113,0.9421487603305786,0.7333333333333335,0.6785714285714287,0.8511904761904763,11,14,12,HIGH_FRAUD_MOTIVE + HIGH_IDENTITY_THEFT + HIGH_WOMEN_CYBERCRIME,HIGH_CHILD_CYBERCRIME + HIGH_EXTORTION_MOTIVE + HIGH_SEC66D_CHEATING + HIGH_SEXUAL_EXPLOITATION_MOTIVE,HIGH_FRAUD_MOTIVE + HIGH_IDENTITY_THEFT + HIGH_WOMEN_CYBERCRIME -> HIGH_CHILD_CYBERCRIME + HIGH_EXTORTION_MOTIVE + HIGH_SEC66D_CHEATING + HIGH_SEXUAL_EXPLOITATION_MOTIVE,3,4
0.3888888888888889,0.3333333333333333,0.3055555555555556,0.7857142857142858,2.3571428571428577,1.0,0.17592592592592596,3.111111111111113,0.9421487603305786,0.7333333333333335,0.6785714285714287,0.8511904761904763,11,14,12,HIGH_EXTORTION_MOTIVE + HIGH_FRAUD_MOTIVE + HIGH_WOMEN_CYBERCRIME,HIGH_CHILD_CYBERCRIME + HIGH_IDENTITY_THEFT + HIGH_SEC66D_CHEATING + HIGH_SEXUAL_EXPLOITATION_MOTIVE,HIGH_EXTORTION_MOTIVE + HIGH_FRAUD_MOTIVE + HIGH_WOMEN_CYBERCRIME -> HIGH_CHILD_CYBERCRIME + HIGH_IDENTITY_THEFT + HIGH_SEC66D_CHEATING + HIGH_SEXUAL_EXPLOITATION_MOTIVE,3,4
0.3888888888888889,0.3333333333333333,0.3055555555555556,0.7857142857142858,2.3571428571428577,1.0,0.17592592592592596,3.111111111111113,0.9421487603305786,0.7333333333333335,0.6785714285714287,0.8511904761904763,11,14,12,HIGH_FRAUD_MOTIVE + HIGH_SEXUAL_EXPLOITATION_MOTIVE + HIGH_WOMEN_CYBERCRIME,HIGH_CHILD_CYBERCRIME + HIGH_EXTORTION_MOTIVE + HIGH_IDENTITY_THEFT + HIGH_SEC66D_CHEATING,HIGH_FRAUD_MOTIVE + HIGH_SEXUAL_EXPLOITATION_MOTIVE + HIGH_WOMEN_CYBERCRIME -> HIGH_CHILD_CYBERCRIME + HIGH_EXTORTION_MOTIVE + HIGH_IDENTITY_THEFT + HIGH_SEC66D_CHEATING,3,4
0.3888888888888889,0.3333333333333333,0.3055555555555556,0.7857142857142858,2.3571428571428577,1.0,0.17592592592592596,3.111111111111113,0.9421487603305786,0.7333333333333335,0.6785714285714287,0.8511904761904763,11,14,12,HIGH_CHILD_CYBERCRIME + HIGH_EXTORTION_MOTIVE + HIGH_FRAUD_MOTIVE + HIGH_IDENTITY_THEFT,HIGH_SEC66D_CHEATING + HIGH_WOMEN_CYBERCRIME,HIGH_CHILD_CYBERCRIME + HIGH_EXTORTION_MOTIVE + HIGH_FRAUD_MOTIVE + HIGH_IDENTITY_THEFT -> HIGH_SEC66D_CHEATING + HIGH_WOMEN_CYBERCRIME,4,2
0.3888888888888889,0.3333333333333333,0.3055555555555556,0.7857142857142858,2.3571428571428577,1.0,0.17592592592592596,3.111111111111113,0.9421487603305786,0.7333333333333335,0.6785714285714287,0.8511904761904763,11,14,12,HIGH_EXTORTION_MOTIVE + HIGH_FRAUD_MOTIVE + HIGH_IDENTITY_THEFT + HIGH_WOMEN_CYBERCRIME,HIGH_CHILD_CYBERCRIME + HIGH_SEC66D_CHEATING,HIGH_EXTORTION_MOTIVE + HIGH_FRAUD_MOTIVE + HIGH_IDENTITY_THEFT + HIGH_WOMEN_CYBERCRIME -> HIGH_CHILD_CYBERCRIME + HIGH_SEC66D_CHEATING,4,2
0.3888888888888889,0.3333333333333333,0.3055555555555556,0.7857142857142858,2.3571428571428577,1.0,0.17592592592592596,3.111111111111113,0.9421487603305786,0.7333333333333335,0.6785714285714287,0.8511904761904763,11,14,12,HIGH_CHILD_CYBERCRIME + HIGH_FRAUD_MOTIVE + HIGH_IDENTITY_THEFT,HIGH_EXTORTION_MOTIVE + HIGH_SEC66D_CHEATING + HIGH_WOMEN_CYBERCRIME,HIGH_CHILD_CYBERCRIME + HIGH_FRAUD_MOTIVE + HIGH_IDENTITY_THEFT -> HIGH_EXTORTION_MOTIVE + HIGH_SEC66D_CHEATING + HIGH_WOMEN_CYBERCRIME,3,3
0.3888888888888889,0.3333333333333333,0.3055555555555556,0.7857142857142858,2.3571428571428577,1.0,0.17592592592592596,3.111111111111113,0.9421487603305786,0.7333333333333335,0.6785714285714287,0.8511904761904763,11,14,12,HIGH_CHILD_CYBERCRIME + HIGH_EXTORTION_MOTIVE + HIGH_FRAUD_MOTIVE,HIGH_IDENTITY_THEFT + HIGH_SEC66D_CHEATING + HIGH_WOMEN_CYBERCRIME,HIGH_CHILD_CYBERCRIME + HIGH_EXTORTION_MOTIVE + HIGH_FRAUD_MOTIVE -> HIGH_IDENTITY_THEFT + HIGH_SEC66D_CHEATING + HIGH_WOMEN_CYBERCRIME,3,3
0.3888888888888889,0.3333333333333333,0.3055555555555556,0.7857142857142858,2.3571428571428577,1.0,0.17592592592592596,3.111111111111113,0.9421487603305786,0.7333333333333335,0.6785714285714287,0.8511904761904763,11,14,12,HIGH_FRAUD_MOTIVE + HIGH_IDENTITY_THEFT + HIGH_WOMEN_CYBERCRIME,HIGH_CHILD_CYBERCRIME + HIGH_EXTORTION_MOTIVE + HIGH_SEC66D_CHEATING,HIGH_FRAUD_MOTIVE + HIGH_IDENTITY_THEFT + HIGH_WOMEN_CYBERCRIME -> HIGH_CHILD_CYBERCRIME + HIGH_EXTORTION_MOTIVE + HIGH_SEC66D_CHEATING,3,3
0.3888888888888889,0.3333333333333333,0.3055555555555556,0.7857142857142858,2.3571428571428577,1.0,0.17592592592592596,3.111111111111113,0.9421487603305786,0.7333333333333335,0.6785714285714287,0.8511904761904763,11,14,12,HIGH_EXTORTION_MOTIVE + HIGH_FRAUD_MOTIVE + HIGH_WOMEN_CYBERCRIME,HIGH_CHILD_CYBERCRIME + HIGH_IDENTITY_THEFT + HIGH_SEC66D_CHEATING,HIGH_EXTORTION_MOTIVE + HIGH_FRAUD_MOTIVE + HIGH_WOMEN_CYBERCRIME -> HIGH_CHILD_CYBERCRIME + HIGH_IDENTITY_THEFT + HIGH_SEC66D_CHEATING,3,3
0.3888888888888889,0.3333333333333333,0.3055555555555556,0.7857142857142858,2.3571428571428577,1.0,0.17592592592592596,3.111111111111113,0.9421487603305786,0.7333333333333335,0.6785714285714287,0.8511904761904763,11,14,12,HIGH_CHILD_CYBERCRIME + HIGH_FRAUD_MOTIVE + HIGH_IDENTITY_THEFT + HIGH_SEXUAL_EXPLOITATION_MOTIVE,HIGH_SEC66D_CHEATING + HIGH_WOMEN_CYBERCRIME,HIGH_CHILD_CYBERCRIME + HIGH_FRAUD_MOTIVE + HIGH_IDENTITY_THEFT + HIGH_SEXUAL_EXPLOITATION_MOTIVE -> HIGH_SEC66D_CHEATING + HIGH_WOMEN_CYBERCRIME,4,2
0.3888888888888889,0.3333333333333333,0.3055555555555556,0.7857142857142858,2.3571428571428577,1.0,0.17592592592592596,3.111111111111113,0.9421487603305786,0.7333333333333335,0.6785714285714287,0.8511904761904763,11,14,12,HIGH_FRAUD_MOTIVE + HIGH_IDENTITY_THEFT + HIGH_SEXUAL_EXPLOITATION_MOTIVE + HIGH_WOMEN_CYBERCRIME,HIGH_CHILD_CYBERCRIME + HIGH_SEC66D_CHEATING,HIGH_FRAUD_MOTIVE + HIGH_IDENTITY_THEFT + HIGH_SEXUAL_EXPLOITATION_MOTIVE + HIGH_WOMEN_CYBERCRIME -> HIGH_CHILD_CYBERCRIME + HIGH_SEC66D_CHEATING,4,2
0.3888888888888889,0.3333333333333333,0.3055555555555556,0.7857142857142858,2.3571428571428577,1.0,0.17592592592592596,3.111111111111113,0.9421487603305786,0.7333333333333335,0.6785714285714287,0.8511904761904763,11,14,12,HIGH_CHILD_CYBERCRIME + HIGH_FRAUD_MOTIVE + HIGH_IDENTITY_THEFT,HIGH_SEC66D_CHEATING + HIGH_SEXUAL_EXPLOITATION_MOTIVE + HIGH_WOMEN_CYBERCRIME,HIGH_CHILD_CYBERCRIME + HIGH_FRAUD_MOTIVE + HIGH_IDENTITY_THEFT -> HIGH_SEC66D_CHEATING + HIGH_SEXUAL_EXPLOITATION_MOTIVE + HIGH_WOMEN_CYBERCRIME,3,3
0.3888888888888889,0.3333333333333333,0.3055555555555556,0.7857142857142858,2.3571428571428577,1.0,0.17592592592592596,3.111111111111113,0.9421487603305786,0.7333333333333335,0.6785714285714287,0.8511904761904763,11,14,12,HIGH_CHILD_CYBERCRIME + HIGH_FRAUD_MOTIVE + HIGH_SEXUAL_EXPLOITATION_MOTIVE,HIGH_IDENTITY_THEFT + HIGH_SEC66D_CHEATING + HIGH_WOMEN_CYBERCRIME,HIGH_CHILD_CYBERCRIME + HIGH_FRAUD_MOTIVE + HIGH_SEXUAL_EXPLOITATION_MOTIVE -> HIGH_IDENTITY_THEFT + HIGH_SEC66D_CHEATING + HIGH_WOMEN_CYBERCRIME,3,3
0.3888888888888889,0.3333333333333333,0.3055555555555556,0.7857142857142858,2.3571428571428577,1.0,0.17592592592592596,3.111111111111113,0.9421487603305786,0.7333333333333335,0.6785714285714287,0.8511904761904763,11,14,12,HIGH_FRAUD_MOTIVE + HIGH_IDENTITY_THEFT + HIGH_WOMEN_CYBERCRIME,HIGH_CHILD_CYBERCRIME + HIGH_SEC66D_CHEATING + HIGH_SEXUAL_EXPLOITATION_MOTIVE,HIGH_FRAUD_MOTIVE + HIGH_IDENTITY_THEFT + HIGH_WOMEN_CYBERCRIME -> HIGH_CHILD_CYBERCRIME + HIGH_SEC66D_CHEATING + HIGH_SEXUAL_EXPLOITATION_MOTIVE,3,3
0.3888888888888889,0.3333333333333333,0.3055555555555556,0.7857142857142858,2.3571428571428577,1.0,0.17592592592592596,3.111111111111113,0.9421487603305786,0.7333333333333335,0.6785714285714287,0.8511904761904763,11,14,12,HIGH_FRAUD_MOTIVE + HIGH_SEXUAL_EXPLOITATION_MOTIVE + HIGH_WOMEN_CYBERCRIME,HIGH_CHILD_CYBERCRIME + HIGH_IDENTITY_THEFT + HIGH_SEC66D_CHEATING,HIGH_FRAUD_MOTIVE + HIGH_SEXUAL_EXPLOITATION_MOTIVE + HIGH_WOMEN_CYBERCRIME -> HIGH_CHILD_CYBERCRIME + HIGH_IDENTITY_THEFT + HIGH_SEC66D_CHEATING,3,3
0.3888888888888889,0.3333333333333333,0.3055555555555556,0.7857142857142858,2.3571428571428577,1.0,0.17592592592592596,3.111111111111113,0.9421487603305786,0.7333333333333335,0.6785714285714287,0.8511904761904763,11,14,12,HIGH_CHILD_CYBERCRIME + HIGH_EXTORTION_MOTIVE + HIGH_FRAUD_MOTIVE + HIGH_SEXUAL_EXPLOITATION_MOTIVE,HIGH_SEC66D_CHEATING + HIGH_WOMEN_CYBERCRIME,HIGH_CHILD_CYBERCRIME + HIGH_EXTORTION_MOTIVE + HIGH_FRAUD_MOTIVE + HIGH_SEXUAL_EXPLOITATION_MOTIVE -> HIGH_SEC66D_CHEATING + HIGH_WOMEN_CYBERCRIME,4,2
0.3888888888888889,0.3333333333333333,0.3055555555555556,0.7857142857142858,2.3571428571428577,1.0,0.17592592592592596,3.111111111111113,0.9421487603305786,0.7333333333333335,0.6785714285714287,0.8511904761904763,11,14,12,HIGH_EXTORTION_MOTIVE + HIGH_FRAUD_MOTIVE + HIGH_SEXUAL_EXPLOITATION_MOTIVE + HIGH_WOMEN_CYBERCRIME,HIGH_CHILD_CYBERCRIME + HIGH_SEC66D_CHEATING,HIGH_EXTORTION_MOTIVE + HIGH_FRAUD_MOTIVE + HIGH_SEXUAL_EXPLOITATION_MOTIVE + HIGH_WOMEN_CYBERCRIME -> HIGH_CHILD_CYBERCRIME + HIGH_SEC66D_CHEATING,4,2
0.3888888888888889,0.3333333333333333,0.3055555555555556,0.7857142857142858,2.3571428571428577,1.0,0.17592592592592596,3.111111111111113,0.9421487603305786,0.7333333333333335,0.6785714285714287,0.8511904761904763,11,14,12,HIGH_CHILD_CYBERCRIME + HIGH_EXTORTION_MOTIVE + HIGH_FRAUD_MOTIVE,HIGH_SEC66D_CHEATING + HIGH_SEXUAL_EXPLOITATION_MOTIVE + HIGH_WOMEN_CYBERCRIME,HIGH_CHILD_CYBERCRIME + HIGH_EXTORTION_MOTIVE + HIGH_FRAUD_MOTIVE -> HIGH_SEC66D_CHEATING + HIGH_SEXUAL_EXPLOITATION_MOTIVE + HIGH_WOMEN_CYBERCRIME,3,3
0.3888888888888889,0.3333333333333333,0.3055555555555556,0.7857142857142858,2.3571428571428577,1.0,0.17592592592592596,3.111111111111113,0.9421487603305786,0.7333333333333335,0.6785714285714287,0.8511904761904763,11,14,12,HIGH_CHILD_CYBERCRIME + HIGH_FRAUD_MOTIVE + HIGH_SEXUAL_EXPLOITATION_MOTIVE,HIGH_EXTORTION_MOTIVE + HIGH_SEC66D_CHEATING + HIGH_WOMEN_CYBERCRIME,HIGH_CHILD_CYBERCRIME + HIGH_FRAUD_MOTIVE + HIGH_SEXUAL_EXPLOITATION_MOTIVE -> HIGH_EXTORTION_MOTIVE + HIGH_SEC66D_CHEATING + HIGH_WOMEN_CYBERCRIME,3,3
0.3888888888888889,0.3333333333333333,0.3055555555555556,0.7857142857142858,2.3571428571428577,1.0,0.17592592592592596,3.111111111111113,0.9421487603305786,0.7333333333333335,0.6785714285714287,0.8511904761904763,11,14,12,HIGH_EXTORTION_MOTIVE + HIGH_FRAUD_MOTIVE + HIGH_WOMEN_CYBERCRIME,HIGH_CHILD_CYBERCRIME + HIGH_SEC66D_CHEATING + HIGH_SEXUAL_EXPLOITATION_MOTIVE,HIGH_EXTORTION_MOTIVE + HIGH_FRAUD_MOTIVE + HIGH_WOMEN_CYBERCRIME -> HIGH_CHILD_CYBERCRIME + HIGH_SEC66D_CHEATING + HIGH_SEXUAL_EXPLOITATION_MOTIVE,3,3
0.3888888888888889,0.3333333333333333,0.3055555555555556,0.7857142857142858,2.3571428571428577,1.0,0.17592592592592596,3.111111111111113,0.9421487603305786,0.7333333333333335,0.6785714285714287,0.8511904761904763,11,14,12,HIGH_FRAUD_MOTIVE + HIGH_SEXUAL_EXPLOITATION_MOTIVE + HIGH_WOMEN_CYBERCRIME,HIGH_CHILD_CYBERCRIME + HIGH_EXTORTION_MOTIVE + HIGH_SEC66D_CHEATING,HIGH_FRAUD_MOTIVE + HIGH_SEXUAL_EXPLOITATION_MOTIVE + HIGH_WOMEN_CYBERCRIME -> HIGH_CHILD_CYBERCRIME + HIGH_EXTORTION_MOTIVE + HIGH_SEC66D_CHEATING,3,3
0.3888888888888889,0.3333333333333333,0.3055555555555556,0.7857142857142858,2.3571428571428577,1.0,0.17592592592592596,3.111111111111113,0.9421487603305786,0.7333333333333335,0.6785714285714287,0.8511904761904763,11,14,12,HIGH_CHILD_CYBERCRIME + HIGH_FRAUD_MOTIVE + HIGH_IDENTITY_THEFT,HIGH_SEC66D_CHEATING + HIGH_WOMEN_CYBERCRIME,HIGH_CHILD_CYBERCRIME + HIGH_FRAUD_MOTIVE + HIGH_IDENTITY_THEFT -> HIGH_SEC66D_CHEATING + HIGH_WOMEN_CYBERCRIME,3,2
0.3888888888888889,0.3333333333333333,0.3055555555555556,0.7857142857142858,2.3571428571428577,1.0,0.17592592592592596,3.111111111111113,0.9421487603305786,0.7333333333333335,0.6785714285714287,0.8511904761904763,11,14,12,HIGH_FRAUD_MOTIVE + HIGH_IDENTITY_THEFT + HIGH_WOMEN_CYBERCRIME,HIGH_CHILD_CYBERCRIME + HIGH_SEC66D_CHEATING,HIGH_FRAUD_MOTIVE + HIGH_IDENTITY_THEFT + HIGH_WOMEN_CYBERCRIME -> HIGH_CHILD_CYBERCRIME + HIGH_SEC66D_CHEATING,3,2
0.3888888888888889,0.3333333333333333,0.3055555555555556,0.7857142857142858,2.3571428571428577,1.0,0.17592592592592596,3.111111111111113,0.9421487603305786,0.7333333333333335,0.6785714285714287,0.8511904761904763,11,14,12,HIGH_CHILD_CYBERCRIME + HIGH_EXTORTION_MOTIVE + HIGH_FRAUD_MOTIVE,HIGH_SEC66D_CHEATING + HIGH_WOMEN_CYBERCRIME,HIGH_CHILD_CYBERCRIME + HIGH_EXTORTION_MOTIVE + HIGH_FRAUD_MOTIVE -> HIGH_SEC66D_CHEATING + HIGH_WOMEN_CYBERCRIME,3,2
0.3888888888888889,0.3333333333333333,0.3055555555555556,0.7857142857142858,2.3571428571428577,1.0,0.17592592592592596,3.111111111111113,0.9421487603305786,0.7333333333333335,0.6785714285714287,0.8511904761904763,11,14,12,HIGH_EXTORTION_MOTIVE + HIGH_FRAUD_MOTIVE + HIGH_WOMEN_CYBERCRIME,HIGH_CHILD_CYBERCRIME + HIGH_SEC66D_CHEATING,HIGH_EXTORTION_MOTIVE + HIGH_FRAUD_MOTIVE + HIGH_WOMEN_CYBERCRIME -> HIGH_CHILD_CYBERCRIME + HIGH_SEC66D_CHEATING,3,2
0.3888888888888889,0.3333333333333333,0.3055555555555556,0.7857142857142858,2.3571428571428577,1.0,0.17592592592592596,3.111111111111113,0.9421487603305786,0.7333333333333335,0.6785714285714287,0.8511904761904763,11,14,12,HIGH_CHILD_CYBERCRIME + HIGH_FRAUD_MOTIVE + HIGH_SEXUAL_EXPLOITATION_MOTIVE,HIGH_SEC66D_CHEATING + HIGH_WOMEN_CYBERCRIME,HIGH_CHILD_CYBERCRIME + HIGH_FRAUD_MOTIVE + HIGH_SEXUAL_EXPLOITATION_MOTIVE -> HIGH_SEC66D_CHEATING + HIGH_WOMEN_CYBERCRIME,3,2
0.3888888888888889,0.3333333333333333,0.3055555555555556,0.7857142857142858,2.3571428571428577,1.0,0.17592592592592596,3.111111111111113,0.9421487603305786,0.7333333333333335,0.6785714285714287,0.8511904761904763,11,14,12,HIGH_FRAUD_MOTIVE + HIGH_SEXUAL_EXPLOITATION_MOTIVE + HIGH_WOMEN_CYBERCRIME,HIGH_CHILD_CYBERCRIME + HIGH_SEC66D_CHEATING,HIGH_FRAUD_MOTIVE + HIGH_SEXUAL_EXPLOITATION_MOTIVE + HIGH_WOMEN_CYBERCRIME -> HIGH_CHILD_CYBERCRIME + HIGH_SEC66D_CHEATING,3,2
0.3888888888888889,0.3611111111111111,0.3055555555555556,0.7857142857142858,2.175824175824176,1.0,0.16512345679012347,2.9814814814814827,0.884297520661157,0.6875000000000001,0.6645962732919257,0.815934065934066,11,14,13,HIGH_CHILD_CYBERCRIME + HIGH_EXTORTION_MOTIVE + HIGH_IDENTITY_THEFT + HIGH_WOMEN_CYBERCRIME,HIGH_FRAUD_MOTIVE + HIGH_SEC66D_CHEATING + HIGH_SEXUAL_EXPLOITATION_MOTIVE,HIGH_CHILD_CYBERCRIME + HIGH_EXTORTION_MOTIVE + HIGH_IDENTITY_THEFT + HIGH_WOMEN_CYBERCRIME -> HIGH_FRAUD_MOTIVE + HIGH_SEC66D_CHEATING + HIGH_SEXUAL_EXPLOITATION_MOTIVE,4,3
0.3888888888888889,0.3611111111111111,0.3055555555555556,0.7857142857142858,2.175824175824176,1.0,0.16512345679012347,2.9814814814814827,0.884297520661157,0.6875000000000001,0.6645962732919257,0.815934065934066,11,14,13,HIGH_CHILD_CYBERCRIME + HIGH_IDENTITY_THEFT + HIGH_WOMEN_CYBERCRIME,HIGH_EXTORTION_MOTIVE + HIGH_FRAUD_MOTIVE + HIGH_SEC66D_CHEATING + HIGH_SEXUAL_EXPLOITATION_MOTIVE,HIGH_CHILD_CYBERCRIME + HIGH_IDENTITY_THEFT + HIGH_WOMEN_CYBERCRIME -> HIGH_EXTORTION_MOTIVE + HIGH_FRAUD_MOTIVE + HIGH_SEC66D_CHEATING + HIGH_SEXUAL_EXPLOITATION_MOTIVE,3,4
0.3888888888888889,0.3611111111111111,0.3055555555555556,0.7857142857142858,2.175824175824176,1.0,0.16512345679012347,2.9814814814814827,0.884297520661157,0.6875000000000001,0.6645962732919257,0.815934065934066,11,14,13,HIGH_CHILD_CYBERCRIME + HIGH_EXTORTION_MOTIVE + HIGH_WOMEN_CYBERCRIME,HIGH_FRAUD_MOTIVE + HIGH_IDENTITY_THEFT + HIGH_SEC66D_CHEATING + HIGH_SEXUAL_EXPLOITATION_MOTIVE,HIGH_CHILD_CYBERCRIME + HIGH_EXTORTION_MOTIVE + HIGH_WOMEN_CYBERCRIME -> HIGH_FRAUD_MOTIVE + HIGH_IDENTITY_THEFT + HIGH_SEC66D_CHEATING + HIGH_SEXUAL_EXPLOITATION_MOTIVE,3,4
0.3888888888888889,0.3611111111111111,0.3055555555555556,0.7857142857142858,2.175824175824176,1.0,0.16512345679012347,2.9814814814814827,0.884297520661157,0.6875000000000001,0.6645962732919257,0.815934065934066,11,14,13,HIGH_CHILD_CYBERCRIME + HIGH_FRAUD_MOTIVE + HIGH_WOMEN_CYBERCRIME,HIGH_EXTORTION_MOTIVE + HIGH_IDENTITY_THEFT + HIGH_SEC66D_CHEATING + HIGH_SEXUAL_EXPLOITATION_MOTIVE,HIGH_CHILD_CYBERCRIME + HIGH_FRAUD_MOTIVE + HIGH_WOMEN_CYBERCRIME -> HIGH_EXTORTION_MOTIVE + HIGH_IDENTITY_THEFT + HIGH_SEC66D_CHEATING + HIGH_SEXUAL_EXPLOITATION_MOTIVE,3,4
0.3888888888888889,0.3611111111111111,0.3055555555555556,0.7857142857142858,2.175824175824176,1.0,0.16512345679012347,2.9814814814814827,0.884297520661157,0.6875000000000001,0.6645962732919257,0.815934065934066,11,14,13,HIGH_EXTORTION_MOTIVE + HIGH_IDENTITY_THEFT + HIGH_SEC66D_CHEATING,HIGH_CHILD_CYBERCRIME + HIGH_FRAUD_MOTIVE + HIGH_SEXUAL_EXPLOITATION_MOTIVE + HIGH_WOMEN_CYBERCRIME,HIGH_EXTORTION_MOTIVE + HIGH_IDENTITY_THEFT + HIGH_SEC66D_CHEATING -> HIGH_CHILD_CYBERCRIME + HIGH_FRAUD_MOTIVE + HIGH_SEXUAL_EXPLOITATION_MOTIVE + HIGH_WOMEN_CYBERCRIME,3,4
0.3888888888888889,0.3611111111111111,0.3055555555555556,0.7857142857142858,2.175824175824176,1.0,0.16512345679012347,2.9814814814814827,0.884297520661157,0.6875000000000001,0.6645962732919257,0.815934065934066,11,14,13,HIGH_EXTORTION_MOTIVE + HIGH_SEC66D_CHEATING + HIGH_SEXUAL_EXPLOITATION_MOTIVE,HIGH_CHILD_CYBERCRIME + HIGH_FRAUD_MOTIVE + HIGH_IDENTITY_THEFT + HIGH_WOMEN_CYBERCRIME,HIGH_EXTORTION_MOTIVE + HIGH_SEC66D_CHEATING + HIGH_SEXUAL_EXPLOITATION_MOTIVE -> HIGH_CHILD_CYBERCRIME + HIGH_FRAUD_MOTIVE + HIGH_IDENTITY_THEFT + HIGH_WOMEN_CYBERCRIME,3,4
0.3888888888888889,0.3611111111111111,0.3055555555555556,0.7857142857142858,2.175824175824176,1.0,0.16512345679012347,2.9814814814814827,0.884297520661157,0.6875000000000001,0.6645962732919257,0.815934065934066,11,14,13,HIGH_IDENTITY_THEFT + HIGH_SEC66D_CHEATING,HIGH_CHILD_CYBERCRIME + HIGH_EXTORTION_MOTIVE + HIGH_FRAUD_MOTIVE + HIGH_SEXUAL_EXPLOITATION_MOTIVE + HIGH_WOMEN_CYBERCRIME,HIGH_IDENTITY_THEFT + HIGH_SEC66D_CHEATING -> HIGH_CHILD_CYBERCRIME + HIGH_EXTORTION_MOTIVE + HIGH_FRAUD_MOTIVE + HIGH_SEXUAL_EXPLOITATION_MOTIVE + HIGH_WOMEN_CYBERCRIME,2,5
0.3888888888888889,0.3611111111111111,0.3055555555555556,0.7857142857142858,2.175824175824176,1.0,0.16512345679012347,2.9814814814814827,0.884297520661157,0.6875000000000001,0.6645962732919257,0.815934065934066,11,14,13,HIGH_SEC66D_CHEATING + HIGH_SEXUAL_EXPLOITATION_MOTIVE,HIGH_CHILD_CYBERCRIME + HIGH_EXTORTION_MOTIVE + HIGH_FRAUD_MOTIVE + HIGH_IDENTITY_THEFT + HIGH_WOMEN_CYBERCRIME,HIGH_SEC66D_CHEATING + HIGH_SEXUAL_EXPLOITATION_MOTIVE -> HIGH_CHILD_CYBERCRIME + HIGH_EXTORTION_MOTIVE + HIGH_FRAUD_MOTIVE + HIGH_IDENTITY_THEFT + HIGH_WOMEN_CYBERCRIME,2,5
0.3888888888888889,0.3611111111111111,0.3055555555555556,0.7857142857142858,2.175824175824176,1.0,0.16512345679012347,2.9814814814814827,0.884297520661157,0.6875000000000001,0.6645962732919257,0.815934065934066,11,14,13,HIGH_IDENTITY_THEFT + HIGH_SEC66D_CHEATING,HIGH_CHILD_CYBERCRIME + HIGH_EXTORTION_MOTIVE + HIGH_FRAUD_MOTIVE + HIGH_WOMEN_CYBERCRIME,HIGH_IDENTITY_THEFT + HIGH_SEC66D_CHEATING -> HIGH_CHILD_CYBERCRIME + HIGH_EXTORTION_MOTIVE + HIGH_FRAUD_MOTIVE + HIGH_WOMEN_CYBERCRIME,2,4
0.3888888888888889,0.3611111111111111,0.3055555555555556,0.7857142857142858,2.175824175824176,1.0,0.16512345679012347,2.9814814814814827,0.884297520661157,0.6875000000000001,0.6645962732919257,0.815934065934066,11,14,13,HIGH_CHILD_CYBERCRIME + HIGH_IDENTITY_THEFT + HIGH_WOMEN_CYBERCRIME,HIGH_FRAUD_MOTIVE + HIGH_SEC66D_CHEATING + HIGH_SEXUAL_EXPLOITATION_MOTIVE,HIGH_CHILD_CYBERCRIME + HIGH_IDENTITY_THEFT + HIGH_WOMEN_CYBERCRIME -> HIGH_FRAUD_MOTIVE + HIGH_SEC66D_CHEATING + HIGH_SEXUAL_EXPLOITATION_MOTIVE,3,3
0.3888888888888889,0.3611111111111111,0.3055555555555556,0.7857142857142858,2.175824175824176,1.0,0.16512345679012347,2.9814814814814827,0.884297520661157,0.6875000000000001,0.6645962732919257,0.815934065934066,11,14,13,HIGH_CHILD_CYBERCRIME + HIGH_FRAUD_MOTIVE + HIGH_WOMEN_CYBERCRIME,HIGH_IDENTITY_THEFT + HIGH_SEC66D_CHEATING + HIGH_SEXUAL_EXPLOITATION_MOTIVE,HIGH_CHILD_CYBERCRIME + HIGH_FRAUD_MOTIVE + HIGH_WOMEN_CYBERCRIME -> HIGH_IDENTITY_THEFT + HIGH_SEC66D_CHEATING + HIGH_SEXUAL_EXPLOITATION_MOTIVE,3,3
0.3888888888888889,0.3611111111111111,0.3055555555555556,0.7857142857142858,2.175824175824176,1.0,0.16512345679012347,2.9814814814814827,0.884297520661157,0.6875000000000001,0.6645962732919257,0.815934065934066,11,14,13,HIGH_IDENTITY_THEFT + HIGH_SEC66D_CHEATING,HIGH_CHILD_CYBERCRIME + HIGH_FRAUD_MOTIVE + HIGH_SEXUAL_EXPLOITATION_MOTIVE + HIGH_WOMEN_CYBERCRIME,HIGH_IDENTITY_THEFT + HIGH_SEC66D_CHEATING -> HIGH_CHILD_CYBERCRIME + HIGH_FRAUD_MOTIVE + HIGH_SEXUAL_EXPLOITATION_MOTIVE + HIGH_WOMEN_CYBERCRIME,2,4
0.3888888888888889,0.3611111111111111,0.3055555555555556,0.7857142857142858,2.175824175824176,1.0,0.16512345679012347,2.9814814814814827,0.884297520661157,0.6875000000000001,0.6645962732919257,0.815934065934066,11,14,13,HIGH_SEC66D_CHEATING + HIGH_SEXUAL_EXPLOITATION_MOTIVE,HIGH_CHILD_CYBERCRIME + HIGH_FRAUD_MOTIVE + HIGH_IDENTITY_THEFT + HIGH_WOMEN_CYBERCRIME,HIGH_SEC66D_CHEATING + HIGH_SEXUAL_EXPLOITATION_MOTIVE -> HIGH_CHILD_CYBERCRIME + HIGH_FRAUD_MOTIVE + HIGH_IDENTITY_THEFT + HIGH_WOMEN_CYBERCRIME,2,4
0.3888888888888889,0.3611111111111111,0.3055555555555556,0.7857142857142858,2.175824175824176,1.0,0.16512345679012347,2.9814814814814827,0.884297520661157,0.6875000000000001,0.6645962732919257,0.815934065934066,11,14,13,HIGH_CHILD_CYBERCRIME + HIGH_EXTORTION_MOTIVE + HIGH_WOMEN_CYBERCRIME,HIGH_FRAUD_MOTIVE + HIGH_SEC66D_CHEATING + HIGH_SEXUAL_EXPLOITATION_MOTIVE,HIGH_CHILD_CYBERCRIME + HIGH_EXTORTION_MOTIVE + HIGH_WOMEN_CYBERCRIME -> HIGH_FRAUD_MOTIVE + HIGH_SEC66D_CHEATING + HIGH_SEXUAL_EXPLOITATION_MOTIVE,3,3
0.3888888888888889,0.3611111111111111,0.3055555555555556,0.7857142857142858,2.175824175824176,1.0,0.16512345679012347,2.9814814814814827,0.884297520661157,0.6875000000000001,0.6645962732919257,0.815934065934066,11,14,13,HIGH_SEC66D_CHEATING + HIGH_SEXUAL_EXPLOITATION_MOTIVE,HIGH_CHILD_CYBERCRIME + HIGH_EXTORTION_MOTIVE + HIGH_FRAUD_MOTIVE + HIGH_WOMEN_CYBERCRIME,HIGH_SEC66D_CHEATING + HIGH_SEXUAL_EXPLOITATION_MOTIVE -> HIGH_CHILD_CYBERCRIME + HIGH_EXTORTION_MOTIVE + HIGH_FRAUD_MOTIVE + HIGH_WOMEN_CYBERCRIME,2,4
0.3888888888888889,0.3611111111111111,0.3055555555555556,0.7857142857142858,2.175824175824176,1.0,0.16512345679012347,2.9814814814814827,0.884297520661157,0.6875000000000001,0.6645962732919257,0.815934065934066,11,14,13,HIGH_CHILD_CYBERCRIME + HIGH_EXTORTION_MOTIVE + HIGH_WOMEN_CYBERCRIME,HIGH_IDENTITY_THEFT + HIGH_SEC66D_CHEATING + HIGH_SEXUAL_EXPLOITATION_MOTIVE,HIGH_CHILD_CYBERCRIME + HIGH_EXTORTION_MOTIVE + HIGH_WOMEN_CYBERCRIME -> HIGH_IDENTITY_THEFT + HIGH_SEC66D_CHEATING + HIGH_SEXUAL_EXPLOITATION_MOTIVE,3,3
0.3888888888888889,0.3888888888888889,0.3055555555555556,0.7857142857142858,2.0204081632653064,1.0,0.154320987654321,2.8518518518518534,0.8264462809917356,0.6470588235294118,0.6493506493506495,0.7857142857142858,11,14,14,HIGH_CHILD_CYBERCRIME + HIGH_IDENTITY_THEFT + HIGH_SEXUAL_EXPLOITATION_MOTIVE + HIGH_WOMEN_CYBERCRIME,HIGH_EXTORTION_MOTIVE + HIGH_FRAUD_MOTIVE + HIGH_SEC66D_CHEATING,HIGH_CHILD_CYBERCRIME + HIGH_IDENTITY_THEFT + HIGH_SEXUAL_EXPLOITATION_MOTIVE + HIGH_WOMEN_CYBERCRIME -> HIGH_EXTORTION_MOTIVE + HIGH_FRAUD_MOTIVE + HIGH_SEC66D_CHEATING,4,3
0.3888888888888889,0.3888888888888889,0.3055555555555556,0.7857142857142858,2.0204081632653064,1.0,0.154320987654321,2.8518518518518534,0.8264462809917356,0.6470588235294118,0.6493506493506495,0.7857142857142858,11,14,14,HIGH_CHILD_CYBERCRIME + HIGH_EXTORTION_MOTIVE + HIGH_SEXUAL_EXPLOITATION_MOTIVE + HIGH_WOMEN_CYBERCRIME,HIGH_FRAUD_MOTIVE + HIGH_IDENTITY_THEFT + HIGH_SEC66D_CHEATING,HIGH_CHILD_CYBERCRIME + HIGH_EXTORTION_MOTIVE + HIGH_SEXUAL_EXPLOITATION_MOTIVE + HIGH_WOMEN_CYBERCRIME -> HIGH_FRAUD_MOTIVE + HIGH_IDENTITY_THEFT + HIGH_SEC66D_CHEATING,4,3
0.3888888888888889,0.3888888888888889,0.3055555555555556,0.7857142857142858,2.0204081632653064,1.0,0.154320987654321,2.8518518518518534,0.8264462809917356,0.6470588235294118,0.6493506493506495,0.7857142857142858,11,14,14,HIGH_FRAUD_MOTIVE + HIGH_IDENTITY_THEFT + HIGH_SEC66D_CHEATING,HIGH_CHILD_CYBERCRIME + HIGH_EXTORTION_MOTIVE + HIGH_SEXUAL_EXPLOITATION_MOTIVE + HIGH_WOMEN_CYBERCRIME,HIGH_FRAUD_MOTIVE + HIGH_IDENTITY_THEFT + HIGH_SEC66D_CHEATING -> HIGH_CHILD_CYBERCRIME + HIGH_EXTORTION_MOTIVE + HIGH_SEXUAL_EXPLOITATION_MOTIVE + HIGH_WOMEN_CYBERCRIME,3,4
0.3888888888888889,0.3888888888888889,0.3055555555555556,0.7857142857142858,2.0204081632653064,1.0,0.154320987654321,2.8518518518518534,0.8264462809917356,0.6470588235294118,0.6493506493506495,0.7857142857142858,11,14,14,HIGH_EXTORTION_MOTIVE + HIGH_FRAUD_MOTIVE + HIGH_SEC66D_CHEATING,HIGH_CHILD_CYBERCRIME + HIGH_IDENTITY_THEFT + HIGH_SEXUAL_EXPLOITATION_MOTIVE + HIGH_WOMEN_CYBERCRIME,HIGH_EXTORTION_MOTIVE + HIGH_FRAUD_MOTIVE + HIGH_SEC66D_CHEATING -> HIGH_CHILD_CYBERCRIME + HIGH_IDENTITY_THEFT + HIGH_SEXUAL_EXPLOITATION_MOTIVE + HIGH_WOMEN_CYBERCRIME,3,4
0.3888888888888889,0.3888888888888889,0.3055555555555556,0.7857142857142858,2.0204081632653064,1.0,0.154320987654321,2.8518518518518534,0.8264462809917356,0.6470588235294118,0.6493506493506495,0.7857142857142858,11,14,14,HIGH_CHILD_CYBERCRIME + HIGH_IDENTITY_THEFT + HIGH_WOMEN_CYBERCRIME,HIGH_EXTORTION_MOTIVE + HIGH_FRAUD_MOTIVE + HIGH_SEC66D_CHEATING,HIGH_CHILD_CYBERCRIME + HIGH_IDENTITY_THEFT + HIGH_WOMEN_CYBERCRIME -> HIGH_EXTORTION_MOTIVE + HIGH_FRAUD_MOTIVE + HIGH_SEC66D_CHEATING,3,3
0.3888888888888889,0.3888888888888889,0.3055555555555556,0.7857142857142858,2.0204081632653064,1.0,0.154320987654321,2.8518518518518534,0.8264462809917356,0.6470588235294118,0.6493506493506495,0.7857142857142858,11,14,14,HIGH_CHILD_CYBERCRIME + HIGH_EXTORTION_MOTIVE + HIGH_WOMEN_CYBERCRIME,HIGH_FRAUD_MOTIVE + HIGH_IDENTITY_THEFT + HIGH_SEC66D_CHEATING,HIGH_CHILD_CYBERCRIME + HIGH_EXTORTION_MOTIVE + HIGH_WOMEN_CYBERCRIME -> HIGH_FRAUD_MOTIVE + HIGH_IDENTITY_THEFT + HIGH_SEC66D_CHEATING,3,3
0.3888888888888889,0.3888888888888889,0.3055555555555556,0.7857142857142858,2.0204081632653064,1.0,0.154320987654321,2.8518518518518534,0.8264462809917356,0.6470588235294118,0.6493506493506495,0.7857142857142858,11,14,14,HIGH_CHILD_CYBERCRIME + HIGH_FRAUD_MOTIVE + HIGH_WOMEN_CYBERCRIME,HIGH_EXTORTION_MOTIVE + HIGH_IDENTITY_THEFT + HIGH_SEC66D_CHEATING,HIGH_CHILD_CYBERCRIME + HIGH_FRAUD_MOTIVE + HIGH_WOMEN_CYBERCRIME -> HIGH_EXTORTION_MOTIVE + HIGH_IDENTITY_THEFT + HIGH_SEC66D_CHEATING,3,3
0.3888888888888889,0.3888888888888889,0.3055555555555556,0.7857142857142858,2.0204081632653064,1.0,0.154320987654321,2.8518518518518534,0.8264462809917356,0.6470588235294118,0.6493506493506495,0.7857142857142858,11,14,14,HIGH_EXTORTION_MOTIVE + HIGH_IDENTITY_THEFT + HIGH_SEC66D_CHEATING,HIGH_CHILD_CYBERCRIME + HIGH_FRAUD_MOTIVE + HIGH_WOMEN_CYBERCRIME,HIGH_EXTORTION_MOTIVE + HIGH_IDENTITY_THEFT + HIGH_SEC66D_CHEATING -> HIGH_CHILD_CYBERCRIME + HIGH_FRAUD_MOTIVE + HIGH_WOMEN_CYBERCRIME,3,3
0.3888888888888889,0.3888888888888889,0.3055555555555556,0.7857142857142858,2.0204081632653064,1.0,0.154320987654321,2.8518518518518534,0.8264462809917356,0.6470588235294118,0.6493506493506495,0.7857142857142858,11,14,14,HIGH_FRAUD_MOTIVE + HIGH_IDENTITY_THEFT + HIGH_SEC66D_CHEATING,HIGH_CHILD_CYBERCRIME + HIGH_EXTORTION_MOTIVE + HIGH_WOMEN_CYBERCRIME,HIGH_FRAUD_MOTIVE + HIGH_IDENTITY_THEFT + HIGH_SEC66D_CHEATING -> HIGH_CHILD_CYBERCRIME + HIGH_EXTORTION_MOTIVE + HIGH_WOMEN_CYBERCRIME,3,3
0.3888888888888889,0.3888888888888889,0.3055555555555556,0.7857142857142858,2.0204081632653064,1.0,0.154320987654321,2.8518518518518534,0.8264462809917356,0.6470588235294118,0.6493506493506495,0.7857142857142858,11,14,14,HIGH_EXTORTION_MOTIVE + HIGH_FRAUD_MOTIVE + HIGH_SEC66D_CHEATING,HIGH_CHILD_CYBERCRIME + HIGH_IDENTITY_THEFT + HIGH_WOMEN_CYBERCRIME,HIGH_EXTORTION_MOTIVE + HIGH_FRAUD_MOTIVE + HIGH_SEC66D_CHEATING -> HIGH_CHILD_CYBERCRIME + HIGH_IDENTITY_THEFT + HIGH_WOMEN_CYBERCRIME,3,3
0.3888888888888889,0.3888888888888889,0.3055555555555556,0.7857142857142858,2.0204081632653064,1.0,0.154320987654321,2.8518518518518534,0.8264462809917356,0.6470588235294118,0.6493506493506495,0.7857142857142858,11,14,14,HIGH_CHILD_CYBERCRIME + HIGH_FRAUD_MOTIVE + HIGH_WOMEN_CYBERCRIME,HIGH_EXTORTION_MOTIVE + HIGH_SEC66D_CHEATING + HIGH_SEXUAL_EXPLOITATION_MOTIVE,HIGH_CHILD_CYBERCRIME + HIGH_FRAUD_MOTIVE + HIGH_WOMEN_CYBERCRIME -> HIGH_EXTORTION_MOTIVE + HIGH_SEC66D_CHEATING + HIGH_SEXUAL_EXPLOITATION_MOTIVE,3,3
0.3888888888888889,0.3888888888888889,0.3055555555555556,0.7857142857142858,2.0204081632653064,1.0,0.154320987654321,2.8518518518518534,0.8264462809917356,0.6470588235294118,0.6493506493506495,0.7857142857142858,11,14,14,HIGH_EXTORTION_MOTIVE + HIGH_SEC66D_CHEATING + HIGH_SEXUAL_EXPLOITATION_MOTIVE,HIGH_CHILD_CYBERCRIME + HIGH_FRAUD_MOTIVE + HIGH_WOMEN_CYBERCRIME,HIGH_EXTORTION_MOTIVE + HIGH_SEC66D_CHEATING + HIGH_SEXUAL_EXPLOITATION_MOTIVE -> HIGH_CHILD_CYBERCRIME + HIGH_FRAUD_MOTIVE + HIGH_WOMEN_CYBERCRIME,3,3
0.3888888888888889,0.3888888888888889,0.3055555555555556,0.7857142857142858,2.0204081632653064,1.0,0.154320987654321,2.8518518518518534,0.8264462809917356,0.6470588235294118,0.6493506493506495,0.7857142857142858,11,14,14,HIGH_CHILD_CYBERCRIME + HIGH_EXTORTION_MOTIVE + HIGH_IDENTITY_THEFT + HIGH_WOMEN_CYBERCRIME,HIGH_SEC66D_CHEATING + HIGH_SEXUAL_EXPLOITATION_MOTIVE,HIGH_CHILD_CYBERCRIME + HIGH_EXTORTION_MOTIVE + HIGH_IDENTITY_THEFT + HIGH_WOMEN_CYBERCRIME -> HIGH_SEC66D_CHEATING + HIGH_SEXUAL_EXPLOITATION_MOTIVE,4,2
0.3888888888888889,0.3888888888888889,0.3055555555555556,0.7857142857142858,2.0204081632653064,1.0,0.154320987654321,2.8518518518518534,0.8264462809917356,0.6470588235294118,0.6493506493506495,0.7857142857142858,11,14,14,HIGH_CHILD_CYBERCRIME + HIGH_EXTORTION_MOTIVE + HIGH_SEXUAL_EXPLOITATION_MOTIVE + HIGH_WOMEN_CYBERCRIME,HIGH_IDENTITY_THEFT + HIGH_SEC66D_CHEATING,HIGH_CHILD_CYBERCRIME + HIGH_EXTORTION_MOTIVE + HIGH_SEXUAL_EXPLOITATION_MOTIVE + HIGH_WOMEN_CYBERCRIME -> HIGH_IDENTITY_THEFT + HIGH_SEC66D_CHEATING,4,2
0.3888888888888889,0.3888888888888889,0.3055555555555556,0.7857142857142858,2.0204081632653064,1.0,0.154320987654321,2.8518518518518534,0.8264462809917356,0.6470588235294118,0.6493506493506495,0.7857142857142858,11,14,14,HIGH_CHILD_CYBERCRIME + HIGH_IDENTITY_THEFT + HIGH_WOMEN_CYBERCRIME,HIGH_EXTORTION_MOTIVE + HIGH_SEC66D_CHEATING + HIGH_SEXUAL_EXPLOITATION_MOTIVE,HIGH_CHILD_CYBERCRIME + HIGH_IDENTITY_THEFT + HIGH_WOMEN_CYBERCRIME -> HIGH_EXTORTION_MOTIVE + HIGH_SEC66D_CHEATING + HIGH_SEXUAL_EXPLOITATION_MOTIVE,3,3
0.3888888888888889,0.3888888888888889,0.3055555555555556,0.7857142857142858,2.0204081632653064,1.0,0.154320987654321,2.8518518518518534,0.8264462809917356,0.6470588235294118,0.6493506493506495,0.7857142857142858,11,14,14,HIGH_EXTORTION_MOTIVE + HIGH_SEC66D_CHEATING + HIGH_SEXUAL_EXPLOITATION_MOTIVE,HIGH_CHILD_CYBERCRIME + HIGH_IDENTITY_THEFT + HIGH_WOMEN_CYBERCRIME,HIGH_EXTORTION_MOTIVE + HIGH_SEC66D_CHEATING + HIGH_SEXUAL_EXPLOITATION_MOTIVE -> HIGH_CHILD_CYBERCRIME + HIGH_IDENTITY_THEFT + HIGH_WOMEN_CYBERCRIME,3,3
0.3888888888888889,0.3888888888888889,0.3055555555555556,0.7857142857142858,2.0204081632653064,1.0,0.154320987654321,2.8518518518518534,0.8264462809917356,0.6470588235294118,0.6493506493506495,0.7857142857142858,11,14,14,HIGH_IDENTITY_THEFT + HIGH_SEC66D_CHEATING,HIGH_CHILD_CYBERCRIME + HIGH_EXTORTION_MOTIVE + HIGH_SEXUAL_EXPLOITATION_MOTIVE + HIGH_WOMEN_CYBERCRIME,HIGH_IDENTITY_THEFT + HIGH_SEC66D_CHEATING -> HIGH_CHILD_CYBERCRIME + HIGH_EXTORTION_MOTIVE + HIGH_SEXUAL_EXPLOITATION_MOTIVE + HIGH_WOMEN_CYBERCRIME,2,4
0.3888888888888889,0.3888888888888889,0.3055555555555556,0.7857142857142858,2.0204081632653064,1.0,0.154320987654321,2.8518518518518534,0.8264462809917356,0.6470588235294118,0.6493506493506495,0.7857142857142858,11,14,14,HIGH_SEC66D_CHEATING + HIGH_SEXUAL_EXPLOITATION_MOTIVE,HIGH_CHILD_CYBERCRIME + HIGH_EXTORTION_MOTIVE + HIGH_IDENTITY_THEFT + HIGH_WOMEN_CYBERCRIME,HIGH_SEC66D_CHEATING + HIGH_SEXUAL_EXPLOITATION_MOTIVE -> HIGH_CHILD_CYBERCRIME + HIGH_EXTORTION_MOTIVE + HIGH_IDENTITY_THEFT + HIGH_WOMEN_CYBERCRIME,2,4
0.3888888888888889,0.3888888888888889,0.3055555555555556,0.7857142857142858,2.0204081632653064,1.0,0.154320987654321,2.8518518518518534,0.8264462809917356,0.6470588235294118,0.6493506493506495,0.7857142857142858,11,14,14,HIGH_CHILD_CYBERCRIME + HIGH_FRAUD_MOTIVE + HIGH_WOMEN_CYBERCRIME,HIGH_IDENTITY_THEFT + HIGH_SEC66D_CHEATING,HIGH_CHILD_CYBERCRIME + HIGH_FRAUD_MOTIVE + HIGH_WOMEN_CYBERCRIME -> HIGH_IDENTITY_THEFT + HIGH_SEC66D_CHEATING,3,2
0.3888888888888889,0.3888888888888889,0.3055555555555556,0.7857142857142858,2.0204081632653064,1.0,0.154320987654321,2.8518518518518534,0.8264462809917356,0.6470588235294118,0.6493506493506495,0.7857142857142858,11,14,14,HIGH_IDENTITY_THEFT + HIGH_SEC66D_CHEATING,HIGH_CHILD_CYBERCRIME + HIGH_FRAUD_MOTIVE + HIGH_WOMEN_CYBERCRIME,HIGH_IDENTITY_THEFT + HIGH_SEC66D_CHEATING -> HIGH_CHILD_CYBERCRIME + HIGH_FRAUD_MOTIVE + HIGH_WOMEN_CYBERCRIME,2,3
0.3888888888888889,0.3888888888888889,0.3055555555555556,0.7857142857142858,2.0204081632653064,1.0,0.154320987654321,2.8518518518518534,0.8264462809917356,0.6470588235294118,0.6493506493506495,0.7857142857142858,11,14,14,HIGH_CHILD_CYBERCRIME + HIGH_FRAUD_MOTIVE + HIGH_WOMEN_CYBERCRIME,HIGH_SEC66D_CHEATING + HIGH_SEXUAL_EXPLOITATION_MOTIVE,HIGH_CHILD_CYBERCRIME + HIGH_FRAUD_MOTIVE + HIGH_WOMEN_CYBERCRIME -> HIGH_SEC66D_CHEATING + HIGH_SEXUAL_EXPLOITATION_MOTIVE,3,2
0.3888888888888889,0.3888888888888889,0.3055555555555556,0.7857142857142858,2.0204081632653064,1.0,0.154320987654321,2.8518518518518534,0.8264462809917356,0.6470588235294118,0.6493506493506495,0.7857142857142858,11,14,14,HIGH_SEC66D_CHEATING + HIGH_SEXUAL_EXPLOITATION_MOTIVE,HIGH_CHILD_CYBERCRIME + HIGH_FRAUD_MOTIVE + HIGH_WOMEN_CYBERCRIME,HIGH_SEC66D_CHEATING + HIGH_SEXUAL_EXPLOITATION_MOTIVE -> HIGH_CHILD_CYBERCRIME + HIGH_FRAUD_MOTIVE + HIGH_WOMEN_CYBERCRIME,2,3
0.3888888888888889,0.3888888888888889,0.3055555555555556,0.7857142857142858,2.0204081632653064,1.0,0.154320987654321,2.8518518518518534,0.8264462809917356,0.6470588235294118,0.6493506493506495,0.7857142857142858,11,14,14,HIGH_CHILD_CYBERCRIME + HIGH_EXTORTION_MOTIVE + HIGH_WOMEN_CYBERCRIME,HIGH_IDENTITY_THEFT + HIGH_SEC66D_CHEATING,HIGH_CHILD_CYBERCRIME + HIGH_EXTORTION_MOTIVE + HIGH_WOMEN_CYBERCRIME -> HIGH_IDENTITY_THEFT + HIGH_SEC66D_CHEATING,3,2
0.3888888888888889,0.3888888888888889,0.3055555555555556,0.7857142857142858,2.0204081632653064,1.0,0.154320987654321,2.8518518518518534,0.8264462809917356,0.6470588235294118,0.6493506493506495,0.7857142857142858,11,14,14,HIGH_IDENTITY_THEFT + HIGH_SEC66D_CHEATING,HIGH_CHILD_CYBERCRIME + HIGH_EXTORTION_MOTIVE + HIGH_WOMEN_CYBERCRIME,HIGH_IDENTITY_THEFT + HIGH_SEC66D_CHEATING -> HIGH_CHILD_CYBERCRIME + HIGH_EXTORTION_MOTIVE + HIGH_WOMEN_CYBERCRIME,2,3
0.3888888888888889,0.3888888888888889,0.3055555555555556,0.7857142857142858,2.0204081632653064,1.0,0.154320987654321,2.8518518518518534,0.8264462809917356,0.6470588235294118,0.6493506493506495,0.7857142857142858,11,14,14,HIGH_CHILD_CYBERCRIME + HIGH_IDENTITY_THEFT + HIGH_WOMEN_CYBERCRIME,HIGH_SEC66D_CHEATING + HIGH_SEXUAL_EXPLOITATION_MOTIVE,HIGH_CHILD_CYBERCRIME + HIGH_IDENTITY_THEFT + HIGH_WOMEN_CYBERCRIME -> HIGH_SEC66D_CHEATING + HIGH_SEXUAL_EXPLOITATION_MOTIVE,3,2
0.3888888888888889,0.3888888888888889,0.3055555555555556,0.7857142857142858,2.0204081632653064,1.0,0.154320987654321,2.8518518518518534,0.8264462809917356,0.6470588235294118,0.6493506493506495,0.7857142857142858,11,14,14,HIGH_SEC66D_CHEATING + HIGH_SEXUAL_EXPLOITATION_MOTIVE,HIGH_CHILD_CYBERCRIME + HIGH_IDENTITY_THEFT + HIGH_WOMEN_CYBERCRIME,HIGH_SEC66D_CHEATING + HIGH_SEXUAL_EXPLOITATION_MOTIVE -> HIGH_CHILD_CYBERCRIME + HIGH_IDENTITY_THEFT + HIGH_WOMEN_CYBERCRIME,2,3
0.3888888888888889,0.3888888888888889,0.3055555555555556,0.7857142857142858,2.0204081632653064,1.0,0.154320987654321,2.8518518518518534,0.8264462809917356,0.6470588235294118,0.6493506493506495,0.7857142857142858,11,14,14,HIGH_CHILD_CYBERCRIME + HIGH_EXTORTION_MOTIVE + HIGH_WOMEN_CYBERCRIME,HIGH_SEC66D_CHEATING + HIGH_SEXUAL_EXPLOITATION_MOTIVE,HIGH_CHILD_CYBERCRIME + HIGH_EXTORTION_MOTIVE + HIGH_WOMEN_CYBERCRIME -> HIGH_SEC66D_CHEATING + HIGH_SEXUAL_EXPLOITATION_MOTIVE,3,2
0.3888888888888889,0.3888888888888889,0.3055555555555556,0.7857142857142858,2.0204081632653064,1.0,0.154320987654321,2.8518518518518534,0.8264462809917356,0.6470588235294118,0.6493506493506495,0.7857142857142858,11,14,14,HIGH_SEC66D_CHEATING + HIGH_SEXUAL_EXPLOITATION_MOTIVE,HIGH_CHILD_CYBERCRIME + HIGH_EXTORTION_MOTIVE + HIGH_WOMEN_CYBERCRIME,HIGH_SEC66D_CHEATING + HIGH_SEXUAL_EXPLOITATION_MOTIVE -> HIGH_CHILD_CYBERCRIME + HIGH_EXTORTION_MOTIVE + HIGH_WOMEN_CYBERCRIME,2,3
0.3888888888888889,0.4166666666666667,0.3055555555555556,0.7857142857142858,1.885714285714286,1.0,0.14351851851851855,2.722222222222223,0.768595041322314,0.6111111111111112,0.63265306122449,0.7595238095238096,11,14,15,HIGH_CHILD_CYBERCRIME + HIGH_EXTORTION_MOTIVE + HIGH_IDENTITY_THEFT + HIGH_SEXUAL_EXPLOITATION_MOTIVE + HIGH_WOMEN_CYBERCRIME,HIGH_FRAUD_MOTIVE + HIGH_SEC66D_CHEATING,HIGH_CHILD_CYBERCRIME + HIGH_EXTORTION_MOTIVE + HIGH_IDENTITY_THEFT + HIGH_SEXUAL_EXPLOITATION_MOTIVE + HIGH_WOMEN_CYBERCRIME -> HIGH_FRAUD_MOTIVE + HIGH_SEC66D_CHEATING,5,2
0.3888888888888889,0.4166666666666667,0.3055555555555556,0.7857142857142858,1.885714285714286,1.0,0.14351851851851855,2.722222222222223,0.768595041322314,0.6111111111111112,0.63265306122449,0.7595238095238096,11,14,15,HIGH_EXTORTION_MOTIVE + HIGH_FRAUD_MOTIVE + HIGH_IDENTITY_THEFT + HIGH_SEC66D_CHEATING,HIGH_CHILD_CYBERCRIME + HIGH_SEXUAL_EXPLOITATION_MOTIVE + HIGH_WOMEN_CYBERCRIME,HIGH_EXTORTION_MOTIVE + HIGH_FRAUD_MOTIVE + HIGH_IDENTITY_THEFT + HIGH_SEC66D_CHEATING -> HIGH_CHILD_CYBERCRIME + HIGH_SEXUAL_EXPLOITATION_MOTIVE + HIGH_WOMEN_CYBERCRIME,4,3
0.3888888888888889,0.4166666666666667,0.3055555555555556,0.7857142857142858,1.885714285714286,1.0,0.14351851851851855,2.722222222222223,0.768595041322314,0.6111111111111112,0.63265306122449,0.7595238095238096,11,14,15,HIGH_CHILD_CYBERCRIME + HIGH_EXTORTION_MOTIVE + HIGH_IDENTITY_THEFT + HIGH_WOMEN_CYBERCRIME,HIGH_FRAUD_MOTIVE + HIGH_SEC66D_CHEATING,HIGH_CHILD_CYBERCRIME + HIGH_EXTORTION_MOTIVE + HIGH_IDENTITY_THEFT + HIGH_WOMEN_CYBERCRIME -> HIGH_FRAUD_MOTIVE + HIGH_SEC66D_CHEATING,4,2
0.3888888888888889,0.4166666666666667,0.3055555555555556,0.7857142857142858,1.885714285714286,1.0,0.14351851851851855,2.722222222222223,0.768595041322314,0.6111111111111112,0.63265306122449,0.7595238095238096,11,14,15,HIGH_CHILD_CYBERCRIME + HIGH_IDENTITY_THEFT + HIGH_SEXUAL_EXPLOITATION_MOTIVE + HIGH_WOMEN_CYBERCRIME,HIGH_FRAUD_MOTIVE + HIGH_SEC66D_CHEATING,HIGH_CHILD_CYBERCRIME + HIGH_IDENTITY_THEFT + HIGH_SEXUAL_EXPLOITATION_MOTIVE + HIGH_WOMEN_CYBERCRIME -> HIGH_FRAUD_MOTIVE + HIGH_SEC66D_CHEATING,4,2
0.3888888888888889,0.4166666666666667,0.3055555555555556,0.7857142857142858,1.885714285714286,1.0,0.14351851851851855,2.722222222222223,0.768595041322314,0.6111111111111112,0.63265306122449,0.7595238095238096,11,14,15,HIGH_FRAUD_MOTIVE + HIGH_IDENTITY_THEFT + HIGH_SEC66D_CHEATING,HIGH_CHILD_CYBERCRIME + HIGH_SEXUAL_EXPLOITATION_MOTIVE + HIGH_WOMEN_CYBERCRIME,HIGH_FRAUD_MOTIVE + HIGH_IDENTITY_THEFT + HIGH_SEC66D_CHEATING -> HIGH_CHILD_CYBERCRIME + HIGH_SEXUAL_EXPLOITATION_MOTIVE + HIGH_WOMEN_CYBERCRIME,3,3
0.3888888888888889,0.4166666666666667,0.3055555555555556,0.7857142857142858,1.885714285714286,1.0,0.14351851851851855,2.722222222222223,0.768595041322314,0.6111111111111112,0.63265306122449,0.7595238095238096,11,14,15,HIGH_CHILD_CYBERCRIME + HIGH_EXTORTION_MOTIVE + HIGH_SEXUAL_EXPLOITATION_MOTIVE + HIGH_WOMEN_CYBERCRIME,HIGH_FRAUD_MOTIVE + HIGH_SEC66D_CHEATING,HIGH_CHILD_CYBERCRIME + HIGH_EXTORTION_MOTIVE + HIGH_SEXUAL_EXPLOITATION_MOTIVE + HIGH_WOMEN_CYBERCRIME -> HIGH_FRAUD_MOTIVE + HIGH_SEC66D_CHEATING,4,2
0.3888888888888889,0.4166666666666667,0.3055555555555556,0.7857142857142858,1.885714285714286,1.0,0.14351851851851855,2.722222222222223,0.768595041322314,0.6111111111111112,0.63265306122449,0.7595238095238096,11,14,15,HIGH_EXTORTION_MOTIVE + HIGH_FRAUD_MOTIVE + HIGH_SEC66D_CHEATING,HIGH_CHILD_CYBERCRIME + HIGH_SEXUAL_EXPLOITATION_MOTIVE + HIGH_WOMEN_CYBERCRIME,HIGH_EXTORTION_MOTIVE + HIGH_FRAUD_MOTIVE + HIGH_SEC66D_CHEATING -> HIGH_CHILD_CYBERCRIME + HIGH_SEXUAL_EXPLOITATION_MOTIVE + HIGH_WOMEN_CYBERCRIME,3,3
0.3888888888888889,0.4166666666666667,0.3055555555555556,0.7857142857142858,1.885714285714286,1.0,0.14351851851851855,2.722222222222223,0.768595041322314,0.6111111111111112,0.63265306122449,0.7595238095238096,11,14,15,HIGH_CHILD_CYBERCRIME + HIGH_IDENTITY_THEFT + HIGH_SEXUAL_EXPLOITATION_MOTIVE + HIGH_WOMEN_CYBERCRIME,HIGH_EXTORTION_MOTIVE + HIGH_SEC66D_CHEATING,HIGH_CHILD_CYBERCRIME + HIGH_IDENTITY_THEFT + HIGH_SEXUAL_EXPLOITATION_MOTIVE + HIGH_WOMEN_CYBERCRIME -> HIGH_EXTORTION_MOTIVE + HIGH_SEC66D_CHEATING,4,2
0.3888888888888889,0.4166666666666667,0.3055555555555556,0.7857142857142858,1.885714285714286,1.0,0.14351851851851855,2.722222222222223,0.768595041322314,0.6111111111111112,0.63265306122449,0.7595238095238096,11,14,15,HIGH_EXTORTION_MOTIVE + HIGH_IDENTITY_THEFT + HIGH_SEC66D_CHEATING,HIGH_CHILD_CYBERCRIME + HIGH_SEXUAL_EXPLOITATION_MOTIVE + HIGH_WOMEN_CYBERCRIME,HIGH_EXTORTION_MOTIVE + HIGH_IDENTITY_THEFT + HIGH_SEC66D_CHEATING -> HIGH_CHILD_CYBERCRIME + HIGH_SEXUAL_EXPLOITATION_MOTIVE + HIGH_WOMEN_CYBERCRIME,3,3
0.3888888888888889,0.4166666666666667,0.3055555555555556,0.7857142857142858,1.885714285714286,1.0,0.14351851851851855,2.722222222222223,0.768595041322314,0.6111111111111112,0.63265306122449,0.7595238095238096,11,14,15,HIGH_CHILD_CYBERCRIME + HIGH_IDENTITY_THEFT + HIGH_WOMEN_CYBERCRIME,HIGH_FRAUD_MOTIVE + HIGH_SEC66D_CHEATING,HIGH_CHILD_CYBERCRIME + HIGH_IDENTITY_THEFT + HIGH_WOMEN_CYBERCRIME -> HIGH_FRAUD_MOTIVE + HIGH_SEC66D_CHEATING,3,2
0.3888888888888889,0.4166666666666667,0.3055555555555556,0.7857142857142858,1.885714285714286,1.0,0.14351851851851855,2.722222222222223,0.768595041322314,0.6111111111111112,0.63265306122449,0.7595238095238096,11,14,15,HIGH_CHILD_CYBERCRIME + HIGH_EXTORTION_MOTIVE + HIGH_WOMEN_CYBERCRIME,HIGH_FRAUD_MOTIVE + HIGH_SEC66D_CHEATING,HIGH_CHILD_CYBERCRIME + HIGH_EXTORTION_MOTIVE + HIGH_WOMEN_CYBERCRIME -> HIGH_FRAUD_MOTIVE + HIGH_SEC66D_CHEATING,3,2
0.3888888888888889,0.4166666666666667,0.3055555555555556,0.7857142857142858,1.885714285714286,1.0,0.14351851851851855,2.722222222222223,0.768595041322314,0.6111111111111112,0.63265306122449,0.7595238095238096,11,14,15,HIGH_CHILD_CYBERCRIME + HIGH_FRAUD_MOTIVE + HIGH_WOMEN_CYBERCRIME,HIGH_EXTORTION_MOTIVE + HIGH_SEC66D_CHEATING,HIGH_CHILD_CYBERCRIME + HIGH_FRAUD_MOTIVE + HIGH_WOMEN_CYBERCRIME -> HIGH_EXTORTION_MOTIVE + HIGH_SEC66D_CHEATING,3,2
0.3888888888888889,0.4166666666666667,0.3055555555555556,0.7857142857142858,1.885714285714286,1.0,0.14351851851851855,2.722222222222223,0.768595041322314,0.6111111111111112,0.63265306122449,0.7595238095238096,11,14,15,HIGH_CHILD_CYBERCRIME + HIGH_IDENTITY_THEFT + HIGH_WOMEN_CYBERCRIME,HIGH_EXTORTION_MOTIVE + HIGH_SEC66D_CHEATING,HIGH_CHILD_CYBERCRIME + HIGH_IDENTITY_THEFT + HIGH_WOMEN_CYBERCRIME -> HIGH_EXTORTION_MOTIVE + HIGH_SEC66D_CHEATING,3,2
0.3888888888888889,0.4166666666666667,0.3055555555555556,0.7857142857142858,1.885714285714286,1.0,0.14351851851851855,2.722222222222223,0.768595041322314,0.6111111111111112,0.63265306122449,0.7595238095238096,11,14,15,HIGH_IDENTITY_THEFT + HIGH_SEC66D_CHEATING,HIGH_CHILD_CYBERCRIME + HIGH_SEXUAL_EXPLOITATION_MOTIVE + HIGH_WOMEN_CYBERCRIME,HIGH_IDENTITY_THEFT + HIGH_SEC66D_CHEATING -> HIGH_CHILD_CYBERCRIME + HIGH_SEXUAL_EXPLOITATION_MOTIVE + HIGH_WOMEN_CYBERCRIME,2,3
0.3888888888888889,0.4444444444444444,0.3055555555555556,0.7857142857142858,1.7678571428571432,1.0,0.13271604938271608,2.592592592592594,0.7107438016528926,0.5789473684210528,0.6142857142857144,0.736607142857143,11,14,16,HIGH_EXTORTION_MOTIVE + HIGH_FRAUD_MOTIVE + HIGH_IDENTITY_THEFT + HIGH_SEC66D_CHEATING,HIGH_CHILD_CYBERCRIME + HIGH_WOMEN_CYBERCRIME,HIGH_EXTORTION_MOTIVE + HIGH_FRAUD_MOTIVE + HIGH_IDENTITY_THEFT + HIGH_SEC66D_CHEATING -> HIGH_CHILD_CYBERCRIME + HIGH_WOMEN_CYBERCRIME,4,2
0.3888888888888889,0.4444444444444444,0.3055555555555556,0.7857142857142858,1.7678571428571432,1.0,0.13271604938271608,2.592592592592594,0.7107438016528926,0.5789473684210528,0.6142857142857144,0.736607142857143,11,14,16,HIGH_FRAUD_MOTIVE + HIGH_IDENTITY_THEFT + HIGH_SEC66D_CHEATING,HIGH_CHILD_CYBERCRIME + HIGH_WOMEN_CYBERCRIME,HIGH_FRAUD_MOTIVE + HIGH_IDENTITY_THEFT + HIGH_SEC66D_CHEATING -> HIGH_CHILD_CYBERCRIME + HIGH_WOMEN_CYBERCRIME,3,2
0.3888888888888889,0.4444444444444444,0.3055555555555556,0.7857142857142858,1.7678571428571432,1.0,0.13271604938271608,2.592592592592594,0.7107438016528926,0.5789473684210528,0.6142857142857144,0.736607142857143,11,14,16,HIGH_EXTORTION_MOTIVE + HIGH_FRAUD_MOTIVE + HIGH_SEC66D_CHEATING,HIGH_CHILD_CYBERCRIME + HIGH_WOMEN_CYBERCRIME,HIGH_EXTORTION_MOTIVE + HIGH_FRAUD_MOTIVE + HIGH_SEC66D_CHEATING -> HIGH_CHILD_CYBERCRIME + HIGH_WOMEN_CYBERCRIME,3,2
0.3888888888888889,0.4444444444444444,0.3055555555555556,0.7857142857142858,1.7678571428571432,1.0,0.13271604938271608,2.592592592592594,0.7107438016528926,0.5789473684210528,0.6142857142857144,0.736607142857143,11,14,16,HIGH_EXTORTION_MOTIVE + HIGH_IDENTITY_THEFT + HIGH_SEC66D_CHEATING,HIGH_CHILD_CYBERCRIME + HIGH_WOMEN_CYBERCRIME,HIGH_EXTORTION_MOTIVE + HIGH_IDENTITY_THEFT + HIGH_SEC66D_CHEATING -> HIGH_CHILD_CYBERCRIME + HIGH_WOMEN_CYBERCRIME,3,2
0.3888888888888889,0.4444444444444444,0.3055555555555556,0.7857142857142858,1.7678571428571432,1.0,0.13271604938271608,2.592592592592594,0.7107438016528926,0.5789473684210528,0.6142857142857144,0.736607142857143,11,14,16,HIGH_EXTORTION_MOTIVE + HIGH_SEC66D_CHEATING + HIGH_SEXUAL_EXPLOITATION_MOTIVE,HIGH_CHILD_CYBERCRIME + HIGH_WOMEN_CYBERCRIME,HIGH_EXTORTION_MOTIVE + HIGH_SEC66D_CHEATING + HIGH_SEXUAL_EXPLOITATION_MOTIVE -> HIGH_CHILD_CYBERCRIME + HIGH_WOMEN_CYBERCRIME,3,2
0.3888888888888889,0.4444444444444444,0.3055555555555556,0.7857142857142858,1.7678571428571432,1.0,0.13271604938271608,2.592592592592594,0.7107438016528926,0.5789473684210528,0.6142857142857144,0.736607142857143,11,14,16,HIGH_IDENTITY_THEFT + HIGH_SEC66D_CHEATING,HIGH_CHILD_CYBERCRIME + HIGH_WOMEN_CYBERCRIME,HIGH_IDENTITY_THEFT + HIGH_SEC66D_CHEATING -> HIGH_CHILD_CYBERCRIME + HIGH_WOMEN_CYBERCRIME,2,2
0.3888888888888889,0.4444444444444444,0.3055555555555556,0.7857142857142858,1.7678571428571432,1.0,0.13271604938271608,2.592592592592594,0.7107438016528926,0.5789473684210528,0.6142857142857144,0.736607142857143,11,14,16,HIGH_SEC66D_CHEATING + HIGH_SEXUAL_EXPLOITATION_MOTIVE,HIGH_CHILD_CYBERCRIME + HIGH_WOMEN_CYBERCRIME,HIGH_SEC66D_CHEATING + HIGH_SEXUAL_EXPLOITATION_MOTIVE -> HIGH_CHILD_CYBERCRIME + HIGH_WOMEN_CYBERCRIME,2,2
0.3888888888888889,0.5,0.3055555555555556,0.7857142857142858,1.5714285714285716,1.0,0.11111111111111113,2.3333333333333344,0.5950413223140496,0.523809523809524,0.5714285714285716,0.6984126984126985,11,14,18,HIGH_CHILD_CYBERCRIME + HIGH_EXTORTION_MOTIVE + HIGH_IDENTITY_THEFT + HIGH_SEXUAL_EXPLOITATION_MOTIVE + HIGH_WOMEN_CYBERCRIME,HIGH_SEC66D_CHEATING,HIGH_CHILD_CYBERCRIME + HIGH_EXTORTION_MOTIVE + HIGH_IDENTITY_THEFT + HIGH_SEXUAL_EXPLOITATION_MOTIVE + HIGH_WOMEN_CYBERCRIME -> HIGH_SEC66D_CHEATING,5,1
0.3888888888888889,0.5,0.3055555555555556,0.7857142857142858,1.5714285714285716,1.0,0.11111111111111113,2.3333333333333344,0.5950413223140496,0.523809523809524,0.5714285714285716,0.6984126984126985,11,14,18,HIGH_CHILD_CYBERCRIME + HIGH_EXTORTION_MOTIVE + HIGH_IDENTITY_THEFT + HIGH_WOMEN_CYBERCRIME,HIGH_SEC66D_CHEATING,HIGH_CHILD_CYBERCRIME + HIGH_EXTORTION_MOTIVE + HIGH_IDENTITY_THEFT + HIGH_WOMEN_CYBERCRIME -> HIGH_SEC66D_CHEATING,4,1
0.3888888888888889,0.5,0.3055555555555556,0.7857142857142858,1.5714285714285716,1.0,0.11111111111111113,2.3333333333333344,0.5950413223140496,0.523809523809524,0.5714285714285716,0.6984126984126985,11,14,18,HIGH_CHILD_CYBERCRIME + HIGH_IDENTITY_THEFT + HIGH_SEXUAL_EXPLOITATION_MOTIVE + HIGH_WOMEN_CYBERCRIME,HIGH_SEC66D_CHEATING,HIGH_CHILD_CYBERCRIME + HIGH_IDENTITY_THEFT + HIGH_SEXUAL_EXPLOITATION_MOTIVE + HIGH_WOMEN_CYBERCRIME -> HIGH_SEC66D_CHEATING,4,1
0.3888888888888889,0.5,0.3055555555555556,0.7857142857142858,1.5714285714285716,1.0,0.11111111111111113,2.3333333333333344,0.5950413223140496,0.523809523809524,0.5714285714285716,0.6984126984126985,11,14,18,HIGH_CHILD_CYBERCRIME + HIGH_EXTORTION_MOTIVE + HIGH_SEXUAL_EXPLOITATION_MOTIVE + HIGH_WOMEN_CYBERCRIME,HIGH_SEC66D_CHEATING,HIGH_CHILD_CYBERCRIME + HIGH_EXTORTION_MOTIVE + HIGH_SEXUAL_EXPLOITATION_MOTIVE + HIGH_WOMEN_CYBERCRIME -> HIGH_SEC66D_CHEATING,4,1
0.3888888888888889,0.5,0.3055555555555556,0.7857142857142858,1.5714285714285716,1.0,0.11111111111111113,2.3333333333333344,0.5950413223140496,0.523809523809524,0.5714285714285716,0.6984126984126985,11,14,18,HIGH_CHILD_CYBERCRIME + HIGH_FRAUD_MOTIVE + HIGH_WOMEN_CYBERCRIME,HIGH_SEC66D_CHEATING,HIGH_CHILD_CYBERCRIME + HIGH_FRAUD_MOTIVE + HIGH_WOMEN_CYBERCRIME -> HIGH_SEC66D_CHEATING,3,1
0.3888888888888889,0.5,0.3055555555555556,0.7857142857142858,1.5714285714285716,1.0,0.11111111111111113,2.3333333333333344,0.5950413223140496,0.523809523809524,0.5714285714285716,0.6984126984126985,11,14,18,HIGH_CHILD_CYBERCRIME + HIGH_IDENTITY_THEFT + HIGH_WOMEN_CYBERCRIME,HIGH_SEC66D_CHEATING,HIGH_CHILD_CYBERCRIME + HIGH_IDENTITY_THEFT + HIGH_WOMEN_CYBERCRIME -> HIGH_SEC66D_CHEATING,3,1
0.3888888888888889,0.5,0.3055555555555556,0.7857142857142858,1.5714285714285716,1.0,0.11111111111111113,2.3333333333333344,0.5950413223140496,0.523809523809524,0.5714285714285716,0.6984126984126985,11,14,18,HIGH_CHILD_CYBERCRIME + HIGH_EXTORTION_MOTIVE + HIGH_WOMEN_CYBERCRIME,HIGH_SEC66D_CHEATING,HIGH_CHILD_CYBERCRIME + HIGH_EXTORTION_MOTIVE + HIGH_WOMEN_CYBERCRIME -> HIGH_SEC66D_CHEATING,3,1
0.5,0.3888888888888889,0.3888888888888889,0.7777777777777778,2.0,1.0,0.19444444444444445,2.7500000000000004,1.0,0.7777777777777779,0.6363636363636364,0.8888888888888888,14,18,14,HIGH_EXTORTION_MOTIVE,HIGH_FRAUD_MOTIVE + HIGH_IDENTITY_THEFT + HIGH_SEXUAL_EXPLOITATION_MOTIVE + HIGH_WOMEN_CYBERCRIME,HIGH_EXTORTION_MOTIVE -> HIGH_FRAUD_MOTIVE + HIGH_IDENTITY_THEFT + HIGH_SEXUAL_EXPLOITATION_MOTIVE + HIGH_WOMEN_CYBERCRIME,1,4
0.5,0.3888888888888889,0.3888888888888889,0.7777777777777778,2.0,1.0,0.19444444444444445,2.7500000000000004,1.0,0.7777777777777779,0.6363636363636364,0.8888888888888888,14,18,14,HIGH_SEXUAL_EXPLOITATION_MOTIVE,HIGH_EXTORTION_MOTIVE + HIGH_FRAUD_MOTIVE + HIGH_IDENTITY_THEFT + HIGH_WOMEN_CYBERCRIME,HIGH_SEXUAL_EXPLOITATION_MOTIVE -> HIGH_EXTORTION_MOTIVE + HIGH_FRAUD_MOTIVE + HIGH_IDENTITY_THEFT + HIGH_WOMEN_CYBERCRIME,1,4
0.5,0.3888888888888889,0.3888888888888889,0.7777777777777778,2.0,1.0,0.19444444444444445,2.7500000000000004,1.0,0.7777777777777779,0.6363636363636364,0.8888888888888888,14,18,14,HIGH_EXTORTION_MOTIVE,HIGH_CHILD_CYBERCRIME + HIGH_FRAUD_MOTIVE + HIGH_IDENTITY_THEFT + HIGH_SEXUAL_EXPLOITATION_MOTIVE,HIGH_EXTORTION_MOTIVE -> HIGH_CHILD_CYBERCRIME + HIGH_FRAUD_MOTIVE + HIGH_IDENTITY_THEFT + HIGH_SEXUAL_EXPLOITATION_MOTIVE,1,4
0.5,0.3888888888888889,0.3888888888888889,0.7777777777777778,2.0,1.0,0.19444444444444445,2.7500000000000004,1.0,0.7777777777777779,0.6363636363636364,0.8888888888888888,14,18,14,HIGH_SEXUAL_EXPLOITATION_MOTIVE,HIGH_CHILD_CYBERCRIME + HIGH_EXTORTION_MOTIVE + HIGH_FRAUD_MOTIVE + HIGH_IDENTITY_THEFT,HIGH_SEXUAL_EXPLOITATION_MOTIVE -> HIGH_CHILD_CYBERCRIME + HIGH_EXTORTION_MOTIVE + HIGH_FRAUD_MOTIVE + HIGH_IDENTITY_THEFT,1,4
0.5,0.3888888888888889,0.3888888888888889,0.7777777777777778,2.0,1.0,0.19444444444444445,2.7500000000000004,1.0,0.7777777777777779,0.6363636363636364,0.8888888888888888,14,18,14,HIGH_EXTORTION_MOTIVE,HIGH_CHILD_CYBERCRIME + HIGH_IDENTITY_THEFT + HIGH_SEXUAL_EXPLOITATION_MOTIVE + HIGH_WOMEN_CYBERCRIME,HIGH_EXTORTION_MOTIVE -> HIGH_CHILD_CYBERCRIME + HIGH_IDENTITY_THEFT + HIGH_SEXUAL_EXPLOITATION_MOTIVE + HIGH_WOMEN_CYBERCRIME,1,4
0.5,0.3888888888888889,0.3888888888888889,0.7777777777777778,2.0,1.0,0.19444444444444445,2.7500000000000004,1.0,0.7777777777777779,0.6363636363636364,0.8888888888888888,14,18,14,HIGH_SEXUAL_EXPLOITATION_MOTIVE,HIGH_CHILD_CYBERCRIME + HIGH_EXTORTION_MOTIVE + HIGH_IDENTITY_THEFT + HIGH_WOMEN_CYBERCRIME,HIGH_SEXUAL_EXPLOITATION_MOTIVE -> HIGH_CHILD_CYBERCRIME + HIGH_EXTORTION_MOTIVE + HIGH_IDENTITY_THEFT + HIGH_WOMEN_CYBERCRIME,1,4
0.5,0.3888888888888889,0.3888888888888889,0.7777777777777778,2.0,1.0,0.19444444444444445,2.7500000000000004,1.0,0.7777777777777779,0.6363636363636364,0.8888888888888888,14,18,14,HIGH_FRAUD_MOTIVE,HIGH_EXTORTION_MOTIVE + HIGH_IDENTITY_THEFT + HIGH_SEC66D_CHEATING,HIGH_FRAUD_MOTIVE -> HIGH_EXTORTION_MOTIVE + HIGH_IDENTITY_THEFT + HIGH_SEC66D_CHEATING,1,3
0.5,0.3888888888888889,0.3888888888888889,0.7777777777777778,2.0,1.0,0.19444444444444445,2.7500000000000004,1.0,0.7777777777777779,0.6363636363636364,0.8888888888888888,14,18,14,HIGH_EXTORTION_MOTIVE,HIGH_FRAUD_MOTIVE + HIGH_IDENTITY_THEFT + HIGH_SEC66D_CHEATING,HIGH_EXTORTION_MOTIVE -> HIGH_FRAUD_MOTIVE + HIGH_IDENTITY_THEFT + HIGH_SEC66D_CHEATING,1,3
0.5,0.3888888888888889,0.3888888888888889,0.7777777777777778,2.0,1.0,0.19444444444444445,2.7500000000000004,1.0,0.7777777777777779,0.6363636363636364,0.8888888888888888,14,18,14,HIGH_EXTORTION_MOTIVE,HIGH_FRAUD_MOTIVE + HIGH_IDENTITY_THEFT + HIGH_WOMEN_CYBERCRIME,HIGH_EXTORTION_MOTIVE -> HIGH_FRAUD_MOTIVE + HIGH_IDENTITY_THEFT + HIGH_WOMEN_CYBERCRIME,1,3
0.5,0.3888888888888889,0.3888888888888889,0.7777777777777778,2.0,1.0,0.19444444444444445,2.7500000000000004,1.0,0.7777777777777779,0.6363636363636364,0.8888888888888888,14,18,14,HIGH_EXTORTION_MOTIVE,HIGH_CHILD_CYBERCRIME + HIGH_FRAUD_MOTIVE + HIGH_IDENTITY_THEFT,HIGH_EXTORTION_MOTIVE -> HIGH_CHILD_CYBERCRIME + HIGH_FRAUD_MOTIVE + HIGH_IDENTITY_THEFT,1,3
0.5,0.3888888888888889,0.3888888888888889,0.7777777777777778,2.0,1.0,0.19444444444444445,2.7500000000000004,1.0,0.7777777777777779,0.6363636363636364,0.8888888888888888,14,18,14,HIGH_SEXUAL_EXPLOITATION_MOTIVE,HIGH_FRAUD_MOTIVE + HIGH_IDENTITY_THEFT + HIGH_WOMEN_CYBERCRIME,HIGH_SEXUAL_EXPLOITATION_MOTIVE -> HIGH_FRAUD_MOTIVE + HIGH_IDENTITY_THEFT + HIGH_WOMEN_CYBERCRIME,1,3
0.5,0.3888888888888889,0.3888888888888889,0.7777777777777778,2.0,1.0,0.19444444444444445,2.7500000000000004,1.0,0.7777777777777779,0.6363636363636364,0.8888888888888888,14,18,14,HIGH_SEXUAL_EXPLOITATION_MOTIVE,HIGH_CHILD_CYBERCRIME + HIGH_FRAUD_MOTIVE + HIGH_IDENTITY_THEFT,HIGH_SEXUAL_EXPLOITATION_MOTIVE -> HIGH_CHILD_CYBERCRIME + HIGH_FRAUD_MOTIVE + HIGH_IDENTITY_THEFT,1,3
0.5,0.3888888888888889,0.3888888888888889,0.7777777777777778,2.0,1.0,0.19444444444444445,2.7500000000000004,1.0,0.7777777777777779,0.6363636363636364,0.8888888888888888,14,18,14,HIGH_SEXUAL_EXPLOITATION_MOTIVE,HIGH_EXTORTION_MOTIVE + HIGH_FRAUD_MOTIVE + HIGH_WOMEN_CYBERCRIME,HIGH_SEXUAL_EXPLOITATION_MOTIVE -> HIGH_EXTORTION_MOTIVE + HIGH_FRAUD_MOTIVE + HIGH_WOMEN_CYBERCRIME,1,3
0.5,0.3888888888888889,0.3888888888888889,0.7777777777777778,2.0,1.0,0.19444444444444445,2.7500000000000004,1.0,0.7777777777777779,0.6363636363636364,0.8888888888888888,14,18,14,HIGH_EXTORTION_MOTIVE,HIGH_FRAUD_MOTIVE + HIGH_SEXUAL_EXPLOITATION_MOTIVE + HIGH_WOMEN_CYBERCRIME,HIGH_EXTORTION_MOTIVE -> HIGH_FRAUD_MOTIVE + HIGH_SEXUAL_EXPLOITATION_MOTIVE + HIGH_WOMEN_CYBERCRIME,1,3
0.5,0.3888888888888889,0.3888888888888889,0.7777777777777778,2.0,1.0,0.19444444444444445,2.7500000000000004,1.0,0.7777777777777779,0.6363636363636364,0.8888888888888888,14,18,14,HIGH_SEXUAL_EXPLOITATION_MOTIVE,HIGH_CHILD_CYBERCRIME + HIGH_EXTORTION_MOTIVE + HIGH_FRAUD_MOTIVE,HIGH_SEXUAL_EXPLOITATION_MOTIVE -> HIGH_CHILD_CYBERCRIME + HIGH_EXTORTION_MOTIVE + HIGH_FRAUD_MOTIVE,1,3
0.5,0.3888888888888889,0.3888888888888889,0.7777777777777778,2.0,1.0,0.19444444444444445,2.7500000000000004,1.0,0.7777777777777779,0.6363636363636364,0.8888888888888888,14,18,14,HIGH_EXTORTION_MOTIVE,HIGH_CHILD_CYBERCRIME + HIGH_FRAUD_MOTIVE + HIGH_SEXUAL_EXPLOITATION_MOTIVE,HIGH_EXTORTION_MOTIVE -> HIGH_CHILD_CYBERCRIME + HIGH_FRAUD_MOTIVE + HIGH_SEXUAL_EXPLOITATION_MOTIVE,1,3
0.5,0.3888888888888889,0.3888888888888889,0.7777777777777778,2.0,1.0,0.19444444444444445,2.7500000000000004,1.0,0.7777777777777779,0.6363636363636364,0.8888888888888888,14,18,14,HIGH_EXTORTION_MOTIVE,HIGH_CHILD_CYBERCRIME + HIGH_IDENTITY_THEFT + HIGH_WOMEN_CYBERCRIME,HIGH_EXTORTION_MOTIVE -> HIGH_CHILD_CYBERCRIME + HIGH_IDENTITY_THEFT + HIGH_WOMEN_CYBERCRIME,1,3
0.5,0.3888888888888889,0.3888888888888889,0.7777777777777778,2.0,1.0,0.19444444444444445,2.7500000000000004,1.0,0.7777777777777779,0.6363636363636364,0.8888888888888888,14,18,14,HIGH_SEXUAL_EXPLOITATION_MOTIVE,HIGH_CHILD_CYBERCRIME + HIGH_IDENTITY_THEFT + HIGH_WOMEN_CYBERCRIME,HIGH_SEXUAL_EXPLOITATION_MOTIVE -> HIGH_CHILD_CYBERCRIME + HIGH_IDENTITY_THEFT + HIGH_WOMEN_CYBERCRIME,1,3
0.5,0.3888888888888889,0.3888888888888889,0.7777777777777778,2.0,1.0,0.19444444444444445,2.7500000000000004,1.0,0.7777777777777779,0.6363636363636364,0.8888888888888888,14,18,14,HIGH_SEXUAL_EXPLOITATION_MOTIVE,HIGH_CHILD_CYBERCRIME + HIGH_EXTORTION_MOTIVE + HIGH_WOMEN_CYBERCRIME,HIGH_SEXUAL_EXPLOITATION_MOTIVE -> HIGH_CHILD_CYBERCRIME + HIGH_EXTORTION_MOTIVE + HIGH_WOMEN_CYBERCRIME,1,3
0.5,0.3888888888888889,0.3888888888888889,0.7777777777777778,2.0,1.0,0.19444444444444445,2.7500000000000004,1.0,0.7777777777777779,0.6363636363636364,0.8888888888888888,14,18,14,HIGH_FRAUD_MOTIVE,HIGH_IDENTITY_THEFT + HIGH_SEC66D_CHEATING,HIGH_FRAUD_MOTIVE -> HIGH_IDENTITY_THEFT + HIGH_SEC66D_CHEATING,1,2
0.5,0.3888888888888889,0.3888888888888889,0.7777777777777778,2.0,1.0,0.19444444444444445,2.7500000000000004,1.0,0.7777777777777779,0.6363636363636364,0.8888888888888888,14,18,14,HIGH_EXTORTION_MOTIVE,HIGH_IDENTITY_THEFT + HIGH_SEC66D_CHEATING,HIGH_EXTORTION_MOTIVE -> HIGH_IDENTITY_THEFT + HIGH_SEC66D_CHEATING,1,2
0.5,0.3888888888888889,0.3888888888888889,0.7777777777777778,2.0,1.0,0.19444444444444445,2.7500000000000004,1.0,0.7777777777777779,0.6363636363636364,0.8888888888888888,14,18,14,HIGH_EXTORTION_MOTIVE,HIGH_SEC66D_CHEATING + HIGH_SEXUAL_EXPLOITATION_MOTIVE,HIGH_EXTORTION_MOTIVE -> HIGH_SEC66D_CHEATING + HIGH_SEXUAL_EXPLOITATION_MOTIVE,1,2
0.5,0.4166666666666667,0.3888888888888889,0.7777777777777778,1.8666666666666667,1.0,0.18055555555555555,2.625,0.9285714285714285,0.7368421052631577,0.6190476190476191,0.8555555555555556,14,18,15,HIGH_WOMEN_CYBERCRIME,HIGH_EXTORTION_MOTIVE + HIGH_FRAUD_MOTIVE + HIGH_IDENTITY_THEFT + HIGH_SEXUAL_EXPLOITATION_MOTIVE,HIGH_WOMEN_CYBERCRIME -> HIGH_EXTORTION_MOTIVE + HIGH_FRAUD_MOTIVE + HIGH_IDENTITY_THEFT + HIGH_SEXUAL_EXPLOITATION_MOTIVE,1,4
0.5,0.4166666666666667,0.3888888888888889,0.7777777777777778,1.8666666666666667,1.0,0.18055555555555555,2.625,0.9285714285714285,0.7368421052631577,0.6190476190476191,0.8555555555555556,14,18,15,HIGH_FRAUD_MOTIVE,HIGH_EXTORTION_MOTIVE + HIGH_IDENTITY_THEFT + HIGH_SEXUAL_EXPLOITATION_MOTIVE + HIGH_WOMEN_CYBERCRIME,HIGH_FRAUD_MOTIVE -> HIGH_EXTORTION_MOTIVE + HIGH_IDENTITY_THEFT + HIGH_SEXUAL_EXPLOITATION_MOTIVE + HIGH_WOMEN_CYBERCRIME,1,4
0.5,0.4166666666666667,0.3888888888888889,0.7777777777777778,1.8666666666666667,1.0,0.18055555555555555,2.625,0.9285714285714285,0.7368421052631577,0.6190476190476191,0.8555555555555556,14,18,15,HIGH_CHILD_CYBERCRIME,HIGH_EXTORTION_MOTIVE + HIGH_FRAUD_MOTIVE + HIGH_IDENTITY_THEFT + HIGH_SEXUAL_EXPLOITATION_MOTIVE,HIGH_CHILD_CYBERCRIME -> HIGH_EXTORTION_MOTIVE + HIGH_FRAUD_MOTIVE + HIGH_IDENTITY_THEFT + HIGH_SEXUAL_EXPLOITATION_MOTIVE,1,4
0.5,0.4166666666666667,0.3888888888888889,0.7777777777777778,1.8666666666666667,1.0,0.18055555555555555,2.625,0.9285714285714285,0.7368421052631577,0.6190476190476191,0.8555555555555556,14,18,15,HIGH_FRAUD_MOTIVE,HIGH_CHILD_CYBERCRIME + HIGH_EXTORTION_MOTIVE + HIGH_IDENTITY_THEFT + HIGH_SEXUAL_EXPLOITATION_MOTIVE,HIGH_FRAUD_MOTIVE -> HIGH_CHILD_CYBERCRIME + HIGH_EXTORTION_MOTIVE + HIGH_IDENTITY_THEFT + HIGH_SEXUAL_EXPLOITATION_MOTIVE,1,4
0.5,0.4166666666666667,0.3888888888888889,0.7777777777777778,1.8666666666666667,1.0,0.18055555555555555,2.625,0.9285714285714285,0.7368421052631577,0.6190476190476191,0.8555555555555556,14,18,15,HIGH_CHILD_CYBERCRIME,HIGH_EXTORTION_MOTIVE + HIGH_IDENTITY_THEFT + HIGH_SEXUAL_EXPLOITATION_MOTIVE + HIGH_WOMEN_CYBERCRIME,HIGH_CHILD_CYBERCRIME -> HIGH_EXTORTION_MOTIVE + HIGH_IDENTITY_THEFT + HIGH_SEXUAL_EXPLOITATION_MOTIVE + HIGH_WOMEN_CYBERCRIME,1,4
0.5,0.4166666666666667,0.3888888888888889,0.7777777777777778,1.8666666666666667,1.0,0.18055555555555555,2.625,0.9285714285714285,0.7368421052631577,0.6190476190476191,0.8555555555555556,14,18,15,HIGH_WOMEN_CYBERCRIME,HIGH_CHILD_CYBERCRIME + HIGH_EXTORTION_MOTIVE + HIGH_IDENTITY_THEFT + HIGH_SEXUAL_EXPLOITATION_MOTIVE,HIGH_WOMEN_CYBERCRIME -> HIGH_CHILD_CYBERCRIME + HIGH_EXTORTION_MOTIVE + HIGH_IDENTITY_THEFT + HIGH_SEXUAL_EXPLOITATION_MOTIVE,1,4
0.5,0.4166666666666667,0.3888888888888889,0.7777777777777778,1.8666666666666667,1.0,0.18055555555555555,2.625,0.9285714285714285,0.7368421052631577,0.6190476190476191,0.8555555555555556,14,18,15,HIGH_FRAUD_MOTIVE,HIGH_EXTORTION_MOTIVE + HIGH_IDENTITY_THEFT + HIGH_WOMEN_CYBERCRIME,HIGH_FRAUD_MOTIVE -> HIGH_EXTORTION_MOTIVE + HIGH_IDENTITY_THEFT + HIGH_WOMEN_CYBERCRIME,1,3
0.5,0.4166666666666667,0.3888888888888889,0.7777777777777778,1.8666666666666667,1.0,0.18055555555555555,2.625,0.9285714285714285,0.7368421052631577,0.6190476190476191,0.8555555555555556,14,18,15,HIGH_FRAUD_MOTIVE,HIGH_CHILD_CYBERCRIME + HIGH_EXTORTION_MOTIVE + HIGH_IDENTITY_THEFT,HIGH_FRAUD_MOTIVE -> HIGH_CHILD_CYBERCRIME + HIGH_EXTORTION_MOTIVE + HIGH_IDENTITY_THEFT,1,3
0.5,0.4166666666666667,0.3888888888888889,0.7777777777777778,1.8666666666666667,1.0,0.18055555555555555,2.625,0.9285714285714285,0.7368421052631577,0.6190476190476191,0.8555555555555556,14,18,15,HIGH_WOMEN_CYBERCRIME,HIGH_FRAUD_MOTIVE + HIGH_IDENTITY_THEFT + HIGH_SEXUAL_EXPLOITATION_MOTIVE,HIGH_WOMEN_CYBERCRIME -> HIGH_FRAUD_MOTIVE + HIGH_IDENTITY_THEFT + HIGH_SEXUAL_EXPLOITATION_MOTIVE,1,3
0.5,0.4166666666666667,0.3888888888888889,0.7777777777777778,1.8666666666666667,1.0,0.18055555555555555,2.625,0.9285714285714285,0.7368421052631577,0.6190476190476191,0.8555555555555556,14,18,15,HIGH_FRAUD_MOTIVE,HIGH_IDENTITY_THEFT + HIGH_SEXUAL_EXPLOITATION_MOTIVE + HIGH_WOMEN_CYBERCRIME,HIGH_FRAUD_MOTIVE -> HIGH_IDENTITY_THEFT + HIGH_SEXUAL_EXPLOITATION_MOTIVE + HIGH_WOMEN_CYBERCRIME,1,3
0.5,0.4166666666666667,0.3888888888888889,0.7777777777777778,1.8666666666666667,1.0,0.18055555555555555,2.625,0.9285714285714285,0.7368421052631577,0.6190476190476191,0.8555555555555556,14,18,15,HIGH_CHILD_CYBERCRIME,HIGH_FRAUD_MOTIVE + HIGH_IDENTITY_THEFT + HIGH_SEXUAL_EXPLOITATION_MOTIVE,HIGH_CHILD_CYBERCRIME -> HIGH_FRAUD_MOTIVE + HIGH_IDENTITY_THEFT + HIGH_SEXUAL_EXPLOITATION_MOTIVE,1,3
0.5,0.4166666666666667,0.3888888888888889,0.7777777777777778,1.8666666666666667,1.0,0.18055555555555555,2.625,0.9285714285714285,0.7368421052631577,0.6190476190476191,0.8555555555555556,14,18,15,HIGH_FRAUD_MOTIVE,HIGH_CHILD_CYBERCRIME + HIGH_IDENTITY_THEFT + HIGH_SEXUAL_EXPLOITATION_MOTIVE,HIGH_FRAUD_MOTIVE -> HIGH_CHILD_CYBERCRIME + HIGH_IDENTITY_THEFT + HIGH_SEXUAL_EXPLOITATION_MOTIVE,1,3
0.5,0.4166666666666667,0.3888888888888889,0.7777777777777778,1.8666666666666667,1.0,0.18055555555555555,2.625,0.9285714285714285,0.7368421052631577,0.6190476190476191,0.8555555555555556,14,18,15,HIGH_WOMEN_CYBERCRIME,HIGH_EXTORTION_MOTIVE + HIGH_FRAUD_MOTIVE + HIGH_SEXUAL_EXPLOITATION_MOTIVE,HIGH_WOMEN_CYBERCRIME -> HIGH_EXTORTION_MOTIVE + HIGH_FRAUD_MOTIVE + HIGH_SEXUAL_EXPLOITATION_MOTIVE,1,3
0.5,0.4166666666666667,0.3888888888888889,0.7777777777777778,1.8666666666666667,1.0,0.18055555555555555,2.625,0.9285714285714285,0.7368421052631577,0.6190476190476191,0.8555555555555556,14,18,15,HIGH_FRAUD_MOTIVE,HIGH_EXTORTION_MOTIVE + HIGH_SEXUAL_EXPLOITATION_MOTIVE + HIGH_WOMEN_CYBERCRIME,HIGH_FRAUD_MOTIVE -> HIGH_EXTORTION_MOTIVE + HIGH_SEXUAL_EXPLOITATION_MOTIVE + HIGH_WOMEN_CYBERCRIME,1,3
0.5,0.4166666666666667,0.3888888888888889,0.7777777777777778,1.8666666666666667,1.0,0.18055555555555555,2.625,0.9285714285714285,0.7368421052631577,0.6190476190476191,0.8555555555555556,14,18,15,HIGH_CHILD_CYBERCRIME,HIGH_EXTORTION_MOTIVE + HIGH_FRAUD_MOTIVE + HIGH_SEXUAL_EXPLOITATION_MOTIVE,HIGH_CHILD_CYBERCRIME -> HIGH_EXTORTION_MOTIVE + HIGH_FRAUD_MOTIVE + HIGH_SEXUAL_EXPLOITATION_MOTIVE,1,3
0.5,0.4166666666666667,0.3888888888888889,0.7777777777777778,1.8666666666666667,1.0,0.18055555555555555,2.625,0.9285714285714285,0.7368421052631577,0.6190476190476191,0.8555555555555556,14,18,15,HIGH_FRAUD_MOTIVE,HIGH_CHILD_CYBERCRIME + HIGH_EXTORTION_MOTIVE + HIGH_SEXUAL_EXPLOITATION_MOTIVE,HIGH_FRAUD_MOTIVE -> HIGH_CHILD_CYBERCRIME + HIGH_EXTORTION_MOTIVE + HIGH_SEXUAL_EXPLOITATION_MOTIVE,1,3
0.5,0.4166666666666667,0.3888888888888889,0.7777777777777778,1.8666666666666667,1.0,0.18055555555555555,2.625,0.9285714285714285,0.7368421052631577,0.6190476190476191,0.8555555555555556,14,18,15,HIGH_CHILD_CYBERCRIME,HIGH_EXTORTION_MOTIVE + HIGH_IDENTITY_THEFT + HIGH_WOMEN_CYBERCRIME,HIGH_CHILD_CYBERCRIME -> HIGH_EXTORTION_MOTIVE + HIGH_IDENTITY_THEFT + HIGH_WOMEN_CYBERCRIME,1,3
0.5,0.4166666666666667,0.3888888888888889,0.7777777777777778,1.8666666666666667,1.0,0.18055555555555555,2.625,0.9285714285714285,0.7368421052631577,0.6190476190476191,0.8555555555555556,14,18,15,HIGH_WOMEN_CYBERCRIME,HIGH_CHILD_CYBERCRIME + HIGH_EXTORTION_MOTIVE + HIGH_IDENTITY_THEFT,HIGH_WOMEN_CYBERCRIME -> HIGH_CHILD_CYBERCRIME + HIGH_EXTORTION_MOTIVE + HIGH_IDENTITY_THEFT,1,3
0.5,0.4166666666666667,0.3888888888888889,0.7777777777777778,1.8666666666666667,1.0,0.18055555555555555,2.625,0.9285714285714285,0.7368421052631577,0.6190476190476191,0.8555555555555556,14,18,15,HIGH_CHILD_CYBERCRIME,HIGH_IDENTITY_THEFT + HIGH_SEXUAL_EXPLOITATION_MOTIVE + HIGH_WOMEN_CYBERCRIME,HIGH_CHILD_CYBERCRIME -> HIGH_IDENTITY_THEFT + HIGH_SEXUAL_EXPLOITATION_MOTIVE + HIGH_WOMEN_CYBERCRIME,1,3
0.5,0.4166666666666667,0.3888888888888889,0.7777777777777778,1.8666666666666667,1.0,0.18055555555555555,2.625,0.9285714285714285,0.7368421052631577,0.6190476190476191,0.8555555555555556,14,18,15,HIGH_WOMEN_CYBERCRIME,HIGH_CHILD_CYBERCRIME + HIGH_IDENTITY_THEFT + HIGH_SEXUAL_EXPLOITATION_MOTIVE,HIGH_WOMEN_CYBERCRIME -> HIGH_CHILD_CYBERCRIME + HIGH_IDENTITY_THEFT + HIGH_SEXUAL_EXPLOITATION_MOTIVE,1,3
0.5,0.4166666666666667,0.3888888888888889,0.7777777777777778,1.8666666666666667,1.0,0.18055555555555555,2.625,0.9285714285714285,0.7368421052631577,0.6190476190476191,0.8555555555555556,14,18,15,HIGH_CHILD_CYBERCRIME,HIGH_EXTORTION_MOTIVE + HIGH_SEXUAL_EXPLOITATION_MOTIVE + HIGH_WOMEN_CYBERCRIME,HIGH_CHILD_CYBERCRIME -> HIGH_EXTORTION_MOTIVE + HIGH_SEXUAL_EXPLOITATION_MOTIVE + HIGH_WOMEN_CYBERCRIME,1,3
0.5,0.4166666666666667,0.3888888888888889,0.7777777777777778,1.8666666666666667,1.0,0.18055555555555555,2.625,0.9285714285714285,0.7368421052631577,0.6190476190476191,0.8555555555555556,14,18,15,HIGH_WOMEN_CYBERCRIME,HIGH_CHILD_CYBERCRIME + HIGH_EXTORTION_MOTIVE + HIGH_SEXUAL_EXPLOITATION_MOTIVE,HIGH_WOMEN_CYBERCRIME -> HIGH_CHILD_CYBERCRIME + HIGH_EXTORTION_MOTIVE + HIGH_SEXUAL_EXPLOITATION_MOTIVE,1,3
0.5,0.4166666666666667,0.3888888888888889,0.7777777777777778,1.8666666666666667,1.0,0.18055555555555555,2.625,0.9285714285714285,0.7368421052631577,0.6190476190476191,0.8555555555555556,14,18,15,HIGH_EXTORTION_MOTIVE,HIGH_CHILD_CYBERCRIME + HIGH_SEXUAL_EXPLOITATION_MOTIVE + HIGH_WOMEN_CYBERCRIME,HIGH_EXTORTION_MOTIVE -> HIGH_CHILD_CYBERCRIME + HIGH_SEXUAL_EXPLOITATION_MOTIVE + HIGH_WOMEN_CYBERCRIME,1,3
0.5,0.4166666666666667,0.3888888888888889,0.7777777777777778,1.8666666666666667,1.0,0.18055555555555555,2.625,0.9285714285714285,0.7368421052631577,0.6190476190476191,0.8555555555555556,14,18,15,HIGH_FRAUD_MOTIVE,HIGH_EXTORTION_MOTIVE + HIGH_SEC66D_CHEATING,HIGH_FRAUD_MOTIVE -> HIGH_EXTORTION_MOTIVE + HIGH_SEC66D_CHEATING,1,2
0.5,0.4166666666666667,0.3888888888888889,0.7777777777777778,1.8666666666666667,1.0,0.18055555555555555,2.625,0.9285714285714285,0.7368421052631577,0.6190476190476191,0.8555555555555556,14,18,15,HIGH_EXTORTION_MOTIVE,HIGH_FRAUD_MOTIVE + HIGH_SEC66D_CHEATING,HIGH_EXTORTION_MOTIVE -> HIGH_FRAUD_MOTIVE + HIGH_SEC66D_CHEATING,1,2
0.5,0.4166666666666667,0.3888888888888889,0.7777777777777778,1.8666666666666667,1.0,0.18055555555555555,2.625,0.9285714285714285,0.7368421052631577,0.6190476190476191,0.8555555555555556,14,18,15,HIGH_FRAUD_MOTIVE,HIGH_IDENTITY_THEFT + HIGH_WOMEN_CYBERCRIME,HIGH_FRAUD_MOTIVE -> HIGH_IDENTITY_THEFT + HIGH_WOMEN_CYBERCRIME,1,2
0.5,0.4166666666666667,0.3888888888888889,0.7777777777777778,1.8666666666666667,1.0,0.18055555555555555,2.625,0.9285714285714285,0.7368421052631577,0.6190476190476191,0.8555555555555556,14,18,15,HIGH_FRAUD_MOTIVE,HIGH_CHILD_CYBERCRIME + HIGH_IDENTITY_THEFT,HIGH_FRAUD_MOTIVE -> HIGH_CHILD_CYBERCRIME + HIGH_IDENTITY_THEFT,1,2
0.5,0.4166666666666667,0.3888888888888889,0.7777777777777778,1.8666666666666667,1.0,0.18055555555555555,2.625,0.9285714285714285,0.7368421052631577,0.6190476190476191,0.8555555555555556,14,18,15,HIGH_FRAUD_MOTIVE,HIGH_EXTORTION_MOTIVE + HIGH_WOMEN_CYBERCRIME,HIGH_FRAUD_MOTIVE -> HIGH_EXTORTION_MOTIVE + HIGH_WOMEN_CYBERCRIME,1,2
0.5,0.4166666666666667,0.3888888888888889,0.7777777777777778,1.8666666666666667,1.0,0.18055555555555555,2.625,0.9285714285714285,0.7368421052631577,0.6190476190476191,0.8555555555555556,14,18,15,HIGH_EXTORTION_MOTIVE,HIGH_FRAUD_MOTIVE + HIGH_WOMEN_CYBERCRIME,HIGH_EXTORTION_MOTIVE -> HIGH_FRAUD_MOTIVE + HIGH_WOMEN_CYBERCRIME,1,2
0.5,0.4166666666666667,0.3888888888888889,0.7777777777777778,1.8666666666666667,1.0,0.18055555555555555,2.625,0.9285714285714285,0.7368421052631577,0.6190476190476191,0.8555555555555556,14,18,15,HIGH_FRAUD_MOTIVE,HIGH_CHILD_CYBERCRIME + HIGH_EXTORTION_MOTIVE,HIGH_FRAUD_MOTIVE -> HIGH_CHILD_CYBERCRIME + HIGH_EXTORTION_MOTIVE,1,2
0.5,0.4166666666666667,0.3888888888888889,0.7777777777777778,1.8666666666666667,1.0,0.18055555555555555,2.625,0.9285714285714285,0.7368421052631577,0.6190476190476191,0.8555555555555556,14,18,15,HIGH_EXTORTION_MOTIVE,HIGH_CHILD_CYBERCRIME + HIGH_FRAUD_MOTIVE,HIGH_EXTORTION_MOTIVE -> HIGH_CHILD_CYBERCRIME + HIGH_FRAUD_MOTIVE,1,2
0.5,0.4166666666666667,0.3888888888888889,0.7777777777777778,1.8666666666666667,1.0,0.18055555555555555,2.625,0.9285714285714285,0.7368421052631577,0.6190476190476191,0.8555555555555556,14,18,15,HIGH_WOMEN_CYBERCRIME,HIGH_FRAUD_MOTIVE + HIGH_SEXUAL_EXPLOITATION_MOTIVE,HIGH_WOMEN_CYBERCRIME -> HIGH_FRAUD_MOTIVE + HIGH_SEXUAL_EXPLOITATION_MOTIVE,1,2
0.5,0.4166666666666667,0.3888888888888889,0.7777777777777778,1.8666666666666667,1.0,0.18055555555555555,2.625,0.9285714285714285,0.7368421052631577,0.6190476190476191,0.8555555555555556,14,18,15,HIGH_SEXUAL_EXPLOITATION_MOTIVE,HIGH_FRAUD_MOTIVE + HIGH_WOMEN_CYBERCRIME,HIGH_SEXUAL_EXPLOITATION_MOTIVE -> HIGH_FRAUD_MOTIVE + HIGH_WOMEN_CYBERCRIME,1,2
0.5,0.4166666666666667,0.3888888888888889,0.7777777777777778,1.8666666666666667,1.0,0.18055555555555555,2.625,0.9285714285714285,0.7368421052631577,0.6190476190476191,0.8555555555555556,14,18,15,HIGH_CHILD_CYBERCRIME,HIGH_FRAUD_MOTIVE + HIGH_SEXUAL_EXPLOITATION_MOTIVE,HIGH_CHILD_CYBERCRIME -> HIGH_FRAUD_MOTIVE + HIGH_SEXUAL_EXPLOITATION_MOTIVE,1,2
0.5,0.4166666666666667,0.3888888888888889,0.7777777777777778,1.8666666666666667,1.0,0.18055555555555555,2.625,0.9285714285714285,0.7368421052631577,0.6190476190476191,0.8555555555555556,14,18,15,HIGH_SEXUAL_EXPLOITATION_MOTIVE,HIGH_CHILD_CYBERCRIME + HIGH_FRAUD_MOTIVE,HIGH_SEXUAL_EXPLOITATION_MOTIVE -> HIGH_CHILD_CYBERCRIME + HIGH_FRAUD_MOTIVE,1,2
0.5,0.4166666666666667,0.3888888888888889,0.7777777777777778,1.8666666666666667,1.0,0.18055555555555555,2.625,0.9285714285714285,0.7368421052631577,0.6190476190476191,0.8555555555555556,14,18,15,HIGH_CHILD_CYBERCRIME,HIGH_FRAUD_MOTIVE + HIGH_WOMEN_CYBERCRIME,HIGH_CHILD_CYBERCRIME -> HIGH_FRAUD_MOTIVE + HIGH_WOMEN_CYBERCRIME,1,2
0.5,0.4166666666666667,0.3888888888888889,0.7777777777777778,1.8666666666666667,1.0,0.18055555555555555,2.625,0.9285714285714285,0.7368421052631577,0.6190476190476191,0.8555555555555556,14,18,15,HIGH_WOMEN_CYBERCRIME,HIGH_CHILD_CYBERCRIME + HIGH_FRAUD_MOTIVE,HIGH_WOMEN_CYBERCRIME -> HIGH_CHILD_CYBERCRIME + HIGH_FRAUD_MOTIVE,1,2
0.5,0.4166666666666667,0.3888888888888889,0.7777777777777778,1.8666666666666667,1.0,0.18055555555555555,2.625,0.9285714285714285,0.7368421052631577,0.6190476190476191,0.8555555555555556,14,18,15,HIGH_SEXUAL_EXPLOITATION_MOTIVE,HIGH_EXTORTION_MOTIVE + HIGH_SEC66D_CHEATING,HIGH_SEXUAL_EXPLOITATION_MOTIVE -> HIGH_EXTORTION_MOTIVE + HIGH_SEC66D_CHEATING,1,2
0.5,0.4166666666666667,0.3888888888888889,0.7777777777777778,1.8666666666666667,1.0,0.18055555555555555,2.625,0.9285714285714285,0.7368421052631577,0.6190476190476191,0.8555555555555556,14,18,15,HIGH_CHILD_CYBERCRIME,HIGH_IDENTITY_THEFT + HIGH_WOMEN_CYBERCRIME,HIGH_CHILD_CYBERCRIME -> HIGH_IDENTITY_THEFT + HIGH_WOMEN_CYBERCRIME,1,2
0.5,0.4166666666666667,0.3888888888888889,0.7777777777777778,1.8666666666666667,1.0,0.18055555555555555,2.625,0.9285714285714285,0.7368421052631577,0.6190476190476191,0.8555555555555556,14,18,15,HIGH_WOMEN_CYBERCRIME,HIGH_CHILD_CYBERCRIME + HIGH_IDENTITY_THEFT,HIGH_WOMEN_CYBERCRIME -> HIGH_CHILD_CYBERCRIME + HIGH_IDENTITY_THEFT,1,2
0.5,0.4166666666666667,0.3888888888888889,0.7777777777777778,1.8666666666666667,1.0,0.18055555555555555,2.625,0.9285714285714285,0.7368421052631577,0.6190476190476191,0.8555555555555556,14,18,15,HIGH_CHILD_CYBERCRIME,HIGH_EXTORTION_MOTIVE + HIGH_WOMEN_CYBERCRIME,HIGH_CHILD_CYBERCRIME -> HIGH_EXTORTION_MOTIVE + HIGH_WOMEN_CYBERCRIME,1,2
0.5,0.4166666666666667,0.3888888888888889,0.7777777777777778,1.8666666666666667,1.0,0.18055555555555555,2.625,0.9285714285714285,0.7368421052631577,0.6190476190476191,0.8555555555555556,14,18,15,HIGH_WOMEN_CYBERCRIME,HIGH_CHILD_CYBERCRIME + HIGH_EXTORTION_MOTIVE,HIGH_WOMEN_CYBERCRIME -> HIGH_CHILD_CYBERCRIME + HIGH_EXTORTION_MOTIVE,1,2
0.5,0.4444444444444444,0.3888888888888889,0.7777777777777778,1.7500000000000002,1.0,0.16666666666666669,2.5000000000000004,0.8571428571428572,0.7,0.6000000000000001,0.826388888888889,14,18,16,HIGH_SEC66D_CHEATING,HIGH_EXTORTION_MOTIVE + HIGH_FRAUD_MOTIVE + HIGH_IDENTITY_THEFT,HIGH_SEC66D_CHEATING -> HIGH_EXTORTION_MOTIVE + HIGH_FRAUD_MOTIVE + HIGH_IDENTITY_THEFT,1,3
0.5,0.4444444444444444,0.3888888888888889,0.7777777777777778,1.7500000000000002,1.0,0.16666666666666669,2.5000000000000004,0.8571428571428572,0.7,0.6000000000000001,0.826388888888889,14,18,16,HIGH_WOMEN_CYBERCRIME,HIGH_EXTORTION_MOTIVE + HIGH_FRAUD_MOTIVE + HIGH_IDENTITY_THEFT,HIGH_WOMEN_CYBERCRIME -> HIGH_EXTORTION_MOTIVE + HIGH_FRAUD_MOTIVE + HIGH_IDENTITY_THEFT,1,3
0.5,0.4444444444444444,0.3888888888888889,0.7777777777777778,1.7500000000000002,1.0,0.16666666666666669,2.5000000000000004,0.8571428571428572,0.7,0.6000000000000001,0.826388888888889,14,18,16,HIGH_CHILD_CYBERCRIME,HIGH_EXTORTION_MOTIVE + HIGH_FRAUD_MOTIVE + HIGH_IDENTITY_THEFT,HIGH_CHILD_CYBERCRIME -> HIGH_EXTORTION_MOTIVE + HIGH_FRAUD_MOTIVE + HIGH_IDENTITY_THEFT,1,3
0.5,0.4444444444444444,0.3888888888888889,0.7777777777777778,1.7500000000000002,1.0,0.16666666666666669,2.5000000000000004,0.8571428571428572,0.7,0.6000000000000001,0.826388888888889,14,18,16,HIGH_SEC66D_CHEATING,HIGH_FRAUD_MOTIVE + HIGH_IDENTITY_THEFT,HIGH_SEC66D_CHEATING -> HIGH_FRAUD_MOTIVE + HIGH_IDENTITY_THEFT,1,2
0.5,0.4444444444444444,0.3888888888888889,0.7777777777777778,1.7500000000000002,1.0,0.16666666666666669,2.5000000000000004,0.8571428571428572,0.7,0.6000000000000001,0.826388888888889,14,18,16,HIGH_SEC66D_CHEATING,HIGH_EXTORTION_MOTIVE + HIGH_FRAUD_MOTIVE,HIGH_SEC66D_CHEATING -> HIGH_EXTORTION_MOTIVE + HIGH_FRAUD_MOTIVE,1,2
0.5,0.4444444444444444,0.3888888888888889,0.7777777777777778,1.7500000000000002,1.0,0.16666666666666669,2.5000000000000004,0.8571428571428572,0.7,0.6000000000000001,0.826388888888889,14,18,16,HIGH_WOMEN_CYBERCRIME,HIGH_FRAUD_MOTIVE + HIGH_IDENTITY_THEFT,HIGH_WOMEN_CYBERCRIME -> HIGH_FRAUD_MOTIVE + HIGH_IDENTITY_THEFT,1,2
0.5,0.4444444444444444,0.3888888888888889,0.7777777777777778,1.7500000000000002,1.0,0.16666666666666669,2.5000000000000004,0.8571428571428572,0.7,0.6000000000000001,0.826388888888889,14,18,16,HIGH_CHILD_CYBERCRIME,HIGH_FRAUD_MOTIVE + HIGH_IDENTITY_THEFT,HIGH_CHILD_CYBERCRIME -> HIGH_FRAUD_MOTIVE + HIGH_IDENTITY_THEFT,1,2
0.5,0.4444444444444444,0.3888888888888889,0.7777777777777778,1.7500000000000002,1.0,0.16666666666666669,2.5000000000000004,0.8571428571428572,0.7,0.6000000000000001,0.826388888888889,14,18,16,HIGH_WOMEN_CYBERCRIME,HIGH_EXTORTION_MOTIVE + HIGH_FRAUD_MOTIVE,HIGH_WOMEN_CYBERCRIME -> HIGH_EXTORTION_MOTIVE + HIGH_FRAUD_MOTIVE,1,2
0.5,0.4444444444444444,0.3888888888888889,0.7777777777777778,1.7500000000000002,1.0,0.16666666666666669,2.5000000000000004,0.8571428571428572,0.7,0.6000000000000001,0.826388888888889,14,18,16,HIGH_CHILD_CYBERCRIME,HIGH_EXTORTION_MOTIVE + HIGH_FRAUD_MOTIVE,HIGH_CHILD_CYBERCRIME -> HIGH_EXTORTION_MOTIVE + HIGH_FRAUD_MOTIVE,1,2
0.5,0.4444444444444444,0.3888888888888889,0.7777777777777778,1.7500000000000002,1.0,0.16666666666666669,2.5000000000000004,0.8571428571428572,0.7,0.6000000000000001,0.826388888888889,14,18,16,HIGH_FRAUD_MOTIVE,HIGH_SEXUAL_EXPLOITATION_MOTIVE + HIGH_WOMEN_CYBERCRIME,HIGH_FRAUD_MOTIVE -> HIGH_SEXUAL_EXPLOITATION_MOTIVE + HIGH_WOMEN_CYBERCRIME,1,2
0.5,0.4444444444444444,0.3888888888888889,0.7777777777777778,1.7500000000000002,1.0,0.16666666666666669,2.5000000000000004,0.8571428571428572,0.7,0.6000000000000001,0.826388888888889,14,18,16,HIGH_FRAUD_MOTIVE,HIGH_CHILD_CYBERCRIME + HIGH_SEXUAL_EXPLOITATION_MOTIVE,HIGH_FRAUD_MOTIVE -> HIGH_CHILD_CYBERCRIME + HIGH_SEXUAL_EXPLOITATION_MOTIVE,1,2
0.5,0.4444444444444444,0.3888888888888889,0.7777777777777778,1.7500000000000002,1.0,0.16666666666666669,2.5000000000000004,0.8571428571428572,0.7,0.6000000000000001,0.826388888888889,14,18,16,HIGH_FRAUD_MOTIVE,HIGH_CHILD_CYBERCRIME + HIGH_WOMEN_CYBERCRIME,HIGH_FRAUD_MOTIVE -> HIGH_CHILD_CYBERCRIME + HIGH_WOMEN_CYBERCRIME,1,2
0.5,0.4444444444444444,0.3888888888888889,0.7777777777777778,1.7500000000000002,1.0,0.16666666666666669,2.5000000000000004,0.8571428571428572,0.7,0.6000000000000001,0.826388888888889,14,18,16,HIGH_EXTORTION_MOTIVE,HIGH_CHILD_CYBERCRIME + HIGH_WOMEN_CYBERCRIME,HIGH_EXTORTION_MOTIVE -> HIGH_CHILD_CYBERCRIME + HIGH_WOMEN_CYBERCRIME,1,2
0.5,0.4722222222222222,0.3888888888888889,0.7777777777777778,1.647058823529412,1.0,0.1527777777777778,2.375,0.7857142857142858,0.6666666666666667,0.5789473684210527,0.8006535947712419,14,18,17,HIGH_SEC66D_CHEATING,HIGH_EXTORTION_MOTIVE + HIGH_IDENTITY_THEFT,HIGH_SEC66D_CHEATING -> HIGH_EXTORTION_MOTIVE + HIGH_IDENTITY_THEFT,1,2
0.5,0.4722222222222222,0.3888888888888889,0.7777777777777778,1.647058823529412,1.0,0.1527777777777778,2.375,0.7857142857142858,0.6666666666666667,0.5789473684210527,0.8006535947712419,14,18,17,HIGH_SEC66D_CHEATING,HIGH_EXTORTION_MOTIVE + HIGH_SEXUAL_EXPLOITATION_MOTIVE,HIGH_SEC66D_CHEATING -> HIGH_EXTORTION_MOTIVE + HIGH_SEXUAL_EXPLOITATION_MOTIVE,1,2
0.5,0.5,0.3888888888888889,0.7777777777777778,1.5555555555555556,1.0,0.1388888888888889,2.25,0.7142857142857143,0.6363636363636364,0.5555555555555556,0.7777777777777778,14,18,18,HIGH_SEC66D_CHEATING,HIGH_SEXUAL_EXPLOITATION_MOTIVE,HIGH_SEC66D_CHEATING -> HIGH_SEXUAL_EXPLOITATION_MOTIVE,1,1
0.5,0.5,0.3888888888888889,0.7777777777777778,1.5555555555555556,1.0,0.1388888888888889,2.25,0.7142857142857143,0.6363636363636364,0.5555555555555556,0.7777777777777778,14,18,18,HIGH_SEXUAL_EXPLOITATION_MOTIVE,HIGH_SEC66D_CHEATING,HIGH_SEXUAL_EXPLOITATION_MOTIVE -> HIGH_SEC66D_CHEATING,1,1
0.5,0.5277777777777778,0.3888888888888889,0.7777777777777778,1.4736842105263157,1.0,0.125,2.125,0.6428571428571428,0.6086956521739131,0.5294117647058824,0.7573099415204678,14,18,19,HIGH_SEC66D_CHEATING,HIGH_IDENTITY_THEFT,HIGH_SEC66D_CHEATING -> HIGH_IDENTITY_THEFT,1,1
0.4722222222222222,0.3611111111111111,0.3611111111111111,0.7647058823529412,2.1176470588235294,1.0,0.19058641975308643,2.715277777777778,1.0,0.7647058823529412,0.6317135549872124,0.8823529411764706,13,17,13,HIGH_EXTORTION_MOTIVE + HIGH_IDENTITY_THEFT,HIGH_CHILD_CYBERCRIME + HIGH_FRAUD_MOTIVE + HIGH_SEXUAL_EXPLOITATION_MOTIVE + HIGH_WOMEN_CYBERCRIME,HIGH_EXTORTION_MOTIVE + HIGH_IDENTITY_THEFT -> HIGH_CHILD_CYBERCRIME + HIGH_FRAUD_MOTIVE + HIGH_SEXUAL_EXPLOITATION_MOTIVE + HIGH_WOMEN_CYBERCRIME,2,4
0.4722222222222222,0.3611111111111111,0.3611111111111111,0.7647058823529412,2.1176470588235294,1.0,0.19058641975308643,2.715277777777778,1.0,0.7647058823529412,0.6317135549872124,0.8823529411764706,13,17,13,HIGH_EXTORTION_MOTIVE + HIGH_SEXUAL_EXPLOITATION_MOTIVE,HIGH_CHILD_CYBERCRIME + HIGH_FRAUD_MOTIVE + HIGH_IDENTITY_THEFT + HIGH_WOMEN_CYBERCRIME,HIGH_EXTORTION_MOTIVE + HIGH_SEXUAL_EXPLOITATION_MOTIVE -> HIGH_CHILD_CYBERCRIME + HIGH_FRAUD_MOTIVE + HIGH_IDENTITY_THEFT + HIGH_WOMEN_CYBERCRIME,2,4
0.4722222222222222,0.3611111111111111,0.3611111111111111,0.7647058823529412,2.1176470588235294,1.0,0.19058641975308643,2.715277777777778,1.0,0.7647058823529412,0.6317135549872124,0.8823529411764706,13,17,13,HIGH_EXTORTION_MOTIVE + HIGH_IDENTITY_THEFT,HIGH_FRAUD_MOTIVE + HIGH_SEC66D_CHEATING + HIGH_SEXUAL_EXPLOITATION_MOTIVE,HIGH_EXTORTION_MOTIVE + HIGH_IDENTITY_THEFT -> HIGH_FRAUD_MOTIVE + HIGH_SEC66D_CHEATING + HIGH_SEXUAL_EXPLOITATION_MOTIVE,2,3
0.4722222222222222,0.3888888888888889,0.3611111111111111,0.7647058823529412,1.9663865546218489,1.0,0.17746913580246912,2.597222222222223,0.9311740890688257,0.7222222222222222,0.6149732620320856,0.8466386554621849,13,17,14,HIGH_EXTORTION_MOTIVE + HIGH_SEXUAL_EXPLOITATION_MOTIVE,HIGH_FRAUD_MOTIVE + HIGH_IDENTITY_THEFT + HIGH_SEC66D_CHEATING,HIGH_EXTORTION_MOTIVE + HIGH_SEXUAL_EXPLOITATION_MOTIVE -> HIGH_FRAUD_MOTIVE + HIGH_IDENTITY_THEFT + HIGH_SEC66D_CHEATING,2,3
0.4722222222222222,0.3888888888888889,0.3611111111111111,0.7647058823529412,1.9663865546218489,1.0,0.17746913580246912,2.597222222222223,0.9311740890688257,0.7222222222222222,0.6149732620320856,0.8466386554621849,13,17,14,HIGH_EXTORTION_MOTIVE + HIGH_IDENTITY_THEFT,HIGH_CHILD_CYBERCRIME + HIGH_FRAUD_MOTIVE + HIGH_WOMEN_CYBERCRIME,HIGH_EXTORTION_MOTIVE + HIGH_IDENTITY_THEFT -> HIGH_CHILD_CYBERCRIME + HIGH_FRAUD_MOTIVE + HIGH_WOMEN_CYBERCRIME,2,3
0.4722222222222222,0.3888888888888889,0.3611111111111111,0.7647058823529412,1.9663865546218489,1.0,0.17746913580246912,2.597222222222223,0.9311740890688257,0.7222222222222222,0.6149732620320856,0.8466386554621849,13,17,14,HIGH_EXTORTION_MOTIVE + HIGH_SEXUAL_EXPLOITATION_MOTIVE,HIGH_CHILD_CYBERCRIME + HIGH_FRAUD_MOTIVE + HIGH_WOMEN_CYBERCRIME,HIGH_EXTORTION_MOTIVE + HIGH_SEXUAL_EXPLOITATION_MOTIVE -> HIGH_CHILD_CYBERCRIME + HIGH_FRAUD_MOTIVE + HIGH_WOMEN_CYBERCRIME,2,3
0.4722222222222222,0.3888888888888889,0.3611111111111111,0.7647058823529412,1.9663865546218489,1.0,0.17746913580246912,2.597222222222223,0.9311740890688257,0.7222222222222222,0.6149732620320856,0.8466386554621849,13,17,14,HIGH_EXTORTION_MOTIVE + HIGH_IDENTITY_THEFT,HIGH_SEC66D_CHEATING + HIGH_SEXUAL_EXPLOITATION_MOTIVE,HIGH_EXTORTION_MOTIVE + HIGH_IDENTITY_THEFT -> HIGH_SEC66D_CHEATING + HIGH_SEXUAL_EXPLOITATION_MOTIVE,2,2
0.4722222222222222,0.3888888888888889,0.3611111111111111,0.7647058823529412,1.9663865546218489,1.0,0.17746913580246912,2.597222222222223,0.9311740890688257,0.7222222222222222,0.6149732620320856,0.8466386554621849,13,17,14,HIGH_EXTORTION_MOTIVE + HIGH_SEXUAL_EXPLOITATION_MOTIVE,HIGH_IDENTITY_THEFT + HIGH_SEC66D_CHEATING,HIGH_EXTORTION_MOTIVE + HIGH_SEXUAL_EXPLOITATION_MOTIVE -> HIGH_IDENTITY_THEFT + HIGH_SEC66D_CHEATING,2,2
0.4722222222222222,0.4166666666666667,0.3611111111111111,0.7647058823529412,1.835294117647059,1.0,0.16435185185185183,2.479166666666667,0.8623481781376516,0.6842105263157896,0.596638655462185,0.8156862745098039,13,17,15,HIGH_EXTORTION_MOTIVE + HIGH_SEXUAL_EXPLOITATION_MOTIVE,HIGH_FRAUD_MOTIVE + HIGH_SEC66D_CHEATING,HIGH_EXTORTION_MOTIVE + HIGH_SEXUAL_EXPLOITATION_MOTIVE -> HIGH_FRAUD_MOTIVE + HIGH_SEC66D_CHEATING,2,2
0.4444444444444444,0.3333333333333333,0.3333333333333333,0.75,2.25,1.0,0.18518518518518517,2.666666666666667,1.0,0.7500000000000001,0.625,0.875,12,16,12,HIGH_EXTORTION_MOTIVE + HIGH_FRAUD_MOTIVE + HIGH_IDENTITY_THEFT,HIGH_SEC66D_CHEATING + HIGH_SEXUAL_EXPLOITATION_MOTIVE + HIGH_WOMEN_CYBERCRIME,HIGH_EXTORTION_MOTIVE + HIGH_FRAUD_MOTIVE + HIGH_IDENTITY_THEFT -> HIGH_SEC66D_CHEATING + HIGH_SEXUAL_EXPLOITATION_MOTIVE + HIGH_WOMEN_CYBERCRIME,3,3
0.4444444444444444,0.3333333333333333,0.3333333333333333,0.75,2.25,1.0,0.18518518518518517,2.666666666666667,1.0,0.7500000000000001,0.625,0.875,12,16,12,HIGH_EXTORTION_MOTIVE + HIGH_IDENTITY_THEFT + HIGH_SEXUAL_EXPLOITATION_MOTIVE,HIGH_FRAUD_MOTIVE + HIGH_SEC66D_CHEATING + HIGH_WOMEN_CYBERCRIME,HIGH_EXTORTION_MOTIVE + HIGH_IDENTITY_THEFT + HIGH_SEXUAL_EXPLOITATION_MOTIVE -> HIGH_FRAUD_MOTIVE + HIGH_SEC66D_CHEATING + HIGH_WOMEN_CYBERCRIME,3,3
0.4444444444444444,0.3333333333333333,0.3333333333333333,0.75,2.25,1.0,0.18518518518518517,2.666666666666667,1.0,0.7500000000000001,0.625,0.875,12,16,12,HIGH_FRAUD_MOTIVE + HIGH_IDENTITY_THEFT,HIGH_EXTORTION_MOTIVE + HIGH_SEC66D_CHEATING + HIGH_SEXUAL_EXPLOITATION_MOTIVE + HIGH_WOMEN_CYBERCRIME,HIGH_FRAUD_MOTIVE + HIGH_IDENTITY_THEFT -> HIGH_EXTORTION_MOTIVE + HIGH_SEC66D_CHEATING + HIGH_SEXUAL_EXPLOITATION_MOTIVE + HIGH_WOMEN_CYBERCRIME,2,4
0.4444444444444444,0.3333333333333333,0.3333333333333333,0.75,2.25,1.0,0.18518518518518517,2.666666666666667,1.0,0.7500000000000001,0.625,0.875,12,16,12,HIGH_IDENTITY_THEFT + HIGH_SEXUAL_EXPLOITATION_MOTIVE,HIGH_EXTORTION_MOTIVE + HIGH_FRAUD_MOTIVE + HIGH_SEC66D_CHEATING + HIGH_WOMEN_CYBERCRIME,HIGH_IDENTITY_THEFT + HIGH_SEXUAL_EXPLOITATION_MOTIVE -> HIGH_EXTORTION_MOTIVE + HIGH_FRAUD_MOTIVE + HIGH_SEC66D_CHEATING + HIGH_WOMEN_CYBERCRIME,2,4
0.4444444444444444,0.3333333333333333,0.3333333333333333,0.75,2.25,1.0,0.18518518518518517,2.666666666666667,1.0,0.7500000000000001,0.625,0.875,12,16,12,HIGH_EXTORTION_MOTIVE + HIGH_FRAUD_MOTIVE,HIGH_IDENTITY_THEFT + HIGH_SEC66D_CHEATING + HIGH_SEXUAL_EXPLOITATION_MOTIVE + HIGH_WOMEN_CYBERCRIME,HIGH_EXTORTION_MOTIVE + HIGH_FRAUD_MOTIVE -> HIGH_IDENTITY_THEFT + HIGH_SEC66D_CHEATING + HIGH_SEXUAL_EXPLOITATION_MOTIVE + HIGH_WOMEN_CYBERCRIME,2,4
0.4444444444444444,0.3333333333333333,0.3333333333333333,0.75,2.25,1.0,0.18518518518518517,2.666666666666667,1.0,0.7500000000000001,0.625,0.875,12,16,12,HIGH_EXTORTION_MOTIVE + HIGH_FRAUD_MOTIVE + HIGH_IDENTITY_THEFT,HIGH_CHILD_CYBERCRIME + HIGH_SEC66D_CHEATING + HIGH_SEXUAL_EXPLOITATION_MOTIVE,HIGH_EXTORTION_MOTIVE + HIGH_FRAUD_MOTIVE + HIGH_IDENTITY_THEFT -> HIGH_CHILD_CYBERCRIME + HIGH_SEC66D_CHEATING + HIGH_SEXUAL_EXPLOITATION_MOTIVE,3,3
0.4444444444444444,0.3333333333333333,0.3333333333333333,0.75,2.25,1.0,0.18518518518518517,2.666666666666667,1.0,0.7500000000000001,0.625,0.875,12,16,12,HIGH_EXTORTION_MOTIVE + HIGH_IDENTITY_THEFT + HIGH_SEXUAL_EXPLOITATION_MOTIVE,HIGH_CHILD_CYBERCRIME + HIGH_FRAUD_MOTIVE + HIGH_SEC66D_CHEATING,HIGH_EXTORTION_MOTIVE + HIGH_IDENTITY_THEFT + HIGH_SEXUAL_EXPLOITATION_MOTIVE -> HIGH_CHILD_CYBERCRIME + HIGH_FRAUD_MOTIVE + HIGH_SEC66D_CHEATING,3,3
0.4444444444444444,0.3333333333333333,0.3333333333333333,0.75,2.25,1.0,0.18518518518518517,2.666666666666667,1.0,0.7500000000000001,0.625,0.875,12,16,12,HIGH_FRAUD_MOTIVE + HIGH_IDENTITY_THEFT,HIGH_CHILD_CYBERCRIME + HIGH_EXTORTION_MOTIVE + HIGH_SEC66D_CHEATING + HIGH_SEXUAL_EXPLOITATION_MOTIVE,HIGH_FRAUD_MOTIVE + HIGH_IDENTITY_THEFT -> HIGH_CHILD_CYBERCRIME + HIGH_EXTORTION_MOTIVE + HIGH_SEC66D_CHEATING + HIGH_SEXUAL_EXPLOITATION_MOTIVE,2,4
0.4444444444444444,0.3333333333333333,0.3333333333333333,0.75,2.25,1.0,0.18518518518518517,2.666666666666667,1.0,0.7500000000000001,0.625,0.875,12,16,12,HIGH_IDENTITY_THEFT + HIGH_SEXUAL_EXPLOITATION_MOTIVE,HIGH_CHILD_CYBERCRIME + HIGH_EXTORTION_MOTIVE + HIGH_FRAUD_MOTIVE + HIGH_SEC66D_CHEATING,HIGH_IDENTITY_THEFT + HIGH_SEXUAL_EXPLOITATION_MOTIVE -> HIGH_CHILD_CYBERCRIME + HIGH_EXTORTION_MOTIVE + HIGH_FRAUD_MOTIVE + HIGH_SEC66D_CHEATING,2,4
0.4444444444444444,0.3333333333333333,0.3333333333333333,0.75,2.25,1.0,0.18518518518518517,2.666666666666667,1.0,0.7500000000000001,0.625,0.875,12,16,12,HIGH_EXTORTION_MOTIVE + HIGH_FRAUD_MOTIVE,HIGH_CHILD_CYBERCRIME + HIGH_IDENTITY_THEFT + HIGH_SEC66D_CHEATING + HIGH_SEXUAL_EXPLOITATION_MOTIVE,HIGH_EXTORTION_MOTIVE + HIGH_FRAUD_MOTIVE -> HIGH_CHILD_CYBERCRIME + HIGH_IDENTITY_THEFT + HIGH_SEC66D_CHEATING + HIGH_SEXUAL_EXPLOITATION_MOTIVE,2,4
0.4444444444444444,0.3333333333333333,0.3333333333333333,0.75,2.25,1.0,0.18518518518518517,2.666666666666667,1.0,0.7500000000000001,0.625,0.875,12,16,12,HIGH_EXTORTION_MOTIVE + HIGH_FRAUD_MOTIVE + HIGH_IDENTITY_THEFT,HIGH_SEC66D_CHEATING + HIGH_WOMEN_CYBERCRIME,HIGH_EXTORTION_MOTIVE + HIGH_FRAUD_MOTIVE + HIGH_IDENTITY_THEFT -> HIGH_SEC66D_CHEATING + HIGH_WOMEN_CYBERCRIME,3,2
0.4444444444444444,0.3333333333333333,0.3333333333333333,0.75,2.25,1.0,0.18518518518518517,2.666666666666667,1.0,0.7500000000000001,0.625,0.875,12,16,12,HIGH_FRAUD_MOTIVE + HIGH_IDENTITY_THEFT,HIGH_EXTORTION_MOTIVE + HIGH_SEC66D_CHEATING + HIGH_WOMEN_CYBERCRIME,HIGH_FRAUD_MOTIVE + HIGH_IDENTITY_THEFT -> HIGH_EXTORTION_MOTIVE + HIGH_SEC66D_CHEATING + HIGH_WOMEN_CYBERCRIME,2,3
0.4444444444444444,0.3333333333333333,0.3333333333333333,0.75,2.25,1.0,0.18518518518518517,2.666666666666667,1.0,0.7500000000000001,0.625,0.875,12,16,12,HIGH_EXTORTION_MOTIVE + HIGH_FRAUD_MOTIVE,HIGH_IDENTITY_THEFT + HIGH_SEC66D_CHEATING + HIGH_WOMEN_CYBERCRIME,HIGH_EXTORTION_MOTIVE + HIGH_FRAUD_MOTIVE -> HIGH_IDENTITY_THEFT + HIGH_SEC66D_CHEATING + HIGH_WOMEN_CYBERCRIME,2,3
0.4444444444444444,0.3333333333333333,0.3333333333333333,0.75,2.25,1.0,0.18518518518518517,2.666666666666667,1.0,0.7500000000000001,0.625,0.875,12,16,12,HIGH_EXTORTION_MOTIVE + HIGH_FRAUD_MOTIVE + HIGH_IDENTITY_THEFT,HIGH_CHILD_CYBERCRIME + HIGH_SEC66D_CHEATING,HIGH_EXTORTION_MOTIVE + HIGH_FRAUD_MOTIVE + HIGH_IDENTITY_THEFT -> HIGH_CHILD_CYBERCRIME + HIGH_SEC66D_CHEATING,3,2
0.4444444444444444,0.3333333333333333,0.3333333333333333,0.75,2.25,1.0,0.18518518518518517,2.666666666666667,1.0,0.7500000000000001,0.625,0.875,12,16,12,HIGH_FRAUD_MOTIVE + HIGH_IDENTITY_THEFT,HIGH_CHILD_CYBERCRIME + HIGH_EXTORTION_MOTIVE + HIGH_SEC66D_CHEATING,HIGH_FRAUD_MOTIVE + HIGH_IDENTITY_THEFT -> HIGH_CHILD_CYBERCRIME + HIGH_EXTORTION_MOTIVE + HIGH_SEC66D_CHEATING,2,3
0.4444444444444444,0.3333333333333333,0.3333333333333333,0.75,2.25,1.0,0.18518518518518517,2.666666666666667,1.0,0.7500000000000001,0.625,0.875,12,16,12,HIGH_EXTORTION_MOTIVE + HIGH_FRAUD_MOTIVE,HIGH_CHILD_CYBERCRIME + HIGH_IDENTITY_THEFT + HIGH_SEC66D_CHEATING,HIGH_EXTORTION_MOTIVE + HIGH_FRAUD_MOTIVE -> HIGH_CHILD_CYBERCRIME + HIGH_IDENTITY_THEFT + HIGH_SEC66D_CHEATING,2,3
0.4444444444444444,0.3333333333333333,0.3333333333333333,0.75,2.25,1.0,0.18518518518518517,2.666666666666667,1.0,0.7500000000000001,0.625,0.875,12,16,12,HIGH_FRAUD_MOTIVE + HIGH_IDENTITY_THEFT,HIGH_SEC66D_CHEATING + HIGH_SEXUAL_EXPLOITATION_MOTIVE + HIGH_WOMEN_CYBERCRIME,HIGH_FRAUD_MOTIVE + HIGH_IDENTITY_THEFT -> HIGH_SEC66D_CHEATING + HIGH_SEXUAL_EXPLOITATION_MOTIVE + HIGH_WOMEN_CYBERCRIME,2,3
0.4444444444444444,0.3333333333333333,0.3333333333333333,0.75,2.25,1.0,0.18518518518518517,2.666666666666667,1.0,0.7500000000000001,0.625,0.875,12,16,12,HIGH_IDENTITY_THEFT + HIGH_SEXUAL_EXPLOITATION_MOTIVE,HIGH_FRAUD_MOTIVE + HIGH_SEC66D_CHEATING + HIGH_WOMEN_CYBERCRIME,HIGH_IDENTITY_THEFT + HIGH_SEXUAL_EXPLOITATION_MOTIVE -> HIGH_FRAUD_MOTIVE + HIGH_SEC66D_CHEATING + HIGH_WOMEN_CYBERCRIME,2,3
0.4444444444444444,0.3333333333333333,0.3333333333333333,0.75,2.25,1.0,0.18518518518518517,2.666666666666667,1.0,0.7500000000000001,0.625,0.875,12,16,12,HIGH_FRAUD_MOTIVE + HIGH_IDENTITY_THEFT,HIGH_CHILD_CYBERCRIME + HIGH_SEC66D_CHEATING + HIGH_SEXUAL_EXPLOITATION_MOTIVE,HIGH_FRAUD_MOTIVE + HIGH_IDENTITY_THEFT -> HIGH_CHILD_CYBERCRIME + HIGH_SEC66D_CHEATING + HIGH_SEXUAL_EXPLOITATION_MOTIVE,2,3
0.4444444444444444,0.3333333333333333,0.3333333333333333,0.75,2.25,1.0,0.18518518518518517,2.666666666666667,1.0,0.7500000000000001,0.625,0.875,12,16,12,HIGH_IDENTITY_THEFT + HIGH_SEXUAL_EXPLOITATION_MOTIVE,HIGH_CHILD_CYBERCRIME + HIGH_FRAUD_MOTIVE + HIGH_SEC66D_CHEATING,HIGH_IDENTITY_THEFT + HIGH_SEXUAL_EXPLOITATION_MOTIVE -> HIGH_CHILD_CYBERCRIME + HIGH_FRAUD_MOTIVE + HIGH_SEC66D_CHEATING,2,3
0.4444444444444444,0.3333333333333333,0.3333333333333333,0.75,2.25,1.0,0.18518518518518517,2.666666666666667,1.0,0.7500000000000001,0.625,0.875,12,16,12,HIGH_EXTORTION_MOTIVE + HIGH_FRAUD_MOTIVE,HIGH_SEC66D_CHEATING + HIGH_SEXUAL_EXPLOITATION_MOTIVE + HIGH_WOMEN_CYBERCRIME,HIGH_EXTORTION_MOTIVE + HIGH_FRAUD_MOTIVE -> HIGH_SEC66D_CHEATING + HIGH_SEXUAL_EXPLOITATION_MOTIVE + HIGH_WOMEN_CYBERCRIME,2,3
0.4444444444444444,0.3333333333333333,0.3333333333333333,0.75,2.25,1.0,0.18518518518518517,2.666666666666667,1.0,0.7500000000000001,0.625,0.875,12,16,12,HIGH_EXTORTION_MOTIVE + HIGH_FRAUD_MOTIVE,HIGH_CHILD_CYBERCRIME + HIGH_SEC66D_CHEATING + HIGH_SEXUAL_EXPLOITATION_MOTIVE,HIGH_EXTORTION_MOTIVE + HIGH_FRAUD_MOTIVE -> HIGH_CHILD_CYBERCRIME + HIGH_SEC66D_CHEATING + HIGH_SEXUAL_EXPLOITATION_MOTIVE,2,3
0.4444444444444444,0.3333333333333333,0.3333333333333333,0.75,2.25,1.0,0.18518518518518517,2.666666666666667,1.0,0.7500000000000001,0.625,0.875,12,16,12,HIGH_EXTORTION_MOTIVE + HIGH_IDENTITY_THEFT + HIGH_SEXUAL_EXPLOITATION_MOTIVE,HIGH_SEC66D_CHEATING + HIGH_WOMEN_CYBERCRIME,HIGH_EXTORTION_MOTIVE + HIGH_IDENTITY_THEFT + HIGH_SEXUAL_EXPLOITATION_MOTIVE -> HIGH_SEC66D_CHEATING + HIGH_WOMEN_CYBERCRIME,3,2
0.4444444444444444,0.3333333333333333,0.3333333333333333,0.75,2.25,1.0,0.18518518518518517,2.666666666666667,1.0,0.7500000000000001,0.625,0.875,12,16,12,HIGH_IDENTITY_THEFT + HIGH_SEXUAL_EXPLOITATION_MOTIVE,HIGH_EXTORTION_MOTIVE + HIGH_SEC66D_CHEATING + HIGH_WOMEN_CYBERCRIME,HIGH_IDENTITY_THEFT + HIGH_SEXUAL_EXPLOITATION_MOTIVE -> HIGH_EXTORTION_MOTIVE + HIGH_SEC66D_CHEATING + HIGH_WOMEN_CYBERCRIME,2,3
0.4444444444444444,0.3333333333333333,0.3333333333333333,0.75,2.25,1.0,0.18518518518518517,2.666666666666667,1.0,0.7500000000000001,0.625,0.875,12,16,12,HIGH_EXTORTION_MOTIVE + HIGH_IDENTITY_THEFT + HIGH_SEXUAL_EXPLOITATION_MOTIVE,HIGH_CHILD_CYBERCRIME + HIGH_SEC66D_CHEATING,HIGH_EXTORTION_MOTIVE + HIGH_IDENTITY_THEFT + HIGH_SEXUAL_EXPLOITATION_MOTIVE -> HIGH_CHILD_CYBERCRIME + HIGH_SEC66D_CHEATING,3,2
0.4444444444444444,0.3333333333333333,0.3333333333333333,0.75,2.25,1.0,0.18518518518518517,2.666666666666667,1.0,0.7500000000000001,0.625,0.875,12,16,12,HIGH_IDENTITY_THEFT + HIGH_SEXUAL_EXPLOITATION_MOTIVE,HIGH_CHILD_CYBERCRIME + HIGH_EXTORTION_MOTIVE + HIGH_SEC66D_CHEATING,HIGH_IDENTITY_THEFT + HIGH_SEXUAL_EXPLOITATION_MOTIVE -> HIGH_CHILD_CYBERCRIME + HIGH_EXTORTION_MOTIVE + HIGH_SEC66D_CHEATING,2,3
0.4444444444444444,0.3333333333333333,0.3333333333333333,0.75,2.25,1.0,0.18518518518518517,2.666666666666667,1.0,0.7500000000000001,0.625,0.875,12,16,12,HIGH_FRAUD_MOTIVE + HIGH_IDENTITY_THEFT,HIGH_SEC66D_CHEATING + HIGH_WOMEN_CYBERCRIME,HIGH_FRAUD_MOTIVE + HIGH_IDENTITY_THEFT -> HIGH_SEC66D_CHEATING + HIGH_WOMEN_CYBERCRIME,2,2
0.4444444444444444,0.3333333333333333,0.3333333333333333,0.75,2.25,1.0,0.18518518518518517,2.666666666666667,1.0,0.7500000000000001,0.625,0.875,12,16,12,HIGH_FRAUD_MOTIVE + HIGH_IDENTITY_THEFT,HIGH_CHILD_CYBERCRIME + HIGH_SEC66D_CHEATING,HIGH_FRAUD_MOTIVE + HIGH_IDENTITY_THEFT -> HIGH_CHILD_CYBERCRIME + HIGH_SEC66D_CHEATING,2,2
0.4444444444444444,0.3333333333333333,0.3333333333333333,0.75,2.25,1.0,0.18518518518518517,2.666666666666667,1.0,0.7500000000000001,0.625,0.875,12,16,12,HIGH_EXTORTION_MOTIVE + HIGH_FRAUD_MOTIVE,HIGH_SEC66D_CHEATING + HIGH_WOMEN_CYBERCRIME,HIGH_EXTORTION_MOTIVE + HIGH_FRAUD_MOTIVE -> HIGH_SEC66D_CHEATING + HIGH_WOMEN_CYBERCRIME,2,2
0.4444444444444444,0.3333333333333333,0.3333333333333333,0.75,2.25,1.0,0.18518518518518517,2.666666666666667,1.0,0.7500000000000001,0.625,0.875,12,16,12,HIGH_EXTORTION_MOTIVE + HIGH_FRAUD_MOTIVE,HIGH_CHILD_CYBERCRIME + HIGH_SEC66D_CHEATING,HIGH_EXTORTION_MOTIVE + HIGH_FRAUD_MOTIVE -> HIGH_CHILD_CYBERCRIME + HIGH_SEC66D_CHEATING,2,2
0.4444444444444444,0.3333333333333333,0.3333333333333333,0.75,2.25,1.0,0.18518518518518517,2.666666666666667,1.0,0.7500000000000001,0.625,0.875,12,16,12,HIGH_IDENTITY_THEFT + HIGH_SEXUAL_EXPLOITATION_MOTIVE,HIGH_SEC66D_CHEATING + HIGH_WOMEN_CYBERCRIME,HIGH_IDENTITY_THEFT + HIGH_SEXUAL_EXPLOITATION_MOTIVE -> HIGH_SEC66D_CHEATING + HIGH_WOMEN_CYBERCRIME,2,2
0.4444444444444444,0.3333333333333333,0.3333333333333333,0.75,2.25,1.0,0.18518518518518517,2.666666666666667,1.0,0.7500000000000001,0.625,0.875,12,16,12,HIGH_IDENTITY_THEFT + HIGH_SEXUAL_EXPLOITATION_MOTIVE,HIGH_CHILD_CYBERCRIME + HIGH_SEC66D_CHEATING,HIGH_IDENTITY_THEFT + HIGH_SEXUAL_EXPLOITATION_MOTIVE -> HIGH_CHILD_CYBERCRIME + HIGH_SEC66D_CHEATING,2,2
0.4444444444444444,0.3888888888888889,0.3333333333333333,0.75,1.9285714285714286,1.0,0.16049382716049382,2.4444444444444446,0.8666666666666667,0.6666666666666667,0.5909090909090908,0.8035714285714286,12,16,14,HIGH_SEXUAL_EXPLOITATION_MOTIVE + HIGH_WOMEN_CYBERCRIME,HIGH_EXTORTION_MOTIVE + HIGH_FRAUD_MOTIVE + HIGH_IDENTITY_THEFT + HIGH_SEC66D_CHEATING,HIGH_SEXUAL_EXPLOITATION_MOTIVE + HIGH_WOMEN_CYBERCRIME -> HIGH_EXTORTION_MOTIVE + HIGH_FRAUD_MOTIVE + HIGH_IDENTITY_THEFT + HIGH_SEC66D_CHEATING,2,4
0.4444444444444444,0.3888888888888889,0.3333333333333333,0.75,1.9285714285714286,1.0,0.16049382716049382,2.4444444444444446,0.8666666666666667,0.6666666666666667,0.5909090909090908,0.8035714285714286,12,16,14,HIGH_CHILD_CYBERCRIME + HIGH_SEXUAL_EXPLOITATION_MOTIVE,HIGH_EXTORTION_MOTIVE + HIGH_FRAUD_MOTIVE + HIGH_IDENTITY_THEFT + HIGH_SEC66D_CHEATING,HIGH_CHILD_CYBERCRIME + HIGH_SEXUAL_EXPLOITATION_MOTIVE -> HIGH_EXTORTION_MOTIVE + HIGH_FRAUD_MOTIVE + HIGH_IDENTITY_THEFT + HIGH_SEC66D_CHEATING,2,4
0.4444444444444444,0.3888888888888889,0.3333333333333333,0.75,1.9285714285714286,1.0,0.16049382716049382,2.4444444444444446,0.8666666666666667,0.6666666666666667,0.5909090909090908,0.8035714285714286,12,16,14,HIGH_SEXUAL_EXPLOITATION_MOTIVE + HIGH_WOMEN_CYBERCRIME,HIGH_FRAUD_MOTIVE + HIGH_IDENTITY_THEFT + HIGH_SEC66D_CHEATING,HIGH_SEXUAL_EXPLOITATION_MOTIVE + HIGH_WOMEN_CYBERCRIME -> HIGH_FRAUD_MOTIVE + HIGH_IDENTITY_THEFT + HIGH_SEC66D_CHEATING,2,3
0.4444444444444444,0.3888888888888889,0.3333333333333333,0.75,1.9285714285714286,1.0,0.16049382716049382,2.4444444444444446,0.8666666666666667,0.6666666666666667,0.5909090909090908,0.8035714285714286,12,16,14,HIGH_CHILD_CYBERCRIME + HIGH_SEXUAL_EXPLOITATION_MOTIVE,HIGH_FRAUD_MOTIVE + HIGH_IDENTITY_THEFT + HIGH_SEC66D_CHEATING,HIGH_CHILD_CYBERCRIME + HIGH_SEXUAL_EXPLOITATION_MOTIVE -> HIGH_FRAUD_MOTIVE + HIGH_IDENTITY_THEFT + HIGH_SEC66D_CHEATING,2,3
0.4444444444444444,0.3888888888888889,0.3333333333333333,0.75,1.9285714285714286,1.0,0.16049382716049382,2.4444444444444446,0.8666666666666667,0.6666666666666667,0.5909090909090908,0.8035714285714286,12,16,14,HIGH_SEXUAL_EXPLOITATION_MOTIVE + HIGH_WOMEN_CYBERCRIME,HIGH_EXTORTION_MOTIVE + HIGH_FRAUD_MOTIVE + HIGH_SEC66D_CHEATING,HIGH_SEXUAL_EXPLOITATION_MOTIVE + HIGH_WOMEN_CYBERCRIME -> HIGH_EXTORTION_MOTIVE + HIGH_FRAUD_MOTIVE + HIGH_SEC66D_CHEATING,2,3
0.4444444444444444,0.3888888888888889,0.3333333333333333,0.75,1.9285714285714286,1.0,0.16049382716049382,2.4444444444444446,0.8666666666666667,0.6666666666666667,0.5909090909090908,0.8035714285714286,12,16,14,HIGH_CHILD_CYBERCRIME + HIGH_SEXUAL_EXPLOITATION_MOTIVE,HIGH_EXTORTION_MOTIVE + HIGH_FRAUD_MOTIVE + HIGH_SEC66D_CHEATING,HIGH_CHILD_CYBERCRIME + HIGH_SEXUAL_EXPLOITATION_MOTIVE -> HIGH_EXTORTION_MOTIVE + HIGH_FRAUD_MOTIVE + HIGH_SEC66D_CHEATING,2,3
0.4444444444444444,0.3888888888888889,0.3333333333333333,0.75,1.9285714285714286,1.0,0.16049382716049382,2.4444444444444446,0.8666666666666667,0.6666666666666667,0.5909090909090908,0.8035714285714286,12,16,14,HIGH_SEXUAL_EXPLOITATION_MOTIVE + HIGH_WOMEN_CYBERCRIME,HIGH_EXTORTION_MOTIVE + HIGH_IDENTITY_THEFT + HIGH_SEC66D_CHEATING,HIGH_SEXUAL_EXPLOITATION_MOTIVE + HIGH_WOMEN_CYBERCRIME -> HIGH_EXTORTION_MOTIVE + HIGH_IDENTITY_THEFT + HIGH_SEC66D_CHEATING,2,3
0.4444444444444444,0.3888888888888889,0.3333333333333333,0.75,1.9285714285714286,1.0,0.16049382716049382,2.4444444444444446,0.8666666666666667,0.6666666666666667,0.5909090909090908,0.8035714285714286,12,16,14,HIGH_CHILD_CYBERCRIME + HIGH_SEXUAL_EXPLOITATION_MOTIVE,HIGH_EXTORTION_MOTIVE + HIGH_IDENTITY_THEFT + HIGH_SEC66D_CHEATING,HIGH_CHILD_CYBERCRIME + HIGH_SEXUAL_EXPLOITATION_MOTIVE -> HIGH_EXTORTION_MOTIVE + HIGH_IDENTITY_THEFT + HIGH_SEC66D_CHEATING,2,3
0.4444444444444444,0.3888888888888889,0.3333333333333333,0.75,1.9285714285714286,1.0,0.16049382716049382,2.4444444444444446,0.8666666666666667,0.6666666666666667,0.5909090909090908,0.8035714285714286,12,16,14,HIGH_SEXUAL_EXPLOITATION_MOTIVE + HIGH_WOMEN_CYBERCRIME,HIGH_IDENTITY_THEFT + HIGH_SEC66D_CHEATING,HIGH_SEXUAL_EXPLOITATION_MOTIVE + HIGH_WOMEN_CYBERCRIME -> HIGH_IDENTITY_THEFT + HIGH_SEC66D_CHEATING,2,2
0.4444444444444444,0.3888888888888889,0.3333333333333333,0.75,1.9285714285714286,1.0,0.16049382716049382,2.4444444444444446,0.8666666666666667,0.6666666666666667,0.5909090909090908,0.8035714285714286,12,16,14,HIGH_CHILD_CYBERCRIME + HIGH_SEXUAL_EXPLOITATION_MOTIVE,HIGH_IDENTITY_THEFT + HIGH_SEC66D_CHEATING,HIGH_CHILD_CYBERCRIME + HIGH_SEXUAL_EXPLOITATION_MOTIVE -> HIGH_IDENTITY_THEFT + HIGH_SEC66D_CHEATING,2,2
0.4444444444444444,0.4166666666666667,0.3333333333333333,0.75,1.7999999999999998,1.0,0.14814814814814814,2.333333333333333,0.8,0.6315789473684209,0.5714285714285715,0.7749999999999999,12,16,15,HIGH_SEXUAL_EXPLOITATION_MOTIVE + HIGH_WOMEN_CYBERCRIME,HIGH_FRAUD_MOTIVE + HIGH_SEC66D_CHEATING,HIGH_SEXUAL_EXPLOITATION_MOTIVE + HIGH_WOMEN_CYBERCRIME -> HIGH_FRAUD_MOTIVE + HIGH_SEC66D_CHEATING,2,2
0.4444444444444444,0.4166666666666667,0.3333333333333333,0.75,1.7999999999999998,1.0,0.14814814814814814,2.333333333333333,0.8,0.6315789473684209,0.5714285714285715,0.7749999999999999,12,16,15,HIGH_CHILD_CYBERCRIME + HIGH_SEXUAL_EXPLOITATION_MOTIVE,HIGH_FRAUD_MOTIVE + HIGH_SEC66D_CHEATING,HIGH_CHILD_CYBERCRIME + HIGH_SEXUAL_EXPLOITATION_MOTIVE -> HIGH_FRAUD_MOTIVE + HIGH_SEC66D_CHEATING,2,2
0.4444444444444444,0.4166666666666667,0.3333333333333333,0.75,1.7999999999999998,1.0,0.14814814814814814,2.333333333333333,0.8,0.6315789473684209,0.5714285714285715,0.7749999999999999,12,16,15,HIGH_SEXUAL_EXPLOITATION_MOTIVE + HIGH_WOMEN_CYBERCRIME,HIGH_EXTORTION_MOTIVE + HIGH_SEC66D_CHEATING,HIGH_SEXUAL_EXPLOITATION_MOTIVE + HIGH_WOMEN_CYBERCRIME -> HIGH_EXTORTION_MOTIVE + HIGH_SEC66D_CHEATING,2,2
0.4444444444444444,0.4166666666666667,0.3333333333333333,0.75,1.7999999999999998,1.0,0.14814814814814814,2.333333333333333,0.8,0.6315789473684209,0.5714285714285715,0.7749999999999999,12,16,15,HIGH_CHILD_CYBERCRIME + HIGH_SEXUAL_EXPLOITATION_MOTIVE,HIGH_EXTORTION_MOTIVE + HIGH_SEC66D_CHEATING,HIGH_CHILD_CYBERCRIME + HIGH_SEXUAL_EXPLOITATION_MOTIVE -> HIGH_EXTORTION_MOTIVE + HIGH_SEC66D_CHEATING,2,2
0.4444444444444444,0.5,0.3333333333333333,0.75,1.5,1.0,0.1111111111111111,2.0,0.6,0.5454545454545454,0.5,0.7083333333333333,12,16,18,HIGH_SEXUAL_EXPLOITATION_MOTIVE + HIGH_WOMEN_CYBERCRIME,HIGH_SEC66D_CHEATING,HIGH_SEXUAL_EXPLOITATION_MOTIVE + HIGH_WOMEN_CYBERCRIME -> HIGH_SEC66D_CHEATING,2,1
0.4444444444444444,0.5,0.3333333333333333,0.75,1.5,1.0,0.1111111111111111,2.0,0.6,0.5454545454545454,0.5,0.7083333333333333,12,16,18,HIGH_CHILD_CYBERCRIME + HIGH_SEXUAL_EXPLOITATION_MOTIVE,HIGH_SEC66D_CHEATING,HIGH_CHILD_CYBERCRIME + HIGH_SEXUAL_EXPLOITATION_MOTIVE -> HIGH_SEC66D_CHEATING,2,1
0.5277777777777778,0.3888888888888889,0.3888888888888889,0.7368421052631579,1.894736842105263,1.0,0.18364197530864199,2.322222222222222,1.0,0.7368421052631577,0.5693779904306219,0.868421052631579,14,19,14,HIGH_IDENTITY_THEFT,HIGH_EXTORTION_MOTIVE + HIGH_FRAUD_MOTIVE + HIGH_SEXUAL_EXPLOITATION_MOTIVE + HIGH_WOMEN_CYBERCRIME,HIGH_IDENTITY_THEFT -> HIGH_EXTORTION_MOTIVE + HIGH_FRAUD_MOTIVE + HIGH_SEXUAL_EXPLOITATION_MOTIVE + HIGH_WOMEN_CYBERCRIME,1,4
0.5277777777777778,0.3888888888888889,0.3888888888888889,0.7368421052631579,1.894736842105263,1.0,0.18364197530864199,2.322222222222222,1.0,0.7368421052631577,0.5693779904306219,0.868421052631579,14,19,14,HIGH_IDENTITY_THEFT,HIGH_CHILD_CYBERCRIME + HIGH_EXTORTION_MOTIVE + HIGH_FRAUD_MOTIVE + HIGH_SEXUAL_EXPLOITATION_MOTIVE,HIGH_IDENTITY_THEFT -> HIGH_CHILD_CYBERCRIME + HIGH_EXTORTION_MOTIVE + HIGH_FRAUD_MOTIVE + HIGH_SEXUAL_EXPLOITATION_MOTIVE,1,4
0.5277777777777778,0.3888888888888889,0.3888888888888889,0.7368421052631579,1.894736842105263,1.0,0.18364197530864199,2.322222222222222,1.0,0.7368421052631577,0.5693779904306219,0.868421052631579,14,19,14,HIGH_IDENTITY_THEFT,HIGH_CHILD_CYBERCRIME + HIGH_EXTORTION_MOTIVE + HIGH_SEXUAL_EXPLOITATION_MOTIVE + HIGH_WOMEN_CYBERCRIME,HIGH_IDENTITY_THEFT -> HIGH_CHILD_CYBERCRIME + HIGH_EXTORTION_MOTIVE + HIGH_SEXUAL_EXPLOITATION_MOTIVE + HIGH_WOMEN_CYBERCRIME,1,4
0.5277777777777778,0.3888888888888889,0.3888888888888889,0.7368421052631579,1.894736842105263,1.0,0.18364197530864199,2.322222222222222,1.0,0.7368421052631577,0.5693779904306219,0.868421052631579,14,19,14,HIGH_IDENTITY_THEFT,HIGH_EXTORTION_MOTIVE + HIGH_FRAUD_MOTIVE + HIGH_SEC66D_CHEATING,HIGH_IDENTITY_THEFT -> HIGH_EXTORTION_MOTIVE + HIGH_FRAUD_MOTIVE + HIGH_SEC66D_CHEATING,1,3
0.5277777777777778,0.3888888888888889,0.3888888888888889,0.7368421052631579,1.894736842105263,1.0,0.18364197530864199,2.322222222222222,1.0,0.7368421052631577,0.5693779904306219,0.868421052631579,14,19,14,HIGH_IDENTITY_THEFT,HIGH_EXTORTION_MOTIVE + HIGH_FRAUD_MOTIVE + HIGH_WOMEN_CYBERCRIME,HIGH_IDENTITY_THEFT -> HIGH_EXTORTION_MOTIVE + HIGH_FRAUD_MOTIVE + HIGH_WOMEN_CYBERCRIME,1,3
0.5277777777777778,0.3888888888888889,0.3888888888888889,0.7368421052631579,1.894736842105263,1.0,0.18364197530864199,2.322222222222222,1.0,0.7368421052631577,0.5693779904306219,0.868421052631579,14,19,14,HIGH_IDENTITY_THEFT,HIGH_CHILD_CYBERCRIME + HIGH_EXTORTION_MOTIVE + HIGH_FRAUD_MOTIVE,HIGH_IDENTITY_THEFT -> HIGH_CHILD_CYBERCRIME + HIGH_EXTORTION_MOTIVE + HIGH_FRAUD_MOTIVE,1,3
0.5277777777777778,0.3888888888888889,0.3888888888888889,0.7368421052631579,1.894736842105263,1.0,0.18364197530864199,2.322222222222222,1.0,0.7368421052631577,0.5693779904306219,0.868421052631579,14,19,14,HIGH_IDENTITY_THEFT,HIGH_FRAUD_MOTIVE + HIGH_SEXUAL_EXPLOITATION_MOTIVE + HIGH_WOMEN_CYBERCRIME,HIGH_IDENTITY_THEFT -> HIGH_FRAUD_MOTIVE + HIGH_SEXUAL_EXPLOITATION_MOTIVE + HIGH_WOMEN_CYBERCRIME,1,3
0.5277777777777778,0.3888888888888889,0.3888888888888889,0.7368421052631579,1.894736842105263,1.0,0.18364197530864199,2.322222222222222,1.0,0.7368421052631577,0.5693779904306219,0.868421052631579,14,19,14,HIGH_IDENTITY_THEFT,HIGH_CHILD_CYBERCRIME + HIGH_FRAUD_MOTIVE + HIGH_SEXUAL_EXPLOITATION_MOTIVE,HIGH_IDENTITY_THEFT -> HIGH_CHILD_CYBERCRIME + HIGH_FRAUD_MOTIVE + HIGH_SEXUAL_EXPLOITATION_MOTIVE,1,3
0.5277777777777778,0.3888888888888889,0.3888888888888889,0.7368421052631579,1.894736842105263,1.0,0.18364197530864199,2.322222222222222,1.0,0.7368421052631577,0.5693779904306219,0.868421052631579,14,19,14,HIGH_IDENTITY_THEFT,HIGH_CHILD_CYBERCRIME + HIGH_EXTORTION_MOTIVE + HIGH_WOMEN_CYBERCRIME,HIGH_IDENTITY_THEFT -> HIGH_CHILD_CYBERCRIME + HIGH_EXTORTION_MOTIVE + HIGH_WOMEN_CYBERCRIME,1,3
0.5277777777777778,0.4166666666666667,0.3888888888888889,0.7368421052631579,1.7684210526315787,1.0,0.16898148148148148,2.216666666666666,0.9201680672268907,0.7,0.5488721804511277,0.8350877192982455,14,19,15,HIGH_IDENTITY_THEFT,HIGH_CHILD_CYBERCRIME + HIGH_SEXUAL_EXPLOITATION_MOTIVE + HIGH_WOMEN_CYBERCRIME,HIGH_IDENTITY_THEFT -> HIGH_CHILD_CYBERCRIME + HIGH_SEXUAL_EXPLOITATION_MOTIVE + HIGH_WOMEN_CYBERCRIME,1,3
0.5277777777777778,0.4166666666666667,0.3888888888888889,0.7368421052631579,1.7684210526315787,1.0,0.16898148148148148,2.216666666666666,0.9201680672268907,0.7,0.5488721804511277,0.8350877192982455,14,19,15,HIGH_IDENTITY_THEFT,HIGH_FRAUD_MOTIVE + HIGH_SEC66D_CHEATING,HIGH_IDENTITY_THEFT -> HIGH_FRAUD_MOTIVE + HIGH_SEC66D_CHEATING,1,2
0.5277777777777778,0.4166666666666667,0.3888888888888889,0.7368421052631579,1.7684210526315787,1.0,0.16898148148148148,2.216666666666666,0.9201680672268907,0.7,0.5488721804511277,0.8350877192982455,14,19,15,HIGH_IDENTITY_THEFT,HIGH_FRAUD_MOTIVE + HIGH_WOMEN_CYBERCRIME,HIGH_IDENTITY_THEFT -> HIGH_FRAUD_MOTIVE + HIGH_WOMEN_CYBERCRIME,1,2
0.5277777777777778,0.4166666666666667,0.3888888888888889,0.7368421052631579,1.7684210526315787,1.0,0.16898148148148148,2.216666666666666,0.9201680672268907,0.7,0.5488721804511277,0.8350877192982455,14,19,15,HIGH_IDENTITY_THEFT,HIGH_CHILD_CYBERCRIME + HIGH_FRAUD_MOTIVE,HIGH_IDENTITY_THEFT -> HIGH_CHILD_CYBERCRIME + HIGH_FRAUD_MOTIVE,1,2
0.5277777777777778,0.4166666666666667,0.3888888888888889,0.7368421052631579,1.7684210526315787,1.0,0.16898148148148148,2.216666666666666,0.9201680672268907,0.7,0.5488721804511277,0.8350877192982455,14,19,15,HIGH_IDENTITY_THEFT,HIGH_EXTORTION_MOTIVE + HIGH_SEC66D_CHEATING,HIGH_IDENTITY_THEFT -> HIGH_EXTORTION_MOTIVE + HIGH_SEC66D_CHEATING,1,2
0.5277777777777778,0.4444444444444444,0.3888888888888889,0.7368421052631579,1.6578947368421053,1.0,0.154320987654321,2.1111111111111107,0.8403361344537815,0.6666666666666667,0.5263157894736842,0.805921052631579,14,19,16,HIGH_IDENTITY_THEFT,HIGH_CHILD_CYBERCRIME + HIGH_WOMEN_CYBERCRIME,HIGH_IDENTITY_THEFT -> HIGH_CHILD_CYBERCRIME + HIGH_WOMEN_CYBERCRIME,1,2
0.5277777777777778,0.5,0.3888888888888889,0.7368421052631579,1.4736842105263157,1.0,0.125,1.8999999999999997,0.6806722689075629,0.6086956521739131,0.4736842105263157,0.7573099415204678,14,19,18,HIGH_IDENTITY_THEFT,HIGH_SEC66D_CHEATING,HIGH_IDENTITY_THEFT -> HIGH_SEC66D_CHEATING,1,1
0.4166666666666667,0.3055555555555556,0.3055555555555556,0.7333333333333334,2.4,1.0,0.17824074074074076,2.604166666666667,1.0000000000000002,0.7333333333333333,0.6160000000000001,0.8666666666666667,11,15,11,HIGH_EXTORTION_MOTIVE + HIGH_FRAUD_MOTIVE + HIGH_IDENTITY_THEFT + HIGH_SEXUAL_EXPLOITATION_MOTIVE,HIGH_CHILD_CYBERCRIME + HIGH_SEC66D_CHEATING + HIGH_WOMEN_CYBERCRIME,HIGH_EXTORTION_MOTIVE + HIGH_FRAUD_MOTIVE + HIGH_IDENTITY_THEFT + HIGH_SEXUAL_EXPLOITATION_MOTIVE -> HIGH_CHILD_CYBERCRIME + HIGH_SEC66D_CHEATING + HIGH_WOMEN_CYBERCRIME,4,3
0.4166666666666667,0.3055555555555556,0.3055555555555556,0.7333333333333334,2.4,1.0,0.17824074074074076,2.604166666666667,1.0000000000000002,0.7333333333333333,0.6160000000000001,0.8666666666666667,11,15,11,HIGH_FRAUD_MOTIVE + HIGH_IDENTITY_THEFT + HIGH_SEXUAL_EXPLOITATION_MOTIVE,HIGH_CHILD_CYBERCRIME + HIGH_EXTORTION_MOTIVE + HIGH_SEC66D_CHEATING + HIGH_WOMEN_CYBERCRIME,HIGH_FRAUD_MOTIVE + HIGH_IDENTITY_THEFT + HIGH_SEXUAL_EXPLOITATION_MOTIVE -> HIGH_CHILD_CYBERCRIME + HIGH_EXTORTION_MOTIVE + HIGH_SEC66D_CHEATING + HIGH_WOMEN_CYBERCRIME,3,4
0.4166666666666667,0.3055555555555556,0.3055555555555556,0.7333333333333334,2.4,1.0,0.17824074074074076,2.604166666666667,1.0000000000000002,0.7333333333333333,0.6160000000000001,0.8666666666666667,11,15,11,HIGH_EXTORTION_MOTIVE + HIGH_FRAUD_MOTIVE + HIGH_SEXUAL_EXPLOITATION_MOTIVE,HIGH_CHILD_CYBERCRIME + HIGH_IDENTITY_THEFT + HIGH_SEC66D_CHEATING + HIGH_WOMEN_CYBERCRIME,HIGH_EXTORTION_MOTIVE + HIGH_FRAUD_MOTIVE + HIGH_SEXUAL_EXPLOITATION_MOTIVE -> HIGH_CHILD_CYBERCRIME + HIGH_IDENTITY_THEFT + HIGH_SEC66D_CHEATING + HIGH_WOMEN_CYBERCRIME,3,4
0.4166666666666667,0.3055555555555556,0.3055555555555556,0.7333333333333334,2.4,1.0,0.17824074074074076,2.604166666666667,1.0000000000000002,0.7333333333333333,0.6160000000000001,0.8666666666666667,11,15,11,HIGH_FRAUD_MOTIVE + HIGH_SEXUAL_EXPLOITATION_MOTIVE,HIGH_CHILD_CYBERCRIME + HIGH_EXTORTION_MOTIVE + HIGH_IDENTITY_THEFT + HIGH_SEC66D_CHEATING + HIGH_WOMEN_CYBERCRIME,HIGH_FRAUD_MOTIVE + HIGH_SEXUAL_EXPLOITATION_MOTIVE -> HIGH_CHILD_CYBERCRIME + HIGH_EXTORTION_MOTIVE + HIGH_IDENTITY_THEFT + HIGH_SEC66D_CHEATING + HIGH_WOMEN_CYBERCRIME,2,5
0.4166666666666667,0.3055555555555556,0.3055555555555556,0.7333333333333334,2.4,1.0,0.17824074074074076,2.604166666666667,1.0000000000000002,0.7333333333333333,0.6160000000000001,0.8666666666666667,11,15,11,HIGH_FRAUD_MOTIVE + HIGH_IDENTITY_THEFT + HIGH_SEXUAL_EXPLOITATION_MOTIVE,HIGH_CHILD_CYBERCRIME + HIGH_SEC66D_CHEATING + HIGH_WOMEN_CYBERCRIME,HIGH_FRAUD_MOTIVE + HIGH_IDENTITY_THEFT + HIGH_SEXUAL_EXPLOITATION_MOTIVE -> HIGH_CHILD_CYBERCRIME + HIGH_SEC66D_CHEATING + HIGH_WOMEN_CYBERCRIME,3,3
0.4166666666666667,0.3055555555555556,0.3055555555555556,0.7333333333333334,2.4,1.0,0.17824074074074076,2.604166666666667,1.0000000000000002,0.7333333333333333,0.6160000000000001,0.8666666666666667,11,15,11,HIGH_FRAUD_MOTIVE + HIGH_SEXUAL_EXPLOITATION_MOTIVE,HIGH_CHILD_CYBERCRIME + HIGH_IDENTITY_THEFT + HIGH_SEC66D_CHEATING + HIGH_WOMEN_CYBERCRIME,HIGH_FRAUD_MOTIVE + HIGH_SEXUAL_EXPLOITATION_MOTIVE -> HIGH_CHILD_CYBERCRIME + HIGH_IDENTITY_THEFT + HIGH_SEC66D_CHEATING + HIGH_WOMEN_CYBERCRIME,2,4
0.4166666666666667,0.3055555555555556,0.3055555555555556,0.7333333333333334,2.4,1.0,0.17824074074074076,2.604166666666667,1.0000000000000002,0.7333333333333333,0.6160000000000001,0.8666666666666667,11,15,11,HIGH_EXTORTION_MOTIVE + HIGH_FRAUD_MOTIVE + HIGH_SEXUAL_EXPLOITATION_MOTIVE,HIGH_CHILD_CYBERCRIME + HIGH_SEC66D_CHEATING + HIGH_WOMEN_CYBERCRIME,HIGH_EXTORTION_MOTIVE + HIGH_FRAUD_MOTIVE + HIGH_SEXUAL_EXPLOITATION_MOTIVE -> HIGH_CHILD_CYBERCRIME + HIGH_SEC66D_CHEATING + HIGH_WOMEN_CYBERCRIME,3,3
0.4166666666666667,0.3055555555555556,0.3055555555555556,0.7333333333333334,2.4,1.0,0.17824074074074076,2.604166666666667,1.0000000000000002,0.7333333333333333,0.6160000000000001,0.8666666666666667,11,15,11,HIGH_FRAUD_MOTIVE + HIGH_SEXUAL_EXPLOITATION_MOTIVE,HIGH_CHILD_CYBERCRIME + HIGH_EXTORTION_MOTIVE + HIGH_SEC66D_CHEATING + HIGH_WOMEN_CYBERCRIME,HIGH_FRAUD_MOTIVE + HIGH_SEXUAL_EXPLOITATION_MOTIVE -> HIGH_CHILD_CYBERCRIME + HIGH_EXTORTION_MOTIVE + HIGH_SEC66D_CHEATING + HIGH_WOMEN_CYBERCRIME,2,4
0.4166666666666667,0.3055555555555556,0.3055555555555556,0.7333333333333334,2.4,1.0,0.17824074074074076,2.604166666666667,1.0000000000000002,0.7333333333333333,0.6160000000000001,0.8666666666666667,11,15,11,HIGH_FRAUD_MOTIVE + HIGH_SEXUAL_EXPLOITATION_MOTIVE,HIGH_CHILD_CYBERCRIME + HIGH_SEC66D_CHEATING + HIGH_WOMEN_CYBERCRIME,HIGH_FRAUD_MOTIVE + HIGH_SEXUAL_EXPLOITATION_MOTIVE -> HIGH_CHILD_CYBERCRIME + HIGH_SEC66D_CHEATING + HIGH_WOMEN_CYBERCRIME,2,3
0.4166666666666667,0.3333333333333333,0.3055555555555556,0.7333333333333334,2.2,1.0,0.16666666666666669,2.500000000000001,0.9350649350649353,0.6875000000000001,0.6000000000000001,0.8250000000000001,11,15,12,HIGH_CHILD_CYBERCRIME + HIGH_EXTORTION_MOTIVE + HIGH_IDENTITY_THEFT + HIGH_SEXUAL_EXPLOITATION_MOTIVE,HIGH_FRAUD_MOTIVE + HIGH_SEC66D_CHEATING + HIGH_WOMEN_CYBERCRIME,HIGH_CHILD_CYBERCRIME + HIGH_EXTORTION_MOTIVE + HIGH_IDENTITY_THEFT + HIGH_SEXUAL_EXPLOITATION_MOTIVE -> HIGH_FRAUD_MOTIVE + HIGH_SEC66D_CHEATING + HIGH_WOMEN_CYBERCRIME,4,3
0.4166666666666667,0.3333333333333333,0.3055555555555556,0.7333333333333334,2.2,1.0,0.16666666666666669,2.500000000000001,0.9350649350649353,0.6875000000000001,0.6000000000000001,0.8250000000000001,11,15,12,HIGH_EXTORTION_MOTIVE + HIGH_IDENTITY_THEFT + HIGH_SEXUAL_EXPLOITATION_MOTIVE + HIGH_WOMEN_CYBERCRIME,HIGH_CHILD_CYBERCRIME + HIGH_FRAUD_MOTIVE + HIGH_SEC66D_CHEATING,HIGH_EXTORTION_MOTIVE + HIGH_IDENTITY_THEFT + HIGH_SEXUAL_EXPLOITATION_MOTIVE + HIGH_WOMEN_CYBERCRIME -> HIGH_CHILD_CYBERCRIME + HIGH_FRAUD_MOTIVE + HIGH_SEC66D_CHEATING,4,3
0.4166666666666667,0.3333333333333333,0.3055555555555556,0.7333333333333334,2.2,1.0,0.16666666666666669,2.500000000000001,0.9350649350649353,0.6875000000000001,0.6000000000000001,0.8250000000000001,11,15,12,HIGH_CHILD_CYBERCRIME + HIGH_EXTORTION_MOTIVE + HIGH_IDENTITY_THEFT,HIGH_FRAUD_MOTIVE + HIGH_SEC66D_CHEATING + HIGH_SEXUAL_EXPLOITATION_MOTIVE + HIGH_WOMEN_CYBERCRIME,HIGH_CHILD_CYBERCRIME + HIGH_EXTORTION_MOTIVE + HIGH_IDENTITY_THEFT -> HIGH_FRAUD_MOTIVE + HIGH_SEC66D_CHEATING + HIGH_SEXUAL_EXPLOITATION_MOTIVE + HIGH_WOMEN_CYBERCRIME,3,4
0.4166666666666667,0.3333333333333333,0.3055555555555556,0.7333333333333334,2.2,1.0,0.16666666666666669,2.500000000000001,0.9350649350649353,0.6875000000000001,0.6000000000000001,0.8250000000000001,11,15,12,HIGH_CHILD_CYBERCRIME + HIGH_IDENTITY_THEFT + HIGH_SEXUAL_EXPLOITATION_MOTIVE,HIGH_EXTORTION_MOTIVE + HIGH_FRAUD_MOTIVE + HIGH_SEC66D_CHEATING + HIGH_WOMEN_CYBERCRIME,HIGH_CHILD_CYBERCRIME + HIGH_IDENTITY_THEFT + HIGH_SEXUAL_EXPLOITATION_MOTIVE -> HIGH_EXTORTION_MOTIVE + HIGH_FRAUD_MOTIVE + HIGH_SEC66D_CHEATING + HIGH_WOMEN_CYBERCRIME,3,4
0.4166666666666667,0.3333333333333333,0.3055555555555556,0.7333333333333334,2.2,1.0,0.16666666666666669,2.500000000000001,0.9350649350649353,0.6875000000000001,0.6000000000000001,0.8250000000000001,11,15,12,HIGH_CHILD_CYBERCRIME + HIGH_EXTORTION_MOTIVE + HIGH_SEXUAL_EXPLOITATION_MOTIVE,HIGH_FRAUD_MOTIVE + HIGH_IDENTITY_THEFT + HIGH_SEC66D_CHEATING + HIGH_WOMEN_CYBERCRIME,HIGH_CHILD_CYBERCRIME + HIGH_EXTORTION_MOTIVE + HIGH_SEXUAL_EXPLOITATION_MOTIVE -> HIGH_FRAUD_MOTIVE + HIGH_IDENTITY_THEFT + HIGH_SEC66D_CHEATING + HIGH_WOMEN_CYBERCRIME,3,4
0.4166666666666667,0.3333333333333333,0.3055555555555556,0.7333333333333334,2.2,1.0,0.16666666666666669,2.500000000000001,0.9350649350649353,0.6875000000000001,0.6000000000000001,0.8250000000000001,11,15,12,HIGH_EXTORTION_MOTIVE + HIGH_IDENTITY_THEFT + HIGH_WOMEN_CYBERCRIME,HIGH_CHILD_CYBERCRIME + HIGH_FRAUD_MOTIVE + HIGH_SEC66D_CHEATING + HIGH_SEXUAL_EXPLOITATION_MOTIVE,HIGH_EXTORTION_MOTIVE + HIGH_IDENTITY_THEFT + HIGH_WOMEN_CYBERCRIME -> HIGH_CHILD_CYBERCRIME + HIGH_FRAUD_MOTIVE + HIGH_SEC66D_CHEATING + HIGH_SEXUAL_EXPLOITATION_MOTIVE,3,4
0.4166666666666667,0.3333333333333333,0.3055555555555556,0.7333333333333334,2.2,1.0,0.16666666666666669,2.500000000000001,0.9350649350649353,0.6875000000000001,0.6000000000000001,0.8250000000000001,11,15,12,HIGH_IDENTITY_THEFT + HIGH_SEXUAL_EXPLOITATION_MOTIVE + HIGH_WOMEN_CYBERCRIME,HIGH_CHILD_CYBERCRIME + HIGH_EXTORTION_MOTIVE + HIGH_FRAUD_MOTIVE + HIGH_SEC66D_CHEATING,HIGH_IDENTITY_THEFT + HIGH_SEXUAL_EXPLOITATION_MOTIVE + HIGH_WOMEN_CYBERCRIME -> HIGH_CHILD_CYBERCRIME + HIGH_EXTORTION_MOTIVE + HIGH_FRAUD_MOTIVE + HIGH_SEC66D_CHEATING,3,4
0.4166666666666667,0.3333333333333333,0.3055555555555556,0.7333333333333334,2.2,1.0,0.16666666666666669,2.500000000000001,0.9350649350649353,0.6875000000000001,0.6000000000000001,0.8250000000000001,11,15,12,HIGH_EXTORTION_MOTIVE + HIGH_SEXUAL_EXPLOITATION_MOTIVE + HIGH_WOMEN_CYBERCRIME,HIGH_CHILD_CYBERCRIME + HIGH_FRAUD_MOTIVE + HIGH_IDENTITY_THEFT + HIGH_SEC66D_CHEATING,HIGH_EXTORTION_MOTIVE + HIGH_SEXUAL_EXPLOITATION_MOTIVE + HIGH_WOMEN_CYBERCRIME -> HIGH_CHILD_CYBERCRIME + HIGH_FRAUD_MOTIVE + HIGH_IDENTITY_THEFT + HIGH_SEC66D_CHEATING,3,4
0.4166666666666667,0.3333333333333333,0.3055555555555556,0.7333333333333334,2.2,1.0,0.16666666666666669,2.500000000000001,0.9350649350649353,0.6875000000000001,0.6000000000000001,0.8250000000000001,11,15,12,HIGH_CHILD_CYBERCRIME + HIGH_IDENTITY_THEFT,HIGH_EXTORTION_MOTIVE + HIGH_FRAUD_MOTIVE + HIGH_SEC66D_CHEATING + HIGH_SEXUAL_EXPLOITATION_MOTIVE + HIGH_WOMEN_CYBERCRIME,HIGH_CHILD_CYBERCRIME + HIGH_IDENTITY_THEFT -> HIGH_EXTORTION_MOTIVE + HIGH_FRAUD_MOTIVE + HIGH_SEC66D_CHEATING + HIGH_SEXUAL_EXPLOITATION_MOTIVE + HIGH_WOMEN_CYBERCRIME,2,5
0.4166666666666667,0.3333333333333333,0.3055555555555556,0.7333333333333334,2.2,1.0,0.16666666666666669,2.500000000000001,0.9350649350649353,0.6875000000000001,0.6000000000000001,0.8250000000000001,11,15,12,HIGH_CHILD_CYBERCRIME + HIGH_EXTORTION_MOTIVE,HIGH_FRAUD_MOTIVE + HIGH_IDENTITY_THEFT + HIGH_SEC66D_CHEATING + HIGH_SEXUAL_EXPLOITATION_MOTIVE + HIGH_WOMEN_CYBERCRIME,HIGH_CHILD_CYBERCRIME + HIGH_EXTORTION_MOTIVE -> HIGH_FRAUD_MOTIVE + HIGH_IDENTITY_THEFT + HIGH_SEC66D_CHEATING + HIGH_SEXUAL_EXPLOITATION_MOTIVE + HIGH_WOMEN_CYBERCRIME,2,5
0.4166666666666667,0.3333333333333333,0.3055555555555556,0.7333333333333334,2.2,1.0,0.16666666666666669,2.500000000000001,0.9350649350649353,0.6875000000000001,0.6000000000000001,0.8250000000000001,11,15,12,HIGH_CHILD_CYBERCRIME + HIGH_FRAUD_MOTIVE,HIGH_EXTORTION_MOTIVE + HIGH_IDENTITY_THEFT + HIGH_SEC66D_CHEATING + HIGH_SEXUAL_EXPLOITATION_MOTIVE + HIGH_WOMEN_CYBERCRIME,HIGH_CHILD_CYBERCRIME + HIGH_FRAUD_MOTIVE -> HIGH_EXTORTION_MOTIVE + HIGH_IDENTITY_THEFT + HIGH_SEC66D_CHEATING + HIGH_SEXUAL_EXPLOITATION_MOTIVE + HIGH_WOMEN_CYBERCRIME,2,5
0.4166666666666667,0.3333333333333333,0.3055555555555556,0.7333333333333334,2.2,1.0,0.16666666666666669,2.500000000000001,0.9350649350649353,0.6875000000000001,0.6000000000000001,0.8250000000000001,11,15,12,HIGH_IDENTITY_THEFT + HIGH_WOMEN_CYBERCRIME,HIGH_CHILD_CYBERCRIME + HIGH_EXTORTION_MOTIVE + HIGH_FRAUD_MOTIVE + HIGH_SEC66D_CHEATING + HIGH_SEXUAL_EXPLOITATION_MOTIVE,HIGH_IDENTITY_THEFT + HIGH_WOMEN_CYBERCRIME -> HIGH_CHILD_CYBERCRIME + HIGH_EXTORTION_MOTIVE + HIGH_FRAUD_MOTIVE + HIGH_SEC66D_CHEATING + HIGH_SEXUAL_EXPLOITATION_MOTIVE,2,5
0.4166666666666667,0.3333333333333333,0.3055555555555556,0.7333333333333334,2.2,1.0,0.16666666666666669,2.500000000000001,0.9350649350649353,0.6875000000000001,0.6000000000000001,0.8250000000000001,11,15,12,HIGH_EXTORTION_MOTIVE + HIGH_WOMEN_CYBERCRIME,HIGH_CHILD_CYBERCRIME + HIGH_FRAUD_MOTIVE + HIGH_IDENTITY_THEFT + HIGH_SEC66D_CHEATING + HIGH_SEXUAL_EXPLOITATION_MOTIVE,HIGH_EXTORTION_MOTIVE + HIGH_WOMEN_CYBERCRIME -> HIGH_CHILD_CYBERCRIME + HIGH_FRAUD_MOTIVE + HIGH_IDENTITY_THEFT + HIGH_SEC66D_CHEATING + HIGH_SEXUAL_EXPLOITATION_MOTIVE,2,5
0.4166666666666667,0.3333333333333333,0.3055555555555556,0.7333333333333334,2.2,1.0,0.16666666666666669,2.500000000000001,0.9350649350649353,0.6875000000000001,0.6000000000000001,0.8250000000000001,11,15,12,HIGH_FRAUD_MOTIVE + HIGH_WOMEN_CYBERCRIME,HIGH_CHILD_CYBERCRIME + HIGH_EXTORTION_MOTIVE + HIGH_IDENTITY_THEFT + HIGH_SEC66D_CHEATING + HIGH_SEXUAL_EXPLOITATION_MOTIVE,HIGH_FRAUD_MOTIVE + HIGH_WOMEN_CYBERCRIME -> HIGH_CHILD_CYBERCRIME + HIGH_EXTORTION_MOTIVE + HIGH_IDENTITY_THEFT + HIGH_SEC66D_CHEATING + HIGH_SEXUAL_EXPLOITATION_MOTIVE,2,5
0.4166666666666667,0.3333333333333333,0.3055555555555556,0.7333333333333334,2.2,1.0,0.16666666666666669,2.500000000000001,0.9350649350649353,0.6875000000000001,0.6000000000000001,0.8250000000000001,11,15,12,HIGH_CHILD_CYBERCRIME + HIGH_EXTORTION_MOTIVE + HIGH_IDENTITY_THEFT,HIGH_FRAUD_MOTIVE + HIGH_SEC66D_CHEATING + HIGH_WOMEN_CYBERCRIME,HIGH_CHILD_CYBERCRIME + HIGH_EXTORTION_MOTIVE + HIGH_IDENTITY_THEFT -> HIGH_FRAUD_MOTIVE + HIGH_SEC66D_CHEATING + HIGH_WOMEN_CYBERCRIME,3,3
0.4166666666666667,0.3333333333333333,0.3055555555555556,0.7333333333333334,2.2,1.0,0.16666666666666669,2.500000000000001,0.9350649350649353,0.6875000000000001,0.6000000000000001,0.8250000000000001,11,15,12,HIGH_EXTORTION_MOTIVE + HIGH_IDENTITY_THEFT + HIGH_WOMEN_CYBERCRIME,HIGH_CHILD_CYBERCRIME + HIGH_FRAUD_MOTIVE + HIGH_SEC66D_CHEATING,HIGH_EXTORTION_MOTIVE + HIGH_IDENTITY_THEFT + HIGH_WOMEN_CYBERCRIME -> HIGH_CHILD_CYBERCRIME + HIGH_FRAUD_MOTIVE + HIGH_SEC66D_CHEATING,3,3
0.4166666666666667,0.3333333333333333,0.3055555555555556,0.7333333333333334,2.2,1.0,0.16666666666666669,2.500000000000001,0.9350649350649353,0.6875000000000001,0.6000000000000001,0.8250000000000001,11,15,12,HIGH_CHILD_CYBERCRIME + HIGH_IDENTITY_THEFT,HIGH_EXTORTION_MOTIVE + HIGH_FRAUD_MOTIVE + HIGH_SEC66D_CHEATING + HIGH_WOMEN_CYBERCRIME,HIGH_CHILD_CYBERCRIME + HIGH_IDENTITY_THEFT -> HIGH_EXTORTION_MOTIVE + HIGH_FRAUD_MOTIVE + HIGH_SEC66D_CHEATING + HIGH_WOMEN_CYBERCRIME,2,4
0.4166666666666667,0.3333333333333333,0.3055555555555556,0.7333333333333334,2.2,1.0,0.16666666666666669,2.500000000000001,0.9350649350649353,0.6875000000000001,0.6000000000000001,0.8250000000000001,11,15,12,HIGH_CHILD_CYBERCRIME + HIGH_EXTORTION_MOTIVE,HIGH_FRAUD_MOTIVE + HIGH_IDENTITY_THEFT + HIGH_SEC66D_CHEATING + HIGH_WOMEN_CYBERCRIME,HIGH_CHILD_CYBERCRIME + HIGH_EXTORTION_MOTIVE -> HIGH_FRAUD_MOTIVE + HIGH_IDENTITY_THEFT + HIGH_SEC66D_CHEATING + HIGH_WOMEN_CYBERCRIME,2,4
0.4166666666666667,0.3333333333333333,0.3055555555555556,0.7333333333333334,2.2,1.0,0.16666666666666669,2.500000000000001,0.9350649350649353,0.6875000000000001,0.6000000000000001,0.8250000000000001,11,15,12,HIGH_CHILD_CYBERCRIME + HIGH_FRAUD_MOTIVE,HIGH_EXTORTION_MOTIVE + HIGH_IDENTITY_THEFT + HIGH_SEC66D_CHEATING + HIGH_WOMEN_CYBERCRIME,HIGH_CHILD_CYBERCRIME + HIGH_FRAUD_MOTIVE -> HIGH_EXTORTION_MOTIVE + HIGH_IDENTITY_THEFT + HIGH_SEC66D_CHEATING + HIGH_WOMEN_CYBERCRIME,2,4
0.4166666666666667,0.3333333333333333,0.3055555555555556,0.7333333333333334,2.2,1.0,0.16666666666666669,2.500000000000001,0.9350649350649353,0.6875000000000001,0.6000000000000001,0.8250000000000001,11,15,12,HIGH_IDENTITY_THEFT + HIGH_WOMEN_CYBERCRIME,HIGH_CHILD_CYBERCRIME + HIGH_EXTORTION_MOTIVE + HIGH_FRAUD_MOTIVE + HIGH_SEC66D_CHEATING,HIGH_IDENTITY_THEFT + HIGH_WOMEN_CYBERCRIME -> HIGH_CHILD_CYBERCRIME + HIGH_EXTORTION_MOTIVE + HIGH_FRAUD_MOTIVE + HIGH_SEC66D_CHEATING,2,4
0.4166666666666667,0.3333333333333333,0.3055555555555556,0.7333333333333334,2.2,1.0,0.16666666666666669,2.500000000000001,0.9350649350649353,0.6875000000000001,0.6000000000000001,0.8250000000000001,11,15,12,HIGH_EXTORTION_MOTIVE + HIGH_WOMEN_CYBERCRIME,HIGH_CHILD_CYBERCRIME + HIGH_FRAUD_MOTIVE + HIGH_IDENTITY_THEFT + HIGH_SEC66D_CHEATING,HIGH_EXTORTION_MOTIVE + HIGH_WOMEN_CYBERCRIME -> HIGH_CHILD_CYBERCRIME + HIGH_FRAUD_MOTIVE + HIGH_IDENTITY_THEFT + HIGH_SEC66D_CHEATING,2,4
0.4166666666666667,0.3333333333333333,0.3055555555555556,0.7333333333333334,2.2,1.0,0.16666666666666669,2.500000000000001,0.9350649350649353,0.6875000000000001,0.6000000000000001,0.8250000000000001,11,15,12,HIGH_FRAUD_MOTIVE + HIGH_WOMEN_CYBERCRIME,HIGH_CHILD_CYBERCRIME + HIGH_EXTORTION_MOTIVE + HIGH_IDENTITY_THEFT + HIGH_SEC66D_CHEATING,HIGH_FRAUD_MOTIVE + HIGH_WOMEN_CYBERCRIME -> HIGH_CHILD_CYBERCRIME + HIGH_EXTORTION_MOTIVE + HIGH_IDENTITY_THEFT + HIGH_SEC66D_CHEATING,2,4
0.4166666666666667,0.3333333333333333,0.3055555555555556,0.7333333333333334,2.2,1.0,0.16666666666666669,2.500000000000001,0.9350649350649353,0.6875000000000001,0.6000000000000001,0.8250000000000001,11,15,12,HIGH_CHILD_CYBERCRIME + HIGH_IDENTITY_THEFT + HIGH_SEXUAL_EXPLOITATION_MOTIVE,HIGH_FRAUD_MOTIVE + HIGH_SEC66D_CHEATING + HIGH_WOMEN_CYBERCRIME,HIGH_CHILD_CYBERCRIME + HIGH_IDENTITY_THEFT + HIGH_SEXUAL_EXPLOITATION_MOTIVE -> HIGH_FRAUD_MOTIVE + HIGH_SEC66D_CHEATING + HIGH_WOMEN_CYBERCRIME,3,3
0.4166666666666667,0.3333333333333333,0.3055555555555556,0.7333333333333334,2.2,1.0,0.16666666666666669,2.500000000000001,0.9350649350649353,0.6875000000000001,0.6000000000000001,0.8250000000000001,11,15,12,HIGH_IDENTITY_THEFT + HIGH_SEXUAL_EXPLOITATION_MOTIVE + HIGH_WOMEN_CYBERCRIME,HIGH_CHILD_CYBERCRIME + HIGH_FRAUD_MOTIVE + HIGH_SEC66D_CHEATING,HIGH_IDENTITY_THEFT + HIGH_SEXUAL_EXPLOITATION_MOTIVE + HIGH_WOMEN_CYBERCRIME -> HIGH_CHILD_CYBERCRIME + HIGH_FRAUD_MOTIVE + HIGH_SEC66D_CHEATING,3,3
0.4166666666666667,0.3333333333333333,0.3055555555555556,0.7333333333333334,2.2,1.0,0.16666666666666669,2.500000000000001,0.9350649350649353,0.6875000000000001,0.6000000000000001,0.8250000000000001,11,15,12,HIGH_CHILD_CYBERCRIME + HIGH_IDENTITY_THEFT,HIGH_FRAUD_MOTIVE + HIGH_SEC66D_CHEATING + HIGH_SEXUAL_EXPLOITATION_MOTIVE + HIGH_WOMEN_CYBERCRIME,HIGH_CHILD_CYBERCRIME + HIGH_IDENTITY_THEFT -> HIGH_FRAUD_MOTIVE + HIGH_SEC66D_CHEATING + HIGH_SEXUAL_EXPLOITATION_MOTIVE + HIGH_WOMEN_CYBERCRIME,2,4
0.4166666666666667,0.3333333333333333,0.3055555555555556,0.7333333333333334,2.2,1.0,0.16666666666666669,2.500000000000001,0.9350649350649353,0.6875000000000001,0.6000000000000001,0.8250000000000001,11,15,12,HIGH_CHILD_CYBERCRIME + HIGH_FRAUD_MOTIVE,HIGH_IDENTITY_THEFT + HIGH_SEC66D_CHEATING + HIGH_SEXUAL_EXPLOITATION_MOTIVE + HIGH_WOMEN_CYBERCRIME,HIGH_CHILD_CYBERCRIME + HIGH_FRAUD_MOTIVE -> HIGH_IDENTITY_THEFT + HIGH_SEC66D_CHEATING + HIGH_SEXUAL_EXPLOITATION_MOTIVE + HIGH_WOMEN_CYBERCRIME,2,4
0.4166666666666667,0.3333333333333333,0.3055555555555556,0.7333333333333334,2.2,1.0,0.16666666666666669,2.500000000000001,0.9350649350649353,0.6875000000000001,0.6000000000000001,0.8250000000000001,11,15,12,HIGH_IDENTITY_THEFT + HIGH_WOMEN_CYBERCRIME,HIGH_CHILD_CYBERCRIME + HIGH_FRAUD_MOTIVE + HIGH_SEC66D_CHEATING + HIGH_SEXUAL_EXPLOITATION_MOTIVE,HIGH_IDENTITY_THEFT + HIGH_WOMEN_CYBERCRIME -> HIGH_CHILD_CYBERCRIME + HIGH_FRAUD_MOTIVE + HIGH_SEC66D_CHEATING + HIGH_SEXUAL_EXPLOITATION_MOTIVE,2,4
0.4166666666666667,0.3333333333333333,0.3055555555555556,0.7333333333333334,2.2,1.0,0.16666666666666669,2.500000000000001,0.9350649350649353,0.6875000000000001,0.6000000000000001,0.8250000000000001,11,15,12,HIGH_FRAUD_MOTIVE + HIGH_WOMEN_CYBERCRIME,HIGH_CHILD_CYBERCRIME + HIGH_IDENTITY_THEFT + HIGH_SEC66D_CHEATING + HIGH_SEXUAL_EXPLOITATION_MOTIVE,HIGH_FRAUD_MOTIVE + HIGH_WOMEN_CYBERCRIME -> HIGH_CHILD_CYBERCRIME + HIGH_IDENTITY_THEFT + HIGH_SEC66D_CHEATING + HIGH_SEXUAL_EXPLOITATION_MOTIVE,2,4
0.4166666666666667,0.3333333333333333,0.3055555555555556,0.7333333333333334,2.2,1.0,0.16666666666666669,2.500000000000001,0.9350649350649353,0.6875000000000001,0.6000000000000001,0.8250000000000001,11,15,12,HIGH_CHILD_CYBERCRIME + HIGH_EXTORTION_MOTIVE + HIGH_SEXUAL_EXPLOITATION_MOTIVE,HIGH_FRAUD_MOTIVE + HIGH_SEC66D_CHEATING + HIGH_WOMEN_CYBERCRIME,HIGH_CHILD_CYBERCRIME + HIGH_EXTORTION_MOTIVE + HIGH_SEXUAL_EXPLOITATION_MOTIVE -> HIGH_FRAUD_MOTIVE + HIGH_SEC66D_CHEATING + HIGH_WOMEN_CYBERCRIME,3,3
0.4166666666666667,0.3333333333333333,0.3055555555555556,0.7333333333333334,2.2,1.0,0.16666666666666669,2.500000000000001,0.9350649350649353,0.6875000000000001,0.6000000000000001,0.8250000000000001,11,15,12,HIGH_EXTORTION_MOTIVE + HIGH_SEXUAL_EXPLOITATION_MOTIVE + HIGH_WOMEN_CYBERCRIME,HIGH_CHILD_CYBERCRIME + HIGH_FRAUD_MOTIVE + HIGH_SEC66D_CHEATING,HIGH_EXTORTION_MOTIVE + HIGH_SEXUAL_EXPLOITATION_MOTIVE + HIGH_WOMEN_CYBERCRIME -> HIGH_CHILD_CYBERCRIME + HIGH_FRAUD_MOTIVE + HIGH_SEC66D_CHEATING,3,3
0.4166666666666667,0.3333333333333333,0.3055555555555556,0.7333333333333334,2.2,1.0,0.16666666666666669,2.500000000000001,0.9350649350649353,0.6875000000000001,0.6000000000000001,0.8250000000000001,11,15,12,HIGH_CHILD_CYBERCRIME + HIGH_EXTORTION_MOTIVE,HIGH_FRAUD_MOTIVE + HIGH_SEC66D_CHEATING + HIGH_SEXUAL_EXPLOITATION_MOTIVE + HIGH_WOMEN_CYBERCRIME,HIGH_CHILD_CYBERCRIME + HIGH_EXTORTION_MOTIVE -> HIGH_FRAUD_MOTIVE + HIGH_SEC66D_CHEATING + HIGH_SEXUAL_EXPLOITATION_MOTIVE + HIGH_WOMEN_CYBERCRIME,2,4
0.4166666666666667,0.3333333333333333,0.3055555555555556,0.7333333333333334,2.2,1.0,0.16666666666666669,2.500000000000001,0.9350649350649353,0.6875000000000001,0.6000000000000001,0.8250000000000001,11,15,12,HIGH_CHILD_CYBERCRIME + HIGH_FRAUD_MOTIVE,HIGH_EXTORTION_MOTIVE + HIGH_SEC66D_CHEATING + HIGH_SEXUAL_EXPLOITATION_MOTIVE + HIGH_WOMEN_CYBERCRIME,HIGH_CHILD_CYBERCRIME + HIGH_FRAUD_MOTIVE -> HIGH_EXTORTION_MOTIVE + HIGH_SEC66D_CHEATING + HIGH_SEXUAL_EXPLOITATION_MOTIVE + HIGH_WOMEN_CYBERCRIME,2,4
0.4166666666666667,0.3333333333333333,0.3055555555555556,0.7333333333333334,2.2,1.0,0.16666666666666669,2.500000000000001,0.9350649350649353,0.6875000000000001,0.6000000000000001,0.8250000000000001,11,15,12,HIGH_EXTORTION_MOTIVE + HIGH_WOMEN_CYBERCRIME,HIGH_CHILD_CYBERCRIME + HIGH_FRAUD_MOTIVE + HIGH_SEC66D_CHEATING + HIGH_SEXUAL_EXPLOITATION_MOTIVE,HIGH_EXTORTION_MOTIVE + HIGH_WOMEN_CYBERCRIME -> HIGH_CHILD_CYBERCRIME + HIGH_FRAUD_MOTIVE + HIGH_SEC66D_CHEATING + HIGH_SEXUAL_EXPLOITATION_MOTIVE,2,4
0.4166666666666667,0.3333333333333333,0.3055555555555556,0.7333333333333334,2.2,1.0,0.16666666666666669,2.500000000000001,0.9350649350649353,0.6875000000000001,0.6000000000000001,0.8250000000000001,11,15,12,HIGH_FRAUD_MOTIVE + HIGH_WOMEN_CYBERCRIME,HIGH_CHILD_CYBERCRIME + HIGH_EXTORTION_MOTIVE + HIGH_SEC66D_CHEATING + HIGH_SEXUAL_EXPLOITATION_MOTIVE,HIGH_FRAUD_MOTIVE + HIGH_WOMEN_CYBERCRIME -> HIGH_CHILD_CYBERCRIME + HIGH_EXTORTION_MOTIVE + HIGH_SEC66D_CHEATING + HIGH_SEXUAL_EXPLOITATION_MOTIVE,2,4
0.4166666666666667,0.3333333333333333,0.3055555555555556,0.7333333333333334,2.2,1.0,0.16666666666666669,2.500000000000001,0.9350649350649353,0.6875000000000001,0.6000000000000001,0.8250000000000001,11,15,12,HIGH_CHILD_CYBERCRIME + HIGH_EXTORTION_MOTIVE + HIGH_IDENTITY_THEFT + HIGH_SEXUAL_EXPLOITATION_MOTIVE,HIGH_SEC66D_CHEATING + HIGH_WOMEN_CYBERCRIME,HIGH_CHILD_CYBERCRIME + HIGH_EXTORTION_MOTIVE + HIGH_IDENTITY_THEFT + HIGH_SEXUAL_EXPLOITATION_MOTIVE -> HIGH_SEC66D_CHEATING + HIGH_WOMEN_CYBERCRIME,4,2
0.4166666666666667,0.3333333333333333,0.3055555555555556,0.7333333333333334,2.2,1.0,0.16666666666666669,2.500000000000001,0.9350649350649353,0.6875000000000001,0.6000000000000001,0.8250000000000001,11,15,12,HIGH_EXTORTION_MOTIVE + HIGH_IDENTITY_THEFT + HIGH_SEXUAL_EXPLOITATION_MOTIVE + HIGH_WOMEN_CYBERCRIME,HIGH_CHILD_CYBERCRIME + HIGH_SEC66D_CHEATING,HIGH_EXTORTION_MOTIVE + HIGH_IDENTITY_THEFT + HIGH_SEXUAL_EXPLOITATION_MOTIVE + HIGH_WOMEN_CYBERCRIME -> HIGH_CHILD_CYBERCRIME + HIGH_SEC66D_CHEATING,4,2
0.4166666666666667,0.3333333333333333,0.3055555555555556,0.7333333333333334,2.2,1.0,0.16666666666666669,2.500000000000001,0.9350649350649353,0.6875000000000001,0.6000000000000001,0.8250000000000001,11,15,12,HIGH_CHILD_CYBERCRIME + HIGH_EXTORTION_MOTIVE + HIGH_IDENTITY_THEFT,HIGH_SEC66D_CHEATING + HIGH_SEXUAL_EXPLOITATION_MOTIVE + HIGH_WOMEN_CYBERCRIME,HIGH_CHILD_CYBERCRIME + HIGH_EXTORTION_MOTIVE + HIGH_IDENTITY_THEFT -> HIGH_SEC66D_CHEATING + HIGH_SEXUAL_EXPLOITATION_MOTIVE + HIGH_WOMEN_CYBERCRIME,3,3
0.4166666666666667,0.3333333333333333,0.3055555555555556,0.7333333333333334,2.2,1.0,0.16666666666666669,2.500000000000001,0.9350649350649353,0.6875000000000001,0.6000000000000001,0.8250000000000001,11,15,12,HIGH_CHILD_CYBERCRIME + HIGH_IDENTITY_THEFT + HIGH_SEXUAL_EXPLOITATION_MOTIVE,HIGH_EXTORTION_MOTIVE + HIGH_SEC66D_CHEATING + HIGH_WOMEN_CYBERCRIME,HIGH_CHILD_CYBERCRIME + HIGH_IDENTITY_THEFT + HIGH_SEXUAL_EXPLOITATION_MOTIVE -> HIGH_EXTORTION_MOTIVE + HIGH_SEC66D_CHEATING + HIGH_WOMEN_CYBERCRIME,3,3
0.4166666666666667,0.3333333333333333,0.3055555555555556,0.7333333333333334,2.2,1.0,0.16666666666666669,2.500000000000001,0.9350649350649353,0.6875000000000001,0.6000000000000001,0.8250000000000001,11,15,12,HIGH_CHILD_CYBERCRIME + HIGH_EXTORTION_MOTIVE + HIGH_SEXUAL_EXPLOITATION_MOTIVE,HIGH_IDENTITY_THEFT + HIGH_SEC66D_CHEATING + HIGH_WOMEN_CYBERCRIME,HIGH_CHILD_CYBERCRIME + HIGH_EXTORTION_MOTIVE + HIGH_SEXUAL_EXPLOITATION_MOTIVE -> HIGH_IDENTITY_THEFT + HIGH_SEC66D_CHEATING + HIGH_WOMEN_CYBERCRIME,3,3
0.4166666666666667,0.3333333333333333,0.3055555555555556,0.7333333333333334,2.2,1.0,0.16666666666666669,2.500000000000001,0.9350649350649353,0.6875000000000001,0.6000000000000001,0.8250000000000001,11,15,12,HIGH_EXTORTION_MOTIVE + HIGH_IDENTITY_THEFT + HIGH_WOMEN_CYBERCRIME,HIGH_CHILD_CYBERCRIME + HIGH_SEC66D_CHEATING + HIGH_SEXUAL_EXPLOITATION_MOTIVE,HIGH_EXTORTION_MOTIVE + HIGH_IDENTITY_THEFT + HIGH_WOMEN_CYBERCRIME -> HIGH_CHILD_CYBERCRIME + HIGH_SEC66D_CHEATING + HIGH_SEXUAL_EXPLOITATION_MOTIVE,3,3
0.4166666666666667,0.3333333333333333,0.3055555555555556,0.7333333333333334,2.2,1.0,0.16666666666666669,2.500000000000001,0.9350649350649353,0.6875000000000001,0.6000000000000001,0.8250000000000001,11,15,12,HIGH_IDENTITY_THEFT + HIGH_SEXUAL_EXPLOITATION_MOTIVE + HIGH_WOMEN_CYBERCRIME,HIGH_CHILD_CYBERCRIME + HIGH_EXTORTION_MOTIVE + HIGH_SEC66D_CHEATING,HIGH_IDENTITY_THEFT + HIGH_SEXUAL_EXPLOITATION_MOTIVE + HIGH_WOMEN_CYBERCRIME -> HIGH_CHILD_CYBERCRIME + HIGH_EXTORTION_MOTIVE + HIGH_SEC66D_CHEATING,3,3
0.4166666666666667,0.3333333333333333,0.3055555555555556,0.7333333333333334,2.2,1.0,0.16666666666666669,2.500000000000001,0.9350649350649353,0.6875000000000001,0.6000000000000001,0.8250000000000001,11,15,12,HIGH_EXTORTION_MOTIVE + HIGH_SEXUAL_EXPLOITATION_MOTIVE + HIGH_WOMEN_CYBERCRIME,HIGH_CHILD_CYBERCRIME + HIGH_IDENTITY_THEFT + HIGH_SEC66D_CHEATING,HIGH_EXTORTION_MOTIVE + HIGH_SEXUAL_EXPLOITATION_MOTIVE + HIGH_WOMEN_CYBERCRIME -> HIGH_CHILD_CYBERCRIME + HIGH_IDENTITY_THEFT + HIGH_SEC66D_CHEATING,3,3
0.4166666666666667,0.3333333333333333,0.3055555555555556,0.7333333333333334,2.2,1.0,0.16666666666666669,2.500000000000001,0.9350649350649353,0.6875000000000001,0.6000000000000001,0.8250000000000001,11,15,12,HIGH_CHILD_CYBERCRIME + HIGH_IDENTITY_THEFT,HIGH_EXTORTION_MOTIVE + HIGH_SEC66D_CHEATING + HIGH_SEXUAL_EXPLOITATION_MOTIVE + HIGH_WOMEN_CYBERCRIME,HIGH_CHILD_CYBERCRIME + HIGH_IDENTITY_THEFT -> HIGH_EXTORTION_MOTIVE + HIGH_SEC66D_CHEATING + HIGH_SEXUAL_EXPLOITATION_MOTIVE + HIGH_WOMEN_CYBERCRIME,2,4
0.4166666666666667,0.3333333333333333,0.3055555555555556,0.7333333333333334,2.2,1.0,0.16666666666666669,2.500000000000001,0.9350649350649353,0.6875000000000001,0.6000000000000001,0.8250000000000001,11,15,12,HIGH_CHILD_CYBERCRIME + HIGH_EXTORTION_MOTIVE,HIGH_IDENTITY_THEFT + HIGH_SEC66D_CHEATING + HIGH_SEXUAL_EXPLOITATION_MOTIVE + HIGH_WOMEN_CYBERCRIME,HIGH_CHILD_CYBERCRIME + HIGH_EXTORTION_MOTIVE -> HIGH_IDENTITY_THEFT + HIGH_SEC66D_CHEATING + HIGH_SEXUAL_EXPLOITATION_MOTIVE + HIGH_WOMEN_CYBERCRIME,2,4
0.4166666666666667,0.3333333333333333,0.3055555555555556,0.7333333333333334,2.2,1.0,0.16666666666666669,2.500000000000001,0.9350649350649353,0.6875000000000001,0.6000000000000001,0.8250000000000001,11,15,12,HIGH_IDENTITY_THEFT + HIGH_WOMEN_CYBERCRIME,HIGH_CHILD_CYBERCRIME + HIGH_EXTORTION_MOTIVE + HIGH_SEC66D_CHEATING + HIGH_SEXUAL_EXPLOITATION_MOTIVE,HIGH_IDENTITY_THEFT + HIGH_WOMEN_CYBERCRIME -> HIGH_CHILD_CYBERCRIME + HIGH_EXTORTION_MOTIVE + HIGH_SEC66D_CHEATING + HIGH_SEXUAL_EXPLOITATION_MOTIVE,2,4
0.4166666666666667,0.3333333333333333,0.3055555555555556,0.7333333333333334,2.2,1.0,0.16666666666666669,2.500000000000001,0.9350649350649353,0.6875000000000001,0.6000000000000001,0.8250000000000001,11,15,12,HIGH_EXTORTION_MOTIVE + HIGH_WOMEN_CYBERCRIME,HIGH_CHILD_CYBERCRIME + HIGH_IDENTITY_THEFT + HIGH_SEC66D_CHEATING + HIGH_SEXUAL_EXPLOITATION_MOTIVE,HIGH_EXTORTION_MOTIVE + HIGH_WOMEN_CYBERCRIME -> HIGH_CHILD_CYBERCRIME + HIGH_IDENTITY_THEFT + HIGH_SEC66D_CHEATING + HIGH_SEXUAL_EXPLOITATION_MOTIVE,2,4
0.4166666666666667,0.3333333333333333,0.3055555555555556,0.7333333333333334,2.2,1.0,0.16666666666666669,2.500000000000001,0.9350649350649353,0.6875000000000001,0.6000000000000001,0.8250000000000001,11,15,12,HIGH_CHILD_CYBERCRIME + HIGH_IDENTITY_THEFT,HIGH_FRAUD_MOTIVE + HIGH_SEC66D_CHEATING + HIGH_WOMEN_CYBERCRIME,HIGH_CHILD_CYBERCRIME + HIGH_IDENTITY_THEFT -> HIGH_FRAUD_MOTIVE + HIGH_SEC66D_CHEATING + HIGH_WOMEN_CYBERCRIME,2,3
0.4166666666666667,0.3333333333333333,0.3055555555555556,0.7333333333333334,2.2,1.0,0.16666666666666669,2.500000000000001,0.9350649350649353,0.6875000000000001,0.6000000000000001,0.8250000000000001,11,15,12,HIGH_CHILD_CYBERCRIME + HIGH_FRAUD_MOTIVE,HIGH_IDENTITY_THEFT + HIGH_SEC66D_CHEATING + HIGH_WOMEN_CYBERCRIME,HIGH_CHILD_CYBERCRIME + HIGH_FRAUD_MOTIVE -> HIGH_IDENTITY_THEFT + HIGH_SEC66D_CHEATING + HIGH_WOMEN_CYBERCRIME,2,3
0.4166666666666667,0.3333333333333333,0.3055555555555556,0.7333333333333334,2.2,1.0,0.16666666666666669,2.500000000000001,0.9350649350649353,0.6875000000000001,0.6000000000000001,0.8250000000000001,11,15,12,HIGH_IDENTITY_THEFT + HIGH_WOMEN_CYBERCRIME,HIGH_CHILD_CYBERCRIME + HIGH_FRAUD_MOTIVE + HIGH_SEC66D_CHEATING,HIGH_IDENTITY_THEFT + HIGH_WOMEN_CYBERCRIME -> HIGH_CHILD_CYBERCRIME + HIGH_FRAUD_MOTIVE + HIGH_SEC66D_CHEATING,2,3
0.4166666666666667,0.3333333333333333,0.3055555555555556,0.7333333333333334,2.2,1.0,0.16666666666666669,2.500000000000001,0.9350649350649353,0.6875000000000001,0.6000000000000001,0.8250000000000001,11,15,12,HIGH_FRAUD_MOTIVE + HIGH_WOMEN_CYBERCRIME,HIGH_CHILD_CYBERCRIME + HIGH_IDENTITY_THEFT + HIGH_SEC66D_CHEATING,HIGH_FRAUD_MOTIVE + HIGH_WOMEN_CYBERCRIME -> HIGH_CHILD_CYBERCRIME + HIGH_IDENTITY_THEFT + HIGH_SEC66D_CHEATING,2,3
0.4166666666666667,0.3333333333333333,0.3055555555555556,0.7333333333333334,2.2,1.0,0.16666666666666669,2.500000000000001,0.9350649350649353,0.6875000000000001,0.6000000000000001,0.8250000000000001,11,15,12,HIGH_CHILD_CYBERCRIME + HIGH_EXTORTION_MOTIVE,HIGH_FRAUD_MOTIVE + HIGH_SEC66D_CHEATING + HIGH_WOMEN_CYBERCRIME,HIGH_CHILD_CYBERCRIME + HIGH_EXTORTION_MOTIVE -> HIGH_FRAUD_MOTIVE + HIGH_SEC66D_CHEATING + HIGH_WOMEN_CYBERCRIME,2,3
0.4166666666666667,0.3333333333333333,0.3055555555555556,0.7333333333333334,2.2,1.0,0.16666666666666669,2.500000000000001,0.9350649350649353,0.6875000000000001,0.6000000000000001,0.8250000000000001,11,15,12,HIGH_CHILD_CYBERCRIME + HIGH_FRAUD_MOTIVE,HIGH_EXTORTION_MOTIVE + HIGH_SEC66D_CHEATING + HIGH_WOMEN_CYBERCRIME,HIGH_CHILD_CYBERCRIME + HIGH_FRAUD_MOTIVE -> HIGH_EXTORTION_MOTIVE + HIGH_SEC66D_CHEATING + HIGH_WOMEN_CYBERCRIME,2,3
0.4166666666666667,0.3333333333333333,0.3055555555555556,0.7333333333333334,2.2,1.0,0.16666666666666669,2.500000000000001,0.9350649350649353,0.6875000000000001,0.6000000000000001,0.8250000000000001,11,15,12,HIGH_EXTORTION_MOTIVE + HIGH_WOMEN_CYBERCRIME,HIGH_CHILD_CYBERCRIME + HIGH_FRAUD_MOTIVE + HIGH_SEC66D_CHEATING,HIGH_EXTORTION_MOTIVE + HIGH_WOMEN_CYBERCRIME -> HIGH_CHILD_CYBERCRIME + HIGH_FRAUD_MOTIVE + HIGH_SEC66D_CHEATING,2,3
0.4166666666666667,0.3333333333333333,0.3055555555555556,0.7333333333333334,2.2,1.0,0.16666666666666669,2.500000000000001,0.9350649350649353,0.6875000000000001,0.6000000000000001,0.8250000000000001,11,15,12,HIGH_FRAUD_MOTIVE + HIGH_WOMEN_CYBERCRIME,HIGH_CHILD_CYBERCRIME + HIGH_EXTORTION_MOTIVE + HIGH_SEC66D_CHEATING,HIGH_FRAUD_MOTIVE + HIGH_WOMEN_CYBERCRIME -> HIGH_CHILD_CYBERCRIME + HIGH_EXTORTION_MOTIVE + HIGH_SEC66D_CHEATING,2,3
0.4166666666666667,0.3333333333333333,0.3055555555555556,0.7333333333333334,2.2,1.0,0.16666666666666669,2.500000000000001,0.9350649350649353,0.6875000000000001,0.6000000000000001,0.8250000000000001,11,15,12,HIGH_CHILD_CYBERCRIME + HIGH_FRAUD_MOTIVE,HIGH_SEC66D_CHEATING + HIGH_SEXUAL_EXPLOITATION_MOTIVE + HIGH_WOMEN_CYBERCRIME,HIGH_CHILD_CYBERCRIME + HIGH_FRAUD_MOTIVE -> HIGH_SEC66D_CHEATING + HIGH_SEXUAL_EXPLOITATION_MOTIVE + HIGH_WOMEN_CYBERCRIME,2,3
0.4166666666666667,0.3333333333333333,0.3055555555555556,0.7333333333333334,2.2,1.0,0.16666666666666669,2.500000000000001,0.9350649350649353,0.6875000000000001,0.6000000000000001,0.8250000000000001,11,15,12,HIGH_FRAUD_MOTIVE + HIGH_WOMEN_CYBERCRIME,HIGH_CHILD_CYBERCRIME + HIGH_SEC66D_CHEATING + HIGH_SEXUAL_EXPLOITATION_MOTIVE,HIGH_FRAUD_MOTIVE + HIGH_WOMEN_CYBERCRIME -> HIGH_CHILD_CYBERCRIME + HIGH_SEC66D_CHEATING + HIGH_SEXUAL_EXPLOITATION_MOTIVE,2,3
0.4166666666666667,0.3333333333333333,0.3055555555555556,0.7333333333333334,2.2,1.0,0.16666666666666669,2.500000000000001,0.9350649350649353,0.6875000000000001,0.6000000000000001,0.8250000000000001,11,15,12,HIGH_CHILD_CYBERCRIME + HIGH_EXTORTION_MOTIVE + HIGH_IDENTITY_THEFT,HIGH_SEC66D_CHEATING + HIGH_WOMEN_CYBERCRIME,HIGH_CHILD_CYBERCRIME + HIGH_EXTORTION_MOTIVE + HIGH_IDENTITY_THEFT -> HIGH_SEC66D_CHEATING + HIGH_WOMEN_CYBERCRIME,3,2
0.4166666666666667,0.3333333333333333,0.3055555555555556,0.7333333333333334,2.2,1.0,0.16666666666666669,2.500000000000001,0.9350649350649353,0.6875000000000001,0.6000000000000001,0.8250000000000001,11,15,12,HIGH_EXTORTION_MOTIVE + HIGH_IDENTITY_THEFT + HIGH_WOMEN_CYBERCRIME,HIGH_CHILD_CYBERCRIME + HIGH_SEC66D_CHEATING,HIGH_EXTORTION_MOTIVE + HIGH_IDENTITY_THEFT + HIGH_WOMEN_CYBERCRIME -> HIGH_CHILD_CYBERCRIME + HIGH_SEC66D_CHEATING,3,2
0.4166666666666667,0.3333333333333333,0.3055555555555556,0.7333333333333334,2.2,1.0,0.16666666666666669,2.500000000000001,0.9350649350649353,0.6875000000000001,0.6000000000000001,0.8250000000000001,11,15,12,HIGH_CHILD_CYBERCRIME + HIGH_IDENTITY_THEFT,HIGH_EXTORTION_MOTIVE + HIGH_SEC66D_CHEATING + HIGH_WOMEN_CYBERCRIME,HIGH_CHILD_CYBERCRIME + HIGH_IDENTITY_THEFT -> HIGH_EXTORTION_MOTIVE + HIGH_SEC66D_CHEATING + HIGH_WOMEN_CYBERCRIME,2,3
0.4166666666666667,0.3333333333333333,0.3055555555555556,0.7333333333333334,2.2,1.0,0.16666666666666669,2.500000000000001,0.9350649350649353,0.6875000000000001,0.6000000000000001,0.8250000000000001,11,15,12,HIGH_CHILD_CYBERCRIME + HIGH_EXTORTION_MOTIVE,HIGH_IDENTITY_THEFT + HIGH_SEC66D_CHEATING + HIGH_WOMEN_CYBERCRIME,HIGH_CHILD_CYBERCRIME + HIGH_EXTORTION_MOTIVE -> HIGH_IDENTITY_THEFT + HIGH_SEC66D_CHEATING + HIGH_WOMEN_CYBERCRIME,2,3
0.4166666666666667,0.3333333333333333,0.3055555555555556,0.7333333333333334,2.2,1.0,0.16666666666666669,2.500000000000001,0.9350649350649353,0.6875000000000001,0.6000000000000001,0.8250000000000001,11,15,12,HIGH_IDENTITY_THEFT + HIGH_WOMEN_CYBERCRIME,HIGH_CHILD_CYBERCRIME + HIGH_EXTORTION_MOTIVE + HIGH_SEC66D_CHEATING,HIGH_IDENTITY_THEFT + HIGH_WOMEN_CYBERCRIME -> HIGH_CHILD_CYBERCRIME + HIGH_EXTORTION_MOTIVE + HIGH_SEC66D_CHEATING,2,3
0.4166666666666667,0.3333333333333333,0.3055555555555556,0.7333333333333334,2.2,1.0,0.16666666666666669,2.500000000000001,0.9350649350649353,0.6875000000000001,0.6000000000000001,0.8250000000000001,11,15,12,HIGH_EXTORTION_MOTIVE + HIGH_WOMEN_CYBERCRIME,HIGH_CHILD_CYBERCRIME + HIGH_IDENTITY_THEFT + HIGH_SEC66D_CHEATING,HIGH_EXTORTION_MOTIVE + HIGH_WOMEN_CYBERCRIME -> HIGH_CHILD_CYBERCRIME + HIGH_IDENTITY_THEFT + HIGH_SEC66D_CHEATING,2,3
0.4166666666666667,0.3333333333333333,0.3055555555555556,0.7333333333333334,2.2,1.0,0.16666666666666669,2.500000000000001,0.9350649350649353,0.6875000000000001,0.6000000000000001,0.8250000000000001,11,15,12,HIGH_CHILD_CYBERCRIME + HIGH_IDENTITY_THEFT + HIGH_SEXUAL_EXPLOITATION_MOTIVE,HIGH_SEC66D_CHEATING + HIGH_WOMEN_CYBERCRIME,HIGH_CHILD_CYBERCRIME + HIGH_IDENTITY_THEFT + HIGH_SEXUAL_EXPLOITATION_MOTIVE -> HIGH_SEC66D_CHEATING + HIGH_WOMEN_CYBERCRIME,3,2
0.4166666666666667,0.3333333333333333,0.3055555555555556,0.7333333333333334,2.2,1.0,0.16666666666666669,2.500000000000001,0.9350649350649353,0.6875000000000001,0.6000000000000001,0.8250000000000001,11,15,12,HIGH_IDENTITY_THEFT + HIGH_SEXUAL_EXPLOITATION_MOTIVE + HIGH_WOMEN_CYBERCRIME,HIGH_CHILD_CYBERCRIME + HIGH_SEC66D_CHEATING,HIGH_IDENTITY_THEFT + HIGH_SEXUAL_EXPLOITATION_MOTIVE + HIGH_WOMEN_CYBERCRIME -> HIGH_CHILD_CYBERCRIME + HIGH_SEC66D_CHEATING,3,2
0.4166666666666667,0.3333333333333333,0.3055555555555556,0.7333333333333334,2.2,1.0,0.16666666666666669,2.500000000000001,0.9350649350649353,0.6875000000000001,0.6000000000000001,0.8250000000000001,11,15,12,HIGH_CHILD_CYBERCRIME + HIGH_IDENTITY_THEFT,HIGH_SEC66D_CHEATING + HIGH_SEXUAL_EXPLOITATION_MOTIVE + HIGH_WOMEN_CYBERCRIME,HIGH_CHILD_CYBERCRIME + HIGH_IDENTITY_THEFT -> HIGH_SEC66D_CHEATING + HIGH_SEXUAL_EXPLOITATION_MOTIVE + HIGH_WOMEN_CYBERCRIME,2,3
0.4166666666666667,0.3333333333333333,0.3055555555555556,0.7333333333333334,2.2,1.0,0.16666666666666669,2.500000000000001,0.9350649350649353,0.6875000000000001,0.6000000000000001,0.8250000000000001,11,15,12,HIGH_IDENTITY_THEFT + HIGH_WOMEN_CYBERCRIME,HIGH_CHILD_CYBERCRIME + HIGH_SEC66D_CHEATING + HIGH_SEXUAL_EXPLOITATION_MOTIVE,HIGH_IDENTITY_THEFT + HIGH_WOMEN_CYBERCRIME -> HIGH_CHILD_CYBERCRIME + HIGH_SEC66D_CHEATING + HIGH_SEXUAL_EXPLOITATION_MOTIVE,2,3
0.4166666666666667,0.3333333333333333,0.3055555555555556,0.7333333333333334,2.2,1.0,0.16666666666666669,2.500000000000001,0.9350649350649353,0.6875000000000001,0.6000000000000001,0.8250000000000001,11,15,12,HIGH_CHILD_CYBERCRIME + HIGH_EXTORTION_MOTIVE + HIGH_SEXUAL_EXPLOITATION_MOTIVE,HIGH_SEC66D_CHEATING + HIGH_WOMEN_CYBERCRIME,HIGH_CHILD_CYBERCRIME + HIGH_EXTORTION_MOTIVE + HIGH_SEXUAL_EXPLOITATION_MOTIVE -> HIGH_SEC66D_CHEATING + HIGH_WOMEN_CYBERCRIME,3,2
0.4166666666666667,0.3333333333333333,0.3055555555555556,0.7333333333333334,2.2,1.0,0.16666666666666669,2.500000000000001,0.9350649350649353,0.6875000000000001,0.6000000000000001,0.8250000000000001,11,15,12,HIGH_EXTORTION_MOTIVE + HIGH_SEXUAL_EXPLOITATION_MOTIVE + HIGH_WOMEN_CYBERCRIME,HIGH_CHILD_CYBERCRIME + HIGH_SEC66D_CHEATING,HIGH_EXTORTION_MOTIVE + HIGH_SEXUAL_EXPLOITATION_MOTIVE + HIGH_WOMEN_CYBERCRIME -> HIGH_CHILD_CYBERCRIME + HIGH_SEC66D_CHEATING,3,2
0.4166666666666667,0.3333333333333333,0.3055555555555556,0.7333333333333334,2.2,1.0,0.16666666666666669,2.500000000000001,0.9350649350649353,0.6875000000000001,0.6000000000000001,0.8250000000000001,11,15,12,HIGH_CHILD_CYBERCRIME + HIGH_EXTORTION_MOTIVE,HIGH_SEC66D_CHEATING + HIGH_SEXUAL_EXPLOITATION_MOTIVE + HIGH_WOMEN_CYBERCRIME,HIGH_CHILD_CYBERCRIME + HIGH_EXTORTION_MOTIVE -> HIGH_SEC66D_CHEATING + HIGH_SEXUAL_EXPLOITATION_MOTIVE + HIGH_WOMEN_CYBERCRIME,2,3
0.4166666666666667,0.3333333333333333,0.3055555555555556,0.7333333333333334,2.2,1.0,0.16666666666666669,2.500000000000001,0.9350649350649353,0.6875000000000001,0.6000000000000001,0.8250000000000001,11,15,12,HIGH_EXTORTION_MOTIVE + HIGH_WOMEN_CYBERCRIME,HIGH_CHILD_CYBERCRIME + HIGH_SEC66D_CHEATING + HIGH_SEXUAL_EXPLOITATION_MOTIVE,HIGH_EXTORTION_MOTIVE + HIGH_WOMEN_CYBERCRIME -> HIGH_CHILD_CYBERCRIME + HIGH_SEC66D_CHEATING + HIGH_SEXUAL_EXPLOITATION_MOTIVE,2,3
0.4166666666666667,0.3333333333333333,0.3055555555555556,0.7333333333333334,2.2,1.0,0.16666666666666669,2.500000000000001,0.9350649350649353,0.6875000000000001,0.6000000000000001,0.8250000000000001,11,15,12,HIGH_CHILD_CYBERCRIME + HIGH_FRAUD_MOTIVE,HIGH_SEC66D_CHEATING + HIGH_WOMEN_CYBERCRIME,HIGH_CHILD_CYBERCRIME + HIGH_FRAUD_MOTIVE -> HIGH_SEC66D_CHEATING + HIGH_WOMEN_CYBERCRIME,2,2
0.4166666666666667,0.3333333333333333,0.3055555555555556,0.7333333333333334,2.2,1.0,0.16666666666666669,2.500000000000001,0.9350649350649353,0.6875000000000001,0.6000000000000001,0.8250000000000001,11,15,12,HIGH_FRAUD_MOTIVE + HIGH_WOMEN_CYBERCRIME,HIGH_CHILD_CYBERCRIME + HIGH_SEC66D_CHEATING,HIGH_FRAUD_MOTIVE + HIGH_WOMEN_CYBERCRIME -> HIGH_CHILD_CYBERCRIME + HIGH_SEC66D_CHEATING,2,2
0.4166666666666667,0.3333333333333333,0.3055555555555556,0.7333333333333334,2.2,1.0,0.16666666666666669,2.500000000000001,0.9350649350649353,0.6875000000000001,0.6000000000000001,0.8250000000000001,11,15,12,HIGH_CHILD_CYBERCRIME + HIGH_IDENTITY_THEFT,HIGH_SEC66D_CHEATING + HIGH_WOMEN_CYBERCRIME,HIGH_CHILD_CYBERCRIME + HIGH_IDENTITY_THEFT -> HIGH_SEC66D_CHEATING + HIGH_WOMEN_CYBERCRIME,2,2
0.4166666666666667,0.3333333333333333,0.3055555555555556,0.7333333333333334,2.2,1.0,0.16666666666666669,2.500000000000001,0.9350649350649353,0.6875000000000001,0.6000000000000001,0.8250000000000001,11,15,12,HIGH_IDENTITY_THEFT + HIGH_WOMEN_CYBERCRIME,HIGH_CHILD_CYBERCRIME + HIGH_SEC66D_CHEATING,HIGH_IDENTITY_THEFT + HIGH_WOMEN_CYBERCRIME -> HIGH_CHILD_CYBERCRIME + HIGH_SEC66D_CHEATING,2,2
0.4166666666666667,0.3333333333333333,0.3055555555555556,0.7333333333333334,2.2,1.0,0.16666666666666669,2.500000000000001,0.9350649350649353,0.6875000000000001,0.6000000000000001,0.8250000000000001,11,15,12,HIGH_CHILD_CYBERCRIME + HIGH_EXTORTION_MOTIVE,HIGH_SEC66D_CHEATING + HIGH_WOMEN_CYBERCRIME,HIGH_CHILD_CYBERCRIME + HIGH_EXTORTION_MOTIVE -> HIGH_SEC66D_CHEATING + HIGH_WOMEN_CYBERCRIME,2,2
0.4166666666666667,0.3333333333333333,0.3055555555555556,0.7333333333333334,2.2,1.0,0.16666666666666669,2.500000000000001,0.9350649350649353,0.6875000000000001,0.6000000000000001,0.8250000000000001,11,15,12,HIGH_EXTORTION_MOTIVE + HIGH_WOMEN_CYBERCRIME,HIGH_CHILD_CYBERCRIME + HIGH_SEC66D_CHEATING,HIGH_EXTORTION_MOTIVE + HIGH_WOMEN_CYBERCRIME -> HIGH_CHILD_CYBERCRIME + HIGH_SEC66D_CHEATING,2,2
0.4166666666666667,0.3611111111111111,0.3055555555555556,0.7333333333333334,2.030769230769231,1.0,0.15509259259259262,2.3958333333333335,0.8701298701298703,0.6470588235294118,0.5826086956521741,0.7897435897435898,11,15,13,HIGH_EXTORTION_MOTIVE + HIGH_SEC66D_CHEATING,HIGH_CHILD_CYBERCRIME + HIGH_FRAUD_MOTIVE + HIGH_IDENTITY_THEFT + HIGH_SEXUAL_EXPLOITATION_MOTIVE + HIGH_WOMEN_CYBERCRIME,HIGH_EXTORTION_MOTIVE + HIGH_SEC66D_CHEATING -> HIGH_CHILD_CYBERCRIME + HIGH_FRAUD_MOTIVE + HIGH_IDENTITY_THEFT + HIGH_SEXUAL_EXPLOITATION_MOTIVE + HIGH_WOMEN_CYBERCRIME,2,5
0.4166666666666667,0.3611111111111111,0.3055555555555556,0.7333333333333334,2.030769230769231,1.0,0.15509259259259262,2.3958333333333335,0.8701298701298703,0.6470588235294118,0.5826086956521741,0.7897435897435898,11,15,13,HIGH_EXTORTION_MOTIVE + HIGH_SEC66D_CHEATING,HIGH_CHILD_CYBERCRIME + HIGH_FRAUD_MOTIVE + HIGH_IDENTITY_THEFT + HIGH_WOMEN_CYBERCRIME,HIGH_EXTORTION_MOTIVE + HIGH_SEC66D_CHEATING -> HIGH_CHILD_CYBERCRIME + HIGH_FRAUD_MOTIVE + HIGH_IDENTITY_THEFT + HIGH_WOMEN_CYBERCRIME,2,4
0.4166666666666667,0.3611111111111111,0.3055555555555556,0.7333333333333334,2.030769230769231,1.0,0.15509259259259262,2.3958333333333335,0.8701298701298703,0.6470588235294118,0.5826086956521741,0.7897435897435898,11,15,13,HIGH_EXTORTION_MOTIVE + HIGH_SEC66D_CHEATING,HIGH_CHILD_CYBERCRIME + HIGH_FRAUD_MOTIVE + HIGH_SEXUAL_EXPLOITATION_MOTIVE + HIGH_WOMEN_CYBERCRIME,HIGH_EXTORTION_MOTIVE + HIGH_SEC66D_CHEATING -> HIGH_CHILD_CYBERCRIME + HIGH_FRAUD_MOTIVE + HIGH_SEXUAL_EXPLOITATION_MOTIVE + HIGH_WOMEN_CYBERCRIME,2,4
0.4166666666666667,0.3888888888888889,0.3055555555555556,0.7333333333333334,1.885714285714286,1.0,0.14351851851851855,2.2916666666666674,0.8051948051948054,0.6111111111111112,0.5636363636363637,0.7595238095238096,11,15,14,HIGH_CHILD_CYBERCRIME + HIGH_SEXUAL_EXPLOITATION_MOTIVE + HIGH_WOMEN_CYBERCRIME,HIGH_EXTORTION_MOTIVE + HIGH_FRAUD_MOTIVE + HIGH_IDENTITY_THEFT + HIGH_SEC66D_CHEATING,HIGH_CHILD_CYBERCRIME + HIGH_SEXUAL_EXPLOITATION_MOTIVE + HIGH_WOMEN_CYBERCRIME -> HIGH_EXTORTION_MOTIVE + HIGH_FRAUD_MOTIVE + HIGH_IDENTITY_THEFT + HIGH_SEC66D_CHEATING,3,4
0.4166666666666667,0.3888888888888889,0.3055555555555556,0.7333333333333334,1.885714285714286,1.0,0.14351851851851855,2.2916666666666674,0.8051948051948054,0.6111111111111112,0.5636363636363637,0.7595238095238096,11,15,14,HIGH_FRAUD_MOTIVE + HIGH_SEC66D_CHEATING,HIGH_CHILD_CYBERCRIME + HIGH_EXTORTION_MOTIVE + HIGH_IDENTITY_THEFT + HIGH_SEXUAL_EXPLOITATION_MOTIVE + HIGH_WOMEN_CYBERCRIME,HIGH_FRAUD_MOTIVE + HIGH_SEC66D_CHEATING -> HIGH_CHILD_CYBERCRIME + HIGH_EXTORTION_MOTIVE + HIGH_IDENTITY_THEFT + HIGH_SEXUAL_EXPLOITATION_MOTIVE + HIGH_WOMEN_CYBERCRIME,2,5
0.4166666666666667,0.3888888888888889,0.3055555555555556,0.7333333333333334,1.885714285714286,1.0,0.14351851851851855,2.2916666666666674,0.8051948051948054,0.6111111111111112,0.5636363636363637,0.7595238095238096,11,15,14,HIGH_FRAUD_MOTIVE + HIGH_SEC66D_CHEATING,HIGH_CHILD_CYBERCRIME + HIGH_EXTORTION_MOTIVE + HIGH_IDENTITY_THEFT + HIGH_WOMEN_CYBERCRIME,HIGH_FRAUD_MOTIVE + HIGH_SEC66D_CHEATING -> HIGH_CHILD_CYBERCRIME + HIGH_EXTORTION_MOTIVE + HIGH_IDENTITY_THEFT + HIGH_WOMEN_CYBERCRIME,2,4
0.4166666666666667,0.3888888888888889,0.3055555555555556,0.7333333333333334,1.885714285714286,1.0,0.14351851851851855,2.2916666666666674,0.8051948051948054,0.6111111111111112,0.5636363636363637,0.7595238095238096,11,15,14,HIGH_CHILD_CYBERCRIME + HIGH_SEXUAL_EXPLOITATION_MOTIVE + HIGH_WOMEN_CYBERCRIME,HIGH_FRAUD_MOTIVE + HIGH_IDENTITY_THEFT + HIGH_SEC66D_CHEATING,HIGH_CHILD_CYBERCRIME + HIGH_SEXUAL_EXPLOITATION_MOTIVE + HIGH_WOMEN_CYBERCRIME -> HIGH_FRAUD_MOTIVE + HIGH_IDENTITY_THEFT + HIGH_SEC66D_CHEATING,3,3
0.4166666666666667,0.3888888888888889,0.3055555555555556,0.7333333333333334,1.885714285714286,1.0,0.14351851851851855,2.2916666666666674,0.8051948051948054,0.6111111111111112,0.5636363636363637,0.7595238095238096,11,15,14,HIGH_FRAUD_MOTIVE + HIGH_SEC66D_CHEATING,HIGH_CHILD_CYBERCRIME + HIGH_IDENTITY_THEFT + HIGH_SEXUAL_EXPLOITATION_MOTIVE + HIGH_WOMEN_CYBERCRIME,HIGH_FRAUD_MOTIVE + HIGH_SEC66D_CHEATING -> HIGH_CHILD_CYBERCRIME + HIGH_IDENTITY_THEFT + HIGH_SEXUAL_EXPLOITATION_MOTIVE + HIGH_WOMEN_CYBERCRIME,2,4
0.4166666666666667,0.3888888888888889,0.3055555555555556,0.7333333333333334,1.885714285714286,1.0,0.14351851851851855,2.2916666666666674,0.8051948051948054,0.6111111111111112,0.5636363636363637,0.7595238095238096,11,15,14,HIGH_CHILD_CYBERCRIME + HIGH_SEXUAL_EXPLOITATION_MOTIVE + HIGH_WOMEN_CYBERCRIME,HIGH_EXTORTION_MOTIVE + HIGH_FRAUD_MOTIVE + HIGH_SEC66D_CHEATING,HIGH_CHILD_CYBERCRIME + HIGH_SEXUAL_EXPLOITATION_MOTIVE + HIGH_WOMEN_CYBERCRIME -> HIGH_EXTORTION_MOTIVE + HIGH_FRAUD_MOTIVE + HIGH_SEC66D_CHEATING,3,3
0.4166666666666667,0.3888888888888889,0.3055555555555556,0.7333333333333334,1.885714285714286,1.0,0.14351851851851855,2.2916666666666674,0.8051948051948054,0.6111111111111112,0.5636363636363637,0.7595238095238096,11,15,14,HIGH_FRAUD_MOTIVE + HIGH_SEC66D_CHEATING,HIGH_CHILD_CYBERCRIME + HIGH_EXTORTION_MOTIVE + HIGH_SEXUAL_EXPLOITATION_MOTIVE + HIGH_WOMEN_CYBERCRIME,HIGH_FRAUD_MOTIVE + HIGH_SEC66D_CHEATING -> HIGH_CHILD_CYBERCRIME + HIGH_EXTORTION_MOTIVE + HIGH_SEXUAL_EXPLOITATION_MOTIVE + HIGH_WOMEN_CYBERCRIME,2,4
0.4166666666666667,0.3888888888888889,0.3055555555555556,0.7333333333333334,1.885714285714286,1.0,0.14351851851851855,2.2916666666666674,0.8051948051948054,0.6111111111111112,0.5636363636363637,0.7595238095238096,11,15,14,HIGH_CHILD_CYBERCRIME + HIGH_SEXUAL_EXPLOITATION_MOTIVE + HIGH_WOMEN_CYBERCRIME,HIGH_EXTORTION_MOTIVE + HIGH_IDENTITY_THEFT + HIGH_SEC66D_CHEATING,HIGH_CHILD_CYBERCRIME + HIGH_SEXUAL_EXPLOITATION_MOTIVE + HIGH_WOMEN_CYBERCRIME -> HIGH_EXTORTION_MOTIVE + HIGH_IDENTITY_THEFT + HIGH_SEC66D_CHEATING,3,3
0.4166666666666667,0.3888888888888889,0.3055555555555556,0.7333333333333334,1.885714285714286,1.0,0.14351851851851855,2.2916666666666674,0.8051948051948054,0.6111111111111112,0.5636363636363637,0.7595238095238096,11,15,14,HIGH_EXTORTION_MOTIVE + HIGH_SEC66D_CHEATING,HIGH_CHILD_CYBERCRIME + HIGH_IDENTITY_THEFT + HIGH_SEXUAL_EXPLOITATION_MOTIVE + HIGH_WOMEN_CYBERCRIME,HIGH_EXTORTION_MOTIVE + HIGH_SEC66D_CHEATING -> HIGH_CHILD_CYBERCRIME + HIGH_IDENTITY_THEFT + HIGH_SEXUAL_EXPLOITATION_MOTIVE + HIGH_WOMEN_CYBERCRIME,2,4
0.4166666666666667,0.3888888888888889,0.3055555555555556,0.7333333333333334,1.885714285714286,1.0,0.14351851851851855,2.2916666666666674,0.8051948051948054,0.6111111111111112,0.5636363636363637,0.7595238095238096,11,15,14,HIGH_FRAUD_MOTIVE + HIGH_SEC66D_CHEATING,HIGH_CHILD_CYBERCRIME + HIGH_IDENTITY_THEFT + HIGH_WOMEN_CYBERCRIME,HIGH_FRAUD_MOTIVE + HIGH_SEC66D_CHEATING -> HIGH_CHILD_CYBERCRIME + HIGH_IDENTITY_THEFT + HIGH_WOMEN_CYBERCRIME,2,3
0.4166666666666667,0.3888888888888889,0.3055555555555556,0.7333333333333334,1.885714285714286,1.0,0.14351851851851855,2.2916666666666674,0.8051948051948054,0.6111111111111112,0.5636363636363637,0.7595238095238096,11,15,14,HIGH_EXTORTION_MOTIVE + HIGH_SEC66D_CHEATING,HIGH_CHILD_CYBERCRIME + HIGH_FRAUD_MOTIVE + HIGH_WOMEN_CYBERCRIME,HIGH_EXTORTION_MOTIVE + HIGH_SEC66D_CHEATING -> HIGH_CHILD_CYBERCRIME + HIGH_FRAUD_MOTIVE + HIGH_WOMEN_CYBERCRIME,2,3
0.4166666666666667,0.3888888888888889,0.3055555555555556,0.7333333333333334,1.885714285714286,1.0,0.14351851851851855,2.2916666666666674,0.8051948051948054,0.6111111111111112,0.5636363636363637,0.7595238095238096,11,15,14,HIGH_FRAUD_MOTIVE + HIGH_SEC66D_CHEATING,HIGH_CHILD_CYBERCRIME + HIGH_EXTORTION_MOTIVE + HIGH_WOMEN_CYBERCRIME,HIGH_FRAUD_MOTIVE + HIGH_SEC66D_CHEATING -> HIGH_CHILD_CYBERCRIME + HIGH_EXTORTION_MOTIVE + HIGH_WOMEN_CYBERCRIME,2,3
0.4166666666666667,0.3888888888888889,0.3055555555555556,0.7333333333333334,1.885714285714286,1.0,0.14351851851851855,2.2916666666666674,0.8051948051948054,0.6111111111111112,0.5636363636363637,0.7595238095238096,11,15,14,HIGH_EXTORTION_MOTIVE + HIGH_SEC66D_CHEATING,HIGH_CHILD_CYBERCRIME + HIGH_IDENTITY_THEFT + HIGH_WOMEN_CYBERCRIME,HIGH_EXTORTION_MOTIVE + HIGH_SEC66D_CHEATING -> HIGH_CHILD_CYBERCRIME + HIGH_IDENTITY_THEFT + HIGH_WOMEN_CYBERCRIME,2,3
0.4166666666666667,0.3888888888888889,0.3055555555555556,0.7333333333333334,1.885714285714286,1.0,0.14351851851851855,2.2916666666666674,0.8051948051948054,0.6111111111111112,0.5636363636363637,0.7595238095238096,11,15,14,HIGH_CHILD_CYBERCRIME + HIGH_SEXUAL_EXPLOITATION_MOTIVE + HIGH_WOMEN_CYBERCRIME,HIGH_IDENTITY_THEFT + HIGH_SEC66D_CHEATING,HIGH_CHILD_CYBERCRIME + HIGH_SEXUAL_EXPLOITATION_MOTIVE + HIGH_WOMEN_CYBERCRIME -> HIGH_IDENTITY_THEFT + HIGH_SEC66D_CHEATING,3,2
0.4166666666666667,0.4166666666666667,0.3055555555555556,0.7333333333333334,1.76,1.0,0.13194444444444445,2.1875,0.7402597402597403,0.5789473684210527,0.542857142857143,0.7333333333333334,11,15,15,HIGH_CHILD_CYBERCRIME + HIGH_SEXUAL_EXPLOITATION_MOTIVE + HIGH_WOMEN_CYBERCRIME,HIGH_FRAUD_MOTIVE + HIGH_SEC66D_CHEATING,HIGH_CHILD_CYBERCRIME + HIGH_SEXUAL_EXPLOITATION_MOTIVE + HIGH_WOMEN_CYBERCRIME -> HIGH_FRAUD_MOTIVE + HIGH_SEC66D_CHEATING,3,2
0.4166666666666667,0.4166666666666667,0.3055555555555556,0.7333333333333334,1.76,1.0,0.13194444444444445,2.1875,0.7402597402597403,0.5789473684210527,0.542857142857143,0.7333333333333334,11,15,15,HIGH_FRAUD_MOTIVE + HIGH_SEC66D_CHEATING,HIGH_CHILD_CYBERCRIME + HIGH_SEXUAL_EXPLOITATION_MOTIVE + HIGH_WOMEN_CYBERCRIME,HIGH_FRAUD_MOTIVE + HIGH_SEC66D_CHEATING -> HIGH_CHILD_CYBERCRIME + HIGH_SEXUAL_EXPLOITATION_MOTIVE + HIGH_WOMEN_CYBERCRIME,2,3
0.4166666666666667,0.4166666666666667,0.3055555555555556,0.7333333333333334,1.76,1.0,0.13194444444444445,2.1875,0.7402597402597403,0.5789473684210527,0.542857142857143,0.7333333333333334,11,15,15,HIGH_CHILD_CYBERCRIME + HIGH_SEXUAL_EXPLOITATION_MOTIVE + HIGH_WOMEN_CYBERCRIME,HIGH_EXTORTION_MOTIVE + HIGH_SEC66D_CHEATING,HIGH_CHILD_CYBERCRIME + HIGH_SEXUAL_EXPLOITATION_MOTIVE + HIGH_WOMEN_CYBERCRIME -> HIGH_EXTORTION_MOTIVE + HIGH_SEC66D_CHEATING,3,2
0.4166666666666667,0.4166666666666667,0.3055555555555556,0.7333333333333334,1.76,1.0,0.13194444444444445,2.1875,0.7402597402597403,0.5789473684210527,0.542857142857143,0.7333333333333334,11,15,15,HIGH_EXTORTION_MOTIVE + HIGH_SEC66D_CHEATING,HIGH_CHILD_CYBERCRIME + HIGH_SEXUAL_EXPLOITATION_MOTIVE + HIGH_WOMEN_CYBERCRIME,HIGH_EXTORTION_MOTIVE + HIGH_SEC66D_CHEATING -> HIGH_CHILD_CYBERCRIME + HIGH_SEXUAL_EXPLOITATION_MOTIVE + HIGH_WOMEN_CYBERCRIME,2,3
0.4166666666666667,0.4444444444444444,0.3055555555555556,0.7333333333333334,1.6500000000000001,1.0,0.1203703703703704,2.083333333333334,0.6753246753246755,0.55,0.5200000000000001,0.7104166666666667,11,15,16,HIGH_FRAUD_MOTIVE + HIGH_SEC66D_CHEATING,HIGH_CHILD_CYBERCRIME + HIGH_WOMEN_CYBERCRIME,HIGH_FRAUD_MOTIVE + HIGH_SEC66D_CHEATING -> HIGH_CHILD_CYBERCRIME + HIGH_WOMEN_CYBERCRIME,2,2
0.4166666666666667,0.4444444444444444,0.3055555555555556,0.7333333333333334,1.6500000000000001,1.0,0.1203703703703704,2.083333333333334,0.6753246753246755,0.55,0.5200000000000001,0.7104166666666667,11,15,16,HIGH_EXTORTION_MOTIVE + HIGH_SEC66D_CHEATING,HIGH_CHILD_CYBERCRIME + HIGH_WOMEN_CYBERCRIME,HIGH_EXTORTION_MOTIVE + HIGH_SEC66D_CHEATING -> HIGH_CHILD_CYBERCRIME + HIGH_WOMEN_CYBERCRIME,2,2
0.4166666666666667,0.5,0.3055555555555556,0.7333333333333334,1.4666666666666668,1.0,0.09722222222222224,1.8750000000000004,0.5454545454545456,0.5,0.4666666666666668,0.6722222222222223,11,15,18,HIGH_CHILD_CYBERCRIME + HIGH_SEXUAL_EXPLOITATION_MOTIVE + HIGH_WOMEN_CYBERCRIME,HIGH_SEC66D_CHEATING,HIGH_CHILD_CYBERCRIME + HIGH_SEXUAL_EXPLOITATION_MOTIVE + HIGH_WOMEN_CYBERCRIME -> HIGH_SEC66D_CHEATING,3,1
0.5,0.3611111111111111,0.3611111111111111,0.7222222222222222,2.0,1.0,0.18055555555555555,2.3,1.0,0.7222222222222222,0.5652173913043479,0.8611111111111112,13,18,13,HIGH_EXTORTION_MOTIVE,HIGH_CHILD_CYBERCRIME + HIGH_FRAUD_MOTIVE + HIGH_IDENTITY_THEFT + HIGH_SEXUAL_EXPLOITATION_MOTIVE + HIGH_WOMEN_CYBERCRIME,HIGH_EXTORTION_MOTIVE -> HIGH_CHILD_CYBERCRIME + HIGH_FRAUD_MOTIVE + HIGH_IDENTITY_THEFT + HIGH_SEXUAL_EXPLOITATION_MOTIVE + HIGH_WOMEN_CYBERCRIME,1,5
0.5,0.3611111111111111,0.3611111111111111,0.7222222222222222,2.0,1.0,0.18055555555555555,2.3,1.0,0.7222222222222222,0.5652173913043479,0.8611111111111112,13,18,13,HIGH_SEXUAL_EXPLOITATION_MOTIVE,HIGH_CHILD_CYBERCRIME + HIGH_EXTORTION_MOTIVE + HIGH_FRAUD_MOTIVE + HIGH_IDENTITY_THEFT + HIGH_WOMEN_CYBERCRIME,HIGH_SEXUAL_EXPLOITATION_MOTIVE -> HIGH_CHILD_CYBERCRIME + HIGH_EXTORTION_MOTIVE + HIGH_FRAUD_MOTIVE + HIGH_IDENTITY_THEFT + HIGH_WOMEN_CYBERCRIME,1,5
0.5,0.3611111111111111,0.3611111111111111,0.7222222222222222,2.0,1.0,0.18055555555555555,2.3,1.0,0.7222222222222222,0.5652173913043479,0.8611111111111112,13,18,13,HIGH_EXTORTION_MOTIVE,HIGH_FRAUD_MOTIVE + HIGH_IDENTITY_THEFT + HIGH_SEC66D_CHEATING + HIGH_SEXUAL_EXPLOITATION_MOTIVE,HIGH_EXTORTION_MOTIVE -> HIGH_FRAUD_MOTIVE + HIGH_IDENTITY_THEFT + HIGH_SEC66D_CHEATING + HIGH_SEXUAL_EXPLOITATION_MOTIVE,1,4
0.5,0.3611111111111111,0.3611111111111111,0.7222222222222222,2.0,1.0,0.18055555555555555,2.3,1.0,0.7222222222222222,0.5652173913043479,0.8611111111111112,13,18,13,HIGH_FRAUD_MOTIVE,HIGH_EXTORTION_MOTIVE + HIGH_IDENTITY_THEFT + HIGH_SEC66D_CHEATING + HIGH_SEXUAL_EXPLOITATION_MOTIVE,HIGH_FRAUD_MOTIVE -> HIGH_EXTORTION_MOTIVE + HIGH_IDENTITY_THEFT + HIGH_SEC66D_CHEATING + HIGH_SEXUAL_EXPLOITATION_MOTIVE,1,4
0.5,0.3611111111111111,0.3611111111111111,0.7222222222222222,2.0,1.0,0.18055555555555555,2.3,1.0,0.7222222222222222,0.5652173913043479,0.8611111111111112,13,18,13,HIGH_EXTORTION_MOTIVE,HIGH_CHILD_CYBERCRIME + HIGH_FRAUD_MOTIVE + HIGH_IDENTITY_THEFT + HIGH_WOMEN_CYBERCRIME,HIGH_EXTORTION_MOTIVE -> HIGH_CHILD_CYBERCRIME + HIGH_FRAUD_MOTIVE + HIGH_IDENTITY_THEFT + HIGH_WOMEN_CYBERCRIME,1,4
0.5,0.3611111111111111,0.3611111111111111,0.7222222222222222,2.0,1.0,0.18055555555555555,2.3,1.0,0.7222222222222222,0.5652173913043479,0.8611111111111112,13,18,13,HIGH_SEXUAL_EXPLOITATION_MOTIVE,HIGH_CHILD_CYBERCRIME + HIGH_FRAUD_MOTIVE + HIGH_IDENTITY_THEFT + HIGH_WOMEN_CYBERCRIME,HIGH_SEXUAL_EXPLOITATION_MOTIVE -> HIGH_CHILD_CYBERCRIME + HIGH_FRAUD_MOTIVE + HIGH_IDENTITY_THEFT + HIGH_WOMEN_CYBERCRIME,1,4
0.5,0.3611111111111111,0.3611111111111111,0.7222222222222222,2.0,1.0,0.18055555555555555,2.3,1.0,0.7222222222222222,0.5652173913043479,0.8611111111111112,13,18,13,HIGH_EXTORTION_MOTIVE,HIGH_CHILD_CYBERCRIME + HIGH_FRAUD_MOTIVE + HIGH_SEXUAL_EXPLOITATION_MOTIVE + HIGH_WOMEN_CYBERCRIME,HIGH_EXTORTION_MOTIVE -> HIGH_CHILD_CYBERCRIME + HIGH_FRAUD_MOTIVE + HIGH_SEXUAL_EXPLOITATION_MOTIVE + HIGH_WOMEN_CYBERCRIME,1,4
0.5,0.3611111111111111,0.3611111111111111,0.7222222222222222,2.0,1.0,0.18055555555555555,2.3,1.0,0.7222222222222222,0.5652173913043479,0.8611111111111112,13,18,13,HIGH_SEXUAL_EXPLOITATION_MOTIVE,HIGH_CHILD_CYBERCRIME + HIGH_EXTORTION_MOTIVE + HIGH_FRAUD_MOTIVE + HIGH_WOMEN_CYBERCRIME,HIGH_SEXUAL_EXPLOITATION_MOTIVE -> HIGH_CHILD_CYBERCRIME + HIGH_EXTORTION_MOTIVE + HIGH_FRAUD_MOTIVE + HIGH_WOMEN_CYBERCRIME,1,4
0.5,0.3611111111111111,0.3611111111111111,0.7222222222222222,2.0,1.0,0.18055555555555555,2.3,1.0,0.7222222222222222,0.5652173913043479,0.8611111111111112,13,18,13,HIGH_FRAUD_MOTIVE,HIGH_IDENTITY_THEFT + HIGH_SEC66D_CHEATING + HIGH_SEXUAL_EXPLOITATION_MOTIVE,HIGH_FRAUD_MOTIVE -> HIGH_IDENTITY_THEFT + HIGH_SEC66D_CHEATING + HIGH_SEXUAL_EXPLOITATION_MOTIVE,1,3
0.5,0.3611111111111111,0.3611111111111111,0.7222222222222222,2.0,1.0,0.18055555555555555,2.3,1.0,0.7222222222222222,0.5652173913043479,0.8611111111111112,13,18,13,HIGH_EXTORTION_MOTIVE,HIGH_FRAUD_MOTIVE + HIGH_SEC66D_CHEATING + HIGH_SEXUAL_EXPLOITATION_MOTIVE,HIGH_EXTORTION_MOTIVE -> HIGH_FRAUD_MOTIVE + HIGH_SEC66D_CHEATING + HIGH_SEXUAL_EXPLOITATION_MOTIVE,1,3
0.5,0.3611111111111111,0.3611111111111111,0.7222222222222222,2.0,1.0,0.18055555555555555,2.3,1.0,0.7222222222222222,0.5652173913043479,0.8611111111111112,13,18,13,HIGH_EXTORTION_MOTIVE,HIGH_IDENTITY_THEFT + HIGH_SEC66D_CHEATING + HIGH_SEXUAL_EXPLOITATION_MOTIVE,HIGH_EXTORTION_MOTIVE -> HIGH_IDENTITY_THEFT + HIGH_SEC66D_CHEATING + HIGH_SEXUAL_EXPLOITATION_MOTIVE,1,3
0.5,0.3888888888888889,0.3611111111111111,0.7222222222222222,1.857142857142857,1.0,0.16666666666666666,2.2,0.923076923076923,0.6842105263157896,0.5454545454545454,0.8253968253968254,13,18,14,HIGH_CHILD_CYBERCRIME,HIGH_EXTORTION_MOTIVE + HIGH_FRAUD_MOTIVE + HIGH_IDENTITY_THEFT + HIGH_SEXUAL_EXPLOITATION_MOTIVE + HIGH_WOMEN_CYBERCRIME,HIGH_CHILD_CYBERCRIME -> HIGH_EXTORTION_MOTIVE + HIGH_FRAUD_MOTIVE + HIGH_IDENTITY_THEFT + HIGH_SEXUAL_EXPLOITATION_MOTIVE + HIGH_WOMEN_CYBERCRIME,1,5
0.5,0.3888888888888889,0.3611111111111111,0.7222222222222222,1.857142857142857,1.0,0.16666666666666666,2.2,0.923076923076923,0.6842105263157896,0.5454545454545454,0.8253968253968254,13,18,14,HIGH_WOMEN_CYBERCRIME,HIGH_CHILD_CYBERCRIME + HIGH_EXTORTION_MOTIVE + HIGH_FRAUD_MOTIVE + HIGH_IDENTITY_THEFT + HIGH_SEXUAL_EXPLOITATION_MOTIVE,HIGH_WOMEN_CYBERCRIME -> HIGH_CHILD_CYBERCRIME + HIGH_EXTORTION_MOTIVE + HIGH_FRAUD_MOTIVE + HIGH_IDENTITY_THEFT + HIGH_SEXUAL_EXPLOITATION_MOTIVE,1,5
0.5,0.3888888888888889,0.3611111111111111,0.7222222222222222,1.857142857142857,1.0,0.16666666666666666,2.2,0.923076923076923,0.6842105263157896,0.5454545454545454,0.8253968253968254,13,18,14,HIGH_FRAUD_MOTIVE,HIGH_CHILD_CYBERCRIME + HIGH_EXTORTION_MOTIVE + HIGH_IDENTITY_THEFT + HIGH_SEXUAL_EXPLOITATION_MOTIVE + HIGH_WOMEN_CYBERCRIME,HIGH_FRAUD_MOTIVE -> HIGH_CHILD_CYBERCRIME + HIGH_EXTORTION_MOTIVE + HIGH_IDENTITY_THEFT + HIGH_SEXUAL_EXPLOITATION_MOTIVE + HIGH_WOMEN_CYBERCRIME,1,5
0.5,0.3888888888888889,0.3611111111111111,0.7222222222222222,1.857142857142857,1.0,0.16666666666666666,2.2,0.923076923076923,0.6842105263157896,0.5454545454545454,0.8253968253968254,13,18,14,HIGH_SEXUAL_EXPLOITATION_MOTIVE,HIGH_EXTORTION_MOTIVE + HIGH_FRAUD_MOTIVE + HIGH_IDENTITY_THEFT + HIGH_SEC66D_CHEATING,HIGH_SEXUAL_EXPLOITATION_MOTIVE -> HIGH_EXTORTION_MOTIVE + HIGH_FRAUD_MOTIVE + HIGH_IDENTITY_THEFT + HIGH_SEC66D_CHEATING,1,4
0.5,0.3888888888888889,0.3611111111111111,0.7222222222222222,1.857142857142857,1.0,0.16666666666666666,2.2,0.923076923076923,0.6842105263157896,0.5454545454545454,0.8253968253968254,13,18,14,HIGH_CHILD_CYBERCRIME,HIGH_EXTORTION_MOTIVE + HIGH_FRAUD_MOTIVE + HIGH_IDENTITY_THEFT + HIGH_WOMEN_CYBERCRIME,HIGH_CHILD_CYBERCRIME -> HIGH_EXTORTION_MOTIVE + HIGH_FRAUD_MOTIVE + HIGH_IDENTITY_THEFT + HIGH_WOMEN_CYBERCRIME,1,4
0.5,0.3888888888888889,0.3611111111111111,0.7222222222222222,1.857142857142857,1.0,0.16666666666666666,2.2,0.923076923076923,0.6842105263157896,0.5454545454545454,0.8253968253968254,13,18,14,HIGH_WOMEN_CYBERCRIME,HIGH_CHILD_CYBERCRIME + HIGH_EXTORTION_MOTIVE + HIGH_FRAUD_MOTIVE + HIGH_IDENTITY_THEFT,HIGH_WOMEN_CYBERCRIME -> HIGH_CHILD_CYBERCRIME + HIGH_EXTORTION_MOTIVE + HIGH_FRAUD_MOTIVE + HIGH_IDENTITY_THEFT,1,4
0.5,0.3888888888888889,0.3611111111111111,0.7222222222222222,1.857142857142857,1.0,0.16666666666666666,2.2,0.923076923076923,0.6842105263157896,0.5454545454545454,0.8253968253968254,13,18,14,HIGH_FRAUD_MOTIVE,HIGH_CHILD_CYBERCRIME + HIGH_EXTORTION_MOTIVE + HIGH_IDENTITY_THEFT + HIGH_WOMEN_CYBERCRIME,HIGH_FRAUD_MOTIVE -> HIGH_CHILD_CYBERCRIME + HIGH_EXTORTION_MOTIVE + HIGH_IDENTITY_THEFT + HIGH_WOMEN_CYBERCRIME,1,4
0.5,0.3888888888888889,0.3611111111111111,0.7222222222222222,1.857142857142857,1.0,0.16666666666666666,2.2,0.923076923076923,0.6842105263157896,0.5454545454545454,0.8253968253968254,13,18,14,HIGH_CHILD_CYBERCRIME,HIGH_FRAUD_MOTIVE + HIGH_IDENTITY_THEFT + HIGH_SEXUAL_EXPLOITATION_MOTIVE + HIGH_WOMEN_CYBERCRIME,HIGH_CHILD_CYBERCRIME -> HIGH_FRAUD_MOTIVE + HIGH_IDENTITY_THEFT + HIGH_SEXUAL_EXPLOITATION_MOTIVE + HIGH_WOMEN_CYBERCRIME,1,4
0.5,0.3888888888888889,0.3611111111111111,0.7222222222222222,1.857142857142857,1.0,0.16666666666666666,2.2,0.923076923076923,0.6842105263157896,0.5454545454545454,0.8253968253968254,13,18,14,HIGH_WOMEN_CYBERCRIME,HIGH_CHILD_CYBERCRIME + HIGH_FRAUD_MOTIVE + HIGH_IDENTITY_THEFT + HIGH_SEXUAL_EXPLOITATION_MOTIVE,HIGH_WOMEN_CYBERCRIME -> HIGH_CHILD_CYBERCRIME + HIGH_FRAUD_MOTIVE + HIGH_IDENTITY_THEFT + HIGH_SEXUAL_EXPLOITATION_MOTIVE,1,4
0.5,0.3888888888888889,0.3611111111111111,0.7222222222222222,1.857142857142857,1.0,0.16666666666666666,2.2,0.923076923076923,0.6842105263157896,0.5454545454545454,0.8253968253968254,13,18,14,HIGH_FRAUD_MOTIVE,HIGH_CHILD_CYBERCRIME + HIGH_IDENTITY_THEFT + HIGH_SEXUAL_EXPLOITATION_MOTIVE + HIGH_WOMEN_CYBERCRIME,HIGH_FRAUD_MOTIVE -> HIGH_CHILD_CYBERCRIME + HIGH_IDENTITY_THEFT + HIGH_SEXUAL_EXPLOITATION_MOTIVE + HIGH_WOMEN_CYBERCRIME,1,4
0.5,0.3888888888888889,0.3611111111111111,0.7222222222222222,1.857142857142857,1.0,0.16666666666666666,2.2,0.923076923076923,0.6842105263157896,0.5454545454545454,0.8253968253968254,13,18,14,HIGH_CHILD_CYBERCRIME,HIGH_EXTORTION_MOTIVE + HIGH_FRAUD_MOTIVE + HIGH_SEXUAL_EXPLOITATION_MOTIVE + HIGH_WOMEN_CYBERCRIME,HIGH_CHILD_CYBERCRIME -> HIGH_EXTORTION_MOTIVE + HIGH_FRAUD_MOTIVE + HIGH_SEXUAL_EXPLOITATION_MOTIVE + HIGH_WOMEN_CYBERCRIME,1,4
0.5,0.3888888888888889,0.3611111111111111,0.7222222222222222,1.857142857142857,1.0,0.16666666666666666,2.2,0.923076923076923,0.6842105263157896,0.5454545454545454,0.8253968253968254,13,18,14,HIGH_WOMEN_CYBERCRIME,HIGH_CHILD_CYBERCRIME + HIGH_EXTORTION_MOTIVE + HIGH_FRAUD_MOTIVE + HIGH_SEXUAL_EXPLOITATION_MOTIVE,HIGH_WOMEN_CYBERCRIME -> HIGH_CHILD_CYBERCRIME + HIGH_EXTORTION_MOTIVE + HIGH_FRAUD_MOTIVE + HIGH_SEXUAL_EXPLOITATION_MOTIVE,1,4
0.5,0.3888888888888889,0.3611111111111111,0.7222222222222222,1.857142857142857,1.0,0.16666666666666666,2.2,0.923076923076923,0.6842105263157896,0.5454545454545454,0.8253968253968254,13,18,14,HIGH_FRAUD_MOTIVE,HIGH_CHILD_CYBERCRIME + HIGH_EXTORTION_MOTIVE + HIGH_SEXUAL_EXPLOITATION_MOTIVE + HIGH_WOMEN_CYBERCRIME,HIGH_FRAUD_MOTIVE -> HIGH_CHILD_CYBERCRIME + HIGH_EXTORTION_MOTIVE + HIGH_SEXUAL_EXPLOITATION_MOTIVE + HIGH_WOMEN_CYBERCRIME,1,4
0.5,0.3888888888888889,0.3611111111111111,0.7222222222222222,1.857142857142857,1.0,0.16666666666666666,2.2,0.923076923076923,0.6842105263157896,0.5454545454545454,0.8253968253968254,13,18,14,HIGH_SEXUAL_EXPLOITATION_MOTIVE,HIGH_FRAUD_MOTIVE + HIGH_IDENTITY_THEFT + HIGH_SEC66D_CHEATING,HIGH_SEXUAL_EXPLOITATION_MOTIVE -> HIGH_FRAUD_MOTIVE + HIGH_IDENTITY_THEFT + HIGH_SEC66D_CHEATING,1,3
0.5,0.3888888888888889,0.3611111111111111,0.7222222222222222,1.857142857142857,1.0,0.16666666666666666,2.2,0.923076923076923,0.6842105263157896,0.5454545454545454,0.8253968253968254,13,18,14,HIGH_SEXUAL_EXPLOITATION_MOTIVE,HIGH_EXTORTION_MOTIVE + HIGH_FRAUD_MOTIVE + HIGH_SEC66D_CHEATING,HIGH_SEXUAL_EXPLOITATION_MOTIVE -> HIGH_EXTORTION_MOTIVE + HIGH_FRAUD_MOTIVE + HIGH_SEC66D_CHEATING,1,3
0.5,0.3888888888888889,0.3611111111111111,0.7222222222222222,1.857142857142857,1.0,0.16666666666666666,2.2,0.923076923076923,0.6842105263157896,0.5454545454545454,0.8253968253968254,13,18,14,HIGH_FRAUD_MOTIVE,HIGH_EXTORTION_MOTIVE + HIGH_SEC66D_CHEATING + HIGH_SEXUAL_EXPLOITATION_MOTIVE,HIGH_FRAUD_MOTIVE -> HIGH_EXTORTION_MOTIVE + HIGH_SEC66D_CHEATING + HIGH_SEXUAL_EXPLOITATION_MOTIVE,1,3
0.5,0.3888888888888889,0.3611111111111111,0.7222222222222222,1.857142857142857,1.0,0.16666666666666666,2.2,0.923076923076923,0.6842105263157896,0.5454545454545454,0.8253968253968254,13,18,14,HIGH_CHILD_CYBERCRIME,HIGH_FRAUD_MOTIVE + HIGH_IDENTITY_THEFT + HIGH_WOMEN_CYBERCRIME,HIGH_CHILD_CYBERCRIME -> HIGH_FRAUD_MOTIVE + HIGH_IDENTITY_THEFT + HIGH_WOMEN_CYBERCRIME,1,3
0.5,0.3888888888888889,0.3611111111111111,0.7222222222222222,1.857142857142857,1.0,0.16666666666666666,2.2,0.923076923076923,0.6842105263157896,0.5454545454545454,0.8253968253968254,13,18,14,HIGH_WOMEN_CYBERCRIME,HIGH_CHILD_CYBERCRIME + HIGH_FRAUD_MOTIVE + HIGH_IDENTITY_THEFT,HIGH_WOMEN_CYBERCRIME -> HIGH_CHILD_CYBERCRIME + HIGH_FRAUD_MOTIVE + HIGH_IDENTITY_THEFT,1,3
0.5,0.3888888888888889,0.3611111111111111,0.7222222222222222,1.857142857142857,1.0,0.16666666666666666,2.2,0.923076923076923,0.6842105263157896,0.5454545454545454,0.8253968253968254,13,18,14,HIGH_FRAUD_MOTIVE,HIGH_CHILD_CYBERCRIME + HIGH_IDENTITY_THEFT + HIGH_WOMEN_CYBERCRIME,HIGH_FRAUD_MOTIVE -> HIGH_CHILD_CYBERCRIME + HIGH_IDENTITY_THEFT + HIGH_WOMEN_CYBERCRIME,1,3
0.5,0.3888888888888889,0.3611111111111111,0.7222222222222222,1.857142857142857,1.0,0.16666666666666666,2.2,0.923076923076923,0.6842105263157896,0.5454545454545454,0.8253968253968254,13,18,14,HIGH_CHILD_CYBERCRIME,HIGH_EXTORTION_MOTIVE + HIGH_FRAUD_MOTIVE + HIGH_WOMEN_CYBERCRIME,HIGH_CHILD_CYBERCRIME -> HIGH_EXTORTION_MOTIVE + HIGH_FRAUD_MOTIVE + HIGH_WOMEN_CYBERCRIME,1,3
0.5,0.3888888888888889,0.3611111111111111,0.7222222222222222,1.857142857142857,1.0,0.16666666666666666,2.2,0.923076923076923,0.6842105263157896,0.5454545454545454,0.8253968253968254,13,18,14,HIGH_WOMEN_CYBERCRIME,HIGH_CHILD_CYBERCRIME + HIGH_EXTORTION_MOTIVE + HIGH_FRAUD_MOTIVE,HIGH_WOMEN_CYBERCRIME -> HIGH_CHILD_CYBERCRIME + HIGH_EXTORTION_MOTIVE + HIGH_FRAUD_MOTIVE,1,3
0.5,0.3888888888888889,0.3611111111111111,0.7222222222222222,1.857142857142857,1.0,0.16666666666666666,2.2,0.923076923076923,0.6842105263157896,0.5454545454545454,0.8253968253968254,13,18,14,HIGH_FRAUD_MOTIVE,HIGH_CHILD_CYBERCRIME + HIGH_EXTORTION_MOTIVE + HIGH_WOMEN_CYBERCRIME,HIGH_FRAUD_MOTIVE -> HIGH_CHILD_CYBERCRIME + HIGH_EXTORTION_MOTIVE + HIGH_WOMEN_CYBERCRIME,1,3
0.5,0.3888888888888889,0.3611111111111111,0.7222222222222222,1.857142857142857,1.0,0.16666666666666666,2.2,0.923076923076923,0.6842105263157896,0.5454545454545454,0.8253968253968254,13,18,14,HIGH_EXTORTION_MOTIVE,HIGH_CHILD_CYBERCRIME + HIGH_FRAUD_MOTIVE + HIGH_WOMEN_CYBERCRIME,HIGH_EXTORTION_MOTIVE -> HIGH_CHILD_CYBERCRIME + HIGH_FRAUD_MOTIVE + HIGH_WOMEN_CYBERCRIME,1,3
0.5,0.3888888888888889,0.3611111111111111,0.7222222222222222,1.857142857142857,1.0,0.16666666666666666,2.2,0.923076923076923,0.6842105263157896,0.5454545454545454,0.8253968253968254,13,18,14,HIGH_CHILD_CYBERCRIME,HIGH_FRAUD_MOTIVE + HIGH_SEXUAL_EXPLOITATION_MOTIVE + HIGH_WOMEN_CYBERCRIME,HIGH_CHILD_CYBERCRIME -> HIGH_FRAUD_MOTIVE + HIGH_SEXUAL_EXPLOITATION_MOTIVE + HIGH_WOMEN_CYBERCRIME,1,3
0.5,0.3888888888888889,0.3611111111111111,0.7222222222222222,1.857142857142857,1.0,0.16666666666666666,2.2,0.923076923076923,0.6842105263157896,0.5454545454545454,0.8253968253968254,13,18,14,HIGH_WOMEN_CYBERCRIME,HIGH_CHILD_CYBERCRIME + HIGH_FRAUD_MOTIVE + HIGH_SEXUAL_EXPLOITATION_MOTIVE,HIGH_WOMEN_CYBERCRIME -> HIGH_CHILD_CYBERCRIME + HIGH_FRAUD_MOTIVE + HIGH_SEXUAL_EXPLOITATION_MOTIVE,1,3
0.5,0.3888888888888889,0.3611111111111111,0.7222222222222222,1.857142857142857,1.0,0.16666666666666666,2.2,0.923076923076923,0.6842105263157896,0.5454545454545454,0.8253968253968254,13,18,14,HIGH_SEXUAL_EXPLOITATION_MOTIVE,HIGH_CHILD_CYBERCRIME + HIGH_FRAUD_MOTIVE + HIGH_WOMEN_CYBERCRIME,HIGH_SEXUAL_EXPLOITATION_MOTIVE -> HIGH_CHILD_CYBERCRIME + HIGH_FRAUD_MOTIVE + HIGH_WOMEN_CYBERCRIME,1,3
0.5,0.3888888888888889,0.3611111111111111,0.7222222222222222,1.857142857142857,1.0,0.16666666666666666,2.2,0.923076923076923,0.6842105263157896,0.5454545454545454,0.8253968253968254,13,18,14,HIGH_SEXUAL_EXPLOITATION_MOTIVE,HIGH_EXTORTION_MOTIVE + HIGH_IDENTITY_THEFT + HIGH_SEC66D_CHEATING,HIGH_SEXUAL_EXPLOITATION_MOTIVE -> HIGH_EXTORTION_MOTIVE + HIGH_IDENTITY_THEFT + HIGH_SEC66D_CHEATING,1,3
0.5,0.3888888888888889,0.3611111111111111,0.7222222222222222,1.857142857142857,1.0,0.16666666666666666,2.2,0.923076923076923,0.6842105263157896,0.5454545454545454,0.8253968253968254,13,18,14,HIGH_FRAUD_MOTIVE,HIGH_SEC66D_CHEATING + HIGH_SEXUAL_EXPLOITATION_MOTIVE,HIGH_FRAUD_MOTIVE -> HIGH_SEC66D_CHEATING + HIGH_SEXUAL_EXPLOITATION_MOTIVE,1,2
0.5,0.3888888888888889,0.3611111111111111,0.7222222222222222,1.857142857142857,1.0,0.16666666666666666,2.2,0.923076923076923,0.6842105263157896,0.5454545454545454,0.8253968253968254,13,18,14,HIGH_SEXUAL_EXPLOITATION_MOTIVE,HIGH_IDENTITY_THEFT + HIGH_SEC66D_CHEATING,HIGH_SEXUAL_EXPLOITATION_MOTIVE -> HIGH_IDENTITY_THEFT + HIGH_SEC66D_CHEATING,1,2
0.5,0.4166666666666667,0.3611111111111111,0.7222222222222222,1.7333333333333332,1.0,0.15277777777777776,2.0999999999999996,0.846153846153846,0.6499999999999999,0.5238095238095238,0.7944444444444444,13,18,15,HIGH_SEC66D_CHEATING,HIGH_EXTORTION_MOTIVE + HIGH_FRAUD_MOTIVE + HIGH_IDENTITY_THEFT + HIGH_SEXUAL_EXPLOITATION_MOTIVE,HIGH_SEC66D_CHEATING -> HIGH_EXTORTION_MOTIVE + HIGH_FRAUD_MOTIVE + HIGH_IDENTITY_THEFT + HIGH_SEXUAL_EXPLOITATION_MOTIVE,1,4
0.5,0.4166666666666667,0.3611111111111111,0.7222222222222222,1.7333333333333332,1.0,0.15277777777777776,2.0999999999999996,0.846153846153846,0.6499999999999999,0.5238095238095238,0.7944444444444444,13,18,15,HIGH_SEC66D_CHEATING,HIGH_FRAUD_MOTIVE + HIGH_IDENTITY_THEFT + HIGH_SEXUAL_EXPLOITATION_MOTIVE,HIGH_SEC66D_CHEATING -> HIGH_FRAUD_MOTIVE + HIGH_IDENTITY_THEFT + HIGH_SEXUAL_EXPLOITATION_MOTIVE,1,3
0.5,0.4166666666666667,0.3611111111111111,0.7222222222222222,1.7333333333333332,1.0,0.15277777777777776,2.0999999999999996,0.846153846153846,0.6499999999999999,0.5238095238095238,0.7944444444444444,13,18,15,HIGH_SEC66D_CHEATING,HIGH_EXTORTION_MOTIVE + HIGH_FRAUD_MOTIVE + HIGH_SEXUAL_EXPLOITATION_MOTIVE,HIGH_SEC66D_CHEATING -> HIGH_EXTORTION_MOTIVE + HIGH_FRAUD_MOTIVE + HIGH_SEXUAL_EXPLOITATION_MOTIVE,1,3
0.5,0.4166666666666667,0.3611111111111111,0.7222222222222222,1.7333333333333332,1.0,0.15277777777777776,2.0999999999999996,0.846153846153846,0.6499999999999999,0.5238095238095238,0.7944444444444444,13,18,15,HIGH_FRAUD_MOTIVE,HIGH_CHILD_CYBERCRIME + HIGH_SEXUAL_EXPLOITATION_MOTIVE + HIGH_WOMEN_CYBERCRIME,HIGH_FRAUD_MOTIVE -> HIGH_CHILD_CYBERCRIME + HIGH_SEXUAL_EXPLOITATION_MOTIVE + HIGH_WOMEN_CYBERCRIME,1,3
0.5,0.4166666666666667,0.3611111111111111,0.7222222222222222,1.7333333333333332,1.0,0.15277777777777776,2.0999999999999996,0.846153846153846,0.6499999999999999,0.5238095238095238,0.7944444444444444,13,18,15,HIGH_SEC66D_CHEATING,HIGH_FRAUD_MOTIVE + HIGH_SEXUAL_EXPLOITATION_MOTIVE,HIGH_SEC66D_CHEATING -> HIGH_FRAUD_MOTIVE + HIGH_SEXUAL_EXPLOITATION_MOTIVE,1,2
0.5,0.4166666666666667,0.3611111111111111,0.7222222222222222,1.7333333333333332,1.0,0.15277777777777776,2.0999999999999996,0.846153846153846,0.6499999999999999,0.5238095238095238,0.7944444444444444,13,18,15,HIGH_SEXUAL_EXPLOITATION_MOTIVE,HIGH_FRAUD_MOTIVE + HIGH_SEC66D_CHEATING,HIGH_SEXUAL_EXPLOITATION_MOTIVE -> HIGH_FRAUD_MOTIVE + HIGH_SEC66D_CHEATING,1,2
0.5,0.4444444444444444,0.3611111111111111,0.7222222222222222,1.625,1.0,0.1388888888888889,2.0,0.7692307692307693,0.6190476190476191,0.5,0.7673611111111112,13,18,16,HIGH_SEC66D_CHEATING,HIGH_EXTORTION_MOTIVE + HIGH_IDENTITY_THEFT + HIGH_SEXUAL_EXPLOITATION_MOTIVE,HIGH_SEC66D_CHEATING -> HIGH_EXTORTION_MOTIVE + HIGH_IDENTITY_THEFT + HIGH_SEXUAL_EXPLOITATION_MOTIVE,1,3
0.5,0.4444444444444444,0.3611111111111111,0.7222222222222222,1.625,1.0,0.1388888888888889,2.0,0.7692307692307693,0.6190476190476191,0.5,0.7673611111111112,13,18,16,HIGH_SEC66D_CHEATING,HIGH_IDENTITY_THEFT + HIGH_SEXUAL_EXPLOITATION_MOTIVE,HIGH_SEC66D_CHEATING -> HIGH_IDENTITY_THEFT + HIGH_SEXUAL_EXPLOITATION_MOTIVE,1,2
0.4722222222222222,0.3333333333333333,0.3333333333333333,0.7058823529411764,2.1176470588235294,1.0,0.17592592592592593,2.2666666666666666,1.0,0.7058823529411764,0.5588235294117646,0.8529411764705882,12,17,12,HIGH_EXTORTION_MOTIVE + HIGH_IDENTITY_THEFT,HIGH_FRAUD_MOTIVE + HIGH_SEC66D_CHEATING + HIGH_SEXUAL_EXPLOITATION_MOTIVE + HIGH_WOMEN_CYBERCRIME,HIGH_EXTORTION_MOTIVE + HIGH_IDENTITY_THEFT -> HIGH_FRAUD_MOTIVE + HIGH_SEC66D_CHEATING + HIGH_SEXUAL_EXPLOITATION_MOTIVE + HIGH_WOMEN_CYBERCRIME,2,4
0.4722222222222222,0.3333333333333333,0.3333333333333333,0.7058823529411764,2.1176470588235294,1.0,0.17592592592592593,2.2666666666666666,1.0,0.7058823529411764,0.5588235294117646,0.8529411764705882,12,17,12,HIGH_EXTORTION_MOTIVE + HIGH_SEXUAL_EXPLOITATION_MOTIVE,HIGH_FRAUD_MOTIVE + HIGH_IDENTITY_THEFT + HIGH_SEC66D_CHEATING + HIGH_WOMEN_CYBERCRIME,HIGH_EXTORTION_MOTIVE + HIGH_SEXUAL_EXPLOITATION_MOTIVE -> HIGH_FRAUD_MOTIVE + HIGH_IDENTITY_THEFT + HIGH_SEC66D_CHEATING + HIGH_WOMEN_CYBERCRIME,2,4
0.4722222222222222,0.3333333333333333,0.3333333333333333,0.7058823529411764,2.1176470588235294,1.0,0.17592592592592593,2.2666666666666666,1.0,0.7058823529411764,0.5588235294117646,0.8529411764705882,12,17,12,HIGH_EXTORTION_MOTIVE + HIGH_IDENTITY_THEFT,HIGH_CHILD_CYBERCRIME + HIGH_FRAUD_MOTIVE + HIGH_SEC66D_CHEATING + HIGH_SEXUAL_EXPLOITATION_MOTIVE,HIGH_EXTORTION_MOTIVE + HIGH_IDENTITY_THEFT -> HIGH_CHILD_CYBERCRIME + HIGH_FRAUD_MOTIVE + HIGH_SEC66D_CHEATING + HIGH_SEXUAL_EXPLOITATION_MOTIVE,2,4
0.4722222222222222,0.3333333333333333,0.3333333333333333,0.7058823529411764,2.1176470588235294,1.0,0.17592592592592593,2.2666666666666666,1.0,0.7058823529411764,0.5588235294117646,0.8529411764705882,12,17,12,HIGH_EXTORTION_MOTIVE + HIGH_SEXUAL_EXPLOITATION_MOTIVE,HIGH_CHILD_CYBERCRIME + HIGH_FRAUD_MOTIVE + HIGH_IDENTITY_THEFT + HIGH_SEC66D_CHEATING,HIGH_EXTORTION_MOTIVE + HIGH_SEXUAL_EXPLOITATION_MOTIVE -> HIGH_CHILD_CYBERCRIME + HIGH_FRAUD_MOTIVE + HIGH_IDENTITY_THEFT + HIGH_SEC66D_CHEATING,2,4
0.4722222222222222,0.3333333333333333,0.3333333333333333,0.7058823529411764,2.1176470588235294,1.0,0.17592592592592593,2.2666666666666666,1.0,0.7058823529411764,0.5588235294117646,0.8529411764705882,12,17,12,HIGH_EXTORTION_MOTIVE + HIGH_IDENTITY_THEFT,HIGH_FRAUD_MOTIVE + HIGH_SEC66D_CHEATING + HIGH_WOMEN_CYBERCRIME,HIGH_EXTORTION_MOTIVE + HIGH_IDENTITY_THEFT -> HIGH_FRAUD_MOTIVE + HIGH_SEC66D_CHEATING + HIGH_WOMEN_CYBERCRIME,2,3
0.4722222222222222,0.3333333333333333,0.3333333333333333,0.7058823529411764,2.1176470588235294,1.0,0.17592592592592593,2.2666666666666666,1.0,0.7058823529411764,0.5588235294117646,0.8529411764705882,12,17,12,HIGH_EXTORTION_MOTIVE + HIGH_IDENTITY_THEFT,HIGH_CHILD_CYBERCRIME + HIGH_FRAUD_MOTIVE + HIGH_SEC66D_CHEATING,HIGH_EXTORTION_MOTIVE + HIGH_IDENTITY_THEFT -> HIGH_CHILD_CYBERCRIME + HIGH_FRAUD_MOTIVE + HIGH_SEC66D_CHEATING,2,3
0.4722222222222222,0.3333333333333333,0.3333333333333333,0.7058823529411764,2.1176470588235294,1.0,0.17592592592592593,2.2666666666666666,1.0,0.7058823529411764,0.5588235294117646,0.8529411764705882,12,17,12,HIGH_EXTORTION_MOTIVE + HIGH_SEXUAL_EXPLOITATION_MOTIVE,HIGH_FRAUD_MOTIVE + HIGH_SEC66D_CHEATING + HIGH_WOMEN_CYBERCRIME,HIGH_EXTORTION_MOTIVE + HIGH_SEXUAL_EXPLOITATION_MOTIVE -> HIGH_FRAUD_MOTIVE + HIGH_SEC66D_CHEATING + HIGH_WOMEN_CYBERCRIME,2,3
0.4722222222222222,0.3333333333333333,0.3333333333333333,0.7058823529411764,2.1176470588235294,1.0,0.17592592592592593,2.2666666666666666,1.0,0.7058823529411764,0.5588235294117646,0.8529411764705882,12,17,12,HIGH_EXTORTION_MOTIVE + HIGH_SEXUAL_EXPLOITATION_MOTIVE,HIGH_CHILD_CYBERCRIME + HIGH_FRAUD_MOTIVE + HIGH_SEC66D_CHEATING,HIGH_EXTORTION_MOTIVE + HIGH_SEXUAL_EXPLOITATION_MOTIVE -> HIGH_CHILD_CYBERCRIME + HIGH_FRAUD_MOTIVE + HIGH_SEC66D_CHEATING,2,3
0.4722222222222222,0.3333333333333333,0.3333333333333333,0.7058823529411764,2.1176470588235294,1.0,0.17592592592592593,2.2666666666666666,1.0,0.7058823529411764,0.5588235294117646,0.8529411764705882,12,17,12,HIGH_EXTORTION_MOTIVE + HIGH_IDENTITY_THEFT,HIGH_SEC66D_CHEATING + HIGH_SEXUAL_EXPLOITATION_MOTIVE + HIGH_WOMEN_CYBERCRIME,HIGH_EXTORTION_MOTIVE + HIGH_IDENTITY_THEFT -> HIGH_SEC66D_CHEATING + HIGH_SEXUAL_EXPLOITATION_MOTIVE + HIGH_WOMEN_CYBERCRIME,2,3
0.4722222222222222,0.3333333333333333,0.3333333333333333,0.7058823529411764,2.1176470588235294,1.0,0.17592592592592593,2.2666666666666666,1.0,0.7058823529411764,0.5588235294117646,0.8529411764705882,12,17,12,HIGH_EXTORTION_MOTIVE + HIGH_SEXUAL_EXPLOITATION_MOTIVE,HIGH_IDENTITY_THEFT + HIGH_SEC66D_CHEATING + HIGH_WOMEN_CYBERCRIME,HIGH_EXTORTION_MOTIVE + HIGH_SEXUAL_EXPLOITATION_MOTIVE -> HIGH_IDENTITY_THEFT + HIGH_SEC66D_CHEATING + HIGH_WOMEN_CYBERCRIME,2,3
0.4722222222222222,0.3333333333333333,0.3333333333333333,0.7058823529411764,2.1176470588235294,1.0,0.17592592592592593,2.2666666666666666,1.0,0.7058823529411764,0.5588235294117646,0.8529411764705882,12,17,12,HIGH_EXTORTION_MOTIVE + HIGH_IDENTITY_THEFT,HIGH_CHILD_CYBERCRIME + HIGH_SEC66D_CHEATING + HIGH_SEXUAL_EXPLOITATION_MOTIVE,HIGH_EXTORTION_MOTIVE + HIGH_IDENTITY_THEFT -> HIGH_CHILD_CYBERCRIME + HIGH_SEC66D_CHEATING + HIGH_SEXUAL_EXPLOITATION_MOTIVE,2,3
0.4722222222222222,0.3333333333333333,0.3333333333333333,0.7058823529411764,2.1176470588235294,1.0,0.17592592592592593,2.2666666666666666,1.0,0.7058823529411764,0.5588235294117646,0.8529411764705882,12,17,12,HIGH_EXTORTION_MOTIVE + HIGH_SEXUAL_EXPLOITATION_MOTIVE,HIGH_CHILD_CYBERCRIME + HIGH_IDENTITY_THEFT + HIGH_SEC66D_CHEATING,HIGH_EXTORTION_MOTIVE + HIGH_SEXUAL_EXPLOITATION_MOTIVE -> HIGH_CHILD_CYBERCRIME + HIGH_IDENTITY_THEFT + HIGH_SEC66D_CHEATING,2,3
0.4722222222222222,0.3333333333333333,0.3333333333333333,0.7058823529411764,2.1176470588235294,1.0,0.17592592592592593,2.2666666666666666,1.0,0.7058823529411764,0.5588235294117646,0.8529411764705882,12,17,12,HIGH_EXTORTION_MOTIVE + HIGH_IDENTITY_THEFT,HIGH_SEC66D_CHEATING + HIGH_WOMEN_CYBERCRIME,HIGH_EXTORTION_MOTIVE + HIGH_IDENTITY_THEFT -> HIGH_SEC66D_CHEATING + HIGH_WOMEN_CYBERCRIME,2,2
0.4722222222222222,0.3333333333333333,0.3333333333333333,0.7058823529411764,2.1176470588235294,1.0,0.17592592592592593,2.2666666666666666,1.0,0.7058823529411764,0.5588235294117646,0.8529411764705882,12,17,12,HIGH_EXTORTION_MOTIVE + HIGH_IDENTITY_THEFT,HIGH_CHILD_CYBERCRIME + HIGH_SEC66D_CHEATING,HIGH_EXTORTION_MOTIVE + HIGH_IDENTITY_THEFT -> HIGH_CHILD_CYBERCRIME + HIGH_SEC66D_CHEATING,2,2
0.4722222222222222,0.3333333333333333,0.3333333333333333,0.7058823529411764,2.1176470588235294,1.0,0.17592592592592593,2.2666666666666666,1.0,0.7058823529411764,0.5588235294117646,0.8529411764705882,12,17,12,HIGH_EXTORTION_MOTIVE + HIGH_SEXUAL_EXPLOITATION_MOTIVE,HIGH_SEC66D_CHEATING + HIGH_WOMEN_CYBERCRIME,HIGH_EXTORTION_MOTIVE + HIGH_SEXUAL_EXPLOITATION_MOTIVE -> HIGH_SEC66D_CHEATING + HIGH_WOMEN_CYBERCRIME,2,2
0.4722222222222222,0.3333333333333333,0.3333333333333333,0.7058823529411764,2.1176470588235294,1.0,0.17592592592592593,2.2666666666666666,1.0,0.7058823529411764,0.5588235294117646,0.8529411764705882,12,17,12,HIGH_EXTORTION_MOTIVE + HIGH_SEXUAL_EXPLOITATION_MOTIVE,HIGH_CHILD_CYBERCRIME + HIGH_SEC66D_CHEATING,HIGH_EXTORTION_MOTIVE + HIGH_SEXUAL_EXPLOITATION_MOTIVE -> HIGH_CHILD_CYBERCRIME + HIGH_SEC66D_CHEATING,2,2
0.4444444444444444,0.3055555555555556,0.3055555555555556,0.6875000000000001,2.25,1.0,0.16975308641975312,2.2222222222222228,1.0,0.6875000000000001,0.5500000000000002,0.84375,11,16,11,HIGH_EXTORTION_MOTIVE + HIGH_FRAUD_MOTIVE + HIGH_IDENTITY_THEFT,HIGH_CHILD_CYBERCRIME + HIGH_SEC66D_CHEATING + HIGH_SEXUAL_EXPLOITATION_MOTIVE + HIGH_WOMEN_CYBERCRIME,HIGH_EXTORTION_MOTIVE + HIGH_FRAUD_MOTIVE + HIGH_IDENTITY_THEFT -> HIGH_CHILD_CYBERCRIME + HIGH_SEC66D_CHEATING + HIGH_SEXUAL_EXPLOITATION_MOTIVE + HIGH_WOMEN_CYBERCRIME,3,4
0.4444444444444444,0.3055555555555556,0.3055555555555556,0.6875000000000001,2.25,1.0,0.16975308641975312,2.2222222222222228,1.0,0.6875000000000001,0.5500000000000002,0.84375,11,16,11,HIGH_EXTORTION_MOTIVE + HIGH_IDENTITY_THEFT + HIGH_SEXUAL_EXPLOITATION_MOTIVE,HIGH_CHILD_CYBERCRIME + HIGH_FRAUD_MOTIVE + HIGH_SEC66D_CHEATING + HIGH_WOMEN_CYBERCRIME,HIGH_EXTORTION_MOTIVE + HIGH_IDENTITY_THEFT + HIGH_SEXUAL_EXPLOITATION_MOTIVE -> HIGH_CHILD_CYBERCRIME + HIGH_FRAUD_MOTIVE + HIGH_SEC66D_CHEATING + HIGH_WOMEN_CYBERCRIME,3,4
0.4444444444444444,0.3055555555555556,0.3055555555555556,0.6875000000000001,2.25,1.0,0.16975308641975312,2.2222222222222228,1.0,0.6875000000000001,0.5500000000000002,0.84375,11,16,11,HIGH_FRAUD_MOTIVE + HIGH_IDENTITY_THEFT,HIGH_CHILD_CYBERCRIME + HIGH_EXTORTION_MOTIVE + HIGH_SEC66D_CHEATING + HIGH_SEXUAL_EXPLOITATION_MOTIVE + HIGH_WOMEN_CYBERCRIME,HIGH_FRAUD_MOTIVE + HIGH_IDENTITY_THEFT -> HIGH_CHILD_CYBERCRIME + HIGH_EXTORTION_MOTIVE + HIGH_SEC66D_CHEATING + HIGH_SEXUAL_EXPLOITATION_MOTIVE + HIGH_WOMEN_CYBERCRIME,2,5
0.4444444444444444,0.3055555555555556,0.3055555555555556,0.6875000000000001,2.25,1.0,0.16975308641975312,2.2222222222222228,1.0,0.6875000000000001,0.5500000000000002,0.84375,11,16,11,HIGH_IDENTITY_THEFT + HIGH_SEXUAL_EXPLOITATION_MOTIVE,HIGH_CHILD_CYBERCRIME + HIGH_EXTORTION_MOTIVE + HIGH_FRAUD_MOTIVE + HIGH_SEC66D_CHEATING + HIGH_WOMEN_CYBERCRIME,HIGH_IDENTITY_THEFT + HIGH_SEXUAL_EXPLOITATION_MOTIVE -> HIGH_CHILD_CYBERCRIME + HIGH_EXTORTION_MOTIVE + HIGH_FRAUD_MOTIVE + HIGH_SEC66D_CHEATING + HIGH_WOMEN_CYBERCRIME,2,5
0.4444444444444444,0.3055555555555556,0.3055555555555556,0.6875000000000001,2.25,1.0,0.16975308641975312,2.2222222222222228,1.0,0.6875000000000001,0.5500000000000002,0.84375,11,16,11,HIGH_EXTORTION_MOTIVE + HIGH_FRAUD_MOTIVE,HIGH_CHILD_CYBERCRIME + HIGH_IDENTITY_THEFT + HIGH_SEC66D_CHEATING + HIGH_SEXUAL_EXPLOITATION_MOTIVE + HIGH_WOMEN_CYBERCRIME,HIGH_EXTORTION_MOTIVE + HIGH_FRAUD_MOTIVE -> HIGH_CHILD_CYBERCRIME + HIGH_IDENTITY_THEFT + HIGH_SEC66D_CHEATING + HIGH_SEXUAL_EXPLOITATION_MOTIVE + HIGH_WOMEN_CYBERCRIME,2,5
0.4444444444444444,0.3055555555555556,0.3055555555555556,0.6875000000000001,2.25,1.0,0.16975308641975312,2.2222222222222228,1.0,0.6875000000000001,0.5500000000000002,0.84375,11,16,11,HIGH_EXTORTION_MOTIVE + HIGH_FRAUD_MOTIVE + HIGH_IDENTITY_THEFT,HIGH_CHILD_CYBERCRIME + HIGH_SEC66D_CHEATING + HIGH_WOMEN_CYBERCRIME,HIGH_EXTORTION_MOTIVE + HIGH_FRAUD_MOTIVE + HIGH_IDENTITY_THEFT -> HIGH_CHILD_CYBERCRIME + HIGH_SEC66D_CHEATING + HIGH_WOMEN_CYBERCRIME,3,3
0.4444444444444444,0.3055555555555556,0.3055555555555556,0.6875000000000001,2.25,1.0,0.16975308641975312,2.2222222222222228,1.0,0.6875000000000001,0.5500000000000002,0.84375,11,16,11,HIGH_FRAUD_MOTIVE + HIGH_IDENTITY_THEFT,HIGH_CHILD_CYBERCRIME + HIGH_EXTORTION_MOTIVE + HIGH_SEC66D_CHEATING + HIGH_WOMEN_CYBERCRIME,HIGH_FRAUD_MOTIVE + HIGH_IDENTITY_THEFT -> HIGH_CHILD_CYBERCRIME + HIGH_EXTORTION_MOTIVE + HIGH_SEC66D_CHEATING + HIGH_WOMEN_CYBERCRIME,2,4
0.4444444444444444,0.3055555555555556,0.3055555555555556,0.6875000000000001,2.25,1.0,0.16975308641975312,2.2222222222222228,1.0,0.6875000000000001,0.5500000000000002,0.84375,11,16,11,HIGH_EXTORTION_MOTIVE + HIGH_FRAUD_MOTIVE,HIGH_CHILD_CYBERCRIME + HIGH_IDENTITY_THEFT + HIGH_SEC66D_CHEATING + HIGH_WOMEN_CYBERCRIME,HIGH_EXTORTION_MOTIVE + HIGH_FRAUD_MOTIVE -> HIGH_CHILD_CYBERCRIME + HIGH_IDENTITY_THEFT + HIGH_SEC66D_CHEATING + HIGH_WOMEN_CYBERCRIME,2,4
0.4444444444444444,0.3055555555555556,0.3055555555555556,0.6875000000000001,2.25,1.0,0.16975308641975312,2.2222222222222228,1.0,0.6875000000000001,0.5500000000000002,0.84375,11,16,11,HIGH_FRAUD_MOTIVE + HIGH_IDENTITY_THEFT,HIGH_CHILD_CYBERCRIME + HIGH_SEC66D_CHEATING + HIGH_SEXUAL_EXPLOITATION_MOTIVE + HIGH_WOMEN_CYBERCRIME,HIGH_FRAUD_MOTIVE + HIGH_IDENTITY_THEFT -> HIGH_CHILD_CYBERCRIME + HIGH_SEC66D_CHEATING + HIGH_SEXUAL_EXPLOITATION_MOTIVE + HIGH_WOMEN_CYBERCRIME,2,4
0.4444444444444444,0.3055555555555556,0.3055555555555556,0.6875000000000001,2.25,1.0,0.16975308641975312,2.2222222222222228,1.0,0.6875000000000001,0.5500000000000002,0.84375,11,16,11,HIGH_IDENTITY_THEFT + HIGH_SEXUAL_EXPLOITATION_MOTIVE,HIGH_CHILD_CYBERCRIME + HIGH_FRAUD_MOTIVE + HIGH_SEC66D_CHEATING + HIGH_WOMEN_CYBERCRIME,HIGH_IDENTITY_THEFT + HIGH_SEXUAL_EXPLOITATION_MOTIVE -> HIGH_CHILD_CYBERCRIME + HIGH_FRAUD_MOTIVE + HIGH_SEC66D_CHEATING + HIGH_WOMEN_CYBERCRIME,2,4
0.4444444444444444,0.3055555555555556,0.3055555555555556,0.6875000000000001,2.25,1.0,0.16975308641975312,2.2222222222222228,1.0,0.6875000000000001,0.5500000000000002,0.84375,11,16,11,HIGH_EXTORTION_MOTIVE + HIGH_FRAUD_MOTIVE,HIGH_CHILD_CYBERCRIME + HIGH_SEC66D_CHEATING + HIGH_SEXUAL_EXPLOITATION_MOTIVE + HIGH_WOMEN_CYBERCRIME,HIGH_EXTORTION_MOTIVE + HIGH_FRAUD_MOTIVE -> HIGH_CHILD_CYBERCRIME + HIGH_SEC66D_CHEATING + HIGH_SEXUAL_EXPLOITATION_MOTIVE + HIGH_WOMEN_CYBERCRIME,2,4
0.4444444444444444,0.3055555555555556,0.3055555555555556,0.6875000000000001,2.25,1.0,0.16975308641975312,2.2222222222222228,1.0,0.6875000000000001,0.5500000000000002,0.84375,11,16,11,HIGH_EXTORTION_MOTIVE + HIGH_IDENTITY_THEFT + HIGH_SEXUAL_EXPLOITATION_MOTIVE,HIGH_CHILD_CYBERCRIME + HIGH_SEC66D_CHEATING + HIGH_WOMEN_CYBERCRIME,HIGH_EXTORTION_MOTIVE + HIGH_IDENTITY_THEFT + HIGH_SEXUAL_EXPLOITATION_MOTIVE -> HIGH_CHILD_CYBERCRIME + HIGH_SEC66D_CHEATING + HIGH_WOMEN_CYBERCRIME,3,3
0.4444444444444444,0.3055555555555556,0.3055555555555556,0.6875000000000001,2.25,1.0,0.16975308641975312,2.2222222222222228,1.0,0.6875000000000001,0.5500000000000002,0.84375,11,16,11,HIGH_IDENTITY_THEFT + HIGH_SEXUAL_EXPLOITATION_MOTIVE,HIGH_CHILD_CYBERCRIME + HIGH_EXTORTION_MOTIVE + HIGH_SEC66D_CHEATING + HIGH_WOMEN_CYBERCRIME,HIGH_IDENTITY_THEFT + HIGH_SEXUAL_EXPLOITATION_MOTIVE -> HIGH_CHILD_CYBERCRIME + HIGH_EXTORTION_MOTIVE + HIGH_SEC66D_CHEATING + HIGH_WOMEN_CYBERCRIME,2,4
0.4444444444444444,0.3055555555555556,0.3055555555555556,0.6875000000000001,2.25,1.0,0.16975308641975312,2.2222222222222228,1.0,0.6875000000000001,0.5500000000000002,0.84375,11,16,11,HIGH_FRAUD_MOTIVE + HIGH_IDENTITY_THEFT,HIGH_CHILD_CYBERCRIME + HIGH_SEC66D_CHEATING + HIGH_WOMEN_CYBERCRIME,HIGH_FRAUD_MOTIVE + HIGH_IDENTITY_THEFT -> HIGH_CHILD_CYBERCRIME + HIGH_SEC66D_CHEATING + HIGH_WOMEN_CYBERCRIME,2,3
0.4444444444444444,0.3055555555555556,0.3055555555555556,0.6875000000000001,2.25,1.0,0.16975308641975312,2.2222222222222228,1.0,0.6875000000000001,0.5500000000000002,0.84375,11,16,11,HIGH_EXTORTION_MOTIVE + HIGH_FRAUD_MOTIVE,HIGH_CHILD_CYBERCRIME + HIGH_SEC66D_CHEATING + HIGH_WOMEN_CYBERCRIME,HIGH_EXTORTION_MOTIVE + HIGH_FRAUD_MOTIVE -> HIGH_CHILD_CYBERCRIME + HIGH_SEC66D_CHEATING + HIGH_WOMEN_CYBERCRIME,2,3
0.4444444444444444,0.3055555555555556,0.3055555555555556,0.6875000000000001,2.25,1.0,0.16975308641975312,2.2222222222222228,1.0,0.6875000000000001,0.5500000000000002,0.84375,11,16,11,HIGH_IDENTITY_THEFT + HIGH_SEXUAL_EXPLOITATION_MOTIVE,HIGH_CHILD_CYBERCRIME + HIGH_SEC66D_CHEATING + HIGH_WOMEN_CYBERCRIME,HIGH_IDENTITY_THEFT + HIGH_SEXUAL_EXPLOITATION_MOTIVE -> HIGH_CHILD_CYBERCRIME + HIGH_SEC66D_CHEATING + HIGH_WOMEN_CYBERCRIME,2,3
0.4444444444444444,0.3333333333333333,0.3055555555555556,0.6875000000000001,2.0625000000000004,1.0,0.15740740740740744,2.133333333333334,0.9272727272727272,0.647058823529412,0.5312500000000001,0.8020833333333335,11,16,12,HIGH_CHILD_CYBERCRIME + HIGH_SEXUAL_EXPLOITATION_MOTIVE,HIGH_EXTORTION_MOTIVE + HIGH_FRAUD_MOTIVE + HIGH_IDENTITY_THEFT + HIGH_SEC66D_CHEATING + HIGH_WOMEN_CYBERCRIME,HIGH_CHILD_CYBERCRIME + HIGH_SEXUAL_EXPLOITATION_MOTIVE -> HIGH_EXTORTION_MOTIVE + HIGH_FRAUD_MOTIVE + HIGH_IDENTITY_THEFT + HIGH_SEC66D_CHEATING + HIGH_WOMEN_CYBERCRIME,2,5
0.4444444444444444,0.3333333333333333,0.3055555555555556,0.6875000000000001,2.0625000000000004,1.0,0.15740740740740744,2.133333333333334,0.9272727272727272,0.647058823529412,0.5312500000000001,0.8020833333333335,11,16,12,HIGH_SEXUAL_EXPLOITATION_MOTIVE + HIGH_WOMEN_CYBERCRIME,HIGH_CHILD_CYBERCRIME + HIGH_EXTORTION_MOTIVE + HIGH_FRAUD_MOTIVE + HIGH_IDENTITY_THEFT + HIGH_SEC66D_CHEATING,HIGH_SEXUAL_EXPLOITATION_MOTIVE + HIGH_WOMEN_CYBERCRIME -> HIGH_CHILD_CYBERCRIME + HIGH_EXTORTION_MOTIVE + HIGH_FRAUD_MOTIVE + HIGH_IDENTITY_THEFT + HIGH_SEC66D_CHEATING,2,5
0.4444444444444444,0.3333333333333333,0.3055555555555556,0.6875000000000001,2.0625000000000004,1.0,0.15740740740740744,2.133333333333334,0.9272727272727272,0.647058823529412,0.5312500000000001,0.8020833333333335,11,16,12,HIGH_CHILD_CYBERCRIME + HIGH_SEXUAL_EXPLOITATION_MOTIVE,HIGH_FRAUD_MOTIVE + HIGH_IDENTITY_THEFT + HIGH_SEC66D_CHEATING + HIGH_WOMEN_CYBERCRIME,HIGH_CHILD_CYBERCRIME + HIGH_SEXUAL_EXPLOITATION_MOTIVE -> HIGH_FRAUD_MOTIVE + HIGH_IDENTITY_THEFT + HIGH_SEC66D_CHEATING + HIGH_WOMEN_CYBERCRIME,2,4
0.4444444444444444,0.3333333333333333,0.3055555555555556,0.6875000000000001,2.0625000000000004,1.0,0.15740740740740744,2.133333333333334,0.9272727272727272,0.647058823529412,0.5312500000000001,0.8020833333333335,11,16,12,HIGH_SEXUAL_EXPLOITATION_MOTIVE + HIGH_WOMEN_CYBERCRIME,HIGH_CHILD_CYBERCRIME + HIGH_FRAUD_MOTIVE + HIGH_IDENTITY_THEFT + HIGH_SEC66D_CHEATING,HIGH_SEXUAL_EXPLOITATION_MOTIVE + HIGH_WOMEN_CYBERCRIME -> HIGH_CHILD_CYBERCRIME + HIGH_FRAUD_MOTIVE + HIGH_IDENTITY_THEFT + HIGH_SEC66D_CHEATING,2,4
0.4444444444444444,0.3333333333333333,0.3055555555555556,0.6875000000000001,2.0625000000000004,1.0,0.15740740740740744,2.133333333333334,0.9272727272727272,0.647058823529412,0.5312500000000001,0.8020833333333335,11,16,12,HIGH_CHILD_CYBERCRIME + HIGH_SEXUAL_EXPLOITATION_MOTIVE,HIGH_EXTORTION_MOTIVE + HIGH_FRAUD_MOTIVE + HIGH_SEC66D_CHEATING + HIGH_WOMEN_CYBERCRIME,HIGH_CHILD_CYBERCRIME + HIGH_SEXUAL_EXPLOITATION_MOTIVE -> HIGH_EXTORTION_MOTIVE + HIGH_FRAUD_MOTIVE + HIGH_SEC66D_CHEATING + HIGH_WOMEN_CYBERCRIME,2,4
0.4444444444444444,0.3333333333333333,0.3055555555555556,0.6875000000000001,2.0625000000000004,1.0,0.15740740740740744,2.133333333333334,0.9272727272727272,0.647058823529412,0.5312500000000001,0.8020833333333335,11,16,12,HIGH_SEXUAL_EXPLOITATION_MOTIVE + HIGH_WOMEN_CYBERCRIME,HIGH_CHILD_CYBERCRIME + HIGH_EXTORTION_MOTIVE + HIGH_FRAUD_MOTIVE + HIGH_SEC66D_CHEATING,HIGH_SEXUAL_EXPLOITATION_MOTIVE + HIGH_WOMEN_CYBERCRIME -> HIGH_CHILD_CYBERCRIME + HIGH_EXTORTION_MOTIVE + HIGH_FRAUD_MOTIVE + HIGH_SEC66D_CHEATING,2,4
0.4444444444444444,0.3333333333333333,0.3055555555555556,0.6875000000000001,2.0625000000000004,1.0,0.15740740740740744,2.133333333333334,0.9272727272727272,0.647058823529412,0.5312500000000001,0.8020833333333335,11,16,12,HIGH_CHILD_CYBERCRIME + HIGH_SEXUAL_EXPLOITATION_MOTIVE,HIGH_EXTORTION_MOTIVE + HIGH_IDENTITY_THEFT + HIGH_SEC66D_CHEATING + HIGH_WOMEN_CYBERCRIME,HIGH_CHILD_CYBERCRIME + HIGH_SEXUAL_EXPLOITATION_MOTIVE -> HIGH_EXTORTION_MOTIVE + HIGH_IDENTITY_THEFT + HIGH_SEC66D_CHEATING + HIGH_WOMEN_CYBERCRIME,2,4
0.4444444444444444,0.3333333333333333,0.3055555555555556,0.6875000000000001,2.0625000000000004,1.0,0.15740740740740744,2.133333333333334,0.9272727272727272,0.647058823529412,0.5312500000000001,0.8020833333333335,11,16,12,HIGH_SEXUAL_EXPLOITATION_MOTIVE + HIGH_WOMEN_CYBERCRIME,HIGH_CHILD_CYBERCRIME + HIGH_EXTORTION_MOTIVE + HIGH_IDENTITY_THEFT + HIGH_SEC66D_CHEATING,HIGH_SEXUAL_EXPLOITATION_MOTIVE + HIGH_WOMEN_CYBERCRIME -> HIGH_CHILD_CYBERCRIME + HIGH_EXTORTION_MOTIVE + HIGH_IDENTITY_THEFT + HIGH_SEC66D_CHEATING,2,4
0.4444444444444444,0.3333333333333333,0.3055555555555556,0.6875000000000001,2.0625000000000004,1.0,0.15740740740740744,2.133333333333334,0.9272727272727272,0.647058823529412,0.5312500000000001,0.8020833333333335,11,16,12,HIGH_CHILD_CYBERCRIME + HIGH_SEXUAL_EXPLOITATION_MOTIVE,HIGH_FRAUD_MOTIVE + HIGH_SEC66D_CHEATING + HIGH_WOMEN_CYBERCRIME,HIGH_CHILD_CYBERCRIME + HIGH_SEXUAL_EXPLOITATION_MOTIVE -> HIGH_FRAUD_MOTIVE + HIGH_SEC66D_CHEATING + HIGH_WOMEN_CYBERCRIME,2,3
0.4444444444444444,0.3333333333333333,0.3055555555555556,0.6875000000000001,2.0625000000000004,1.0,0.15740740740740744,2.133333333333334,0.9272727272727272,0.647058823529412,0.5312500000000001,0.8020833333333335,11,16,12,HIGH_SEXUAL_EXPLOITATION_MOTIVE + HIGH_WOMEN_CYBERCRIME,HIGH_CHILD_CYBERCRIME + HIGH_FRAUD_MOTIVE + HIGH_SEC66D_CHEATING,HIGH_SEXUAL_EXPLOITATION_MOTIVE + HIGH_WOMEN_CYBERCRIME -> HIGH_CHILD_CYBERCRIME + HIGH_FRAUD_MOTIVE + HIGH_SEC66D_CHEATING,2,3
0.4444444444444444,0.3333333333333333,0.3055555555555556,0.6875000000000001,2.0625000000000004,1.0,0.15740740740740744,2.133333333333334,0.9272727272727272,0.647058823529412,0.5312500000000001,0.8020833333333335,11,16,12,HIGH_CHILD_CYBERCRIME + HIGH_SEXUAL_EXPLOITATION_MOTIVE,HIGH_IDENTITY_THEFT + HIGH_SEC66D_CHEATING + HIGH_WOMEN_CYBERCRIME,HIGH_CHILD_CYBERCRIME + HIGH_SEXUAL_EXPLOITATION_MOTIVE -> HIGH_IDENTITY_THEFT + HIGH_SEC66D_CHEATING + HIGH_WOMEN_CYBERCRIME,2,3
0.4444444444444444,0.3333333333333333,0.3055555555555556,0.6875000000000001,2.0625000000000004,1.0,0.15740740740740744,2.133333333333334,0.9272727272727272,0.647058823529412,0.5312500000000001,0.8020833333333335,11,16,12,HIGH_SEXUAL_EXPLOITATION_MOTIVE + HIGH_WOMEN_CYBERCRIME,HIGH_CHILD_CYBERCRIME + HIGH_IDENTITY_THEFT + HIGH_SEC66D_CHEATING,HIGH_SEXUAL_EXPLOITATION_MOTIVE + HIGH_WOMEN_CYBERCRIME -> HIGH_CHILD_CYBERCRIME + HIGH_IDENTITY_THEFT + HIGH_SEC66D_CHEATING,2,3
0.4444444444444444,0.3333333333333333,0.3055555555555556,0.6875000000000001,2.0625000000000004,1.0,0.15740740740740744,2.133333333333334,0.9272727272727272,0.647058823529412,0.5312500000000001,0.8020833333333335,11,16,12,HIGH_CHILD_CYBERCRIME + HIGH_SEXUAL_EXPLOITATION_MOTIVE,HIGH_EXTORTION_MOTIVE + HIGH_SEC66D_CHEATING + HIGH_WOMEN_CYBERCRIME,HIGH_CHILD_CYBERCRIME + HIGH_SEXUAL_EXPLOITATION_MOTIVE -> HIGH_EXTORTION_MOTIVE + HIGH_SEC66D_CHEATING + HIGH_WOMEN_CYBERCRIME,2,3
0.4444444444444444,0.3333333333333333,0.3055555555555556,0.6875000000000001,2.0625000000000004,1.0,0.15740740740740744,2.133333333333334,0.9272727272727272,0.647058823529412,0.5312500000000001,0.8020833333333335,11,16,12,HIGH_SEXUAL_EXPLOITATION_MOTIVE + HIGH_WOMEN_CYBERCRIME,HIGH_CHILD_CYBERCRIME + HIGH_EXTORTION_MOTIVE + HIGH_SEC66D_CHEATING,HIGH_SEXUAL_EXPLOITATION_MOTIVE + HIGH_WOMEN_CYBERCRIME -> HIGH_CHILD_CYBERCRIME + HIGH_EXTORTION_MOTIVE + HIGH_SEC66D_CHEATING,2,3
0.4444444444444444,0.3333333333333333,0.3055555555555556,0.6875000000000001,2.0625000000000004,1.0,0.15740740740740744,2.133333333333334,0.9272727272727272,0.647058823529412,0.5312500000000001,0.8020833333333335,11,16,12,HIGH_CHILD_CYBERCRIME + HIGH_SEXUAL_EXPLOITATION_MOTIVE,HIGH_SEC66D_CHEATING + HIGH_WOMEN_CYBERCRIME,HIGH_CHILD_CYBERCRIME + HIGH_SEXUAL_EXPLOITATION_MOTIVE -> HIGH_SEC66D_CHEATING + HIGH_WOMEN_CYBERCRIME,2,2
0.4444444444444444,0.3333333333333333,0.3055555555555556,0.6875000000000001,2.0625000000000004,1.0,0.15740740740740744,2.133333333333334,0.9272727272727272,0.647058823529412,0.5312500000000001,0.8020833333333335,11,16,12,HIGH_SEXUAL_EXPLOITATION_MOTIVE + HIGH_WOMEN_CYBERCRIME,HIGH_CHILD_CYBERCRIME + HIGH_SEC66D_CHEATING,HIGH_SEXUAL_EXPLOITATION_MOTIVE + HIGH_WOMEN_CYBERCRIME -> HIGH_CHILD_CYBERCRIME + HIGH_SEC66D_CHEATING,2,2
0.4444444444444444,0.3611111111111111,0.3055555555555556,0.6875000000000001,1.9038461538461542,1.0,0.14506172839506176,2.044444444444445,0.8545454545454546,0.6111111111111112,0.5108695652173916,0.7668269230769231,11,16,13,HIGH_CHILD_CYBERCRIME + HIGH_WOMEN_CYBERCRIME,HIGH_EXTORTION_MOTIVE + HIGH_FRAUD_MOTIVE + HIGH_IDENTITY_THEFT + HIGH_SEC66D_CHEATING + HIGH_SEXUAL_EXPLOITATION_MOTIVE,HIGH_CHILD_CYBERCRIME + HIGH_WOMEN_CYBERCRIME -> HIGH_EXTORTION_MOTIVE + HIGH_FRAUD_MOTIVE + HIGH_IDENTITY_THEFT + HIGH_SEC66D_CHEATING + HIGH_SEXUAL_EXPLOITATION_MOTIVE,2,5
0.4444444444444444,0.3611111111111111,0.3055555555555556,0.6875000000000001,1.9038461538461542,1.0,0.14506172839506176,2.044444444444445,0.8545454545454546,0.6111111111111112,0.5108695652173916,0.7668269230769231,11,16,13,HIGH_CHILD_CYBERCRIME + HIGH_WOMEN_CYBERCRIME,HIGH_FRAUD_MOTIVE + HIGH_IDENTITY_THEFT + HIGH_SEC66D_CHEATING + HIGH_SEXUAL_EXPLOITATION_MOTIVE,HIGH_CHILD_CYBERCRIME + HIGH_WOMEN_CYBERCRIME -> HIGH_FRAUD_MOTIVE + HIGH_IDENTITY_THEFT + HIGH_SEC66D_CHEATING + HIGH_SEXUAL_EXPLOITATION_MOTIVE,2,4
0.4444444444444444,0.3611111111111111,0.3055555555555556,0.6875000000000001,1.9038461538461542,1.0,0.14506172839506176,2.044444444444445,0.8545454545454546,0.6111111111111112,0.5108695652173916,0.7668269230769231,11,16,13,HIGH_CHILD_CYBERCRIME + HIGH_WOMEN_CYBERCRIME,HIGH_EXTORTION_MOTIVE + HIGH_FRAUD_MOTIVE + HIGH_SEC66D_CHEATING + HIGH_SEXUAL_EXPLOITATION_MOTIVE,HIGH_CHILD_CYBERCRIME + HIGH_WOMEN_CYBERCRIME -> HIGH_EXTORTION_MOTIVE + HIGH_FRAUD_MOTIVE + HIGH_SEC66D_CHEATING + HIGH_SEXUAL_EXPLOITATION_MOTIVE,2,4
0.4444444444444444,0.3611111111111111,0.3055555555555556,0.6875000000000001,1.9038461538461542,1.0,0.14506172839506176,2.044444444444445,0.8545454545454546,0.6111111111111112,0.5108695652173916,0.7668269230769231,11,16,13,HIGH_CHILD_CYBERCRIME + HIGH_WOMEN_CYBERCRIME,HIGH_EXTORTION_MOTIVE + HIGH_IDENTITY_THEFT + HIGH_SEC66D_CHEATING + HIGH_SEXUAL_EXPLOITATION_MOTIVE,HIGH_CHILD_CYBERCRIME + HIGH_WOMEN_CYBERCRIME -> HIGH_EXTORTION_MOTIVE + HIGH_IDENTITY_THEFT + HIGH_SEC66D_CHEATING + HIGH_SEXUAL_EXPLOITATION_MOTIVE,2,4
0.4444444444444444,0.3611111111111111,0.3055555555555556,0.6875000000000001,1.9038461538461542,1.0,0.14506172839506176,2.044444444444445,0.8545454545454546,0.6111111111111112,0.5108695652173916,0.7668269230769231,11,16,13,HIGH_CHILD_CYBERCRIME + HIGH_WOMEN_CYBERCRIME,HIGH_FRAUD_MOTIVE + HIGH_SEC66D_CHEATING + HIGH_SEXUAL_EXPLOITATION_MOTIVE,HIGH_CHILD_CYBERCRIME + HIGH_WOMEN_CYBERCRIME -> HIGH_FRAUD_MOTIVE + HIGH_SEC66D_CHEATING + HIGH_SEXUAL_EXPLOITATION_MOTIVE,2,3
0.4444444444444444,0.3611111111111111,0.3055555555555556,0.6875000000000001,1.9038461538461542,1.0,0.14506172839506176,2.044444444444445,0.8545454545454546,0.6111111111111112,0.5108695652173916,0.7668269230769231,11,16,13,HIGH_CHILD_CYBERCRIME + HIGH_WOMEN_CYBERCRIME,HIGH_IDENTITY_THEFT + HIGH_SEC66D_CHEATING + HIGH_SEXUAL_EXPLOITATION_MOTIVE,HIGH_CHILD_CYBERCRIME + HIGH_WOMEN_CYBERCRIME -> HIGH_IDENTITY_THEFT + HIGH_SEC66D_CHEATING + HIGH_SEXUAL_EXPLOITATION_MOTIVE,2,3
0.4444444444444444,0.3888888888888889,0.3055555555555556,0.6875000000000001,1.767857142857143,1.0,0.13271604938271608,1.9555555555555564,0.7818181818181819,0.5789473684210528,0.48863636363636376,0.736607142857143,11,16,14,HIGH_CHILD_CYBERCRIME + HIGH_WOMEN_CYBERCRIME,HIGH_EXTORTION_MOTIVE + HIGH_FRAUD_MOTIVE + HIGH_IDENTITY_THEFT + HIGH_SEC66D_CHEATING,HIGH_CHILD_CYBERCRIME + HIGH_WOMEN_CYBERCRIME -> HIGH_EXTORTION_MOTIVE + HIGH_FRAUD_MOTIVE + HIGH_IDENTITY_THEFT + HIGH_SEC66D_CHEATING,2,4
0.4444444444444444,0.3888888888888889,0.3055555555555556,0.6875000000000001,1.767857142857143,1.0,0.13271604938271608,1.9555555555555564,0.7818181818181819,0.5789473684210528,0.48863636363636376,0.736607142857143,11,16,14,HIGH_CHILD_CYBERCRIME + HIGH_WOMEN_CYBERCRIME,HIGH_FRAUD_MOTIVE + HIGH_IDENTITY_THEFT + HIGH_SEC66D_CHEATING,HIGH_CHILD_CYBERCRIME + HIGH_WOMEN_CYBERCRIME -> HIGH_FRAUD_MOTIVE + HIGH_IDENTITY_THEFT + HIGH_SEC66D_CHEATING,2,3
0.4444444444444444,0.3888888888888889,0.3055555555555556,0.6875000000000001,1.767857142857143,1.0,0.13271604938271608,1.9555555555555564,0.7818181818181819,0.5789473684210528,0.48863636363636376,0.736607142857143,11,16,14,HIGH_CHILD_CYBERCRIME + HIGH_WOMEN_CYBERCRIME,HIGH_EXTORTION_MOTIVE + HIGH_FRAUD_MOTIVE + HIGH_SEC66D_CHEATING,HIGH_CHILD_CYBERCRIME + HIGH_WOMEN_CYBERCRIME -> HIGH_EXTORTION_MOTIVE + HIGH_FRAUD_MOTIVE + HIGH_SEC66D_CHEATING,2,3
0.4444444444444444,0.3888888888888889,0.3055555555555556,0.6875000000000001,1.767857142857143,1.0,0.13271604938271608,1.9555555555555564,0.7818181818181819,0.5789473684210528,0.48863636363636376,0.736607142857143,11,16,14,HIGH_CHILD_CYBERCRIME + HIGH_WOMEN_CYBERCRIME,HIGH_EXTORTION_MOTIVE + HIGH_IDENTITY_THEFT + HIGH_SEC66D_CHEATING,HIGH_CHILD_CYBERCRIME + HIGH_WOMEN_CYBERCRIME -> HIGH_EXTORTION_MOTIVE + HIGH_IDENTITY_THEFT + HIGH_SEC66D_CHEATING,2,3
0.4444444444444444,0.3888888888888889,0.3055555555555556,0.6875000000000001,1.767857142857143,1.0,0.13271604938271608,1.9555555555555564,0.7818181818181819,0.5789473684210528,0.48863636363636376,0.736607142857143,11,16,14,HIGH_CHILD_CYBERCRIME + HIGH_WOMEN_CYBERCRIME,HIGH_EXTORTION_MOTIVE + HIGH_SEC66D_CHEATING + HIGH_SEXUAL_EXPLOITATION_MOTIVE,HIGH_CHILD_CYBERCRIME + HIGH_WOMEN_CYBERCRIME -> HIGH_EXTORTION_MOTIVE + HIGH_SEC66D_CHEATING + HIGH_SEXUAL_EXPLOITATION_MOTIVE,2,3
0.4444444444444444,0.3888888888888889,0.3055555555555556,0.6875000000000001,1.767857142857143,1.0,0.13271604938271608,1.9555555555555564,0.7818181818181819,0.5789473684210528,0.48863636363636376,0.736607142857143,11,16,14,HIGH_CHILD_CYBERCRIME + HIGH_WOMEN_CYBERCRIME,HIGH_IDENTITY_THEFT + HIGH_SEC66D_CHEATING,HIGH_CHILD_CYBERCRIME + HIGH_WOMEN_CYBERCRIME -> HIGH_IDENTITY_THEFT + HIGH_SEC66D_CHEATING,2,2
0.4444444444444444,0.3888888888888889,0.3055555555555556,0.6875000000000001,1.767857142857143,1.0,0.13271604938271608,1.9555555555555564,0.7818181818181819,0.5789473684210528,0.48863636363636376,0.736607142857143,11,16,14,HIGH_CHILD_CYBERCRIME + HIGH_WOMEN_CYBERCRIME,HIGH_SEC66D_CHEATING + HIGH_SEXUAL_EXPLOITATION_MOTIVE,HIGH_CHILD_CYBERCRIME + HIGH_WOMEN_CYBERCRIME -> HIGH_SEC66D_CHEATING + HIGH_SEXUAL_EXPLOITATION_MOTIVE,2,2
0.4444444444444444,0.4166666666666667,0.3055555555555556,0.6875000000000001,1.6500000000000001,1.0,0.1203703703703704,1.8666666666666671,0.7090909090909092,0.55,0.4642857142857145,0.7104166666666667,11,16,15,HIGH_CHILD_CYBERCRIME + HIGH_WOMEN_CYBERCRIME,HIGH_FRAUD_MOTIVE + HIGH_SEC66D_CHEATING,HIGH_CHILD_CYBERCRIME + HIGH_WOMEN_CYBERCRIME -> HIGH_FRAUD_MOTIVE + HIGH_SEC66D_CHEATING,2,2
0.4444444444444444,0.4166666666666667,0.3055555555555556,0.6875000000000001,1.6500000000000001,1.0,0.1203703703703704,1.8666666666666671,0.7090909090909092,0.55,0.4642857142857145,0.7104166666666667,11,16,15,HIGH_CHILD_CYBERCRIME + HIGH_WOMEN_CYBERCRIME,HIGH_EXTORTION_MOTIVE + HIGH_SEC66D_CHEATING,HIGH_CHILD_CYBERCRIME + HIGH_WOMEN_CYBERCRIME -> HIGH_EXTORTION_MOTIVE + HIGH_SEC66D_CHEATING,2,2
0.4444444444444444,0.5,0.3055555555555556,0.6875000000000001,1.3750000000000002,1.0,0.08333333333333337,1.6000000000000005,0.490909090909091,0.47826086956521746,0.3750000000000002,0.6493055555555556,11,16,18,HIGH_CHILD_CYBERCRIME + HIGH_WOMEN_CYBERCRIME,HIGH_SEC66D_CHEATING,HIGH_CHILD_CYBERCRIME + HIGH_WOMEN_CYBERCRIME -> HIGH_SEC66D_CHEATING,2,1
0.5277777777777778,0.3611111111111111,0.3611111111111111,0.6842105263157895,1.8947368421052633,1.0,0.17052469135802467,2.023148148148148,1.0,0.6842105263157896,0.505720823798627,0.8421052631578947,13,19,13,HIGH_IDENTITY_THEFT,HIGH_CHILD_CYBERCRIME + HIGH_EXTORTION_MOTIVE + HIGH_FRAUD_MOTIVE + HIGH_SEXUAL_EXPLOITATION_MOTIVE + HIGH_WOMEN_CYBERCRIME,HIGH_IDENTITY_THEFT -> HIGH_CHILD_CYBERCRIME + HIGH_EXTORTION_MOTIVE + HIGH_FRAUD_MOTIVE + HIGH_SEXUAL_EXPLOITATION_MOTIVE + HIGH_WOMEN_CYBERCRIME,1,5
0.5277777777777778,0.3611111111111111,0.3611111111111111,0.6842105263157895,1.8947368421052633,1.0,0.17052469135802467,2.023148148148148,1.0,0.6842105263157896,0.505720823798627,0.8421052631578947,13,19,13,HIGH_IDENTITY_THEFT,HIGH_EXTORTION_MOTIVE + HIGH_FRAUD_MOTIVE + HIGH_SEC66D_CHEATING + HIGH_SEXUAL_EXPLOITATION_MOTIVE,HIGH_IDENTITY_THEFT -> HIGH_EXTORTION_MOTIVE + HIGH_FRAUD_MOTIVE + HIGH_SEC66D_CHEATING + HIGH_SEXUAL_EXPLOITATION_MOTIVE,1,4
0.5277777777777778,0.3611111111111111,0.3611111111111111,0.6842105263157895,1.8947368421052633,1.0,0.17052469135802467,2.023148148148148,1.0,0.6842105263157896,0.505720823798627,0.8421052631578947,13,19,13,HIGH_IDENTITY_THEFT,HIGH_CHILD_CYBERCRIME + HIGH_EXTORTION_MOTIVE + HIGH_FRAUD_MOTIVE + HIGH_WOMEN_CYBERCRIME,HIGH_IDENTITY_THEFT -> HIGH_CHILD_CYBERCRIME + HIGH_EXTORTION_MOTIVE + HIGH_FRAUD_MOTIVE + HIGH_WOMEN_CYBERCRIME,1,4
0.5277777777777778,0.3611111111111111,0.3611111111111111,0.6842105263157895,1.8947368421052633,1.0,0.17052469135802467,2.023148148148148,1.0,0.6842105263157896,0.505720823798627,0.8421052631578947,13,19,13,HIGH_IDENTITY_THEFT,HIGH_CHILD_CYBERCRIME + HIGH_FRAUD_MOTIVE + HIGH_SEXUAL_EXPLOITATION_MOTIVE + HIGH_WOMEN_CYBERCRIME,HIGH_IDENTITY_THEFT -> HIGH_CHILD_CYBERCRIME + HIGH_FRAUD_MOTIVE + HIGH_SEXUAL_EXPLOITATION_MOTIVE + HIGH_WOMEN_CYBERCRIME,1,4
0.5277777777777778,0.3611111111111111,0.3611111111111111,0.6842105263157895,1.8947368421052633,1.0,0.17052469135802467,2.023148148148148,1.0,0.6842105263157896,0.505720823798627,0.8421052631578947,13,19,13,HIGH_IDENTITY_THEFT,HIGH_FRAUD_MOTIVE + HIGH_SEC66D_CHEATING + HIGH_SEXUAL_EXPLOITATION_MOTIVE,HIGH_IDENTITY_THEFT -> HIGH_FRAUD_MOTIVE + HIGH_SEC66D_CHEATING + HIGH_SEXUAL_EXPLOITATION_MOTIVE,1,3
0.5277777777777778,0.3888888888888889,0.3611111111111111,0.6842105263157895,1.7593984962406015,1.0,0.1558641975308642,1.9351851851851853,0.914027149321267,0.6499999999999999,0.4832535885167464,0.806390977443609,13,19,14,HIGH_IDENTITY_THEFT,HIGH_CHILD_CYBERCRIME + HIGH_FRAUD_MOTIVE + HIGH_WOMEN_CYBERCRIME,HIGH_IDENTITY_THEFT -> HIGH_CHILD_CYBERCRIME + HIGH_FRAUD_MOTIVE + HIGH_WOMEN_CYBERCRIME,1,3
0.5277777777777778,0.3888888888888889,0.3611111111111111,0.6842105263157895,1.7593984962406015,1.0,0.1558641975308642,1.9351851851851853,0.914027149321267,0.6499999999999999,0.4832535885167464,0.806390977443609,13,19,14,HIGH_IDENTITY_THEFT,HIGH_EXTORTION_MOTIVE + HIGH_SEC66D_CHEATING + HIGH_SEXUAL_EXPLOITATION_MOTIVE,HIGH_IDENTITY_THEFT -> HIGH_EXTORTION_MOTIVE + HIGH_SEC66D_CHEATING + HIGH_SEXUAL_EXPLOITATION_MOTIVE,1,3
0.5277777777777778,0.3888888888888889,0.3611111111111111,0.6842105263157895,1.7593984962406015,1.0,0.1558641975308642,1.9351851851851853,0.914027149321267,0.6499999999999999,0.4832535885167464,0.806390977443609,13,19,14,HIGH_IDENTITY_THEFT,HIGH_SEC66D_CHEATING + HIGH_SEXUAL_EXPLOITATION_MOTIVE,HIGH_IDENTITY_THEFT -> HIGH_SEC66D_CHEATING + HIGH_SEXUAL_EXPLOITATION_MOTIVE,1,2
0.5,0.3333333333333333,0.3333333333333333,0.6666666666666666,2.0,1.0,0.16666666666666666,2.0,1.0,0.6666666666666667,0.49999999999999994,0.8333333333333333,12,18,12,HIGH_EXTORTION_MOTIVE,HIGH_FRAUD_MOTIVE + HIGH_IDENTITY_THEFT + HIGH_SEC66D_CHEATING + HIGH_SEXUAL_EXPLOITATION_MOTIVE + HIGH_WOMEN_CYBERCRIME,HIGH_EXTORTION_MOTIVE -> HIGH_FRAUD_MOTIVE + HIGH_IDENTITY_THEFT + HIGH_SEC66D_CHEATING + HIGH_SEXUAL_EXPLOITATION_MOTIVE + HIGH_WOMEN_CYBERCRIME,1,5
0.5,0.3333333333333333,0.3333333333333333,0.6666666666666666,2.0,1.0,0.16666666666666666,2.0,1.0,0.6666666666666667,0.49999999999999994,0.8333333333333333,12,18,12,HIGH_FRAUD_MOTIVE,HIGH_EXTORTION_MOTIVE + HIGH_IDENTITY_THEFT + HIGH_SEC66D_CHEATING + HIGH_SEXUAL_EXPLOITATION_MOTIVE + HIGH_WOMEN_CYBERCRIME,HIGH_FRAUD_MOTIVE -> HIGH_EXTORTION_MOTIVE + HIGH_IDENTITY_THEFT + HIGH_SEC66D_CHEATING + HIGH_SEXUAL_EXPLOITATION_MOTIVE + HIGH_WOMEN_CYBERCRIME,1,5
0.5,0.3333333333333333,0.3333333333333333,0.6666666666666666,2.0,1.0,0.16666666666666666,2.0,1.0,0.6666666666666667,0.49999999999999994,0.8333333333333333,12,18,12,HIGH_SEXUAL_EXPLOITATION_MOTIVE,HIGH_EXTORTION_MOTIVE + HIGH_FRAUD_MOTIVE + HIGH_IDENTITY_THEFT + HIGH_SEC66D_CHEATING + HIGH_WOMEN_CYBERCRIME,HIGH_SEXUAL_EXPLOITATION_MOTIVE -> HIGH_EXTORTION_MOTIVE + HIGH_FRAUD_MOTIVE + HIGH_IDENTITY_THEFT + HIGH_SEC66D_CHEATING + HIGH_WOMEN_CYBERCRIME,1,5
0.5,0.3333333333333333,0.3333333333333333,0.6666666666666666,2.0,1.0,0.16666666666666666,2.0,1.0,0.6666666666666667,0.49999999999999994,0.8333333333333333,12,18,12,HIGH_EXTORTION_MOTIVE,HIGH_CHILD_CYBERCRIME + HIGH_FRAUD_MOTIVE + HIGH_IDENTITY_THEFT + HIGH_SEC66D_CHEATING + HIGH_SEXUAL_EXPLOITATION_MOTIVE,HIGH_EXTORTION_MOTIVE -> HIGH_CHILD_CYBERCRIME + HIGH_FRAUD_MOTIVE + HIGH_IDENTITY_THEFT + HIGH_SEC66D_CHEATING + HIGH_SEXUAL_EXPLOITATION_MOTIVE,1,5
0.5,0.3333333333333333,0.3333333333333333,0.6666666666666666,2.0,1.0,0.16666666666666666,2.0,1.0,0.6666666666666667,0.49999999999999994,0.8333333333333333,12,18,12,HIGH_FRAUD_MOTIVE,HIGH_CHILD_CYBERCRIME + HIGH_EXTORTION_MOTIVE + HIGH_IDENTITY_THEFT + HIGH_SEC66D_CHEATING + HIGH_SEXUAL_EXPLOITATION_MOTIVE,HIGH_FRAUD_MOTIVE -> HIGH_CHILD_CYBERCRIME + HIGH_EXTORTION_MOTIVE + HIGH_IDENTITY_THEFT + HIGH_SEC66D_CHEATING + HIGH_SEXUAL_EXPLOITATION_MOTIVE,1,5
0.5,0.3333333333333333,0.3333333333333333,0.6666666666666666,2.0,1.0,0.16666666666666666,2.0,1.0,0.6666666666666667,0.49999999999999994,0.8333333333333333,12,18,12,HIGH_SEXUAL_EXPLOITATION_MOTIVE,HIGH_CHILD_CYBERCRIME + HIGH_EXTORTION_MOTIVE + HIGH_FRAUD_MOTIVE + HIGH_IDENTITY_THEFT + HIGH_SEC66D_CHEATING,HIGH_SEXUAL_EXPLOITATION_MOTIVE -> HIGH_CHILD_CYBERCRIME + HIGH_EXTORTION_MOTIVE + HIGH_FRAUD_MOTIVE + HIGH_IDENTITY_THEFT + HIGH_SEC66D_CHEATING,1,5
0.5,0.3333333333333333,0.3333333333333333,0.6666666666666666,2.0,1.0,0.16666666666666666,2.0,1.0,0.6666666666666667,0.49999999999999994,0.8333333333333333,12,18,12,HIGH_EXTORTION_MOTIVE,HIGH_FRAUD_MOTIVE + HIGH_IDENTITY_THEFT + HIGH_SEC66D_CHEATING + HIGH_WOMEN_CYBERCRIME,HIGH_EXTORTION_MOTIVE -> HIGH_FRAUD_MOTIVE + HIGH_IDENTITY_THEFT + HIGH_SEC66D_CHEATING + HIGH_WOMEN_CYBERCRIME,1,4
0.5,0.3333333333333333,0.3333333333333333,0.6666666666666666,2.0,1.0,0.16666666666666666,2.0,1.0,0.6666666666666667,0.49999999999999994,0.8333333333333333,12,18,12,HIGH_FRAUD_MOTIVE,HIGH_EXTORTION_MOTIVE + HIGH_IDENTITY_THEFT + HIGH_SEC66D_CHEATING + HIGH_WOMEN_CYBERCRIME,HIGH_FRAUD_MOTIVE -> HIGH_EXTORTION_MOTIVE + HIGH_IDENTITY_THEFT + HIGH_SEC66D_CHEATING + HIGH_WOMEN_CYBERCRIME,1,4
0.5,0.3333333333333333,0.3333333333333333,0.6666666666666666,2.0,1.0,0.16666666666666666,2.0,1.0,0.6666666666666667,0.49999999999999994,0.8333333333333333,12,18,12,HIGH_EXTORTION_MOTIVE,HIGH_CHILD_CYBERCRIME + HIGH_FRAUD_MOTIVE + HIGH_IDENTITY_THEFT + HIGH_SEC66D_CHEATING,HIGH_EXTORTION_MOTIVE -> HIGH_CHILD_CYBERCRIME + HIGH_FRAUD_MOTIVE + HIGH_IDENTITY_THEFT + HIGH_SEC66D_CHEATING,1,4
0.5,0.3333333333333333,0.3333333333333333,0.6666666666666666,2.0,1.0,0.16666666666666666,2.0,1.0,0.6666666666666667,0.49999999999999994,0.8333333333333333,12,18,12,HIGH_FRAUD_MOTIVE,HIGH_CHILD_CYBERCRIME + HIGH_EXTORTION_MOTIVE + HIGH_IDENTITY_THEFT + HIGH_SEC66D_CHEATING,HIGH_FRAUD_MOTIVE -> HIGH_CHILD_CYBERCRIME + HIGH_EXTORTION_MOTIVE + HIGH_IDENTITY_THEFT + HIGH_SEC66D_CHEATING,1,4
0.5,0.3333333333333333,0.3333333333333333,0.6666666666666666,2.0,1.0,0.16666666666666666,2.0,1.0,0.6666666666666667,0.49999999999999994,0.8333333333333333,12,18,12,HIGH_FRAUD_MOTIVE,HIGH_IDENTITY_THEFT + HIGH_SEC66D_CHEATING + HIGH_SEXUAL_EXPLOITATION_MOTIVE + HIGH_WOMEN_CYBERCRIME,HIGH_FRAUD_MOTIVE -> HIGH_IDENTITY_THEFT + HIGH_SEC66D_CHEATING + HIGH_SEXUAL_EXPLOITATION_MOTIVE + HIGH_WOMEN_CYBERCRIME,1,4
0.5,0.3333333333333333,0.3333333333333333,0.6666666666666666,2.0,1.0,0.16666666666666666,2.0,1.0,0.6666666666666667,0.49999999999999994,0.8333333333333333,12,18,12,HIGH_SEXUAL_EXPLOITATION_MOTIVE,HIGH_FRAUD_MOTIVE + HIGH_IDENTITY_THEFT + HIGH_SEC66D_CHEATING + HIGH_WOMEN_CYBERCRIME,HIGH_SEXUAL_EXPLOITATION_MOTIVE -> HIGH_FRAUD_MOTIVE + HIGH_IDENTITY_THEFT + HIGH_SEC66D_CHEATING + HIGH_WOMEN_CYBERCRIME,1,4
0.5,0.3333333333333333,0.3333333333333333,0.6666666666666666,2.0,1.0,0.16666666666666666,2.0,1.0,0.6666666666666667,0.49999999999999994,0.8333333333333333,12,18,12,HIGH_FRAUD_MOTIVE,HIGH_CHILD_CYBERCRIME + HIGH_IDENTITY_THEFT + HIGH_SEC66D_CHEATING + HIGH_SEXUAL_EXPLOITATION_MOTIVE,HIGH_FRAUD_MOTIVE -> HIGH_CHILD_CYBERCRIME + HIGH_IDENTITY_THEFT + HIGH_SEC66D_CHEATING + HIGH_SEXUAL_EXPLOITATION_MOTIVE,1,4
0.5,0.3333333333333333,0.3333333333333333,0.6666666666666666,2.0,1.0,0.16666666666666666,2.0,1.0,0.6666666666666667,0.49999999999999994,0.8333333333333333,12,18,12,HIGH_SEXUAL_EXPLOITATION_MOTIVE,HIGH_CHILD_CYBERCRIME + HIGH_FRAUD_MOTIVE + HIGH_IDENTITY_THEFT + HIGH_SEC66D_CHEATING,HIGH_SEXUAL_EXPLOITATION_MOTIVE -> HIGH_CHILD_CYBERCRIME + HIGH_FRAUD_MOTIVE + HIGH_IDENTITY_THEFT + HIGH_SEC66D_CHEATING,1,4
0.5,0.3333333333333333,0.3333333333333333,0.6666666666666666,2.0,1.0,0.16666666666666666,2.0,1.0,0.6666666666666667,0.49999999999999994,0.8333333333333333,12,18,12,HIGH_EXTORTION_MOTIVE,HIGH_FRAUD_MOTIVE + HIGH_SEC66D_CHEATING + HIGH_SEXUAL_EXPLOITATION_MOTIVE + HIGH_WOMEN_CYBERCRIME,HIGH_EXTORTION_MOTIVE -> HIGH_FRAUD_MOTIVE + HIGH_SEC66D_CHEATING + HIGH_SEXUAL_EXPLOITATION_MOTIVE + HIGH_WOMEN_CYBERCRIME,1,4
0.5,0.3333333333333333,0.3333333333333333,0.6666666666666666,2.0,1.0,0.16666666666666666,2.0,1.0,0.6666666666666667,0.49999999999999994,0.8333333333333333,12,18,12,HIGH_FRAUD_MOTIVE,HIGH_EXTORTION_MOTIVE + HIGH_SEC66D_CHEATING + HIGH_SEXUAL_EXPLOITATION_MOTIVE + HIGH_WOMEN_CYBERCRIME,HIGH_FRAUD_MOTIVE -> HIGH_EXTORTION_MOTIVE + HIGH_SEC66D_CHEATING + HIGH_SEXUAL_EXPLOITATION_MOTIVE + HIGH_WOMEN_CYBERCRIME,1,4
0.5,0.3333333333333333,0.3333333333333333,0.6666666666666666,2.0,1.0,0.16666666666666666,2.0,1.0,0.6666666666666667,0.49999999999999994,0.8333333333333333,12,18,12,HIGH_SEXUAL_EXPLOITATION_MOTIVE,HIGH_EXTORTION_MOTIVE + HIGH_FRAUD_MOTIVE + HIGH_SEC66D_CHEATING + HIGH_WOMEN_CYBERCRIME,HIGH_SEXUAL_EXPLOITATION_MOTIVE -> HIGH_EXTORTION_MOTIVE + HIGH_FRAUD_MOTIVE + HIGH_SEC66D_CHEATING + HIGH_WOMEN_CYBERCRIME,1,4
0.5,0.3333333333333333,0.3333333333333333,0.6666666666666666,2.0,1.0,0.16666666666666666,2.0,1.0,0.6666666666666667,0.49999999999999994,0.8333333333333333,12,18,12,HIGH_EXTORTION_MOTIVE,HIGH_CHILD_CYBERCRIME + HIGH_FRAUD_MOTIVE + HIGH_SEC66D_CHEATING + HIGH_SEXUAL_EXPLOITATION_MOTIVE,HIGH_EXTORTION_MOTIVE -> HIGH_CHILD_CYBERCRIME + HIGH_FRAUD_MOTIVE + HIGH_SEC66D_CHEATING + HIGH_SEXUAL_EXPLOITATION_MOTIVE,1,4
0.5,0.3333333333333333,0.3333333333333333,0.6666666666666666,2.0,1.0,0.16666666666666666,2.0,1.0,0.6666666666666667,0.49999999999999994,0.8333333333333333,12,18,12,HIGH_FRAUD_MOTIVE,HIGH_CHILD_CYBERCRIME + HIGH_EXTORTION_MOTIVE + HIGH_SEC66D_CHEATING + HIGH_SEXUAL_EXPLOITATION_MOTIVE,HIGH_FRAUD_MOTIVE -> HIGH_CHILD_CYBERCRIME + HIGH_EXTORTION_MOTIVE + HIGH_SEC66D_CHEATING + HIGH_SEXUAL_EXPLOITATION_MOTIVE,1,4
0.5,0.3333333333333333,0.3333333333333333,0.6666666666666666,2.0,1.0,0.16666666666666666,2.0,1.0,0.6666666666666667,0.49999999999999994,0.8333333333333333,12,18,12,HIGH_SEXUAL_EXPLOITATION_MOTIVE,HIGH_CHILD_CYBERCRIME + HIGH_EXTORTION_MOTIVE + HIGH_FRAUD_MOTIVE + HIGH_SEC66D_CHEATING,HIGH_SEXUAL_EXPLOITATION_MOTIVE -> HIGH_CHILD_CYBERCRIME + HIGH_EXTORTION_MOTIVE + HIGH_FRAUD_MOTIVE + HIGH_SEC66D_CHEATING,1,4
0.5,0.3333333333333333,0.3333333333333333,0.6666666666666666,2.0,1.0,0.16666666666666666,2.0,1.0,0.6666666666666667,0.49999999999999994,0.8333333333333333,12,18,12,HIGH_EXTORTION_MOTIVE,HIGH_IDENTITY_THEFT + HIGH_SEC66D_CHEATING + HIGH_SEXUAL_EXPLOITATION_MOTIVE + HIGH_WOMEN_CYBERCRIME,HIGH_EXTORTION_MOTIVE -> HIGH_IDENTITY_THEFT + HIGH_SEC66D_CHEATING + HIGH_SEXUAL_EXPLOITATION_MOTIVE + HIGH_WOMEN_CYBERCRIME,1,4
0.5,0.3333333333333333,0.3333333333333333,0.6666666666666666,2.0,1.0,0.16666666666666666,2.0,1.0,0.6666666666666667,0.49999999999999994,0.8333333333333333,12,18,12,HIGH_SEXUAL_EXPLOITATION_MOTIVE,HIGH_EXTORTION_MOTIVE + HIGH_IDENTITY_THEFT + HIGH_SEC66D_CHEATING + HIGH_WOMEN_CYBERCRIME,HIGH_SEXUAL_EXPLOITATION_MOTIVE -> HIGH_EXTORTION_MOTIVE + HIGH_IDENTITY_THEFT + HIGH_SEC66D_CHEATING + HIGH_WOMEN_CYBERCRIME,1,4
0.5,0.3333333333333333,0.3333333333333333,0.6666666666666666,2.0,1.0,0.16666666666666666,2.0,1.0,0.6666666666666667,0.49999999999999994,0.8333333333333333,12,18,12,HIGH_EXTORTION_MOTIVE,HIGH_CHILD_CYBERCRIME + HIGH_IDENTITY_THEFT + HIGH_SEC66D_CHEATING + HIGH_SEXUAL_EXPLOITATION_MOTIVE,HIGH_EXTORTION_MOTIVE -> HIGH_CHILD_CYBERCRIME + HIGH_IDENTITY_THEFT + HIGH_SEC66D_CHEATING + HIGH_SEXUAL_EXPLOITATION_MOTIVE,1,4
0.5,0.3333333333333333,0.3333333333333333,0.6666666666666666,2.0,1.0,0.16666666666666666,2.0,1.0,0.6666666666666667,0.49999999999999994,0.8333333333333333,12,18,12,HIGH_SEXUAL_EXPLOITATION_MOTIVE,HIGH_CHILD_CYBERCRIME + HIGH_EXTORTION_MOTIVE + HIGH_IDENTITY_THEFT + HIGH_SEC66D_CHEATING,HIGH_SEXUAL_EXPLOITATION_MOTIVE -> HIGH_CHILD_CYBERCRIME + HIGH_EXTORTION_MOTIVE + HIGH_IDENTITY_THEFT + HIGH_SEC66D_CHEATING,1,4
0.5,0.3333333333333333,0.3333333333333333,0.6666666666666666,2.0,1.0,0.16666666666666666,2.0,1.0,0.6666666666666667,0.49999999999999994,0.8333333333333333,12,18,12,HIGH_FRAUD_MOTIVE,HIGH_IDENTITY_THEFT + HIGH_SEC66D_CHEATING + HIGH_WOMEN_CYBERCRIME,HIGH_FRAUD_MOTIVE -> HIGH_IDENTITY_THEFT + HIGH_SEC66D_CHEATING + HIGH_WOMEN_CYBERCRIME,1,3
0.5,0.3333333333333333,0.3333333333333333,0.6666666666666666,2.0,1.0,0.16666666666666666,2.0,1.0,0.6666666666666667,0.49999999999999994,0.8333333333333333,12,18,12,HIGH_FRAUD_MOTIVE,HIGH_CHILD_CYBERCRIME + HIGH_IDENTITY_THEFT + HIGH_SEC66D_CHEATING,HIGH_FRAUD_MOTIVE -> HIGH_CHILD_CYBERCRIME + HIGH_IDENTITY_THEFT + HIGH_SEC66D_CHEATING,1,3
0.5,0.3333333333333333,0.3333333333333333,0.6666666666666666,2.0,1.0,0.16666666666666666,2.0,1.0,0.6666666666666667,0.49999999999999994,0.8333333333333333,12,18,12,HIGH_FRAUD_MOTIVE,HIGH_EXTORTION_MOTIVE + HIGH_SEC66D_CHEATING + HIGH_WOMEN_CYBERCRIME,HIGH_FRAUD_MOTIVE -> HIGH_EXTORTION_MOTIVE + HIGH_SEC66D_CHEATING + HIGH_WOMEN_CYBERCRIME,1,3
0.5,0.3333333333333333,0.3333333333333333,0.6666666666666666,2.0,1.0,0.16666666666666666,2.0,1.0,0.6666666666666667,0.49999999999999994,0.8333333333333333,12,18,12,HIGH_EXTORTION_MOTIVE,HIGH_FRAUD_MOTIVE + HIGH_SEC66D_CHEATING + HIGH_WOMEN_CYBERCRIME,HIGH_EXTORTION_MOTIVE -> HIGH_FRAUD_MOTIVE + HIGH_SEC66D_CHEATING + HIGH_WOMEN_CYBERCRIME,1,3
0.5,0.3333333333333333,0.3333333333333333,0.6666666666666666,2.0,1.0,0.16666666666666666,2.0,1.0,0.6666666666666667,0.49999999999999994,0.8333333333333333,12,18,12,HIGH_FRAUD_MOTIVE,HIGH_CHILD_CYBERCRIME + HIGH_EXTORTION_MOTIVE + HIGH_SEC66D_CHEATING,HIGH_FRAUD_MOTIVE -> HIGH_CHILD_CYBERCRIME + HIGH_EXTORTION_MOTIVE + HIGH_SEC66D_CHEATING,1,3
0.5,0.3333333333333333,0.3333333333333333,0.6666666666666666,2.0,1.0,0.16666666666666666,2.0,1.0,0.6666666666666667,0.49999999999999994,0.8333333333333333,12,18,12,HIGH_EXTORTION_MOTIVE,HIGH_CHILD_CYBERCRIME + HIGH_FRAUD_MOTIVE + HIGH_SEC66D_CHEATING,HIGH_EXTORTION_MOTIVE -> HIGH_CHILD_CYBERCRIME + HIGH_FRAUD_MOTIVE + HIGH_SEC66D_CHEATING,1,3
0.5,0.3333333333333333,0.3333333333333333,0.6666666666666666,2.0,1.0,0.16666666666666666,2.0,1.0,0.6666666666666667,0.49999999999999994,0.8333333333333333,12,18,12,HIGH_SEXUAL_EXPLOITATION_MOTIVE,HIGH_FRAUD_MOTIVE + HIGH_SEC66D_CHEATING + HIGH_WOMEN_CYBERCRIME,HIGH_SEXUAL_EXPLOITATION_MOTIVE -> HIGH_FRAUD_MOTIVE + HIGH_SEC66D_CHEATING + HIGH_WOMEN_CYBERCRIME,1,3
0.5,0.3333333333333333,0.3333333333333333,0.6666666666666666,2.0,1.0,0.16666666666666666,2.0,1.0,0.6666666666666667,0.49999999999999994,0.8333333333333333,12,18,12,HIGH_FRAUD_MOTIVE,HIGH_SEC66D_CHEATING + HIGH_SEXUAL_EXPLOITATION_MOTIVE + HIGH_WOMEN_CYBERCRIME,HIGH_FRAUD_MOTIVE -> HIGH_SEC66D_CHEATING + HIGH_SEXUAL_EXPLOITATION_MOTIVE + HIGH_WOMEN_CYBERCRIME,1,3
0.5,0.3333333333333333,0.3333333333333333,0.6666666666666666,2.0,1.0,0.16666666666666666,2.0,1.0,0.6666666666666667,0.49999999999999994,0.8333333333333333,12,18,12,HIGH_SEXUAL_EXPLOITATION_MOTIVE,HIGH_CHILD_CYBERCRIME + HIGH_FRAUD_MOTIVE + HIGH_SEC66D_CHEATING,HIGH_SEXUAL_EXPLOITATION_MOTIVE -> HIGH_CHILD_CYBERCRIME + HIGH_FRAUD_MOTIVE + HIGH_SEC66D_CHEATING,1,3
0.5,0.3333333333333333,0.3333333333333333,0.6666666666666666,2.0,1.0,0.16666666666666666,2.0,1.0,0.6666666666666667,0.49999999999999994,0.8333333333333333,12,18,12,HIGH_FRAUD_MOTIVE,HIGH_CHILD_CYBERCRIME + HIGH_SEC66D_CHEATING + HIGH_SEXUAL_EXPLOITATION_MOTIVE,HIGH_FRAUD_MOTIVE -> HIGH_CHILD_CYBERCRIME + HIGH_SEC66D_CHEATING + HIGH_SEXUAL_EXPLOITATION_MOTIVE,1,3
0.5,0.3333333333333333,0.3333333333333333,0.6666666666666666,2.0,1.0,0.16666666666666666,2.0,1.0,0.6666666666666667,0.49999999999999994,0.8333333333333333,12,18,12,HIGH_EXTORTION_MOTIVE,HIGH_IDENTITY_THEFT + HIGH_SEC66D_CHEATING + HIGH_WOMEN_CYBERCRIME,HIGH_EXTORTION_MOTIVE -> HIGH_IDENTITY_THEFT + HIGH_SEC66D_CHEATING + HIGH_WOMEN_CYBERCRIME,1,3
0.5,0.3333333333333333,0.3333333333333333,0.6666666666666666,2.0,1.0,0.16666666666666666,2.0,1.0,0.6666666666666667,0.49999999999999994,0.8333333333333333,12,18,12,HIGH_EXTORTION_MOTIVE,HIGH_CHILD_CYBERCRIME + HIGH_IDENTITY_THEFT + HIGH_SEC66D_CHEATING,HIGH_EXTORTION_MOTIVE -> HIGH_CHILD_CYBERCRIME + HIGH_IDENTITY_THEFT + HIGH_SEC66D_CHEATING,1,3
0.5,0.3333333333333333,0.3333333333333333,0.6666666666666666,2.0,1.0,0.16666666666666666,2.0,1.0,0.6666666666666667,0.49999999999999994,0.8333333333333333,12,18,12,HIGH_SEXUAL_EXPLOITATION_MOTIVE,HIGH_IDENTITY_THEFT + HIGH_SEC66D_CHEATING + HIGH_WOMEN_CYBERCRIME,HIGH_SEXUAL_EXPLOITATION_MOTIVE -> HIGH_IDENTITY_THEFT + HIGH_SEC66D_CHEATING + HIGH_WOMEN_CYBERCRIME,1,3
0.5,0.3333333333333333,0.3333333333333333,0.6666666666666666,2.0,1.0,0.16666666666666666,2.0,1.0,0.6666666666666667,0.49999999999999994,0.8333333333333333,12,18,12,HIGH_SEXUAL_EXPLOITATION_MOTIVE,HIGH_CHILD_CYBERCRIME + HIGH_IDENTITY_THEFT + HIGH_SEC66D_CHEATING,HIGH_SEXUAL_EXPLOITATION_MOTIVE -> HIGH_CHILD_CYBERCRIME + HIGH_IDENTITY_THEFT + HIGH_SEC66D_CHEATING,1,3
0.5,0.3333333333333333,0.3333333333333333,0.6666666666666666,2.0,1.0,0.16666666666666666,2.0,1.0,0.6666666666666667,0.49999999999999994,0.8333333333333333,12,18,12,HIGH_SEXUAL_EXPLOITATION_MOTIVE,HIGH_EXTORTION_MOTIVE + HIGH_SEC66D_CHEATING + HIGH_WOMEN_CYBERCRIME,HIGH_SEXUAL_EXPLOITATION_MOTIVE -> HIGH_EXTORTION_MOTIVE + HIGH_SEC66D_CHEATING + HIGH_WOMEN_CYBERCRIME,1,3
0.5,0.3333333333333333,0.3333333333333333,0.6666666666666666,2.0,1.0,0.16666666666666666,2.0,1.0,0.6666666666666667,0.49999999999999994,0.8333333333333333,12,18,12,HIGH_EXTORTION_MOTIVE,HIGH_SEC66D_CHEATING + HIGH_SEXUAL_EXPLOITATION_MOTIVE + HIGH_WOMEN_CYBERCRIME,HIGH_EXTORTION_MOTIVE -> HIGH_SEC66D_CHEATING + HIGH_SEXUAL_EXPLOITATION_MOTIVE + HIGH_WOMEN_CYBERCRIME,1,3
0.5,0.3333333333333333,0.3333333333333333,0.6666666666666666,2.0,1.0,0.16666666666666666,2.0,1.0,0.6666666666666667,0.49999999999999994,0.8333333333333333,12,18,12,HIGH_SEXUAL_EXPLOITATION_MOTIVE,HIGH_CHILD_CYBERCRIME + HIGH_EXTORTION_MOTIVE + HIGH_SEC66D_CHEATING,HIGH_SEXUAL_EXPLOITATION_MOTIVE -> HIGH_CHILD_CYBERCRIME + HIGH_EXTORTION_MOTIVE + HIGH_SEC66D_CHEATING,1,3
0.5,0.3333333333333333,0.3333333333333333,0.6666666666666666,2.0,1.0,0.16666666666666666,2.0,1.0,0.6666666666666667,0.49999999999999994,0.8333333333333333,12,18,12,HIGH_EXTORTION_MOTIVE,HIGH_CHILD_CYBERCRIME + HIGH_SEC66D_CHEATING + HIGH_SEXUAL_EXPLOITATION_MOTIVE,HIGH_EXTORTION_MOTIVE -> HIGH_CHILD_CYBERCRIME + HIGH_SEC66D_CHEATING + HIGH_SEXUAL_EXPLOITATION_MOTIVE,1,3
0.5,0.3333333333333333,0.3333333333333333,0.6666666666666666,2.0,1.0,0.16666666666666666,2.0,1.0,0.6666666666666667,0.49999999999999994,0.8333333333333333,12,18,12,HIGH_FRAUD_MOTIVE,HIGH_SEC66D_CHEATING + HIGH_WOMEN_CYBERCRIME,HIGH_FRAUD_MOTIVE -> HIGH_SEC66D_CHEATING + HIGH_WOMEN_CYBERCRIME,1,2
0.5,0.3333333333333333,0.3333333333333333,0.6666666666666666,2.0,1.0,0.16666666666666666,2.0,1.0,0.6666666666666667,0.49999999999999994,0.8333333333333333,12,18,12,HIGH_FRAUD_MOTIVE,HIGH_CHILD_CYBERCRIME + HIGH_SEC66D_CHEATING,HIGH_FRAUD_MOTIVE -> HIGH_CHILD_CYBERCRIME + HIGH_SEC66D_CHEATING,1,2
0.5,0.3333333333333333,0.3333333333333333,0.6666666666666666,2.0,1.0,0.16666666666666666,2.0,1.0,0.6666666666666667,0.49999999999999994,0.8333333333333333,12,18,12,HIGH_EXTORTION_MOTIVE,HIGH_SEC66D_CHEATING + HIGH_WOMEN_CYBERCRIME,HIGH_EXTORTION_MOTIVE -> HIGH_SEC66D_CHEATING + HIGH_WOMEN_CYBERCRIME,1,2
0.5,0.3333333333333333,0.3333333333333333,0.6666666666666666,2.0,1.0,0.16666666666666666,2.0,1.0,0.6666666666666667,0.49999999999999994,0.8333333333333333,12,18,12,HIGH_EXTORTION_MOTIVE,HIGH_CHILD_CYBERCRIME + HIGH_SEC66D_CHEATING,HIGH_EXTORTION_MOTIVE -> HIGH_CHILD_CYBERCRIME + HIGH_SEC66D_CHEATING,1,2
0.5,0.3333333333333333,0.3333333333333333,0.6666666666666666,2.0,1.0,0.16666666666666666,2.0,1.0,0.6666666666666667,0.49999999999999994,0.8333333333333333,12,18,12,HIGH_SEXUAL_EXPLOITATION_MOTIVE,HIGH_SEC66D_CHEATING + HIGH_WOMEN_CYBERCRIME,HIGH_SEXUAL_EXPLOITATION_MOTIVE -> HIGH_SEC66D_CHEATING + HIGH_WOMEN_CYBERCRIME,1,2
0.5,0.3333333333333333,0.3333333333333333,0.6666666666666666,2.0,1.0,0.16666666666666666,2.0,1.0,0.6666666666666667,0.49999999999999994,0.8333333333333333,12,18,12,HIGH_SEXUAL_EXPLOITATION_MOTIVE,HIGH_CHILD_CYBERCRIME + HIGH_SEC66D_CHEATING,HIGH_SEXUAL_EXPLOITATION_MOTIVE -> HIGH_CHILD_CYBERCRIME + HIGH_SEC66D_CHEATING,1,2
0.5,0.3611111111111111,0.3333333333333333,0.6666666666666666,1.846153846153846,1.0,0.15277777777777776,1.9166666666666663,0.9166666666666666,0.6315789473684209,0.4782608695652174,0.7948717948717948,12,18,13,HIGH_WOMEN_CYBERCRIME,HIGH_EXTORTION_MOTIVE + HIGH_FRAUD_MOTIVE + HIGH_IDENTITY_THEFT + HIGH_SEC66D_CHEATING + HIGH_SEXUAL_EXPLOITATION_MOTIVE,HIGH_WOMEN_CYBERCRIME -> HIGH_EXTORTION_MOTIVE + HIGH_FRAUD_MOTIVE + HIGH_IDENTITY_THEFT + HIGH_SEC66D_CHEATING + HIGH_SEXUAL_EXPLOITATION_MOTIVE,1,5
0.5,0.3611111111111111,0.3333333333333333,0.6666666666666666,1.846153846153846,1.0,0.15277777777777776,1.9166666666666663,0.9166666666666666,0.6315789473684209,0.4782608695652174,0.7948717948717948,12,18,13,HIGH_CHILD_CYBERCRIME,HIGH_EXTORTION_MOTIVE + HIGH_FRAUD_MOTIVE + HIGH_IDENTITY_THEFT + HIGH_SEC66D_CHEATING + HIGH_SEXUAL_EXPLOITATION_MOTIVE,HIGH_CHILD_CYBERCRIME -> HIGH_EXTORTION_MOTIVE + HIGH_FRAUD_MOTIVE + HIGH_IDENTITY_THEFT + HIGH_SEC66D_CHEATING + HIGH_SEXUAL_EXPLOITATION_MOTIVE,1,5
0.5,0.3611111111111111,0.3333333333333333,0.6666666666666666,1.846153846153846,1.0,0.15277777777777776,1.9166666666666663,0.9166666666666666,0.6315789473684209,0.4782608695652174,0.7948717948717948,12,18,13,HIGH_WOMEN_CYBERCRIME,HIGH_FRAUD_MOTIVE + HIGH_IDENTITY_THEFT + HIGH_SEC66D_CHEATING + HIGH_SEXUAL_EXPLOITATION_MOTIVE,HIGH_WOMEN_CYBERCRIME -> HIGH_FRAUD_MOTIVE + HIGH_IDENTITY_THEFT + HIGH_SEC66D_CHEATING + HIGH_SEXUAL_EXPLOITATION_MOTIVE,1,4
0.5,0.3611111111111111,0.3333333333333333,0.6666666666666666,1.846153846153846,1.0,0.15277777777777776,1.9166666666666663,0.9166666666666666,0.6315789473684209,0.4782608695652174,0.7948717948717948,12,18,13,HIGH_CHILD_CYBERCRIME,HIGH_FRAUD_MOTIVE + HIGH_IDENTITY_THEFT + HIGH_SEC66D_CHEATING + HIGH_SEXUAL_EXPLOITATION_MOTIVE,HIGH_CHILD_CYBERCRIME -> HIGH_FRAUD_MOTIVE + HIGH_IDENTITY_THEFT + HIGH_SEC66D_CHEATING + HIGH_SEXUAL_EXPLOITATION_MOTIVE,1,4
0.5,0.3611111111111111,0.3333333333333333,0.6666666666666666,1.846153846153846,1.0,0.15277777777777776,1.9166666666666663,0.9166666666666666,0.6315789473684209,0.4782608695652174,0.7948717948717948,12,18,13,HIGH_WOMEN_CYBERCRIME,HIGH_EXTORTION_MOTIVE + HIGH_FRAUD_MOTIVE + HIGH_SEC66D_CHEATING + HIGH_SEXUAL_EXPLOITATION_MOTIVE,HIGH_WOMEN_CYBERCRIME -> HIGH_EXTORTION_MOTIVE + HIGH_FRAUD_MOTIVE + HIGH_SEC66D_CHEATING + HIGH_SEXUAL_EXPLOITATION_MOTIVE,1,4
0.5,0.3611111111111111,0.3333333333333333,0.6666666666666666,1.846153846153846,1.0,0.15277777777777776,1.9166666666666663,0.9166666666666666,0.6315789473684209,0.4782608695652174,0.7948717948717948,12,18,13,HIGH_CHILD_CYBERCRIME,HIGH_EXTORTION_MOTIVE + HIGH_FRAUD_MOTIVE + HIGH_SEC66D_CHEATING + HIGH_SEXUAL_EXPLOITATION_MOTIVE,HIGH_CHILD_CYBERCRIME -> HIGH_EXTORTION_MOTIVE + HIGH_FRAUD_MOTIVE + HIGH_SEC66D_CHEATING + HIGH_SEXUAL_EXPLOITATION_MOTIVE,1,4
0.5,0.3611111111111111,0.3333333333333333,0.6666666666666666,1.846153846153846,1.0,0.15277777777777776,1.9166666666666663,0.9166666666666666,0.6315789473684209,0.4782608695652174,0.7948717948717948,12,18,13,HIGH_WOMEN_CYBERCRIME,HIGH_EXTORTION_MOTIVE + HIGH_IDENTITY_THEFT + HIGH_SEC66D_CHEATING + HIGH_SEXUAL_EXPLOITATION_MOTIVE,HIGH_WOMEN_CYBERCRIME -> HIGH_EXTORTION_MOTIVE + HIGH_IDENTITY_THEFT + HIGH_SEC66D_CHEATING + HIGH_SEXUAL_EXPLOITATION_MOTIVE,1,4
0.5,0.3611111111111111,0.3333333333333333,0.6666666666666666,1.846153846153846,1.0,0.15277777777777776,1.9166666666666663,0.9166666666666666,0.6315789473684209,0.4782608695652174,0.7948717948717948,12,18,13,HIGH_CHILD_CYBERCRIME,HIGH_EXTORTION_MOTIVE + HIGH_IDENTITY_THEFT + HIGH_SEC66D_CHEATING + HIGH_SEXUAL_EXPLOITATION_MOTIVE,HIGH_CHILD_CYBERCRIME -> HIGH_EXTORTION_MOTIVE + HIGH_IDENTITY_THEFT + HIGH_SEC66D_CHEATING + HIGH_SEXUAL_EXPLOITATION_MOTIVE,1,4
0.5,0.3611111111111111,0.3333333333333333,0.6666666666666666,1.846153846153846,1.0,0.15277777777777776,1.9166666666666663,0.9166666666666666,0.6315789473684209,0.4782608695652174,0.7948717948717948,12,18,13,HIGH_WOMEN_CYBERCRIME,HIGH_FRAUD_MOTIVE + HIGH_SEC66D_CHEATING + HIGH_SEXUAL_EXPLOITATION_MOTIVE,HIGH_WOMEN_CYBERCRIME -> HIGH_FRAUD_MOTIVE + HIGH_SEC66D_CHEATING + HIGH_SEXUAL_EXPLOITATION_MOTIVE,1,3
0.5,0.3611111111111111,0.3333333333333333,0.6666666666666666,1.846153846153846,1.0,0.15277777777777776,1.9166666666666663,0.9166666666666666,0.6315789473684209,0.4782608695652174,0.7948717948717948,12,18,13,HIGH_CHILD_CYBERCRIME,HIGH_FRAUD_MOTIVE + HIGH_SEC66D_CHEATING + HIGH_SEXUAL_EXPLOITATION_MOTIVE,HIGH_CHILD_CYBERCRIME -> HIGH_FRAUD_MOTIVE + HIGH_SEC66D_CHEATING + HIGH_SEXUAL_EXPLOITATION_MOTIVE,1,3
0.5,0.3611111111111111,0.3333333333333333,0.6666666666666666,1.846153846153846,1.0,0.15277777777777776,1.9166666666666663,0.9166666666666666,0.6315789473684209,0.4782608695652174,0.7948717948717948,12,18,13,HIGH_WOMEN_CYBERCRIME,HIGH_IDENTITY_THEFT + HIGH_SEC66D_CHEATING + HIGH_SEXUAL_EXPLOITATION_MOTIVE,HIGH_WOMEN_CYBERCRIME -> HIGH_IDENTITY_THEFT + HIGH_SEC66D_CHEATING + HIGH_SEXUAL_EXPLOITATION_MOTIVE,1,3
0.5,0.3611111111111111,0.3333333333333333,0.6666666666666666,1.846153846153846,1.0,0.15277777777777776,1.9166666666666663,0.9166666666666666,0.6315789473684209,0.4782608695652174,0.7948717948717948,12,18,13,HIGH_CHILD_CYBERCRIME,HIGH_IDENTITY_THEFT + HIGH_SEC66D_CHEATING + HIGH_SEXUAL_EXPLOITATION_MOTIVE,HIGH_CHILD_CYBERCRIME -> HIGH_IDENTITY_THEFT + HIGH_SEC66D_CHEATING + HIGH_SEXUAL_EXPLOITATION_MOTIVE,1,3
0.5,0.3888888888888889,0.3333333333333333,0.6666666666666666,1.7142857142857142,1.0,0.13888888888888887,1.8333333333333333,0.8333333333333333,0.6,0.4545454545454544,0.7619047619047619,12,18,14,HIGH_SEC66D_CHEATING,HIGH_EXTORTION_MOTIVE + HIGH_FRAUD_MOTIVE + HIGH_IDENTITY_THEFT + HIGH_SEXUAL_EXPLOITATION_MOTIVE + HIGH_WOMEN_CYBERCRIME,HIGH_SEC66D_CHEATING -> HIGH_EXTORTION_MOTIVE + HIGH_FRAUD_MOTIVE + HIGH_IDENTITY_THEFT + HIGH_SEXUAL_EXPLOITATION_MOTIVE + HIGH_WOMEN_CYBERCRIME,1,5
0.5,0.3888888888888889,0.3333333333333333,0.6666666666666666,1.7142857142857142,1.0,0.13888888888888887,1.8333333333333333,0.8333333333333333,0.6,0.4545454545454544,0.7619047619047619,12,18,14,HIGH_SEC66D_CHEATING,HIGH_CHILD_CYBERCRIME + HIGH_EXTORTION_MOTIVE + HIGH_FRAUD_MOTIVE + HIGH_IDENTITY_THEFT + HIGH_SEXUAL_EXPLOITATION_MOTIVE,HIGH_SEC66D_CHEATING -> HIGH_CHILD_CYBERCRIME + HIGH_EXTORTION_MOTIVE + HIGH_FRAUD_MOTIVE + HIGH_IDENTITY_THEFT + HIGH_SEXUAL_EXPLOITATION_MOTIVE,1,5
0.5,0.3888888888888889,0.3333333333333333,0.6666666666666666,1.7142857142857142,1.0,0.13888888888888887,1.8333333333333333,0.8333333333333333,0.6,0.4545454545454544,0.7619047619047619,12,18,14,HIGH_WOMEN_CYBERCRIME,HIGH_EXTORTION_MOTIVE + HIGH_FRAUD_MOTIVE + HIGH_IDENTITY_THEFT + HIGH_SEC66D_CHEATING,HIGH_WOMEN_CYBERCRIME -> HIGH_EXTORTION_MOTIVE + HIGH_FRAUD_MOTIVE + HIGH_IDENTITY_THEFT + HIGH_SEC66D_CHEATING,1,4
0.5,0.3888888888888889,0.3333333333333333,0.6666666666666666,1.7142857142857142,1.0,0.13888888888888887,1.8333333333333333,0.8333333333333333,0.6,0.4545454545454544,0.7619047619047619,12,18,14,HIGH_SEC66D_CHEATING,HIGH_EXTORTION_MOTIVE + HIGH_FRAUD_MOTIVE + HIGH_IDENTITY_THEFT + HIGH_WOMEN_CYBERCRIME,HIGH_SEC66D_CHEATING -> HIGH_EXTORTION_MOTIVE + HIGH_FRAUD_MOTIVE + HIGH_IDENTITY_THEFT + HIGH_WOMEN_CYBERCRIME,1,4
0.5,0.3888888888888889,0.3333333333333333,0.6666666666666666,1.7142857142857142,1.0,0.13888888888888887,1.8333333333333333,0.8333333333333333,0.6,0.4545454545454544,0.7619047619047619,12,18,14,HIGH_CHILD_CYBERCRIME,HIGH_EXTORTION_MOTIVE + HIGH_FRAUD_MOTIVE + HIGH_IDENTITY_THEFT + HIGH_SEC66D_CHEATING,HIGH_CHILD_CYBERCRIME -> HIGH_EXTORTION_MOTIVE + HIGH_FRAUD_MOTIVE + HIGH_IDENTITY_THEFT + HIGH_SEC66D_CHEATING,1,4
0.5,0.3888888888888889,0.3333333333333333,0.6666666666666666,1.7142857142857142,1.0,0.13888888888888887,1.8333333333333333,0.8333333333333333,0.6,0.4545454545454544,0.7619047619047619,12,18,14,HIGH_SEC66D_CHEATING,HIGH_CHILD_CYBERCRIME + HIGH_EXTORTION_MOTIVE + HIGH_FRAUD_MOTIVE + HIGH_IDENTITY_THEFT,HIGH_SEC66D_CHEATING -> HIGH_CHILD_CYBERCRIME + HIGH_EXTORTION_MOTIVE + HIGH_FRAUD_MOTIVE + HIGH_IDENTITY_THEFT,1,4
0.5,0.3888888888888889,0.3333333333333333,0.6666666666666666,1.7142857142857142,1.0,0.13888888888888887,1.8333333333333333,0.8333333333333333,0.6,0.4545454545454544,0.7619047619047619,12,18,14,HIGH_SEC66D_CHEATING,HIGH_FRAUD_MOTIVE + HIGH_IDENTITY_THEFT + HIGH_SEXUAL_EXPLOITATION_MOTIVE + HIGH_WOMEN_CYBERCRIME,HIGH_SEC66D_CHEATING -> HIGH_FRAUD_MOTIVE + HIGH_IDENTITY_THEFT + HIGH_SEXUAL_EXPLOITATION_MOTIVE + HIGH_WOMEN_CYBERCRIME,1,4
0.5,0.3888888888888889,0.3333333333333333,0.6666666666666666,1.7142857142857142,1.0,0.13888888888888887,1.8333333333333333,0.8333333333333333,0.6,0.4545454545454544,0.7619047619047619,12,18,14,HIGH_SEC66D_CHEATING,HIGH_CHILD_CYBERCRIME + HIGH_FRAUD_MOTIVE + HIGH_IDENTITY_THEFT + HIGH_SEXUAL_EXPLOITATION_MOTIVE,HIGH_SEC66D_CHEATING -> HIGH_CHILD_CYBERCRIME + HIGH_FRAUD_MOTIVE + HIGH_IDENTITY_THEFT + HIGH_SEXUAL_EXPLOITATION_MOTIVE,1,4
0.5,0.3888888888888889,0.3333333333333333,0.6666666666666666,1.7142857142857142,1.0,0.13888888888888887,1.8333333333333333,0.8333333333333333,0.6,0.4545454545454544,0.7619047619047619,12,18,14,HIGH_SEC66D_CHEATING,HIGH_EXTORTION_MOTIVE + HIGH_FRAUD_MOTIVE + HIGH_SEXUAL_EXPLOITATION_MOTIVE + HIGH_WOMEN_CYBERCRIME,HIGH_SEC66D_CHEATING -> HIGH_EXTORTION_MOTIVE + HIGH_FRAUD_MOTIVE + HIGH_SEXUAL_EXPLOITATION_MOTIVE + HIGH_WOMEN_CYBERCRIME,1,4
0.5,0.3888888888888889,0.3333333333333333,0.6666666666666666,1.7142857142857142,1.0,0.13888888888888887,1.8333333333333333,0.8333333333333333,0.6,0.4545454545454544,0.7619047619047619,12,18,14,HIGH_SEC66D_CHEATING,HIGH_CHILD_CYBERCRIME + HIGH_EXTORTION_MOTIVE + HIGH_FRAUD_MOTIVE + HIGH_SEXUAL_EXPLOITATION_MOTIVE,HIGH_SEC66D_CHEATING -> HIGH_CHILD_CYBERCRIME + HIGH_EXTORTION_MOTIVE + HIGH_FRAUD_MOTIVE + HIGH_SEXUAL_EXPLOITATION_MOTIVE,1,4
0.5,0.3888888888888889,0.3333333333333333,0.6666666666666666,1.7142857142857142,1.0,0.13888888888888887,1.8333333333333333,0.8333333333333333,0.6,0.4545454545454544,0.7619047619047619,12,18,14,HIGH_SEC66D_CHEATING,HIGH_FRAUD_MOTIVE + HIGH_IDENTITY_THEFT + HIGH_WOMEN_CYBERCRIME,HIGH_SEC66D_CHEATING -> HIGH_FRAUD_MOTIVE + HIGH_IDENTITY_THEFT + HIGH_WOMEN_CYBERCRIME,1,3
0.5,0.3888888888888889,0.3333333333333333,0.6666666666666666,1.7142857142857142,1.0,0.13888888888888887,1.8333333333333333,0.8333333333333333,0.6,0.4545454545454544,0.7619047619047619,12,18,14,HIGH_WOMEN_CYBERCRIME,HIGH_FRAUD_MOTIVE + HIGH_IDENTITY_THEFT + HIGH_SEC66D_CHEATING,HIGH_WOMEN_CYBERCRIME -> HIGH_FRAUD_MOTIVE + HIGH_IDENTITY_THEFT + HIGH_SEC66D_CHEATING,1,3
0.5,0.3888888888888889,0.3333333333333333,0.6666666666666666,1.7142857142857142,1.0,0.13888888888888887,1.8333333333333333,0.8333333333333333,0.6,0.4545454545454544,0.7619047619047619,12,18,14,HIGH_SEC66D_CHEATING,HIGH_CHILD_CYBERCRIME + HIGH_FRAUD_MOTIVE + HIGH_IDENTITY_THEFT,HIGH_SEC66D_CHEATING -> HIGH_CHILD_CYBERCRIME + HIGH_FRAUD_MOTIVE + HIGH_IDENTITY_THEFT,1,3
0.5,0.3888888888888889,0.3333333333333333,0.6666666666666666,1.7142857142857142,1.0,0.13888888888888887,1.8333333333333333,0.8333333333333333,0.6,0.4545454545454544,0.7619047619047619,12,18,14,HIGH_CHILD_CYBERCRIME,HIGH_FRAUD_MOTIVE + HIGH_IDENTITY_THEFT + HIGH_SEC66D_CHEATING,HIGH_CHILD_CYBERCRIME -> HIGH_FRAUD_MOTIVE + HIGH_IDENTITY_THEFT + HIGH_SEC66D_CHEATING,1,3
0.5,0.3888888888888889,0.3333333333333333,0.6666666666666666,1.7142857142857142,1.0,0.13888888888888887,1.8333333333333333,0.8333333333333333,0.6,0.4545454545454544,0.7619047619047619,12,18,14,HIGH_SEC66D_CHEATING,HIGH_EXTORTION_MOTIVE + HIGH_FRAUD_MOTIVE + HIGH_WOMEN_CYBERCRIME,HIGH_SEC66D_CHEATING -> HIGH_EXTORTION_MOTIVE + HIGH_FRAUD_MOTIVE + HIGH_WOMEN_CYBERCRIME,1,3
0.5,0.3888888888888889,0.3333333333333333,0.6666666666666666,1.7142857142857142,1.0,0.13888888888888887,1.8333333333333333,0.8333333333333333,0.6,0.4545454545454544,0.7619047619047619,12,18,14,HIGH_WOMEN_CYBERCRIME,HIGH_EXTORTION_MOTIVE + HIGH_FRAUD_MOTIVE + HIGH_SEC66D_CHEATING,HIGH_WOMEN_CYBERCRIME -> HIGH_EXTORTION_MOTIVE + HIGH_FRAUD_MOTIVE + HIGH_SEC66D_CHEATING,1,3
0.5,0.3888888888888889,0.3333333333333333,0.6666666666666666,1.7142857142857142,1.0,0.13888888888888887,1.8333333333333333,0.8333333333333333,0.6,0.4545454545454544,0.7619047619047619,12,18,14,HIGH_SEC66D_CHEATING,HIGH_CHILD_CYBERCRIME + HIGH_EXTORTION_MOTIVE + HIGH_FRAUD_MOTIVE,HIGH_SEC66D_CHEATING -> HIGH_CHILD_CYBERCRIME + HIGH_EXTORTION_MOTIVE + HIGH_FRAUD_MOTIVE,1,3
0.5,0.3888888888888889,0.3333333333333333,0.6666666666666666,1.7142857142857142,1.0,0.13888888888888887,1.8333333333333333,0.8333333333333333,0.6,0.4545454545454544,0.7619047619047619,12,18,14,HIGH_CHILD_CYBERCRIME,HIGH_EXTORTION_MOTIVE + HIGH_FRAUD_MOTIVE + HIGH_SEC66D_CHEATING,HIGH_CHILD_CYBERCRIME -> HIGH_EXTORTION_MOTIVE + HIGH_FRAUD_MOTIVE + HIGH_SEC66D_CHEATING,1,3
0.5,0.3888888888888889,0.3333333333333333,0.6666666666666666,1.7142857142857142,1.0,0.13888888888888887,1.8333333333333333,0.8333333333333333,0.6,0.4545454545454544,0.7619047619047619,12,18,14,HIGH_SEC66D_CHEATING,HIGH_FRAUD_MOTIVE + HIGH_SEXUAL_EXPLOITATION_MOTIVE + HIGH_WOMEN_CYBERCRIME,HIGH_SEC66D_CHEATING -> HIGH_FRAUD_MOTIVE + HIGH_SEXUAL_EXPLOITATION_MOTIVE + HIGH_WOMEN_CYBERCRIME,1,3
0.5,0.3888888888888889,0.3333333333333333,0.6666666666666666,1.7142857142857142,1.0,0.13888888888888887,1.8333333333333333,0.8333333333333333,0.6,0.4545454545454544,0.7619047619047619,12,18,14,HIGH_SEC66D_CHEATING,HIGH_CHILD_CYBERCRIME + HIGH_FRAUD_MOTIVE + HIGH_SEXUAL_EXPLOITATION_MOTIVE,HIGH_SEC66D_CHEATING -> HIGH_CHILD_CYBERCRIME + HIGH_FRAUD_MOTIVE + HIGH_SEXUAL_EXPLOITATION_MOTIVE,1,3
0.5,0.3888888888888889,0.3333333333333333,0.6666666666666666,1.7142857142857142,1.0,0.13888888888888887,1.8333333333333333,0.8333333333333333,0.6,0.4545454545454544,0.7619047619047619,12,18,14,HIGH_WOMEN_CYBERCRIME,HIGH_EXTORTION_MOTIVE + HIGH_IDENTITY_THEFT + HIGH_SEC66D_CHEATING,HIGH_WOMEN_CYBERCRIME -> HIGH_EXTORTION_MOTIVE + HIGH_IDENTITY_THEFT + HIGH_SEC66D_CHEATING,1,3
0.5,0.3888888888888889,0.3333333333333333,0.6666666666666666,1.7142857142857142,1.0,0.13888888888888887,1.8333333333333333,0.8333333333333333,0.6,0.4545454545454544,0.7619047619047619,12,18,14,HIGH_CHILD_CYBERCRIME,HIGH_EXTORTION_MOTIVE + HIGH_IDENTITY_THEFT + HIGH_SEC66D_CHEATING,HIGH_CHILD_CYBERCRIME -> HIGH_EXTORTION_MOTIVE + HIGH_IDENTITY_THEFT + HIGH_SEC66D_CHEATING,1,3
0.5,0.3888888888888889,0.3333333333333333,0.6666666666666666,1.7142857142857142,1.0,0.13888888888888887,1.8333333333333333,0.8333333333333333,0.6,0.4545454545454544,0.7619047619047619,12,18,14,HIGH_WOMEN_CYBERCRIME,HIGH_EXTORTION_MOTIVE + HIGH_SEC66D_CHEATING + HIGH_SEXUAL_EXPLOITATION_MOTIVE,HIGH_WOMEN_CYBERCRIME -> HIGH_EXTORTION_MOTIVE + HIGH_SEC66D_CHEATING + HIGH_SEXUAL_EXPLOITATION_MOTIVE,1,3
0.5,0.3888888888888889,0.3333333333333333,0.6666666666666666,1.7142857142857142,1.0,0.13888888888888887,1.8333333333333333,0.8333333333333333,0.6,0.4545454545454544,0.7619047619047619,12,18,14,HIGH_CHILD_CYBERCRIME,HIGH_EXTORTION_MOTIVE + HIGH_SEC66D_CHEATING + HIGH_SEXUAL_EXPLOITATION_MOTIVE,HIGH_CHILD_CYBERCRIME -> HIGH_EXTORTION_MOTIVE + HIGH_SEC66D_CHEATING + HIGH_SEXUAL_EXPLOITATION_MOTIVE,1,3
0.5,0.3888888888888889,0.3333333333333333,0.6666666666666666,1.7142857142857142,1.0,0.13888888888888887,1.8333333333333333,0.8333333333333333,0.6,0.4545454545454544,0.7619047619047619,12,18,14,HIGH_WOMEN_CYBERCRIME,HIGH_IDENTITY_THEFT + HIGH_SEC66D_CHEATING,HIGH_WOMEN_CYBERCRIME -> HIGH_IDENTITY_THEFT + HIGH_SEC66D_CHEATING,1,2
0.5,0.3888888888888889,0.3333333333333333,0.6666666666666666,1.7142857142857142,1.0,0.13888888888888887,1.8333333333333333,0.8333333333333333,0.6,0.4545454545454544,0.7619047619047619,12,18,14,HIGH_CHILD_CYBERCRIME,HIGH_IDENTITY_THEFT + HIGH_SEC66D_CHEATING,HIGH_CHILD_CYBERCRIME -> HIGH_IDENTITY_THEFT + HIGH_SEC66D_CHEATING,1,2
0.5,0.3888888888888889,0.3333333333333333,0.6666666666666666,1.7142857142857142,1.0,0.13888888888888887,1.8333333333333333,0.8333333333333333,0.6,0.4545454545454544,0.7619047619047619,12,18,14,HIGH_WOMEN_CYBERCRIME,HIGH_SEC66D_CHEATING + HIGH_SEXUAL_EXPLOITATION_MOTIVE,HIGH_WOMEN_CYBERCRIME -> HIGH_SEC66D_CHEATING + HIGH_SEXUAL_EXPLOITATION_MOTIVE,1,2
0.5,0.3888888888888889,0.3333333333333333,0.6666666666666666,1.7142857142857142,1.0,0.13888888888888887,1.8333333333333333,0.8333333333333333,0.6,0.4545454545454544,0.7619047619047619,12,18,14,HIGH_CHILD_CYBERCRIME,HIGH_SEC66D_CHEATING + HIGH_SEXUAL_EXPLOITATION_MOTIVE,HIGH_CHILD_CYBERCRIME -> HIGH_SEC66D_CHEATING + HIGH_SEXUAL_EXPLOITATION_MOTIVE,1,2
0.5,0.4166666666666667,0.3333333333333333,0.6666666666666666,1.5999999999999999,1.0,0.12499999999999997,1.7499999999999996,0.7499999999999999,0.5714285714285713,0.42857142857142855,0.7333333333333333,12,18,15,HIGH_SEC66D_CHEATING,HIGH_EXTORTION_MOTIVE + HIGH_IDENTITY_THEFT + HIGH_SEXUAL_EXPLOITATION_MOTIVE + HIGH_WOMEN_CYBERCRIME,HIGH_SEC66D_CHEATING -> HIGH_EXTORTION_MOTIVE + HIGH_IDENTITY_THEFT + HIGH_SEXUAL_EXPLOITATION_MOTIVE + HIGH_WOMEN_CYBERCRIME,1,4
0.5,0.4166666666666667,0.3333333333333333,0.6666666666666666,1.5999999999999999,1.0,0.12499999999999997,1.7499999999999996,0.7499999999999999,0.5714285714285713,0.42857142857142855,0.7333333333333333,12,18,15,HIGH_SEC66D_CHEATING,HIGH_CHILD_CYBERCRIME + HIGH_EXTORTION_MOTIVE + HIGH_IDENTITY_THEFT + HIGH_SEXUAL_EXPLOITATION_MOTIVE,HIGH_SEC66D_CHEATING -> HIGH_CHILD_CYBERCRIME + HIGH_EXTORTION_MOTIVE + HIGH_IDENTITY_THEFT + HIGH_SEXUAL_EXPLOITATION_MOTIVE,1,4
0.5,0.4166666666666667,0.3333333333333333,0.6666666666666666,1.5999999999999999,1.0,0.12499999999999997,1.7499999999999996,0.7499999999999999,0.5714285714285713,0.42857142857142855,0.7333333333333333,12,18,15,HIGH_SEC66D_CHEATING,HIGH_EXTORTION_MOTIVE + HIGH_IDENTITY_THEFT + HIGH_WOMEN_CYBERCRIME,HIGH_SEC66D_CHEATING -> HIGH_EXTORTION_MOTIVE + HIGH_IDENTITY_THEFT + HIGH_WOMEN_CYBERCRIME,1,3
0.5,0.4166666666666667,0.3333333333333333,0.6666666666666666,1.5999999999999999,1.0,0.12499999999999997,1.7499999999999996,0.7499999999999999,0.5714285714285713,0.42857142857142855,0.7333333333333333,12,18,15,HIGH_SEC66D_CHEATING,HIGH_CHILD_CYBERCRIME + HIGH_EXTORTION_MOTIVE + HIGH_IDENTITY_THEFT,HIGH_SEC66D_CHEATING -> HIGH_CHILD_CYBERCRIME + HIGH_EXTORTION_MOTIVE + HIGH_IDENTITY_THEFT,1,3
0.5,0.4166666666666667,0.3333333333333333,0.6666666666666666,1.5999999999999999,1.0,0.12499999999999997,1.7499999999999996,0.7499999999999999,0.5714285714285713,0.42857142857142855,0.7333333333333333,12,18,15,HIGH_SEC66D_CHEATING,HIGH_IDENTITY_THEFT + HIGH_SEXUAL_EXPLOITATION_MOTIVE + HIGH_WOMEN_CYBERCRIME,HIGH_SEC66D_CHEATING -> HIGH_IDENTITY_THEFT + HIGH_SEXUAL_EXPLOITATION_MOTIVE + HIGH_WOMEN_CYBERCRIME,1,3
0.5,0.4166666666666667,0.3333333333333333,0.6666666666666666,1.5999999999999999,1.0,0.12499999999999997,1.7499999999999996,0.7499999999999999,0.5714285714285713,0.42857142857142855,0.7333333333333333,12,18,15,HIGH_SEC66D_CHEATING,HIGH_CHILD_CYBERCRIME + HIGH_IDENTITY_THEFT + HIGH_SEXUAL_EXPLOITATION_MOTIVE,HIGH_SEC66D_CHEATING -> HIGH_CHILD_CYBERCRIME + HIGH_IDENTITY_THEFT + HIGH_SEXUAL_EXPLOITATION_MOTIVE,1,3
0.5,0.4166666666666667,0.3333333333333333,0.6666666666666666,1.5999999999999999,1.0,0.12499999999999997,1.7499999999999996,0.7499999999999999,0.5714285714285713,0.42857142857142855,0.7333333333333333,12,18,15,HIGH_SEC66D_CHEATING,HIGH_EXTORTION_MOTIVE + HIGH_SEXUAL_EXPLOITATION_MOTIVE + HIGH_WOMEN_CYBERCRIME,HIGH_SEC66D_CHEATING -> HIGH_EXTORTION_MOTIVE + HIGH_SEXUAL_EXPLOITATION_MOTIVE + HIGH_WOMEN_CYBERCRIME,1,3
0.5,0.4166666666666667,0.3333333333333333,0.6666666666666666,1.5999999999999999,1.0,0.12499999999999997,1.7499999999999996,0.7499999999999999,0.5714285714285713,0.42857142857142855,0.7333333333333333,12,18,15,HIGH_SEC66D_CHEATING,HIGH_CHILD_CYBERCRIME + HIGH_EXTORTION_MOTIVE + HIGH_SEXUAL_EXPLOITATION_MOTIVE,HIGH_SEC66D_CHEATING -> HIGH_CHILD_CYBERCRIME + HIGH_EXTORTION_MOTIVE + HIGH_SEXUAL_EXPLOITATION_MOTIVE,1,3
0.5,0.4166666666666667,0.3333333333333333,0.6666666666666666,1.5999999999999999,1.0,0.12499999999999997,1.7499999999999996,0.7499999999999999,0.5714285714285713,0.42857142857142855,0.7333333333333333,12,18,15,HIGH_SEC66D_CHEATING,HIGH_FRAUD_MOTIVE + HIGH_WOMEN_CYBERCRIME,HIGH_SEC66D_CHEATING -> HIGH_FRAUD_MOTIVE + HIGH_WOMEN_CYBERCRIME,1,2
0.5,0.4166666666666667,0.3333333333333333,0.6666666666666666,1.5999999999999999,1.0,0.12499999999999997,1.7499999999999996,0.7499999999999999,0.5714285714285713,0.42857142857142855,0.7333333333333333,12,18,15,HIGH_WOMEN_CYBERCRIME,HIGH_FRAUD_MOTIVE + HIGH_SEC66D_CHEATING,HIGH_WOMEN_CYBERCRIME -> HIGH_FRAUD_MOTIVE + HIGH_SEC66D_CHEATING,1,2
0.5,0.4166666666666667,0.3333333333333333,0.6666666666666666,1.5999999999999999,1.0,0.12499999999999997,1.7499999999999996,0.7499999999999999,0.5714285714285713,0.42857142857142855,0.7333333333333333,12,18,15,HIGH_SEC66D_CHEATING,HIGH_CHILD_CYBERCRIME + HIGH_FRAUD_MOTIVE,HIGH_SEC66D_CHEATING -> HIGH_CHILD_CYBERCRIME + HIGH_FRAUD_MOTIVE,1,2
0.5,0.4166666666666667,0.3333333333333333,0.6666666666666666,1.5999999999999999,1.0,0.12499999999999997,1.7499999999999996,0.7499999999999999,0.5714285714285713,0.42857142857142855,0.7333333333333333,12,18,15,HIGH_CHILD_CYBERCRIME,HIGH_FRAUD_MOTIVE + HIGH_SEC66D_CHEATING,HIGH_CHILD_CYBERCRIME -> HIGH_FRAUD_MOTIVE + HIGH_SEC66D_CHEATING,1,2
0.5,0.4166666666666667,0.3333333333333333,0.6666666666666666,1.5999999999999999,1.0,0.12499999999999997,1.7499999999999996,0.7499999999999999,0.5714285714285713,0.42857142857142855,0.7333333333333333,12,18,15,HIGH_SEC66D_CHEATING,HIGH_IDENTITY_THEFT + HIGH_WOMEN_CYBERCRIME,HIGH_SEC66D_CHEATING -> HIGH_IDENTITY_THEFT + HIGH_WOMEN_CYBERCRIME,1,2
0.5,0.4166666666666667,0.3333333333333333,0.6666666666666666,1.5999999999999999,1.0,0.12499999999999997,1.7499999999999996,0.7499999999999999,0.5714285714285713,0.42857142857142855,0.7333333333333333,12,18,15,HIGH_SEC66D_CHEATING,HIGH_CHILD_CYBERCRIME + HIGH_IDENTITY_THEFT,HIGH_SEC66D_CHEATING -> HIGH_CHILD_CYBERCRIME + HIGH_IDENTITY_THEFT,1,2
0.5,0.4166666666666667,0.3333333333333333,0.6666666666666666,1.5999999999999999,1.0,0.12499999999999997,1.7499999999999996,0.7499999999999999,0.5714285714285713,0.42857142857142855,0.7333333333333333,12,18,15,HIGH_SEC66D_CHEATING,HIGH_EXTORTION_MOTIVE + HIGH_WOMEN_CYBERCRIME,HIGH_SEC66D_CHEATING -> HIGH_EXTORTION_MOTIVE + HIGH_WOMEN_CYBERCRIME,1,2
0.5,0.4166666666666667,0.3333333333333333,0.6666666666666666,1.5999999999999999,1.0,0.12499999999999997,1.7499999999999996,0.7499999999999999,0.5714285714285713,0.42857142857142855,0.7333333333333333,12,18,15,HIGH_WOMEN_CYBERCRIME,HIGH_EXTORTION_MOTIVE + HIGH_SEC66D_CHEATING,HIGH_WOMEN_CYBERCRIME -> HIGH_EXTORTION_MOTIVE + HIGH_SEC66D_CHEATING,1,2
0.5,0.4166666666666667,0.3333333333333333,0.6666666666666666,1.5999999999999999,1.0,0.12499999999999997,1.7499999999999996,0.7499999999999999,0.5714285714285713,0.42857142857142855,0.7333333333333333,12,18,15,HIGH_SEC66D_CHEATING,HIGH_CHILD_CYBERCRIME + HIGH_EXTORTION_MOTIVE,HIGH_SEC66D_CHEATING -> HIGH_CHILD_CYBERCRIME + HIGH_EXTORTION_MOTIVE,1,2
0.5,0.4166666666666667,0.3333333333333333,0.6666666666666666,1.5999999999999999,1.0,0.12499999999999997,1.7499999999999996,0.7499999999999999,0.5714285714285713,0.42857142857142855,0.7333333333333333,12,18,15,HIGH_CHILD_CYBERCRIME,HIGH_EXTORTION_MOTIVE + HIGH_SEC66D_CHEATING,HIGH_CHILD_CYBERCRIME -> HIGH_EXTORTION_MOTIVE + HIGH_SEC66D_CHEATING,1,2
0.5,0.4444444444444444,0.3333333333333333,0.6666666666666666,1.5,1.0,0.1111111111111111,1.6666666666666665,0.6666666666666666,0.5454545454545454,0.39999999999999997,0.7083333333333333,12,18,16,HIGH_SEC66D_CHEATING,HIGH_SEXUAL_EXPLOITATION_MOTIVE + HIGH_WOMEN_CYBERCRIME,HIGH_SEC66D_CHEATING -> HIGH_SEXUAL_EXPLOITATION_MOTIVE + HIGH_WOMEN_CYBERCRIME,1,2
0.5,0.4444444444444444,0.3333333333333333,0.6666666666666666,1.5,1.0,0.1111111111111111,1.6666666666666665,0.6666666666666666,0.5454545454545454,0.39999999999999997,0.7083333333333333,12,18,16,HIGH_SEC66D_CHEATING,HIGH_CHILD_CYBERCRIME + HIGH_SEXUAL_EXPLOITATION_MOTIVE,HIGH_SEC66D_CHEATING -> HIGH_CHILD_CYBERCRIME + HIGH_SEXUAL_EXPLOITATION_MOTIVE,1,2
0.5,0.5,0.3333333333333333,0.6666666666666666,1.3333333333333333,1.0,0.08333333333333331,1.4999999999999998,0.4999999999999999,0.49999999999999994,0.33333333333333326,0.6666666666666666,12,18,18,HIGH_SEC66D_CHEATING,HIGH_WOMEN_CYBERCRIME,HIGH_SEC66D_CHEATING -> HIGH_WOMEN_CYBERCRIME,1,1
0.5,0.5,0.3333333333333333,0.6666666666666666,1.3333333333333333,1.0,0.08333333333333331,1.4999999999999998,0.4999999999999999,0.49999999999999994,0.33333333333333326,0.6666666666666666,12,18,18,HIGH_WOMEN_CYBERCRIME,HIGH_SEC66D_CHEATING,HIGH_WOMEN_CYBERCRIME -> HIGH_SEC66D_CHEATING,1,1
0.5,0.5,0.3333333333333333,0.6666666666666666,1.3333333333333333,1.0,0.08333333333333331,1.4999999999999998,0.4999999999999999,0.49999999999999994,0.33333333333333326,0.6666666666666666,12,18,18,HIGH_SEC66D_CHEATING,HIGH_CHILD_CYBERCRIME,HIGH_SEC66D_CHEATING -> HIGH_CHILD_CYBERCRIME,1,1
0.5,0.5,0.3333333333333333,0.6666666666666666,1.3333333333333333,1.0,0.08333333333333331,1.4999999999999998,0.4999999999999999,0.49999999999999994,0.33333333333333326,0.6666666666666666,12,18,18,HIGH_CHILD_CYBERCRIME,HIGH_SEC66D_CHEATING,HIGH_CHILD_CYBERCRIME -> HIGH_SEC66D_CHEATING,1,1
0.4722222222222222,0.3055555555555556,0.3055555555555556,0.6470588235294118,2.1176470588235294,1.0,0.16126543209876545,1.9675925925925928,1.0,0.6470588235294118,0.491764705882353,0.8235294117647058,11,17,11,HIGH_EXTORTION_MOTIVE + HIGH_IDENTITY_THEFT,HIGH_CHILD_CYBERCRIME + HIGH_FRAUD_MOTIVE + HIGH_SEC66D_CHEATING + HIGH_SEXUAL_EXPLOITATION_MOTIVE + HIGH_WOMEN_CYBERCRIME,HIGH_EXTORTION_MOTIVE + HIGH_IDENTITY_THEFT -> HIGH_CHILD_CYBERCRIME + HIGH_FRAUD_MOTIVE + HIGH_SEC66D_CHEATING + HIGH_SEXUAL_EXPLOITATION_MOTIVE + HIGH_WOMEN_CYBERCRIME,2,5
0.4722222222222222,0.3055555555555556,0.3055555555555556,0.6470588235294118,2.1176470588235294,1.0,0.16126543209876545,1.9675925925925928,1.0,0.6470588235294118,0.491764705882353,0.8235294117647058,11,17,11,HIGH_EXTORTION_MOTIVE + HIGH_SEXUAL_EXPLOITATION_MOTIVE,HIGH_CHILD_CYBERCRIME + HIGH_FRAUD_MOTIVE + HIGH_IDENTITY_THEFT + HIGH_SEC66D_CHEATING + HIGH_WOMEN_CYBERCRIME,HIGH_EXTORTION_MOTIVE + HIGH_SEXUAL_EXPLOITATION_MOTIVE -> HIGH_CHILD_CYBERCRIME + HIGH_FRAUD_MOTIVE + HIGH_IDENTITY_THEFT + HIGH_SEC66D_CHEATING + HIGH_WOMEN_CYBERCRIME,2,5
0.4722222222222222,0.3055555555555556,0.3055555555555556,0.6470588235294118,2.1176470588235294,1.0,0.16126543209876545,1.9675925925925928,1.0,0.6470588235294118,0.491764705882353,0.8235294117647058,11,17,11,HIGH_EXTORTION_MOTIVE + HIGH_IDENTITY_THEFT,HIGH_CHILD_CYBERCRIME + HIGH_FRAUD_MOTIVE + HIGH_SEC66D_CHEATING + HIGH_WOMEN_CYBERCRIME,HIGH_EXTORTION_MOTIVE + HIGH_IDENTITY_THEFT -> HIGH_CHILD_CYBERCRIME + HIGH_FRAUD_MOTIVE + HIGH_SEC66D_CHEATING + HIGH_WOMEN_CYBERCRIME,2,4
0.4722222222222222,0.3055555555555556,0.3055555555555556,0.6470588235294118,2.1176470588235294,1.0,0.16126543209876545,1.9675925925925928,1.0,0.6470588235294118,0.491764705882353,0.8235294117647058,11,17,11,HIGH_EXTORTION_MOTIVE + HIGH_SEXUAL_EXPLOITATION_MOTIVE,HIGH_CHILD_CYBERCRIME + HIGH_FRAUD_MOTIVE + HIGH_SEC66D_CHEATING + HIGH_WOMEN_CYBERCRIME,HIGH_EXTORTION_MOTIVE + HIGH_SEXUAL_EXPLOITATION_MOTIVE -> HIGH_CHILD_CYBERCRIME + HIGH_FRAUD_MOTIVE + HIGH_SEC66D_CHEATING + HIGH_WOMEN_CYBERCRIME,2,4
0.4722222222222222,0.3055555555555556,0.3055555555555556,0.6470588235294118,2.1176470588235294,1.0,0.16126543209876545,1.9675925925925928,1.0,0.6470588235294118,0.491764705882353,0.8235294117647058,11,17,11,HIGH_EXTORTION_MOTIVE + HIGH_IDENTITY_THEFT,HIGH_CHILD_CYBERCRIME + HIGH_SEC66D_CHEATING + HIGH_SEXUAL_EXPLOITATION_MOTIVE + HIGH_WOMEN_CYBERCRIME,HIGH_EXTORTION_MOTIVE + HIGH_IDENTITY_THEFT -> HIGH_CHILD_CYBERCRIME + HIGH_SEC66D_CHEATING + HIGH_SEXUAL_EXPLOITATION_MOTIVE + HIGH_WOMEN_CYBERCRIME,2,4
0.4722222222222222,0.3055555555555556,0.3055555555555556,0.6470588235294118,2.1176470588235294,1.0,0.16126543209876545,1.9675925925925928,1.0,0.6470588235294118,0.491764705882353,0.8235294117647058,11,17,11,HIGH_EXTORTION_MOTIVE + HIGH_SEXUAL_EXPLOITATION_MOTIVE,HIGH_CHILD_CYBERCRIME + HIGH_IDENTITY_THEFT + HIGH_SEC66D_CHEATING + HIGH_WOMEN_CYBERCRIME,HIGH_EXTORTION_MOTIVE + HIGH_SEXUAL_EXPLOITATION_MOTIVE -> HIGH_CHILD_CYBERCRIME + HIGH_IDENTITY_THEFT + HIGH_SEC66D_CHEATING + HIGH_WOMEN_CYBERCRIME,2,4
0.4722222222222222,0.3055555555555556,0.3055555555555556,0.6470588235294118,2.1176470588235294,1.0,0.16126543209876545,1.9675925925925928,1.0,0.6470588235294118,0.491764705882353,0.8235294117647058,11,17,11,HIGH_EXTORTION_MOTIVE + HIGH_IDENTITY_THEFT,HIGH_CHILD_CYBERCRIME + HIGH_SEC66D_CHEATING + HIGH_WOMEN_CYBERCRIME,HIGH_EXTORTION_MOTIVE + HIGH_IDENTITY_THEFT -> HIGH_CHILD_CYBERCRIME + HIGH_SEC66D_CHEATING + HIGH_WOMEN_CYBERCRIME,2,3
0.4722222222222222,0.3055555555555556,0.3055555555555556,0.6470588235294118,2.1176470588235294,1.0,0.16126543209876545,1.9675925925925928,1.0,0.6470588235294118,0.491764705882353,0.8235294117647058,11,17,11,HIGH_EXTORTION_MOTIVE + HIGH_SEXUAL_EXPLOITATION_MOTIVE,HIGH_CHILD_CYBERCRIME + HIGH_SEC66D_CHEATING + HIGH_WOMEN_CYBERCRIME,HIGH_EXTORTION_MOTIVE + HIGH_SEXUAL_EXPLOITATION_MOTIVE -> HIGH_CHILD_CYBERCRIME + HIGH_SEC66D_CHEATING + HIGH_WOMEN_CYBERCRIME,2,3
0.5277777777777778,0.3333333333333333,0.3333333333333333,0.631578947368421,1.894736842105263,1.0,0.15740740740740738,1.8095238095238095,1.0,0.6315789473684209,0.4473684210526315,0.8157894736842105,12,19,12,HIGH_IDENTITY_THEFT,HIGH_EXTORTION_MOTIVE + HIGH_FRAUD_MOTIVE + HIGH_SEC66D_CHEATING + HIGH_SEXUAL_EXPLOITATION_MOTIVE + HIGH_WOMEN_CYBERCRIME,HIGH_IDENTITY_THEFT -> HIGH_EXTORTION_MOTIVE + HIGH_FRAUD_MOTIVE + HIGH_SEC66D_CHEATING + HIGH_SEXUAL_EXPLOITATION_MOTIVE + HIGH_WOMEN_CYBERCRIME,1,5
0.5277777777777778,0.3333333333333333,0.3333333333333333,0.631578947368421,1.894736842105263,1.0,0.15740740740740738,1.8095238095238095,1.0,0.6315789473684209,0.4473684210526315,0.8157894736842105,12,19,12,HIGH_IDENTITY_THEFT,HIGH_CHILD_CYBERCRIME + HIGH_EXTORTION_MOTIVE + HIGH_FRAUD_MOTIVE + HIGH_SEC66D_CHEATING + HIGH_SEXUAL_EXPLOITATION_MOTIVE,HIGH_IDENTITY_THEFT -> HIGH_CHILD_CYBERCRIME + HIGH_EXTORTION_MOTIVE + HIGH_FRAUD_MOTIVE + HIGH_SEC66D_CHEATING + HIGH_SEXUAL_EXPLOITATION_MOTIVE,1,5
0.5277777777777778,0.3333333333333333,0.3333333333333333,0.631578947368421,1.894736842105263,1.0,0.15740740740740738,1.8095238095238095,1.0,0.6315789473684209,0.4473684210526315,0.8157894736842105,12,19,12,HIGH_IDENTITY_THEFT,HIGH_EXTORTION_MOTIVE + HIGH_FRAUD_MOTIVE + HIGH_SEC66D_CHEATING + HIGH_WOMEN_CYBERCRIME,HIGH_IDENTITY_THEFT -> HIGH_EXTORTION_MOTIVE + HIGH_FRAUD_MOTIVE + HIGH_SEC66D_CHEATING + HIGH_WOMEN_CYBERCRIME,1,4
0.5277777777777778,0.3333333333333333,0.3333333333333333,0.631578947368421,1.894736842105263,1.0,0.15740740740740738,1.8095238095238095,1.0,0.6315789473684209,0.4473684210526315,0.8157894736842105,12,19,12,HIGH_IDENTITY_THEFT,HIGH_CHILD_CYBERCRIME + HIGH_EXTORTION_MOTIVE + HIGH_FRAUD_MOTIVE + HIGH_SEC66D_CHEATING,HIGH_IDENTITY_THEFT -> HIGH_CHILD_CYBERCRIME + HIGH_EXTORTION_MOTIVE + HIGH_FRAUD_MOTIVE + HIGH_SEC66D_CHEATING,1,4
0.5277777777777778,0.3333333333333333,0.3333333333333333,0.631578947368421,1.894736842105263,1.0,0.15740740740740738,1.8095238095238095,1.0,0.6315789473684209,0.4473684210526315,0.8157894736842105,12,19,12,HIGH_IDENTITY_THEFT,HIGH_FRAUD_MOTIVE + HIGH_SEC66D_CHEATING + HIGH_SEXUAL_EXPLOITATION_MOTIVE + HIGH_WOMEN_CYBERCRIME,HIGH_IDENTITY_THEFT -> HIGH_FRAUD_MOTIVE + HIGH_SEC66D_CHEATING + HIGH_SEXUAL_EXPLOITATION_MOTIVE + HIGH_WOMEN_CYBERCRIME,1,4
0.5277777777777778,0.3333333333333333,0.3333333333333333,0.631578947368421,1.894736842105263,1.0,0.15740740740740738,1.8095238095238095,1.0,0.6315789473684209,0.4473684210526315,0.8157894736842105,12,19,12,HIGH_IDENTITY_THEFT,HIGH_CHILD_CYBERCRIME + HIGH_FRAUD_MOTIVE + HIGH_SEC66D_CHEATING + HIGH_SEXUAL_EXPLOITATION_MOTIVE,HIGH_IDENTITY_THEFT -> HIGH_CHILD_CYBERCRIME + HIGH_FRAUD_MOTIVE + HIGH_SEC66D_CHEATING + HIGH_SEXUAL_EXPLOITATION_MOTIVE,1,4
0.5277777777777778,0.3333333333333333,0.3333333333333333,0.631578947368421,1.894736842105263,1.0,0.15740740740740738,1.8095238095238095,1.0,0.6315789473684209,0.4473684210526315,0.8157894736842105,12,19,12,HIGH_IDENTITY_THEFT,HIGH_EXTORTION_MOTIVE + HIGH_SEC66D_CHEATING + HIGH_SEXUAL_EXPLOITATION_MOTIVE + HIGH_WOMEN_CYBERCRIME,HIGH_IDENTITY_THEFT -> HIGH_EXTORTION_MOTIVE + HIGH_SEC66D_CHEATING + HIGH_SEXUAL_EXPLOITATION_MOTIVE + HIGH_WOMEN_CYBERCRIME,1,4
0.5277777777777778,0.3333333333333333,0.3333333333333333,0.631578947368421,1.894736842105263,1.0,0.15740740740740738,1.8095238095238095,1.0,0.6315789473684209,0.4473684210526315,0.8157894736842105,12,19,12,HIGH_IDENTITY_THEFT,HIGH_CHILD_CYBERCRIME + HIGH_EXTORTION_MOTIVE + HIGH_SEC66D_CHEATING + HIGH_SEXUAL_EXPLOITATION_MOTIVE,HIGH_IDENTITY_THEFT -> HIGH_CHILD_CYBERCRIME + HIGH_EXTORTION_MOTIVE + HIGH_SEC66D_CHEATING + HIGH_SEXUAL_EXPLOITATION_MOTIVE,1,4
0.5277777777777778,0.3333333333333333,0.3333333333333333,0.631578947368421,1.894736842105263,1.0,0.15740740740740738,1.8095238095238095,1.0,0.6315789473684209,0.4473684210526315,0.8157894736842105,12,19,12,HIGH_IDENTITY_THEFT,HIGH_FRAUD_MOTIVE + HIGH_SEC66D_CHEATING + HIGH_WOMEN_CYBERCRIME,HIGH_IDENTITY_THEFT -> HIGH_FRAUD_MOTIVE + HIGH_SEC66D_CHEATING + HIGH_WOMEN_CYBERCRIME,1,3
0.5277777777777778,0.3333333333333333,0.3333333333333333,0.631578947368421,1.894736842105263,1.0,0.15740740740740738,1.8095238095238095,1.0,0.6315789473684209,0.4473684210526315,0.8157894736842105,12,19,12,HIGH_IDENTITY_THEFT,HIGH_CHILD_CYBERCRIME + HIGH_FRAUD_MOTIVE + HIGH_SEC66D_CHEATING,HIGH_IDENTITY_THEFT -> HIGH_CHILD_CYBERCRIME + HIGH_FRAUD_MOTIVE + HIGH_SEC66D_CHEATING,1,3
0.5277777777777778,0.3333333333333333,0.3333333333333333,0.631578947368421,1.894736842105263,1.0,0.15740740740740738,1.8095238095238095,1.0,0.6315789473684209,0.4473684210526315,0.8157894736842105,12,19,12,HIGH_IDENTITY_THEFT,HIGH_EXTORTION_MOTIVE + HIGH_SEC66D_CHEATING + HIGH_WOMEN_CYBERCRIME,HIGH_IDENTITY_THEFT -> HIGH_EXTORTION_MOTIVE + HIGH_SEC66D_CHEATING + HIGH_WOMEN_CYBERCRIME,1,3
0.5277777777777778,0.3333333333333333,0.3333333333333333,0.631578947368421,1.894736842105263,1.0,0.15740740740740738,1.8095238095238095,1.0,0.6315789473684209,0.4473684210526315,0.8157894736842105,12,19,12,HIGH_IDENTITY_THEFT,HIGH_CHILD_CYBERCRIME + HIGH_EXTORTION_MOTIVE + HIGH_SEC66D_CHEATING,HIGH_IDENTITY_THEFT -> HIGH_CHILD_CYBERCRIME + HIGH_EXTORTION_MOTIVE + HIGH_SEC66D_CHEATING,1,3
0.5277777777777778,0.3333333333333333,0.3333333333333333,0.631578947368421,1.894736842105263,1.0,0.15740740740740738,1.8095238095238095,1.0,0.6315789473684209,0.4473684210526315,0.8157894736842105,12,19,12,HIGH_IDENTITY_THEFT,HIGH_SEC66D_CHEATING + HIGH_SEXUAL_EXPLOITATION_MOTIVE + HIGH_WOMEN_CYBERCRIME,HIGH_IDENTITY_THEFT -> HIGH_SEC66D_CHEATING + HIGH_SEXUAL_EXPLOITATION_MOTIVE + HIGH_WOMEN_CYBERCRIME,1,3
0.5277777777777778,0.3333333333333333,0.3333333333333333,0.631578947368421,1.894736842105263,1.0,0.15740740740740738,1.8095238095238095,1.0,0.6315789473684209,0.4473684210526315,0.8157894736842105,12,19,12,HIGH_IDENTITY_THEFT,HIGH_CHILD_CYBERCRIME + HIGH_SEC66D_CHEATING + HIGH_SEXUAL_EXPLOITATION_MOTIVE,HIGH_IDENTITY_THEFT -> HIGH_CHILD_CYBERCRIME + HIGH_SEC66D_CHEATING + HIGH_SEXUAL_EXPLOITATION_MOTIVE,1,3
0.5277777777777778,0.3333333333333333,0.3333333333333333,0.631578947368421,1.894736842105263,1.0,0.15740740740740738,1.8095238095238095,1.0,0.6315789473684209,0.4473684210526315,0.8157894736842105,12,19,12,HIGH_IDENTITY_THEFT,HIGH_SEC66D_CHEATING + HIGH_WOMEN_CYBERCRIME,HIGH_IDENTITY_THEFT -> HIGH_SEC66D_CHEATING + HIGH_WOMEN_CYBERCRIME,1,2
0.5277777777777778,0.3333333333333333,0.3333333333333333,0.631578947368421,1.894736842105263,1.0,0.15740740740740738,1.8095238095238095,1.0,0.6315789473684209,0.4473684210526315,0.8157894736842105,12,19,12,HIGH_IDENTITY_THEFT,HIGH_CHILD_CYBERCRIME + HIGH_SEC66D_CHEATING,HIGH_IDENTITY_THEFT -> HIGH_CHILD_CYBERCRIME + HIGH_SEC66D_CHEATING,1,2
0.5,0.3055555555555556,0.3055555555555556,0.6111111111111112,2.0,1.0,0.1527777777777778,1.7857142857142858,1.0,0.6111111111111112,0.44000000000000006,0.8055555555555556,11,18,11,HIGH_EXTORTION_MOTIVE,HIGH_CHILD_CYBERCRIME + HIGH_FRAUD_MOTIVE + HIGH_IDENTITY_THEFT + HIGH_SEC66D_CHEATING + HIGH_SEXUAL_EXPLOITATION_MOTIVE + HIGH_WOMEN_CYBERCRIME,HIGH_EXTORTION_MOTIVE -> HIGH_CHILD_CYBERCRIME + HIGH_FRAUD_MOTIVE + HIGH_IDENTITY_THEFT + HIGH_SEC66D_CHEATING + HIGH_SEXUAL_EXPLOITATION_MOTIVE + HIGH_WOMEN_CYBERCRIME,1,6
0.5,0.3055555555555556,0.3055555555555556,0.6111111111111112,2.0,1.0,0.1527777777777778,1.7857142857142858,1.0,0.6111111111111112,0.44000000000000006,0.8055555555555556,11,18,11,HIGH_FRAUD_MOTIVE,HIGH_CHILD_CYBERCRIME + HIGH_EXTORTION_MOTIVE + HIGH_IDENTITY_THEFT + HIGH_SEC66D_CHEATING + HIGH_SEXUAL_EXPLOITATION_MOTIVE + HIGH_WOMEN_CYBERCRIME,HIGH_FRAUD_MOTIVE -> HIGH_CHILD_CYBERCRIME + HIGH_EXTORTION_MOTIVE + HIGH_IDENTITY_THEFT + HIGH_SEC66D_CHEATING + HIGH_SEXUAL_EXPLOITATION_MOTIVE + HIGH_WOMEN_CYBERCRIME,1,6
0.5,0.3055555555555556,0.3055555555555556,0.6111111111111112,2.0,1.0,0.1527777777777778,1.7857142857142858,1.0,0.6111111111111112,0.44000000000000006,0.8055555555555556,11,18,11,HIGH_SEXUAL_EXPLOITATION_MOTIVE,HIGH_CHILD_CYBERCRIME + HIGH_EXTORTION_MOTIVE + HIGH_FRAUD_MOTIVE + HIGH_IDENTITY_THEFT + HIGH_SEC66D_CHEATING + HIGH_WOMEN_CYBERCRIME,HIGH_SEXUAL_EXPLOITATION_MOTIVE -> HIGH_CHILD_CYBERCRIME + HIGH_EXTORTION_MOTIVE + HIGH_FRAUD_MOTIVE + HIGH_IDENTITY_THEFT + HIGH_SEC66D_CHEATING + HIGH_WOMEN_CYBERCRIME,1,6
0.5,0.3055555555555556,0.3055555555555556,0.6111111111111112,2.0,1.0,0.1527777777777778,1.7857142857142858,1.0,0.6111111111111112,0.44000000000000006,0.8055555555555556,11,18,11,HIGH_EXTORTION_MOTIVE,HIGH_CHILD_CYBERCRIME + HIGH_FRAUD_MOTIVE + HIGH_IDENTITY_THEFT + HIGH_SEC66D_CHEATING + HIGH_WOMEN_CYBERCRIME,HIGH_EXTORTION_MOTIVE -> HIGH_CHILD_CYBERCRIME + HIGH_FRAUD_MOTIVE + HIGH_IDENTITY_THEFT + HIGH_SEC66D_CHEATING + HIGH_WOMEN_CYBERCRIME,1,5
0.5,0.3055555555555556,0.3055555555555556,0.6111111111111112,2.0,1.0,0.1527777777777778,1.7857142857142858,1.0,0.6111111111111112,0.44000000000000006,0.8055555555555556,11,18,11,HIGH_FRAUD_MOTIVE,HIGH_CHILD_CYBERCRIME + HIGH_EXTORTION_MOTIVE + HIGH_IDENTITY_THEFT + HIGH_SEC66D_CHEATING + HIGH_WOMEN_CYBERCRIME,HIGH_FRAUD_MOTIVE -> HIGH_CHILD_CYBERCRIME + HIGH_EXTORTION_MOTIVE + HIGH_IDENTITY_THEFT + HIGH_SEC66D_CHEATING + HIGH_WOMEN_CYBERCRIME,1,5
0.5,0.3055555555555556,0.3055555555555556,0.6111111111111112,2.0,1.0,0.1527777777777778,1.7857142857142858,1.0,0.6111111111111112,0.44000000000000006,0.8055555555555556,11,18,11,HIGH_FRAUD_MOTIVE,HIGH_CHILD_CYBERCRIME + HIGH_IDENTITY_THEFT + HIGH_SEC66D_CHEATING + HIGH_SEXUAL_EXPLOITATION_MOTIVE + HIGH_WOMEN_CYBERCRIME,HIGH_FRAUD_MOTIVE -> HIGH_CHILD_CYBERCRIME + HIGH_IDENTITY_THEFT + HIGH_SEC66D_CHEATING + HIGH_SEXUAL_EXPLOITATION_MOTIVE + HIGH_WOMEN_CYBERCRIME,1,5
0.5,0.3055555555555556,0.3055555555555556,0.6111111111111112,2.0,1.0,0.1527777777777778,1.7857142857142858,1.0,0.6111111111111112,0.44000000000000006,0.8055555555555556,11,18,11,HIGH_SEXUAL_EXPLOITATION_MOTIVE,HIGH_CHILD_CYBERCRIME + HIGH_FRAUD_MOTIVE + HIGH_IDENTITY_THEFT + HIGH_SEC66D_CHEATING + HIGH_WOMEN_CYBERCRIME,HIGH_SEXUAL_EXPLOITATION_MOTIVE -> HIGH_CHILD_CYBERCRIME + HIGH_FRAUD_MOTIVE + HIGH_IDENTITY_THEFT + HIGH_SEC66D_CHEATING + HIGH_WOMEN_CYBERCRIME,1,5
0.5,0.3055555555555556,0.3055555555555556,0.6111111111111112,2.0,1.0,0.1527777777777778,1.7857142857142858,1.0,0.6111111111111112,0.44000000000000006,0.8055555555555556,11,18,11,HIGH_EXTORTION_MOTIVE,HIGH_CHILD_CYBERCRIME + HIGH_FRAUD_MOTIVE + HIGH_SEC66D_CHEATING + HIGH_SEXUAL_EXPLOITATION_MOTIVE + HIGH_WOMEN_CYBERCRIME,HIGH_EXTORTION_MOTIVE -> HIGH_CHILD_CYBERCRIME + HIGH_FRAUD_MOTIVE + HIGH_SEC66D_CHEATING + HIGH_SEXUAL_EXPLOITATION_MOTIVE + HIGH_WOMEN_CYBERCRIME,1,5
0.5,0.3055555555555556,0.3055555555555556,0.6111111111111112,2.0,1.0,0.1527777777777778,1.7857142857142858,1.0,0.6111111111111112,0.44000000000000006,0.8055555555555556,11,18,11,HIGH_FRAUD_MOTIVE,HIGH_CHILD_CYBERCRIME + HIGH_EXTORTION_MOTIVE + HIGH_SEC66D_CHEATING + HIGH_SEXUAL_EXPLOITATION_MOTIVE + HIGH_WOMEN_CYBERCRIME,HIGH_FRAUD_MOTIVE -> HIGH_CHILD_CYBERCRIME + HIGH_EXTORTION_MOTIVE + HIGH_SEC66D_CHEATING + HIGH_SEXUAL_EXPLOITATION_MOTIVE + HIGH_WOMEN_CYBERCRIME,1,5
0.5,0.3055555555555556,0.3055555555555556,0.6111111111111112,2.0,1.0,0.1527777777777778,1.7857142857142858,1.0,0.6111111111111112,0.44000000000000006,0.8055555555555556,11,18,11,HIGH_SEXUAL_EXPLOITATION_MOTIVE,HIGH_CHILD_CYBERCRIME + HIGH_EXTORTION_MOTIVE + HIGH_FRAUD_MOTIVE + HIGH_SEC66D_CHEATING + HIGH_WOMEN_CYBERCRIME,HIGH_SEXUAL_EXPLOITATION_MOTIVE -> HIGH_CHILD_CYBERCRIME + HIGH_EXTORTION_MOTIVE + HIGH_FRAUD_MOTIVE + HIGH_SEC66D_CHEATING + HIGH_WOMEN_CYBERCRIME,1,5
0.5,0.3055555555555556,0.3055555555555556,0.6111111111111112,2.0,1.0,0.1527777777777778,1.7857142857142858,1.0,0.6111111111111112,0.44000000000000006,0.8055555555555556,11,18,11,HIGH_EXTORTION_MOTIVE,HIGH_CHILD_CYBERCRIME + HIGH_IDENTITY_THEFT + HIGH_SEC66D_CHEATING + HIGH_SEXUAL_EXPLOITATION_MOTIVE + HIGH_WOMEN_CYBERCRIME,HIGH_EXTORTION_MOTIVE -> HIGH_CHILD_CYBERCRIME + HIGH_IDENTITY_THEFT + HIGH_SEC66D_CHEATING + HIGH_SEXUAL_EXPLOITATION_MOTIVE + HIGH_WOMEN_CYBERCRIME,1,5
0.5,0.3055555555555556,0.3055555555555556,0.6111111111111112,2.0,1.0,0.1527777777777778,1.7857142857142858,1.0,0.6111111111111112,0.44000000000000006,0.8055555555555556,11,18,11,HIGH_SEXUAL_EXPLOITATION_MOTIVE,HIGH_CHILD_CYBERCRIME + HIGH_EXTORTION_MOTIVE + HIGH_IDENTITY_THEFT + HIGH_SEC66D_CHEATING + HIGH_WOMEN_CYBERCRIME,HIGH_SEXUAL_EXPLOITATION_MOTIVE -> HIGH_CHILD_CYBERCRIME + HIGH_EXTORTION_MOTIVE + HIGH_IDENTITY_THEFT + HIGH_SEC66D_CHEATING + HIGH_WOMEN_CYBERCRIME,1,5
0.5,0.3055555555555556,0.3055555555555556,0.6111111111111112,2.0,1.0,0.1527777777777778,1.7857142857142858,1.0,0.6111111111111112,0.44000000000000006,0.8055555555555556,11,18,11,HIGH_FRAUD_MOTIVE,HIGH_CHILD_CYBERCRIME + HIGH_IDENTITY_THEFT + HIGH_SEC66D_CHEATING + HIGH_WOMEN_CYBERCRIME,HIGH_FRAUD_MOTIVE -> HIGH_CHILD_CYBERCRIME + HIGH_IDENTITY_THEFT + HIGH_SEC66D_CHEATING + HIGH_WOMEN_CYBERCRIME,1,4
0.5,0.3055555555555556,0.3055555555555556,0.6111111111111112,2.0,1.0,0.1527777777777778,1.7857142857142858,1.0,0.6111111111111112,0.44000000000000006,0.8055555555555556,11,18,11,HIGH_EXTORTION_MOTIVE,HIGH_CHILD_CYBERCRIME + HIGH_FRAUD_MOTIVE + HIGH_SEC66D_CHEATING + HIGH_WOMEN_CYBERCRIME,HIGH_EXTORTION_MOTIVE -> HIGH_CHILD_CYBERCRIME + HIGH_FRAUD_MOTIVE + HIGH_SEC66D_CHEATING + HIGH_WOMEN_CYBERCRIME,1,4
0.5,0.3055555555555556,0.3055555555555556,0.6111111111111112,2.0,1.0,0.1527777777777778,1.7857142857142858,1.0,0.6111111111111112,0.44000000000000006,0.8055555555555556,11,18,11,HIGH_FRAUD_MOTIVE,HIGH_CHILD_CYBERCRIME + HIGH_EXTORTION_MOTIVE + HIGH_SEC66D_CHEATING + HIGH_WOMEN_CYBERCRIME,HIGH_FRAUD_MOTIVE -> HIGH_CHILD_CYBERCRIME + HIGH_EXTORTION_MOTIVE + HIGH_SEC66D_CHEATING + HIGH_WOMEN_CYBERCRIME,1,4
0.5,0.3055555555555556,0.3055555555555556,0.6111111111111112,2.0,1.0,0.1527777777777778,1.7857142857142858,1.0,0.6111111111111112,0.44000000000000006,0.8055555555555556,11,18,11,HIGH_FRAUD_MOTIVE,HIGH_CHILD_CYBERCRIME + HIGH_SEC66D_CHEATING + HIGH_SEXUAL_EXPLOITATION_MOTIVE + HIGH_WOMEN_CYBERCRIME,HIGH_FRAUD_MOTIVE -> HIGH_CHILD_CYBERCRIME + HIGH_SEC66D_CHEATING + HIGH_SEXUAL_EXPLOITATION_MOTIVE + HIGH_WOMEN_CYBERCRIME,1,4
0.5,0.3055555555555556,0.3055555555555556,0.6111111111111112,2.0,1.0,0.1527777777777778,1.7857142857142858,1.0,0.6111111111111112,0.44000000000000006,0.8055555555555556,11,18,11,HIGH_SEXUAL_EXPLOITATION_MOTIVE,HIGH_CHILD_CYBERCRIME + HIGH_FRAUD_MOTIVE + HIGH_SEC66D_CHEATING + HIGH_WOMEN_CYBERCRIME,HIGH_SEXUAL_EXPLOITATION_MOTIVE -> HIGH_CHILD_CYBERCRIME + HIGH_FRAUD_MOTIVE + HIGH_SEC66D_CHEATING + HIGH_WOMEN_CYBERCRIME,1,4
0.5,0.3055555555555556,0.3055555555555556,0.6111111111111112,2.0,1.0,0.1527777777777778,1.7857142857142858,1.0,0.6111111111111112,0.44000000000000006,0.8055555555555556,11,18,11,HIGH_EXTORTION_MOTIVE,HIGH_CHILD_CYBERCRIME + HIGH_IDENTITY_THEFT + HIGH_SEC66D_CHEATING + HIGH_WOMEN_CYBERCRIME,HIGH_EXTORTION_MOTIVE -> HIGH_CHILD_CYBERCRIME + HIGH_IDENTITY_THEFT + HIGH_SEC66D_CHEATING + HIGH_WOMEN_CYBERCRIME,1,4
0.5,0.3055555555555556,0.3055555555555556,0.6111111111111112,2.0,1.0,0.1527777777777778,1.7857142857142858,1.0,0.6111111111111112,0.44000000000000006,0.8055555555555556,11,18,11,HIGH_SEXUAL_EXPLOITATION_MOTIVE,HIGH_CHILD_CYBERCRIME + HIGH_IDENTITY_THEFT + HIGH_SEC66D_CHEATING + HIGH_WOMEN_CYBERCRIME,HIGH_SEXUAL_EXPLOITATION_MOTIVE -> HIGH_CHILD_CYBERCRIME + HIGH_IDENTITY_THEFT + HIGH_SEC66D_CHEATING + HIGH_WOMEN_CYBERCRIME,1,4
0.5,0.3055555555555556,0.3055555555555556,0.6111111111111112,2.0,1.0,0.1527777777777778,1.7857142857142858,1.0,0.6111111111111112,0.44000000000000006,0.8055555555555556,11,18,11,HIGH_EXTORTION_MOTIVE,HIGH_CHILD_CYBERCRIME + HIGH_SEC66D_CHEATING + HIGH_SEXUAL_EXPLOITATION_MOTIVE + HIGH_WOMEN_CYBERCRIME,HIGH_EXTORTION_MOTIVE -> HIGH_CHILD_CYBERCRIME + HIGH_SEC66D_CHEATING + HIGH_SEXUAL_EXPLOITATION_MOTIVE + HIGH_WOMEN_CYBERCRIME,1,4
0.5,0.3055555555555556,0.3055555555555556,0.6111111111111112,2.0,1.0,0.1527777777777778,1.7857142857142858,1.0,0.6111111111111112,0.44000000000000006,0.8055555555555556,11,18,11,HIGH_SEXUAL_EXPLOITATION_MOTIVE,HIGH_CHILD_CYBERCRIME + HIGH_EXTORTION_MOTIVE + HIGH_SEC66D_CHEATING + HIGH_WOMEN_CYBERCRIME,HIGH_SEXUAL_EXPLOITATION_MOTIVE -> HIGH_CHILD_CYBERCRIME + HIGH_EXTORTION_MOTIVE + HIGH_SEC66D_CHEATING + HIGH_WOMEN_CYBERCRIME,1,4
0.5,0.3055555555555556,0.3055555555555556,0.6111111111111112,2.0,1.0,0.1527777777777778,1.7857142857142858,1.0,0.6111111111111112,0.44000000000000006,0.8055555555555556,11,18,11,HIGH_FRAUD_MOTIVE,HIGH_CHILD_CYBERCRIME + HIGH_SEC66D_CHEATING + HIGH_WOMEN_CYBERCRIME,HIGH_FRAUD_MOTIVE -> HIGH_CHILD_CYBERCRIME + HIGH_SEC66D_CHEATING + HIGH_WOMEN_CYBERCRIME,1,3
0.5,0.3055555555555556,0.3055555555555556,0.6111111111111112,2.0,1.0,0.1527777777777778,1.7857142857142858,1.0,0.6111111111111112,0.44000000000000006,0.8055555555555556,11,18,11,HIGH_EXTORTION_MOTIVE,HIGH_CHILD_CYBERCRIME + HIGH_SEC66D_CHEATING + HIGH_WOMEN_CYBERCRIME,HIGH_EXTORTION_MOTIVE -> HIGH_CHILD_CYBERCRIME + HIGH_SEC66D_CHEATING + HIGH_WOMEN_CYBERCRIME,1,3
0.5,0.3055555555555556,0.3055555555555556,0.6111111111111112,2.0,1.0,0.1527777777777778,1.7857142857142858,1.0,0.6111111111111112,0.44000000000000006,0.8055555555555556,11,18,11,HIGH_SEXUAL_EXPLOITATION_MOTIVE,HIGH_CHILD_CYBERCRIME + HIGH_SEC66D_CHEATING + HIGH_WOMEN_CYBERCRIME,HIGH_SEXUAL_EXPLOITATION_MOTIVE -> HIGH_CHILD_CYBERCRIME + HIGH_SEC66D_CHEATING + HIGH_WOMEN_CYBERCRIME,1,3
0.5,0.3333333333333333,0.3055555555555556,0.6111111111111112,1.8333333333333335,1.0,0.13888888888888892,1.7142857142857146,0.9090909090909093,0.5789473684210528,0.41666666666666674,0.763888888888889,11,18,12,HIGH_CHILD_CYBERCRIME,HIGH_EXTORTION_MOTIVE + HIGH_FRAUD_MOTIVE + HIGH_IDENTITY_THEFT + HIGH_SEC66D_CHEATING + HIGH_SEXUAL_EXPLOITATION_MOTIVE + HIGH_WOMEN_CYBERCRIME,HIGH_CHILD_CYBERCRIME -> HIGH_EXTORTION_MOTIVE + HIGH_FRAUD_MOTIVE + HIGH_IDENTITY_THEFT + HIGH_SEC66D_CHEATING + HIGH_SEXUAL_EXPLOITATION_MOTIVE + HIGH_WOMEN_CYBERCRIME,1,6
0.5,0.3333333333333333,0.3055555555555556,0.6111111111111112,1.8333333333333335,1.0,0.13888888888888892,1.7142857142857146,0.9090909090909093,0.5789473684210528,0.41666666666666674,0.763888888888889,11,18,12,HIGH_WOMEN_CYBERCRIME,HIGH_CHILD_CYBERCRIME + HIGH_EXTORTION_MOTIVE + HIGH_FRAUD_MOTIVE + HIGH_IDENTITY_THEFT + HIGH_SEC66D_CHEATING + HIGH_SEXUAL_EXPLOITATION_MOTIVE,HIGH_WOMEN_CYBERCRIME -> HIGH_CHILD_CYBERCRIME + HIGH_EXTORTION_MOTIVE + HIGH_FRAUD_MOTIVE + HIGH_IDENTITY_THEFT + HIGH_SEC66D_CHEATING + HIGH_SEXUAL_EXPLOITATION_MOTIVE,1,6
0.5,0.3333333333333333,0.3055555555555556,0.6111111111111112,1.8333333333333335,1.0,0.13888888888888892,1.7142857142857146,0.9090909090909093,0.5789473684210528,0.41666666666666674,0.763888888888889,11,18,12,HIGH_CHILD_CYBERCRIME,HIGH_EXTORTION_MOTIVE + HIGH_FRAUD_MOTIVE + HIGH_IDENTITY_THEFT + HIGH_SEC66D_CHEATING + HIGH_WOMEN_CYBERCRIME,HIGH_CHILD_CYBERCRIME -> HIGH_EXTORTION_MOTIVE + HIGH_FRAUD_MOTIVE + HIGH_IDENTITY_THEFT + HIGH_SEC66D_CHEATING + HIGH_WOMEN_CYBERCRIME,1,5
0.5,0.3333333333333333,0.3055555555555556,0.6111111111111112,1.8333333333333335,1.0,0.13888888888888892,1.7142857142857146,0.9090909090909093,0.5789473684210528,0.41666666666666674,0.763888888888889,11,18,12,HIGH_WOMEN_CYBERCRIME,HIGH_CHILD_CYBERCRIME + HIGH_EXTORTION_MOTIVE + HIGH_FRAUD_MOTIVE + HIGH_IDENTITY_THEFT + HIGH_SEC66D_CHEATING,HIGH_WOMEN_CYBERCRIME -> HIGH_CHILD_CYBERCRIME + HIGH_EXTORTION_MOTIVE + HIGH_FRAUD_MOTIVE + HIGH_IDENTITY_THEFT + HIGH_SEC66D_CHEATING,1,5
0.5,0.3333333333333333,0.3055555555555556,0.6111111111111112,1.8333333333333335,1.0,0.13888888888888892,1.7142857142857146,0.9090909090909093,0.5789473684210528,0.41666666666666674,0.763888888888889,11,18,12,HIGH_CHILD_CYBERCRIME,HIGH_FRAUD_MOTIVE + HIGH_IDENTITY_THEFT + HIGH_SEC66D_CHEATING + HIGH_SEXUAL_EXPLOITATION_MOTIVE + HIGH_WOMEN_CYBERCRIME,HIGH_CHILD_CYBERCRIME -> HIGH_FRAUD_MOTIVE + HIGH_IDENTITY_THEFT + HIGH_SEC66D_CHEATING + HIGH_SEXUAL_EXPLOITATION_MOTIVE + HIGH_WOMEN_CYBERCRIME,1,5
0.5,0.3333333333333333,0.3055555555555556,0.6111111111111112,1.8333333333333335,1.0,0.13888888888888892,1.7142857142857146,0.9090909090909093,0.5789473684210528,0.41666666666666674,0.763888888888889,11,18,12,HIGH_WOMEN_CYBERCRIME,HIGH_CHILD_CYBERCRIME + HIGH_FRAUD_MOTIVE + HIGH_IDENTITY_THEFT + HIGH_SEC66D_CHEATING + HIGH_SEXUAL_EXPLOITATION_MOTIVE,HIGH_WOMEN_CYBERCRIME -> HIGH_CHILD_CYBERCRIME + HIGH_FRAUD_MOTIVE + HIGH_IDENTITY_THEFT + HIGH_SEC66D_CHEATING + HIGH_SEXUAL_EXPLOITATION_MOTIVE,1,5
0.5,0.3333333333333333,0.3055555555555556,0.6111111111111112,1.8333333333333335,1.0,0.13888888888888892,1.7142857142857146,0.9090909090909093,0.5789473684210528,0.41666666666666674,0.763888888888889,11,18,12,HIGH_CHILD_CYBERCRIME,HIGH_EXTORTION_MOTIVE + HIGH_FRAUD_MOTIVE + HIGH_SEC66D_CHEATING + HIGH_SEXUAL_EXPLOITATION_MOTIVE + HIGH_WOMEN_CYBERCRIME,HIGH_CHILD_CYBERCRIME -> HIGH_EXTORTION_MOTIVE + HIGH_FRAUD_MOTIVE + HIGH_SEC66D_CHEATING + HIGH_SEXUAL_EXPLOITATION_MOTIVE + HIGH_WOMEN_CYBERCRIME,1,5
0.5,0.3333333333333333,0.3055555555555556,0.6111111111111112,1.8333333333333335,1.0,0.13888888888888892,1.7142857142857146,0.9090909090909093,0.5789473684210528,0.41666666666666674,0.763888888888889,11,18,12,HIGH_WOMEN_CYBERCRIME,HIGH_CHILD_CYBERCRIME + HIGH_EXTORTION_MOTIVE + HIGH_FRAUD_MOTIVE + HIGH_SEC66D_CHEATING + HIGH_SEXUAL_EXPLOITATION_MOTIVE,HIGH_WOMEN_CYBERCRIME -> HIGH_CHILD_CYBERCRIME + HIGH_EXTORTION_MOTIVE + HIGH_FRAUD_MOTIVE + HIGH_SEC66D_CHEATING + HIGH_SEXUAL_EXPLOITATION_MOTIVE,1,5
0.5,0.3333333333333333,0.3055555555555556,0.6111111111111112,1.8333333333333335,1.0,0.13888888888888892,1.7142857142857146,0.9090909090909093,0.5789473684210528,0.41666666666666674,0.763888888888889,11,18,12,HIGH_CHILD_CYBERCRIME,HIGH_EXTORTION_MOTIVE + HIGH_IDENTITY_THEFT + HIGH_SEC66D_CHEATING + HIGH_SEXUAL_EXPLOITATION_MOTIVE + HIGH_WOMEN_CYBERCRIME,HIGH_CHILD_CYBERCRIME -> HIGH_EXTORTION_MOTIVE + HIGH_IDENTITY_THEFT + HIGH_SEC66D_CHEATING + HIGH_SEXUAL_EXPLOITATION_MOTIVE + HIGH_WOMEN_CYBERCRIME,1,5
0.5,0.3333333333333333,0.3055555555555556,0.6111111111111112,1.8333333333333335,1.0,0.13888888888888892,1.7142857142857146,0.9090909090909093,0.5789473684210528,0.41666666666666674,0.763888888888889,11,18,12,HIGH_WOMEN_CYBERCRIME,HIGH_CHILD_CYBERCRIME + HIGH_EXTORTION_MOTIVE + HIGH_IDENTITY_THEFT + HIGH_SEC66D_CHEATING + HIGH_SEXUAL_EXPLOITATION_MOTIVE,HIGH_WOMEN_CYBERCRIME -> HIGH_CHILD_CYBERCRIME + HIGH_EXTORTION_MOTIVE + HIGH_IDENTITY_THEFT + HIGH_SEC66D_CHEATING + HIGH_SEXUAL_EXPLOITATION_MOTIVE,1,5
0.5,0.3333333333333333,0.3055555555555556,0.6111111111111112,1.8333333333333335,1.0,0.13888888888888892,1.7142857142857146,0.9090909090909093,0.5789473684210528,0.41666666666666674,0.763888888888889,11,18,12,HIGH_CHILD_CYBERCRIME,HIGH_FRAUD_MOTIVE + HIGH_IDENTITY_THEFT + HIGH_SEC66D_CHEATING + HIGH_WOMEN_CYBERCRIME,HIGH_CHILD_CYBERCRIME -> HIGH_FRAUD_MOTIVE + HIGH_IDENTITY_THEFT + HIGH_SEC66D_CHEATING + HIGH_WOMEN_CYBERCRIME,1,4
0.5,0.3333333333333333,0.3055555555555556,0.6111111111111112,1.8333333333333335,1.0,0.13888888888888892,1.7142857142857146,0.9090909090909093,0.5789473684210528,0.41666666666666674,0.763888888888889,11,18,12,HIGH_WOMEN_CYBERCRIME,HIGH_CHILD_CYBERCRIME + HIGH_FRAUD_MOTIVE + HIGH_IDENTITY_THEFT + HIGH_SEC66D_CHEATING,HIGH_WOMEN_CYBERCRIME -> HIGH_CHILD_CYBERCRIME + HIGH_FRAUD_MOTIVE + HIGH_IDENTITY_THEFT + HIGH_SEC66D_CHEATING,1,4
0.5,0.3333333333333333,0.3055555555555556,0.6111111111111112,1.8333333333333335,1.0,0.13888888888888892,1.7142857142857146,0.9090909090909093,0.5789473684210528,0.41666666666666674,0.763888888888889,11,18,12,HIGH_CHILD_CYBERCRIME,HIGH_EXTORTION_MOTIVE + HIGH_FRAUD_MOTIVE + HIGH_SEC66D_CHEATING + HIGH_WOMEN_CYBERCRIME,HIGH_CHILD_CYBERCRIME -> HIGH_EXTORTION_MOTIVE + HIGH_FRAUD_MOTIVE + HIGH_SEC66D_CHEATING + HIGH_WOMEN_CYBERCRIME,1,4
0.5,0.3333333333333333,0.3055555555555556,0.6111111111111112,1.8333333333333335,1.0,0.13888888888888892,1.7142857142857146,0.9090909090909093,0.5789473684210528,0.41666666666666674,0.763888888888889,11,18,12,HIGH_WOMEN_CYBERCRIME,HIGH_CHILD_CYBERCRIME + HIGH_EXTORTION_MOTIVE + HIGH_FRAUD_MOTIVE + HIGH_SEC66D_CHEATING,HIGH_WOMEN_CYBERCRIME -> HIGH_CHILD_CYBERCRIME + HIGH_EXTORTION_MOTIVE + HIGH_FRAUD_MOTIVE + HIGH_SEC66D_CHEATING,1,4
0.5,0.3333333333333333,0.3055555555555556,0.6111111111111112,1.8333333333333335,1.0,0.13888888888888892,1.7142857142857146,0.9090909090909093,0.5789473684210528,0.41666666666666674,0.763888888888889,11,18,12,HIGH_CHILD_CYBERCRIME,HIGH_FRAUD_MOTIVE + HIGH_SEC66D_CHEATING + HIGH_SEXUAL_EXPLOITATION_MOTIVE + HIGH_WOMEN_CYBERCRIME,HIGH_CHILD_CYBERCRIME -> HIGH_FRAUD_MOTIVE + HIGH_SEC66D_CHEATING + HIGH_SEXUAL_EXPLOITATION_MOTIVE + HIGH_WOMEN_CYBERCRIME,1,4
0.5,0.3333333333333333,0.3055555555555556,0.6111111111111112,1.8333333333333335,1.0,0.13888888888888892,1.7142857142857146,0.9090909090909093,0.5789473684210528,0.41666666666666674,0.763888888888889,11,18,12,HIGH_WOMEN_CYBERCRIME,HIGH_CHILD_CYBERCRIME + HIGH_FRAUD_MOTIVE + HIGH_SEC66D_CHEATING + HIGH_SEXUAL_EXPLOITATION_MOTIVE,HIGH_WOMEN_CYBERCRIME -> HIGH_CHILD_CYBERCRIME + HIGH_FRAUD_MOTIVE + HIGH_SEC66D_CHEATING + HIGH_SEXUAL_EXPLOITATION_MOTIVE,1,4
0.5,0.3333333333333333,0.3055555555555556,0.6111111111111112,1.8333333333333335,1.0,0.13888888888888892,1.7142857142857146,0.9090909090909093,0.5789473684210528,0.41666666666666674,0.763888888888889,11,18,12,HIGH_CHILD_CYBERCRIME,HIGH_EXTORTION_MOTIVE + HIGH_IDENTITY_THEFT + HIGH_SEC66D_CHEATING + HIGH_WOMEN_CYBERCRIME,HIGH_CHILD_CYBERCRIME -> HIGH_EXTORTION_MOTIVE + HIGH_IDENTITY_THEFT + HIGH_SEC66D_CHEATING + HIGH_WOMEN_CYBERCRIME,1,4
0.5,0.3333333333333333,0.3055555555555556,0.6111111111111112,1.8333333333333335,1.0,0.13888888888888892,1.7142857142857146,0.9090909090909093,0.5789473684210528,0.41666666666666674,0.763888888888889,11,18,12,HIGH_WOMEN_CYBERCRIME,HIGH_CHILD_CYBERCRIME + HIGH_EXTORTION_MOTIVE + HIGH_IDENTITY_THEFT + HIGH_SEC66D_CHEATING,HIGH_WOMEN_CYBERCRIME -> HIGH_CHILD_CYBERCRIME + HIGH_EXTORTION_MOTIVE + HIGH_IDENTITY_THEFT + HIGH_SEC66D_CHEATING,1,4
0.5,0.3333333333333333,0.3055555555555556,0.6111111111111112,1.8333333333333335,1.0,0.13888888888888892,1.7142857142857146,0.9090909090909093,0.5789473684210528,0.41666666666666674,0.763888888888889,11,18,12,HIGH_CHILD_CYBERCRIME,HIGH_IDENTITY_THEFT + HIGH_SEC66D_CHEATING + HIGH_SEXUAL_EXPLOITATION_MOTIVE + HIGH_WOMEN_CYBERCRIME,HIGH_CHILD_CYBERCRIME -> HIGH_IDENTITY_THEFT + HIGH_SEC66D_CHEATING + HIGH_SEXUAL_EXPLOITATION_MOTIVE + HIGH_WOMEN_CYBERCRIME,1,4
0.5,0.3333333333333333,0.3055555555555556,0.6111111111111112,1.8333333333333335,1.0,0.13888888888888892,1.7142857142857146,0.9090909090909093,0.5789473684210528,0.41666666666666674,0.763888888888889,11,18,12,HIGH_WOMEN_CYBERCRIME,HIGH_CHILD_CYBERCRIME + HIGH_IDENTITY_THEFT + HIGH_SEC66D_CHEATING + HIGH_SEXUAL_EXPLOITATION_MOTIVE,HIGH_WOMEN_CYBERCRIME -> HIGH_CHILD_CYBERCRIME + HIGH_IDENTITY_THEFT + HIGH_SEC66D_CHEATING + HIGH_SEXUAL_EXPLOITATION_MOTIVE,1,4
0.5,0.3333333333333333,0.3055555555555556,0.6111111111111112,1.8333333333333335,1.0,0.13888888888888892,1.7142857142857146,0.9090909090909093,0.5789473684210528,0.41666666666666674,0.763888888888889,11,18,12,HIGH_CHILD_CYBERCRIME,HIGH_EXTORTION_MOTIVE + HIGH_SEC66D_CHEATING + HIGH_SEXUAL_EXPLOITATION_MOTIVE + HIGH_WOMEN_CYBERCRIME,HIGH_CHILD_CYBERCRIME -> HIGH_EXTORTION_MOTIVE + HIGH_SEC66D_CHEATING + HIGH_SEXUAL_EXPLOITATION_MOTIVE + HIGH_WOMEN_CYBERCRIME,1,4
0.5,0.3333333333333333,0.3055555555555556,0.6111111111111112,1.8333333333333335,1.0,0.13888888888888892,1.7142857142857146,0.9090909090909093,0.5789473684210528,0.41666666666666674,0.763888888888889,11,18,12,HIGH_WOMEN_CYBERCRIME,HIGH_CHILD_CYBERCRIME + HIGH_EXTORTION_MOTIVE + HIGH_SEC66D_CHEATING + HIGH_SEXUAL_EXPLOITATION_MOTIVE,HIGH_WOMEN_CYBERCRIME -> HIGH_CHILD_CYBERCRIME + HIGH_EXTORTION_MOTIVE + HIGH_SEC66D_CHEATING + HIGH_SEXUAL_EXPLOITATION_MOTIVE,1,4
0.5,0.3333333333333333,0.3055555555555556,0.6111111111111112,1.8333333333333335,1.0,0.13888888888888892,1.7142857142857146,0.9090909090909093,0.5789473684210528,0.41666666666666674,0.763888888888889,11,18,12,HIGH_CHILD_CYBERCRIME,HIGH_FRAUD_MOTIVE + HIGH_SEC66D_CHEATING + HIGH_WOMEN_CYBERCRIME,HIGH_CHILD_CYBERCRIME -> HIGH_FRAUD_MOTIVE + HIGH_SEC66D_CHEATING + HIGH_WOMEN_CYBERCRIME,1,3
0.5,0.3333333333333333,0.3055555555555556,0.6111111111111112,1.8333333333333335,1.0,0.13888888888888892,1.7142857142857146,0.9090909090909093,0.5789473684210528,0.41666666666666674,0.763888888888889,11,18,12,HIGH_WOMEN_CYBERCRIME,HIGH_CHILD_CYBERCRIME + HIGH_FRAUD_MOTIVE + HIGH_SEC66D_CHEATING,HIGH_WOMEN_CYBERCRIME -> HIGH_CHILD_CYBERCRIME + HIGH_FRAUD_MOTIVE + HIGH_SEC66D_CHEATING,1,3
0.5,0.3333333333333333,0.3055555555555556,0.6111111111111112,1.8333333333333335,1.0,0.13888888888888892,1.7142857142857146,0.9090909090909093,0.5789473684210528,0.41666666666666674,0.763888888888889,11,18,12,HIGH_CHILD_CYBERCRIME,HIGH_IDENTITY_THEFT + HIGH_SEC66D_CHEATING + HIGH_WOMEN_CYBERCRIME,HIGH_CHILD_CYBERCRIME -> HIGH_IDENTITY_THEFT + HIGH_SEC66D_CHEATING + HIGH_WOMEN_CYBERCRIME,1,3
0.5,0.3333333333333333,0.3055555555555556,0.6111111111111112,1.8333333333333335,1.0,0.13888888888888892,1.7142857142857146,0.9090909090909093,0.5789473684210528,0.41666666666666674,0.763888888888889,11,18,12,HIGH_WOMEN_CYBERCRIME,HIGH_CHILD_CYBERCRIME + HIGH_IDENTITY_THEFT + HIGH_SEC66D_CHEATING,HIGH_WOMEN_CYBERCRIME -> HIGH_CHILD_CYBERCRIME + HIGH_IDENTITY_THEFT + HIGH_SEC66D_CHEATING,1,3
0.5,0.3333333333333333,0.3055555555555556,0.6111111111111112,1.8333333333333335,1.0,0.13888888888888892,1.7142857142857146,0.9090909090909093,0.5789473684210528,0.41666666666666674,0.763888888888889,11,18,12,HIGH_CHILD_CYBERCRIME,HIGH_EXTORTION_MOTIVE + HIGH_SEC66D_CHEATING + HIGH_WOMEN_CYBERCRIME,HIGH_CHILD_CYBERCRIME -> HIGH_EXTORTION_MOTIVE + HIGH_SEC66D_CHEATING + HIGH_WOMEN_CYBERCRIME,1,3
0.5,0.3333333333333333,0.3055555555555556,0.6111111111111112,1.8333333333333335,1.0,0.13888888888888892,1.7142857142857146,0.9090909090909093,0.5789473684210528,0.41666666666666674,0.763888888888889,11,18,12,HIGH_WOMEN_CYBERCRIME,HIGH_CHILD_CYBERCRIME + HIGH_EXTORTION_MOTIVE + HIGH_SEC66D_CHEATING,HIGH_WOMEN_CYBERCRIME -> HIGH_CHILD_CYBERCRIME + HIGH_EXTORTION_MOTIVE + HIGH_SEC66D_CHEATING,1,3
0.5,0.3333333333333333,0.3055555555555556,0.6111111111111112,1.8333333333333335,1.0,0.13888888888888892,1.7142857142857146,0.9090909090909093,0.5789473684210528,0.41666666666666674,0.763888888888889,11,18,12,HIGH_CHILD_CYBERCRIME,HIGH_SEC66D_CHEATING + HIGH_SEXUAL_EXPLOITATION_MOTIVE + HIGH_WOMEN_CYBERCRIME,HIGH_CHILD_CYBERCRIME -> HIGH_SEC66D_CHEATING + HIGH_SEXUAL_EXPLOITATION_MOTIVE + HIGH_WOMEN_CYBERCRIME,1,3
0.5,0.3333333333333333,0.3055555555555556,0.6111111111111112,1.8333333333333335,1.0,0.13888888888888892,1.7142857142857146,0.9090909090909093,0.5789473684210528,0.41666666666666674,0.763888888888889,11,18,12,HIGH_WOMEN_CYBERCRIME,HIGH_CHILD_CYBERCRIME + HIGH_SEC66D_CHEATING + HIGH_SEXUAL_EXPLOITATION_MOTIVE,HIGH_WOMEN_CYBERCRIME -> HIGH_CHILD_CYBERCRIME + HIGH_SEC66D_CHEATING + HIGH_SEXUAL_EXPLOITATION_MOTIVE,1,3
0.5,0.3333333333333333,0.3055555555555556,0.6111111111111112,1.8333333333333335,1.0,0.13888888888888892,1.7142857142857146,0.9090909090909093,0.5789473684210528,0.41666666666666674,0.763888888888889,11,18,12,HIGH_CHILD_CYBERCRIME,HIGH_SEC66D_CHEATING + HIGH_WOMEN_CYBERCRIME,HIGH_CHILD_CYBERCRIME -> HIGH_SEC66D_CHEATING + HIGH_WOMEN_CYBERCRIME,1,2
0.5,0.3333333333333333,0.3055555555555556,0.6111111111111112,1.8333333333333335,1.0,0.13888888888888892,1.7142857142857146,0.9090909090909093,0.5789473684210528,0.41666666666666674,0.763888888888889,11,18,12,HIGH_WOMEN_CYBERCRIME,HIGH_CHILD_CYBERCRIME + HIGH_SEC66D_CHEATING,HIGH_WOMEN_CYBERCRIME -> HIGH_CHILD_CYBERCRIME + HIGH_SEC66D_CHEATING,1,2
0.5,0.3611111111111111,0.3055555555555556,0.6111111111111112,1.6923076923076925,1.0,0.12500000000000003,1.642857142857143,0.8181818181818183,0.55,0.3913043478260871,0.7286324786324787,11,18,13,HIGH_SEC66D_CHEATING,HIGH_CHILD_CYBERCRIME + HIGH_EXTORTION_MOTIVE + HIGH_FRAUD_MOTIVE + HIGH_IDENTITY_THEFT + HIGH_SEXUAL_EXPLOITATION_MOTIVE + HIGH_WOMEN_CYBERCRIME,HIGH_SEC66D_CHEATING -> HIGH_CHILD_CYBERCRIME + HIGH_EXTORTION_MOTIVE + HIGH_FRAUD_MOTIVE + HIGH_IDENTITY_THEFT + HIGH_SEXUAL_EXPLOITATION_MOTIVE + HIGH_WOMEN_CYBERCRIME,1,6
0.5,0.3611111111111111,0.3055555555555556,0.6111111111111112,1.6923076923076925,1.0,0.12500000000000003,1.642857142857143,0.8181818181818183,0.55,0.3913043478260871,0.7286324786324787,11,18,13,HIGH_SEC66D_CHEATING,HIGH_CHILD_CYBERCRIME + HIGH_EXTORTION_MOTIVE + HIGH_FRAUD_MOTIVE + HIGH_IDENTITY_THEFT + HIGH_WOMEN_CYBERCRIME,HIGH_SEC66D_CHEATING -> HIGH_CHILD_CYBERCRIME + HIGH_EXTORTION_MOTIVE + HIGH_FRAUD_MOTIVE + HIGH_IDENTITY_THEFT + HIGH_WOMEN_CYBERCRIME,1,5
0.5,0.3611111111111111,0.3055555555555556,0.6111111111111112,1.6923076923076925,1.0,0.12500000000000003,1.642857142857143,0.8181818181818183,0.55,0.3913043478260871,0.7286324786324787,11,18,13,HIGH_SEC66D_CHEATING,HIGH_CHILD_CYBERCRIME + HIGH_FRAUD_MOTIVE + HIGH_IDENTITY_THEFT + HIGH_SEXUAL_EXPLOITATION_MOTIVE + HIGH_WOMEN_CYBERCRIME,HIGH_SEC66D_CHEATING -> HIGH_CHILD_CYBERCRIME + HIGH_FRAUD_MOTIVE + HIGH_IDENTITY_THEFT + HIGH_SEXUAL_EXPLOITATION_MOTIVE + HIGH_WOMEN_CYBERCRIME,1,5
0.5,0.3611111111111111,0.3055555555555556,0.6111111111111112,1.6923076923076925,1.0,0.12500000000000003,1.642857142857143,0.8181818181818183,0.55,0.3913043478260871,0.7286324786324787,11,18,13,HIGH_SEC66D_CHEATING,HIGH_CHILD_CYBERCRIME + HIGH_EXTORTION_MOTIVE + HIGH_FRAUD_MOTIVE + HIGH_SEXUAL_EXPLOITATION_MOTIVE + HIGH_WOMEN_CYBERCRIME,HIGH_SEC66D_CHEATING -> HIGH_CHILD_CYBERCRIME + HIGH_EXTORTION_MOTIVE + HIGH_FRAUD_MOTIVE + HIGH_SEXUAL_EXPLOITATION_MOTIVE + HIGH_WOMEN_CYBERCRIME,1,5
0.5,0.3611111111111111,0.3055555555555556,0.6111111111111112,1.6923076923076925,1.0,0.12500000000000003,1.642857142857143,0.8181818181818183,0.55,0.3913043478260871,0.7286324786324787,11,18,13,HIGH_SEC66D_CHEATING,HIGH_CHILD_CYBERCRIME + HIGH_FRAUD_MOTIVE + HIGH_IDENTITY_THEFT + HIGH_WOMEN_CYBERCRIME,HIGH_SEC66D_CHEATING -> HIGH_CHILD_CYBERCRIME + HIGH_FRAUD_MOTIVE + HIGH_IDENTITY_THEFT + HIGH_WOMEN_CYBERCRIME,1,4
0.5,0.3611111111111111,0.3055555555555556,0.6111111111111112,1.6923076923076925,1.0,0.12500000000000003,1.642857142857143,0.8181818181818183,0.55,0.3913043478260871,0.7286324786324787,11,18,13,HIGH_SEC66D_CHEATING,HIGH_CHILD_CYBERCRIME + HIGH_EXTORTION_MOTIVE + HIGH_FRAUD_MOTIVE + HIGH_WOMEN_CYBERCRIME,HIGH_SEC66D_CHEATING -> HIGH_CHILD_CYBERCRIME + HIGH_EXTORTION_MOTIVE + HIGH_FRAUD_MOTIVE + HIGH_WOMEN_CYBERCRIME,1,4
0.5,0.3611111111111111,0.3055555555555556,0.6111111111111112,1.6923076923076925,1.0,0.12500000000000003,1.642857142857143,0.8181818181818183,0.55,0.3913043478260871,0.7286324786324787,11,18,13,HIGH_SEC66D_CHEATING,HIGH_CHILD_CYBERCRIME + HIGH_FRAUD_MOTIVE + HIGH_SEXUAL_EXPLOITATION_MOTIVE + HIGH_WOMEN_CYBERCRIME,HIGH_SEC66D_CHEATING -> HIGH_CHILD_CYBERCRIME + HIGH_FRAUD_MOTIVE + HIGH_SEXUAL_EXPLOITATION_MOTIVE + HIGH_WOMEN_CYBERCRIME,1,4
0.5,0.3888888888888889,0.3055555555555556,0.6111111111111112,1.5714285714285716,1.0,0.11111111111111113,1.5714285714285718,0.7272727272727274,0.523809523809524,0.3636363636363637,0.6984126984126985,11,18,14,HIGH_SEC66D_CHEATING,HIGH_CHILD_CYBERCRIME + HIGH_EXTORTION_MOTIVE + HIGH_IDENTITY_THEFT + HIGH_SEXUAL_EXPLOITATION_MOTIVE + HIGH_WOMEN_CYBERCRIME,HIGH_SEC66D_CHEATING -> HIGH_CHILD_CYBERCRIME + HIGH_EXTORTION_MOTIVE + HIGH_IDENTITY_THEFT + HIGH_SEXUAL_EXPLOITATION_MOTIVE + HIGH_WOMEN_CYBERCRIME,1,5
0.5,0.3888888888888889,0.3055555555555556,0.6111111111111112,1.5714285714285716,1.0,0.11111111111111113,1.5714285714285718,0.7272727272727274,0.523809523809524,0.3636363636363637,0.6984126984126985,11,18,14,HIGH_SEC66D_CHEATING,HIGH_CHILD_CYBERCRIME + HIGH_EXTORTION_MOTIVE + HIGH_IDENTITY_THEFT + HIGH_WOMEN_CYBERCRIME,HIGH_SEC66D_CHEATING -> HIGH_CHILD_CYBERCRIME + HIGH_EXTORTION_MOTIVE + HIGH_IDENTITY_THEFT + HIGH_WOMEN_CYBERCRIME,1,4
0.5,0.3888888888888889,0.3055555555555556,0.6111111111111112,1.5714285714285716,1.0,0.11111111111111113,1.5714285714285718,0.7272727272727274,0.523809523809524,0.3636363636363637,0.6984126984126985,11,18,14,HIGH_SEC66D_CHEATING,HIGH_CHILD_CYBERCRIME + HIGH_IDENTITY_THEFT + HIGH_SEXUAL_EXPLOITATION_MOTIVE + HIGH_WOMEN_CYBERCRIME,HIGH_SEC66D_CHEATING -> HIGH_CHILD_CYBERCRIME + HIGH_IDENTITY_THEFT + HIGH_SEXUAL_EXPLOITATION_MOTIVE + HIGH_WOMEN_CYBERCRIME,1,4
0.5,0.3888888888888889,0.3055555555555556,0.6111111111111112,1.5714285714285716,1.0,0.11111111111111113,1.5714285714285718,0.7272727272727274,0.523809523809524,0.3636363636363637,0.6984126984126985,11,18,14,HIGH_SEC66D_CHEATING,HIGH_CHILD_CYBERCRIME + HIGH_EXTORTION_MOTIVE + HIGH_SEXUAL_EXPLOITATION_MOTIVE + HIGH_WOMEN_CYBERCRIME,HIGH_SEC66D_CHEATING -> HIGH_CHILD_CYBERCRIME + HIGH_EXTORTION_MOTIVE + HIGH_SEXUAL_EXPLOITATION_MOTIVE + HIGH_WOMEN_CYBERCRIME,1,4
0.5,0.3888888888888889,0.3055555555555556,0.6111111111111112,1.5714285714285716,1.0,0.11111111111111113,1.5714285714285718,0.7272727272727274,0.523809523809524,0.3636363636363637,0.6984126984126985,11,18,14,HIGH_SEC66D_CHEATING,HIGH_CHILD_CYBERCRIME + HIGH_FRAUD_MOTIVE + HIGH_WOMEN_CYBERCRIME,HIGH_SEC66D_CHEATING -> HIGH_CHILD_CYBERCRIME + HIGH_FRAUD_MOTIVE + HIGH_WOMEN_CYBERCRIME,1,3
0.5,0.3888888888888889,0.3055555555555556,0.6111111111111112,1.5714285714285716,1.0,0.11111111111111113,1.5714285714285718,0.7272727272727274,0.523809523809524,0.3636363636363637,0.6984126984126985,11,18,14,HIGH_SEC66D_CHEATING,HIGH_CHILD_CYBERCRIME + HIGH_IDENTITY_THEFT + HIGH_WOMEN_CYBERCRIME,HIGH_SEC66D_CHEATING -> HIGH_CHILD_CYBERCRIME + HIGH_IDENTITY_THEFT + HIGH_WOMEN_CYBERCRIME,1,3
0.5,0.3888888888888889,0.3055555555555556,0.6111111111111112,1.5714285714285716,1.0,0.11111111111111113,1.5714285714285718,0.7272727272727274,0.523809523809524,0.3636363636363637,0.6984126984126985,11,18,14,HIGH_SEC66D_CHEATING,HIGH_CHILD_CYBERCRIME + HIGH_EXTORTION_MOTIVE + HIGH_WOMEN_CYBERCRIME,HIGH_SEC66D_CHEATING -> HIGH_CHILD_CYBERCRIME + HIGH_EXTORTION_MOTIVE + HIGH_WOMEN_CYBERCRIME,1,3
0.5,0.4166666666666667,0.3055555555555556,0.6111111111111112,1.4666666666666668,1.0,0.09722222222222224,1.5,0.6363636363636365,0.5,0.3333333333333334,0.6722222222222223,11,18,15,HIGH_SEC66D_CHEATING,HIGH_CHILD_CYBERCRIME + HIGH_SEXUAL_EXPLOITATION_MOTIVE + HIGH_WOMEN_CYBERCRIME,HIGH_SEC66D_CHEATING -> HIGH_CHILD_CYBERCRIME + HIGH_SEXUAL_EXPLOITATION_MOTIVE + HIGH_WOMEN_CYBERCRIME,1,3
0.5,0.4444444444444444,0.3055555555555556,0.6111111111111112,1.3750000000000002,1.0,0.08333333333333337,1.4285714285714288,0.5454545454545456,0.47826086956521746,0.3000000000000001,0.6493055555555556,11,18,16,HIGH_SEC66D_CHEATING,HIGH_CHILD_CYBERCRIME + HIGH_WOMEN_CYBERCRIME,HIGH_SEC66D_CHEATING -> HIGH_CHILD_CYBERCRIME + HIGH_WOMEN_CYBERCRIME,1,2
