antecedent,consequent,support,confidence,lift
"HIGH_SEC66D_CHEATING, HIGH_WOMEN_CYBERCRIME","HIGH_FRAUD_MOTIVE, HIGH_SEXUAL_EXPLOITATION_MOTIVE",0.3333333333333333,1.0,2.4
"HIGH_CHILD_CYBERCRIME, HIGH_SEC66D_CHEATING","HIGH_FRAUD_MOTIVE, HIGH_SEXUAL_EXPLOITATION_MOTIVE",0.3333333333333333,1.0,2.4
"HIGH_EXTORTION_MOTIVE, HIGH_SEC66D_CHEATING, HIGH_WOMEN_CYBERCRIME","HIGH_FRAUD_MOTIVE, HIGH_SEXUAL_EXPLOITATION_MOTIVE",0.3333333333333333,1.0,2.4
"HIGH_SEC66D_CHEATING, HIGH_WOMEN_CYBERCRIME","HIGH_EXTORTION_MOTIVE, HIGH_FRAUD_MOTIVE, HIGH_SEXUAL_EXPLOITATION_MOTIVE",0.3333333333333333,1.0,2.4
"HIGH_IDENTITY_THEFT, HIGH_SEC66D_CHEATING, HIGH_WOMEN_CYBERCRIME","HIGH_FRAUD_MOTIVE, HIGH_SEXUAL_EXPLOITATION_MOTIVE",0.3333333333333333,1.0,2.4
"HIGH_SEC66D_CHEATING, HIGH_WOMEN_CYBERCRIME","HIGH_FRAUD_MOTIVE, HIGH_IDENTITY_THEFT, HIGH_SEXUAL_EXPLOITATION_MOTIVE",0.3333333333333333,1.0,2.4
"HIGH_CHILD_CYBERCRIME, HIGH_EXTORTION_MOTIVE, HIGH_SEC66D_CHEATING","HIGH_FRAUD_MOTIVE, HIGH_SEXUAL_EXPLOITATION_MOTIVE",0.3333333333333333,1.0,2.4
"HIGH_CHILD_CYBERCRIME, HIGH_SEC66D_CHEATING","HIGH_EXTORTION_MOTIVE, HIGH_FRAUD_MOTIVE, HIGH_SEXUAL_EXPLOITATION_MOTIVE",0.3333333333333333,1.0,2.4
"HIGH_CHILD_CYBERCRIME, HIGH_IDENTITY_THEFT, HIGH_SEC66D_CHEATING","HIGH_FRAUD_MOTIVE, HIGH_SEXUAL_EXPLOITATION_MOTIVE",0.3333333333333333,1.0,2.4
"HIGH_CHILD_CYBERCRIME, HIGH_SEC66D_CHEATING","HIGH_FRAUD_MOTIVE, HIGH_IDENTITY_THEFT, HIGH_SEXUAL_EXPLOITATION_MOTIVE",0.3333333333333333,1.0,2.4
"HIGH_EXTORTION_MOTIVE, HIGH_IDENTITY_THEFT, HIGH_SEC66D_CHEATING, HIGH_WOMEN_CYBERCRIME","HIGH_FRAUD_MOTIVE, HIGH_SEXUAL_EXPLOITATION_MOTIVE",0.3333333333333333,1.0,2.4
"HIGH_EXTORTION_MOTIVE, HIGH_SEC66D_CHEATING, HIGH_WOMEN_CYBERCRIME","HIGH_FRAUD_MOTIVE, HIGH_IDENTITY_THEFT, HIGH_SEXUAL_EXPLOITATION_MOTIVE",0.3333333333333333,1.0,2.4
"HIGH_IDENTITY_THEFT, HIGH_SEC66D_CHEATING, HIGH_WOMEN_CYBERCRIME","HIGH_EXTORTION_MOTIVE, HIGH_FRAUD_MOTIVE, HIGH_SEXUAL_EXPLOITATION_MOTIVE",0.3333333333333333,1.0,2.4
"HIGH_SEC66D_CHEATING, HIGH_WOMEN_CYBERCRIME","HIGH_EXTORTION_MOTIVE, HIGH_FRAUD_MOTIVE, HIGH_IDENTITY_THEFT, HIGH_SEXUAL_EXPLOITATION_MOTIVE",0.3333333333333333,1.0,2.4
"HIGH_CHILD_CYBERCRIME, HIGH_EXTORTION_MOTIVE, HIGH_IDENTITY_THEFT, HIGH_SEC66D_CHEATING","HIGH_FRAUD_MOTIVE, HIGH_SEXUAL_EXPLOITATION_MOTIVE",0.3333333333333333,1.0,2.4
"HIGH_CHILD_CYBERCRIME, HIGH_EXTORTION_MOTIVE, HIGH_SEC66D_CHEATING","HIGH_FRAUD_MOTIVE, HIGH_IDENTITY_THEFT, HIGH_SEXUAL_EXPLOITATION_MOTIVE",0.3333333333333333,1.0,2.4
"HIGH_CHILD_CYBERCRIME, HIGH_IDENTITY_THEFT, HIGH_SEC66D_CHEATING","HIGH_EXTORTION_MOTIVE, HIGH_FRAUD_MOTIVE, HIGH_SEXUAL_EXPLOITATION_MOTIVE",0.3333333333333333,1.0,2.4
"HIGH_CHILD_CYBERCRIME, HIGH_SEC66D_CHEATING","HIGH_EXTORTION_MOTIVE, HIGH_FRAUD_MOTIVE, HIGH_IDENTITY_THEFT, HIGH_SEXUAL_EXPLOITATION_MOTIVE",0.3333333333333333,1.0,2.4
"HIGH_CHILD_CYBERCRIME, HIGH_SEC66D_CHEATING, HIGH_WOMEN_CYBERCRIME","HIGH_FRAUD_MOTIVE, HIGH_SEXUAL_EXPLOITATION_MOTIVE",0.3055555555555556,1.0,2.4
"HIGH_CHILD_CYBERCRIME, HIGH_EXTORTION_MOTIVE, HIGH_SEC66D_CHEATING, HIGH_WOMEN_CYBERCRIME","HIGH_FRAUD_MOTIVE, HIGH_SEXUAL_EXPLOITATION_MOTIVE",0.3055555555555556,1.0,2.4
"HIGH_CHILD_CYBERCRIME, HIGH_SEC66D_CHEATING, HIGH_WOMEN_CYBERCRIME","HIGH_EXTORTION_MOTIVE, HIGH_FRAUD_MOTIVE, HIGH_SEXUAL_EXPLOITATION_MOTIVE",0.3055555555555556,1.0,2.4
"HIGH_CHILD_CYBERCRIME, HIGH_IDENTITY_THEFT, HIGH_SEC66D_CHEATING, HIGH_WOMEN_CYBERCRIME","HIGH_FRAUD_MOTIVE, HIGH_SEXUAL_EXPLOITATION_MOTIVE",0.3055555555555556,1.0,2.4
"HIGH_CHILD_CYBERCRIME, HIGH_SEC66D_CHEATING, HIGH_WOMEN_CYBERCRIME","HIGH_FRAUD_MOTIVE, HIGH_IDENTITY_THEFT, HIGH_SEXUAL_EXPLOITATION_MOTIVE",0.3055555555555556,1.0,2.4
"HIGH_CHILD_CYBERCRIME, HIGH_EXTORTION_MOTIVE, HIGH_IDENTITY_THEFT, HIGH_SEC66D_CHEATING, HIGH_WOMEN_CYBERCRIME","HIGH_FRAUD_MOTIVE, HIGH_SEXUAL_EXPLOITATION_MOTIVE",0.3055555555555556,1.0,2.4
"HIGH_CHILD_CYBERCRIME, HIGH_EXTORTION_MOTIVE, HIGH_SEC66D_CHEATING, HIGH_WOMEN_CYBERCRIME","HIGH_FRAUD_MOTIVE, HIGH_IDENTITY_THEFT, HIGH_SEXUAL_EXPLOITATION_MOTIVE",0.3055555555555556,1.0,2.4
"HIGH_CHILD_CYBERCRIME, HIGH_IDENTITY_THEFT, HIGH_SEC66D_CHEATING, HIGH_WOMEN_CYBERCRIME","HIGH_EXTORTION_MOTIVE, HIGH_FRAUD_MOTIVE, HIGH_SEXUAL_EXPLOITATION_MOTIVE",0.3055555555555556,1.0,2.4
"HIGH_CHILD_CYBERCRIME, HIGH_SEC66D_CHEATING, HIGH_WOMEN_CYBERCRIME","HIGH_EXTORTION_MOTIVE, HIGH_FRAUD_MOTIVE, HIGH_IDENTITY_THEFT, HIGH_SEXUAL_EXPLOITATION_MOTIVE",0.3055555555555556,1.0,2.4
"HIGH_FRAUD_MOTIVE, HIGH_SEXUAL_EXPLOITATION_MOTIVE","HIGH_SEC66D_CHEATING, HIGH_WOMEN_CYBERCRIME",0.3333333333333333,0.7999999999999999,2.4
"HIGH_FRAUD_MOTIVE, HIGH_SEXUAL_EXPLOITATION_MOTIVE","HIGH_CHILD_CYBERCRIME, HIGH_SEC66D_CHEATING",0.3333333333333333,0.7999999999999999,2.4
"HIGH_EXTORTION_MOTIVE, HIGH_FRAUD_MOTIVE, HIGH_SEXUAL_EXPLOITATION_MOTIVE","HIGH_SEC66D_CHEATING, HIGH_WOMEN_CYBERCRIME",0.3333333333333333,0.7999999999999999,2.4
"HIGH_FRAUD_MOTIVE, HIGH_SEXUAL_EXPLOITATION_MOTIVE","HIGH_EXTORTION_MOTIVE, HIGH_SEC66D_CHEATING, HIGH_WOMEN_CYBERCRIME",0.3333333333333333,0.7999999999999999,2.4
"HIGH_FRAUD_MOTIVE, HIGH_IDENTITY_THEFT, HIGH_SEXUAL_EXPLOITATION_MOTIVE","HIGH_SEC66D_CHEATING, HIGH_WOMEN_CYBERCRIME",0.3333333333333333,0.7999999999999999,2.4
"HIGH_FRAUD_MOTIVE, HIGH_SEXUAL_EXPLOITATION_MOTIVE","HIGH_IDENTITY_THEFT, HIGH_SEC66D_CHEATING, HIGH_WOMEN_CYBERCRIME",0.3333333333333333,0.7999999999999999,2.4
"HIGH_EXTORTION_MOTIVE, HIGH_FRAUD_MOTIVE, HIGH_SEXUAL_EXPLOITATION_MOTIVE","HIGH_CHILD_CYBERCRIME, HIGH_SEC66D_CHEATING",0.3333333333333333,0.7999999999999999,2.4
"HIGH_FRAUD_MOTIVE, HIGH_SEXUAL_EXPLOITATION_MOTIVE","HIGH_CHILD_CYBERCRIME, HIGH_EXTORTION_MOTIVE, HIGH_SEC66D_CHEATING",0.3333333333333333,0.7999999999999999,2.4
"HIGH_FRAUD_MOTIVE, HIGH_IDENTITY_THEFT, HIGH_SEXUAL_EXPLOITATION_MOTIVE","HIGH_CHILD_CYBERCRIME, HIGH_SEC66D_CHEATING",0.3333333333333333,0.7999999999999999,2.4
"HIGH_FRAUD_MOTIVE, HIGH_SEXUAL_EXPLOITATION_MOTIVE","HIGH_CHILD_CYBERCRIME, HIGH_IDENTITY_THEFT, HIGH_SEC66D_CHEATING",0.3333333333333333,0.7999999999999999,2.4
"HIGH_EXTORTION_MOTIVE, HIGH_FRAUD_MOTIVE, HIGH_IDENTITY_THEFT, HIGH_SEXUAL_EXPLOITATION_MOTIVE","HIGH_SEC66D_CHEATING, HIGH_WOMEN_CYBERCRIME",0.3333333333333333,0.7999999999999999,2.4
"HIGH_EXTORTION_MOTIVE, HIGH_FRAUD_MOTIVE, HIGH_SEXUAL_EXPLOITATION_MOTIVE","HIGH_IDENTITY_THEFT, HIGH_SEC66D_CHEATING, HIGH_WOMEN_CYBERCRIME",0.3333333333333333,0.7999999999999999,2.4
"HIGH_FRAUD_MOTIVE, HIGH_IDENTITY_THEFT, HIGH_SEXUAL_EXPLOITATION_MOTIVE","HIGH_EXTORTION_MOTIVE, HIGH_SEC66D_CHEATING, HIGH_WOMEN_CYBERCRIME",0.3333333333333333,0.7999999999999999,2.4
"HIGH_FRAUD_MOTIVE, HIGH_SEXUAL_EXPLOITATION_MOTIVE","HIGH_EXTORTION_MOTIVE, HIGH_IDENTITY_THEFT, HIGH_SEC66D_CHEATING, HIGH_WOMEN_CYBERCRIME",0.3333333333333333,0.7999999999999999,2.4
"HIGH_EXTORTION_MOTIVE, HIGH_FRAUD_MOTIVE, HIGH_IDENTITY_THEFT, HIGH_SEXUAL_EXPLOITATION_MOTIVE","HIGH_CHILD_CYBERCRIME, HIGH_SEC66D_CHEATING",0.3333333333333333,0.7999999999999999,2.4
"HIGH_EXTORTION_MOTIVE, HIGH_FRAUD_MOTIVE, HIGH_SEXUAL_EXPLOITATION_MOTIVE","HIGH_CHILD_CYBERCRIME, HIGH_IDENTITY_THEFT, HIGH_SEC66D_CHEATING",0.3333333333333333,0.7999999999999999,2.4
"HIGH_FRAUD_MOTIVE, HIGH_IDENTITY_THEFT, HIGH_SEXUAL_EXPLOITATION_MOTIVE","HIGH_CHILD_CYBERCRIME, HIGH_EXTORTION_MOTIVE, HIGH_SEC66D_CHEATING",0.3333333333333333,0.7999999999999999,2.4
"HIGH_FRAUD_MOTIVE, HIGH_SEXUAL_EXPLOITATION_MOTIVE","HIGH_CHILD_CYBERCRIME, HIGH_EXTORTION_MOTIVE, HIGH_IDENTITY_THEFT, HIGH_SEC66D_CHEATING",0.3333333333333333,0.7999999999999999,2.4
"HIGH_FRAUD_MOTIVE, HIGH_SEXUAL_EXPLOITATION_MOTIVE","HIGH_CHILD_CYBERCRIME, HIGH_SEC66D_CHEATING, HIGH_WOMEN_CYBERCRIME",0.3055555555555556,0.7333333333333334,2.4
"HIGH_EXTORTION_MOTIVE, HIGH_FRAUD_MOTIVE, HIGH_SEXUAL_EXPLOITATION_MOTIVE","HIGH_CHILD_CYBERCRIME, HIGH_SEC66D_CHEATING, HIGH_WOMEN_CYBERCRIME",0.3055555555555556,0.7333333333333334,2.4
"HIGH_FRAUD_MOTIVE, HIGH_SEXUAL_EXPLOITATION_MOTIVE","HIGH_CHILD_CYBERCRIME, HIGH_EXTORTION_MOTIVE, HIGH_SEC66D_CHEATING, HIGH_WOMEN_CYBERCRIME",0.3055555555555556,0.7333333333333334,2.4
"HIGH_FRAUD_MOTIVE, HIGH_IDENTITY_THEFT, HIGH_SEXUAL_EXPLOITATION_MOTIVE","HIGH_CHILD_CYBERCRIME, HIGH_SEC66D_CHEATING, HIGH_WOMEN_CYBERCRIME",0.3055555555555556,0.7333333333333334,2.4
"HIGH_FRAUD_MOTIVE, HIGH_SEXUAL_EXPLOITATION_MOTIVE","HIGH_CHILD_CYBERCRIME, HIGH_IDENTITY_THEFT, HIGH_SEC66D_CHEATING, HIGH_WOMEN_CYBERCRIME",0.3055555555555556,0.7333333333333334,2.4
"HIGH_EXTORTION_MOTIVE, HIGH_FRAUD_MOTIVE, HIGH_IDENTITY_THEFT, HIGH_SEXUAL_EXPLOITATION_MOTIVE","HIGH_CHILD_CYBERCRIME, HIGH_SEC66D_CHEATING, HIGH_WOMEN_CYBERCRIME",0.3055555555555556,0.7333333333333334,2.4
"HIGH_EXTORTION_MOTIVE, HIGH_FRAUD_MOTIVE, HIGH_SEXUAL_EXPLOITATION_MOTIVE","HIGH_CHILD_CYBERCRIME, HIGH_IDENTITY_THEFT, HIGH_SEC66D_CHEATING, HIGH_WOMEN_CYBERCRIME",0.3055555555555556,0.7333333333333334,2.4
"HIGH_FRAUD_MOTIVE, HIGH_IDENTITY_THEFT, HIGH_SEXUAL_EXPLOITATION_MOTIVE","HIGH_CHILD_CYBERCRIME, HIGH_EXTORTION_MOTIVE, HIGH_SEC66D_CHEATING, HIGH_WOMEN_CYBERCRIME",0.3055555555555556,0.7333333333333334,2.4
"HIGH_FRAUD_MOTIVE, HIGH_SEXUAL_EXPLOITATION_MOTIVE","HIGH_CHILD_CYBERCRIME, HIGH_EXTORTION_MOTIVE, HIGH_IDENTITY_THEFT, HIGH_SEC66D_CHEATING, HIGH_WOMEN_CYBERCRIME",0.3055555555555556,0.7333333333333334,2.4
"HIGH_IDENTITY_THEFT, HIGH_SEC66D_CHEATING, HIGH_SEXUAL_EXPLOITATION_MOTIVE","HIGH_EXTORTION_MOTIVE, HIGH_FRAUD_MOTIVE, HIGH_WOMEN_CYBERCRIME",0.3333333333333333,0.923076923076923,2.3736263736263736
"HIGH_IDENTITY_THEFT, HIGH_SEC66D_CHEATING, HIGH_SEXUAL_EXPLOITATION_MOTIVE","HIGH_CHILD_CYBERCRIME, HIGH_EXTORTION_MOTIVE, HIGH_FRAUD_MOTIVE",0.3333333333333333,0.923076923076923,2.3736263736263736
"HIGH_EXTORTION_MOTIVE, HIGH_FRAUD_MOTIVE, HIGH_WOMEN_CYBERCRIME","HIGH_IDENTITY_THEFT, HIGH_SEC66D_CHEATING, HIGH_SEXUAL_EXPLOITATION_MOTIVE",0.3333333333333333,0.8571428571428571,2.3736263736263736
"HIGH_CHILD_CYBERCRIME, HIGH_EXTORTION_MOTIVE, HIGH_FRAUD_MOTIVE","HIGH_IDENTITY_THEFT, HIGH_SEC66D_CHEATING, HIGH_SEXUAL_EXPLOITATION_MOTIVE",0.3333333333333333,0.8571428571428571,2.3736263736263736
"HIGH_EXTORTION_MOTIVE, HIGH_FRAUD_MOTIVE, HIGH_WOMEN_CYBERCRIME","HIGH_CHILD_CYBERCRIME, HIGH_SEC66D_CHEATING",0.3055555555555556,0.7857142857142858,2.3571428571428577
"HIGH_CHILD_CYBERCRIME, HIGH_EXTORTION_MOTIVE, HIGH_FRAUD_MOTIVE","HIGH_SEC66D_CHEATING, HIGH_WOMEN_CYBERCRIME",0.3055555555555556,0.7857142857142858,2.3571428571428577
"HIGH_FRAUD_MOTIVE, HIGH_IDENTITY_THEFT, HIGH_WOMEN_CYBERCRIME","HIGH_CHILD_CYBERCRIME, HIGH_SEC66D_CHEATING",0.3055555555555556,0.7857142857142858,2.3571428571428577
"HIGH_CHILD_CYBERCRIME, HIGH_FRAUD_MOTIVE, HIGH_IDENTITY_THEFT","HIGH_SEC66D_CHEATING, HIGH_WOMEN_CYBERCRIME",0.3055555555555556,0.7857142857142858,2.3571428571428577
"HIGH_FRAUD_MOTIVE, HIGH_SEXUAL_EXPLOITATION_MOTIVE, HIGH_WOMEN_CYBERCRIME","HIGH_CHILD_CYBERCRIME, HIGH_SEC66D_CHEATING",0.3055555555555556,0.7857142857142858,2.3571428571428577
"HIGH_CHILD_CYBERCRIME, HIGH_FRAUD_MOTIVE, HIGH_SEXUAL_EXPLOITATION_MOTIVE","HIGH_SEC66D_CHEATING, HIGH_WOMEN_CYBERCRIME",0.3055555555555556,0.7857142857142858,2.3571428571428577
"HIGH_EXTORTION_MOTIVE, HIGH_FRAUD_MOTIVE, HIGH_IDENTITY_THEFT, HIGH_WOMEN_CYBERCRIME","HIGH_CHILD_CYBERCRIME, HIGH_SEC66D_CHEATING",0.3055555555555556,0.7857142857142858,2.3571428571428577
"HIGH_CHILD_CYBERCRIME, HIGH_EXTORTION_MOTIVE, HIGH_FRAUD_MOTIVE, HIGH_IDENTITY_THEFT","HIGH_SEC66D_CHEATING, HIGH_WOMEN_CYBERCRIME",0.3055555555555556,0.7857142857142858,2.3571428571428577
"HIGH_EXTORTION_MOTIVE, HIGH_FRAUD_MOTIVE, HIGH_WOMEN_CYBERCRIME","HIGH_CHILD_CYBERCRIME, HIGH_IDENTITY_THEFT, HIGH_SEC66D_CHEATING",0.3055555555555556,0.7857142857142858,2.3571428571428577
"HIGH_CHILD_CYBERCRIME, HIGH_EXTORTION_MOTIVE, HIGH_FRAUD_MOTIVE","HIGH_IDENTITY_THEFT, HIGH_SEC66D_CHEATING, HIGH_WOMEN_CYBERCRIME",0.3055555555555556,0.7857142857142858,2.3571428571428577
"HIGH_FRAUD_MOTIVE, HIGH_IDENTITY_THEFT, HIGH_WOMEN_CYBERCRIME","HIGH_CHILD_CYBERCRIME, HIGH_EXTORTION_MOTIVE, HIGH_SEC66D_CHEATING",0.3055555555555556,0.7857142857142858,2.3571428571428577
"HIGH_CHILD_CYBERCRIME, HIGH_FRAUD_MOTIVE, HIGH_IDENTITY_THEFT","HIGH_EXTORTION_MOTIVE, HIGH_SEC66D_CHEATING, HIGH_WOMEN_CYBERCRIME",0.3055555555555556,0.7857142857142858,2.3571428571428577
"HIGH_EXTORTION_MOTIVE, HIGH_FRAUD_MOTIVE, HIGH_SEXUAL_EXPLOITATION_MOTIVE, HIGH_WOMEN_CYBERCRIME","HIGH_CHILD_CYBERCRIME, HIGH_SEC66D_CHEATING",0.3055555555555556,0.7857142857142858,2.3571428571428577
"HIGH_CHILD_CYBERCRIME, HIGH_EXTORTION_MOTIVE, HIGH_FRAUD_MOTIVE, HIGH_SEXUAL_EXPLOITATION_MOTIVE","HIGH_SEC66D_CHEATING, HIGH_WOMEN_CYBERCRIME",0.3055555555555556,0.7857142857142858,2.3571428571428577
"HIGH_EXTORTION_MOTIVE, HIGH_FRAUD_MOTIVE, HIGH_WOMEN_CYBERCRIME","HIGH_CHILD_CYBERCRIME, HIGH_SEC66D_CHEATING, HIGH_SEXUAL_EXPLOITATION_MOTIVE",0.3055555555555556,0.7857142857142858,2.3571428571428577
"HIGH_CHILD_CYBERCRIME, HIGH_EXTORTION_MOTIVE, HIGH_FRAUD_MOTIVE","HIGH_SEC66D_CHEATING, HIGH_SEXUAL_EXPLOITATION_MOTIVE, HIGH_WOMEN_CYBERCRIME",0.3055555555555556,0.7857142857142858,2.3571428571428577
"HIGH_FRAUD_MOTIVE, HIGH_SEXUAL_EXPLOITATION_MOTIVE, HIGH_WOMEN_CYBERCRIME","HIGH_CHILD_CYBERCRIME, HIGH_EXTORTION_MOTIVE, HIGH_SEC66D_CHEATING",0.3055555555555556,0.7857142857142858,2.3571428571428577
"HIGH_CHILD_CYBERCRIME, HIGH_FRAUD_MOTIVE, HIGH_SEXUAL_EXPLOITATION_MOTIVE","HIGH_EXTORTION_MOTIVE, HIGH_SEC66D_CHEATING, HIGH_WOMEN_CYBERCRIME",0.3055555555555556,0.7857142857142858,2.3571428571428577
"HIGH_FRAUD_MOTIVE, HIGH_IDENTITY_THEFT, HIGH_SEXUAL_EXPLOITATION_MOTIVE, HIGH_WOMEN_CYBERCRIME","HIGH_CHILD_CYBERCRIME, HIGH_SEC66D_CHEATING",0.3055555555555556,0.7857142857142858,2.3571428571428577
"HIGH_CHILD_CYBERCRIME, HIGH_FRAUD_MOTIVE, HIGH_IDENTITY_THEFT, HIGH_SEXUAL_EXPLOITATION_MOTIVE","HIGH_SEC66D_CHEATING, HIGH_WOMEN_CYBERCRIME",0.3055555555555556,0.7857142857142858,2.3571428571428577
"HIGH_FRAUD_MOTIVE, HIGH_IDENTITY_THEFT, HIGH_WOMEN_CYBERCRIME","HIGH_CHILD_CYBERCRIME, HIGH_SEC66D_CHEATING, HIGH_SEXUAL_EXPLOITATION_MOTIVE",0.3055555555555556,0.7857142857142858,2.3571428571428577
"HIGH_CHILD_CYBERCRIME, HIGH_FRAUD_MOTIVE, HIGH_IDENTITY_THEFT","HIGH_SEC66D_CHEATING, HIGH_SEXUAL_EXPLOITATION_MOTIVE, HIGH_WOMEN_CYBERCRIME",0.3055555555555556,0.7857142857142858,2.3571428571428577
"HIGH_FRAUD_MOTIVE, HIGH_SEXUAL_EXPLOITATION_MOTIVE, HIGH_WOMEN_CYBERCRIME","HIGH_CHILD_CYBERCRIME, HIGH_IDENTITY_THEFT, HIGH_SEC66D_CHEATING",0.3055555555555556,0.7857142857142858,2.3571428571428577
"HIGH_CHILD_CYBERCRIME, HIGH_FRAUD_MOTIVE, HIGH_SEXUAL_EXPLOITATION_MOTIVE","HIGH_IDENTITY_THEFT, HIGH_SEC66D_CHEATING, HIGH_WOMEN_CYBERCRIME",0.3055555555555556,0.7857142857142858,2.3571428571428577
"HIGH_EXTORTION_MOTIVE, HIGH_FRAUD_MOTIVE, HIGH_IDENTITY_THEFT, HIGH_SEXUAL_EXPLOITATION_MOTIVE, HIGH_WOMEN_CYBERCRIME","HIGH_CHILD_CYBERCRIME, HIGH_SEC66D_CHEATING",0.3055555555555556,0.7857142857142858,2.3571428571428577
"HIGH_CHILD_CYBERCRIME, HIGH_EXTORTION_MOTIVE, HIGH_FRAUD_MOTIVE, HIGH_IDENTITY_THEFT, HIGH_SEXUAL_EXPLOITATION_MOTIVE","HIGH_SEC66D_CHEATING, HIGH_WOMEN_CYBERCRIME",0.3055555555555556,0.7857142857142858,2.3571428571428577
"HIGH_EXTORTION_MOTIVE, HIGH_FRAUD_MOTIVE, HIGH_IDENTITY_THEFT, HIGH_WOMEN_CYBERCRIME","HIGH_CHILD_CYBERCRIME, HIGH_SEC66D_CHEATING, HIGH_SEXUAL_EXPLOITATION_MOTIVE",0.3055555555555556,0.7857142857142858,2.3571428571428577
"HIGH_CHILD_CYBERCRIME, HIGH_EXTORTION_MOTIVE, HIGH_FRAUD_MOTIVE, HIGH_IDENTITY_THEFT","HIGH_SEC66D_CHEATING, HIGH_SEXUAL_EXPLOITATION_MOTIVE, HIGH_WOMEN_CYBERCRIME",0.3055555555555556,0.7857142857142858,2.3571428571428577
"HIGH_EXTORTION_MOTIVE, HIGH_FRAUD_MOTIVE, HIGH_SEXUAL_EXPLOITATION_MOTIVE, HIGH_WOMEN_CYBERCRIME","HIGH_CHILD_CYBERCRIME, HIGH_IDENTITY_THEFT, HIGH_SEC66D_CHEATING",0.3055555555555556,0.7857142857142858,2.3571428571428577
"HIGH_CHILD_CYBERCRIME, HIGH_EXTORTION_MOTIVE, HIGH_FRAUD_MOTIVE, HIGH_SEXUAL_EXPLOITATION_MOTIVE","HIGH_IDENTITY_THEFT, HIGH_SEC66D_CHEATING, HIGH_WOMEN_CYBERCRIME",0.3055555555555556,0.7857142857142858,2.3571428571428577
"HIGH_FRAUD_MOTIVE, HIGH_IDENTITY_THEFT, HIGH_SEXUAL_EXPLOITATION_MOTIVE, HIGH_WOMEN_CYBERCRIME","HIGH_CHILD_CYBERCRIME, HIGH_EXTORTION_MOTIVE, HIGH_SEC66D_CHEATING",0.3055555555555556,0.7857142857142858,2.3571428571428577
"HIGH_CHILD_CYBERCRIME, HIGH_FRAUD_MOTIVE, HIGH_IDENTITY_THEFT, HIGH_SEXUAL_EXPLOITATION_MOTIVE","HIGH_EXTORTION_MOTIVE, HIGH_SEC66D_CHEATING, HIGH_WOMEN_CYBERCRIME",0.3055555555555556,0.7857142857142858,2.3571428571428577
"HIGH_EXTORTION_MOTIVE, HIGH_FRAUD_MOTIVE, HIGH_WOMEN_CYBERCRIME","HIGH_CHILD_CYBERCRIME, HIGH_IDENTITY_THEFT, HIGH_SEC66D_CHEATING, HIGH_SEXUAL_EXPLOITATION_MOTIVE",0.3055555555555556,0.7857142857142858,2.3571428571428577
"HIGH_CHILD_CYBERCRIME, HIGH_EXTORTION_MOTIVE, HIGH_FRAUD_MOTIVE","HIGH_IDENTITY_THEFT, HIGH_SEC66D_CHEATING, HIGH_SEXUAL_EXPLOITATION_MOTIVE, HIGH_WOMEN_CYBERCRIME",0.3055555555555556,0.7857142857142858,2.3571428571428577
"HIGH_FRAUD_MOTIVE, HIGH_IDENTITY_THEFT, HIGH_WOMEN_CYBERCRIME","HIGH_CHILD_CYBERCRIME, HIGH_EXTORTION_MOTIVE, HIGH_SEC66D_CHEATING, HIGH_SEXUAL_EXPLOITATION_MOTIVE",0.3055555555555556,0.7857142857142858,2.3571428571428577
"HIGH_CHILD_CYBERCRIME, HIGH_FRAUD_MOTIVE, HIGH_IDENTITY_THEFT","HIGH_EXTORTION_MOTIVE, HIGH_SEC66D_CHEATING, HIGH_SEXUAL_EXPLOITATION_MOTIVE, HIGH_WOMEN_CYBERCRIME",0.3055555555555556,0.7857142857142858,2.3571428571428577
"HIGH_FRAUD_MOTIVE, HIGH_SEXUAL_EXPLOITATION_MOTIVE, HIGH_WOMEN_CYBERCRIME","HIGH_CHILD_CYBERCRIME, HIGH_EXTORTION_MOTIVE, HIGH_IDENTITY_THEFT, HIGH_SEC66D_CHEATING",0.3055555555555556,0.7857142857142858,2.3571428571428577
"HIGH_CHILD_CYBERCRIME, HIGH_FRAUD_MOTIVE, HIGH_SEXUAL_EXPLOITATION_MOTIVE","HIGH_EXTORTION_MOTIVE, HIGH_IDENTITY_THEFT, HIGH_SEC66D_CHEATING, HIGH_WOMEN_CYBERCRIME",0.3055555555555556,0.7857142857142858,2.3571428571428577
"HIGH_SEC66D_CHEATING, HIGH_WOMEN_CYBERCRIME","HIGH_CHILD_CYBERCRIME, HIGH_EXTORTION_MOTIVE, HIGH_FRAUD_MOTIVE",0.3055555555555556,0.9166666666666667,2.357142857142857
"HIGH_CHILD_CYBERCRIME, HIGH_SEC66D_CHEATING","HIGH_EXTORTION_MOTIVE, HIGH_FRAUD_MOTIVE, HIGH_WOMEN_CYBERCRIME",0.3055555555555556,0.9166666666666667,2.357142857142857
"HIGH_SEC66D_CHEATING, HIGH_WOMEN_CYBERCRIME","HIGH_CHILD_CYBERCRIME, HIGH_FRAUD_MOTIVE, HIGH_IDENTITY_THEFT",0.3055555555555556,0.9166666666666667,2.357142857142857
"HIGH_CHILD_CYBERCRIME, HIGH_SEC66D_CHEATING","HIGH_FRAUD_MOTIVE, HIGH_IDENTITY_THEFT, HIGH_WOMEN_CYBERCRIME",0.3055555555555556,0.9166666666666667,2.357142857142857
"HIGH_SEC66D_CHEATING, HIGH_WOMEN_CYBERCRIME","HIGH_CHILD_CYBERCRIME, HIGH_FRAUD_MOTIVE, HIGH_SEXUAL_EXPLOITATION_MOTIVE",0.3055555555555556,0.9166666666666667,2.357142857142857
"HIGH_CHILD_CYBERCRIME, HIGH_SEC66D_CHEATING","HIGH_FRAUD_MOTIVE, HIGH_SEXUAL_EXPLOITATION_MOTIVE, HIGH_WOMEN_CYBERCRIME",0.3055555555555556,0.9166666666666667,2.357142857142857
"HIGH_EXTORTION_MOTIVE, HIGH_SEC66D_CHEATING, HIGH_WOMEN_CYBERCRIME","HIGH_CHILD_CYBERCRIME, HIGH_FRAUD_MOTIVE, HIGH_IDENTITY_THEFT",0.3055555555555556,0.9166666666666667,2.357142857142857
"HIGH_CHILD_CYBERCRIME, HIGH_EXTORTION_MOTIVE, HIGH_SEC66D_CHEATING","HIGH_FRAUD_MOTIVE, HIGH_IDENTITY_THEFT, HIGH_WOMEN_CYBERCRIME",0.3055555555555556,0.9166666666666667,2.357142857142857
"HIGH_IDENTITY_THEFT, HIGH_SEC66D_CHEATING, HIGH_WOMEN_CYBERCRIME","HIGH_CHILD_CYBERCRIME, HIGH_EXTORTION_MOTIVE, HIGH_FRAUD_MOTIVE",0.3055555555555556,0.9166666666666667,2.357142857142857
"HIGH_CHILD_CYBERCRIME, HIGH_IDENTITY_THEFT, HIGH_SEC66D_CHEATING","HIGH_EXTORTION_MOTIVE, HIGH_FRAUD_MOTIVE, HIGH_WOMEN_CYBERCRIME",0.3055555555555556,0.9166666666666667,2.357142857142857
"HIGH_SEC66D_CHEATING, HIGH_WOMEN_CYBERCRIME","HIGH_CHILD_CYBERCRIME, HIGH_EXTORTION_MOTIVE, HIGH_FRAUD_MOTIVE, HIGH_IDENTITY_THEFT",0.3055555555555556,0.9166666666666667,2.357142857142857
"HIGH_CHILD_CYBERCRIME, HIGH_SEC66D_CHEATING","HIGH_EXTORTION_MOTIVE, HIGH_FRAUD_MOTIVE, HIGH_IDENTITY_THEFT, HIGH_WOMEN_CYBERCRIME",0.3055555555555556,0.9166666666666667,2.357142857142857
"HIGH_EXTORTION_MOTIVE, HIGH_SEC66D_CHEATING, HIGH_WOMEN_CYBERCRIME","HIGH_CHILD_CYBERCRIME, HIGH_FRAUD_MOTIVE, HIGH_SEXUAL_EXPLOITATION_MOTIVE",0.3055555555555556,0.9166666666666667,2.357142857142857
"HIGH_CHILD_CYBERCRIME, HIGH_EXTORTION_MOTIVE, HIGH_SEC66D_CHEATING","HIGH_FRAUD_MOTIVE, HIGH_SEXUAL_EXPLOITATION_MOTIVE, HIGH_WOMEN_CYBERCRIME",0.3055555555555556,0.9166666666666667,2.357142857142857
"HIGH_SEC66D_CHEATING, HIGH_SEXUAL_EXPLOITATION_MOTIVE, HIGH_WOMEN_CYBERCRIME","HIGH_CHILD_CYBERCRIME, HIGH_EXTORTION_MOTIVE, HIGH_FRAUD_MOTIVE",0.3055555555555556,0.9166666666666667,2.357142857142857
"HIGH_CHILD_CYBERCRIME, HIGH_SEC66D_CHEATING, HIGH_SEXUAL_EXPLOITATION_MOTIVE","HIGH_EXTORTION_MOTIVE, HIGH_FRAUD_MOTIVE, HIGH_WOMEN_CYBERCRIME",0.3055555555555556,0.9166666666666667,2.357142857142857
"HIGH_SEC66D_CHEATING, HIGH_WOMEN_CYBERCRIME","HIGH_CHILD_CYBERCRIME, HIGH_EXTORTION_MOTIVE, HIGH_FRAUD_MOTIVE, HIGH_SEXUAL_EXPLOITATION_MOTIVE",0.3055555555555556,0.9166666666666667,2.357142857142857
"HIGH_CHILD_CYBERCRIME, HIGH_SEC66D_CHEATING","HIGH_EXTORTION_MOTIVE, HIGH_FRAUD_MOTIVE, HIGH_SEXUAL_EXPLOITATION_MOTIVE, HIGH_WOMEN_CYBERCRIME",0.3055555555555556,0.9166666666666667,2.357142857142857
"HIGH_IDENTITY_THEFT, HIGH_SEC66D_CHEATING, HIGH_WOMEN_CYBERCRIME","HIGH_CHILD_CYBERCRIME, HIGH_FRAUD_MOTIVE, HIGH_SEXUAL_EXPLOITATION_MOTIVE",0.3055555555555556,0.9166666666666667,2.357142857142857
"HIGH_CHILD_CYBERCRIME, HIGH_IDENTITY_THEFT, HIGH_SEC66D_CHEATING","HIGH_FRAUD_MOTIVE, HIGH_SEXUAL_EXPLOITATION_MOTIVE, HIGH_WOMEN_CYBERCRIME",0.3055555555555556,0.9166666666666667,2.357142857142857
"HIGH_SEC66D_CHEATING, HIGH_SEXUAL_EXPLOITATION_MOTIVE, HIGH_WOMEN_CYBERCRIME","HIGH_CHILD_CYBERCRIME, HIGH_FRAUD_MOTIVE, HIGH_IDENTITY_THEFT",0.3055555555555556,0.9166666666666667,2.357142857142857
"HIGH_CHILD_CYBERCRIME, HIGH_SEC66D_CHEATING, HIGH_SEXUAL_EXPLOITATION_MOTIVE","HIGH_FRAUD_MOTIVE, HIGH_IDENTITY_THEFT, HIGH_WOMEN_CYBERCRIME",0.3055555555555556,0.9166666666666667,2.357142857142857
"HIGH_SEC66D_CHEATING, HIGH_WOMEN_CYBERCRIME","HIGH_CHILD_CYBERCRIME, HIGH_FRAUD_MOTIVE, HIGH_IDENTITY_THEFT, HIGH_SEXUAL_EXPLOITATION_MOTIVE",0.3055555555555556,0.9166666666666667,2.357142857142857
"HIGH_CHILD_CYBERCRIME, HIGH_SEC66D_CHEATING","HIGH_FRAUD_MOTIVE, HIGH_IDENTITY_THEFT, HIGH_SEXUAL_EXPLOITATION_MOTIVE, HIGH_WOMEN_CYBERCRIME",0.3055555555555556,0.9166666666666667,2.357142857142857
"HIGH_EXTORTION_MOTIVE, HIGH_IDENTITY_THEFT, HIGH_SEC66D_CHEATING, HIGH_WOMEN_CYBERCRIME","HIGH_CHILD_CYBERCRIME, HIGH_FRAUD_MOTIVE, HIGH_SEXUAL_EXPLOITATION_MOTIVE",0.3055555555555556,0.9166666666666667,2.357142857142857
"HIGH_CHILD_CYBERCRIME, HIGH_EXTORTION_MOTIVE, HIGH_IDENTITY_THEFT, HIGH_SEC66D_CHEATING","HIGH_FRAUD_MOTIVE, HIGH_SEXUAL_EXPLOITATION_MOTIVE, HIGH_WOMEN_CYBERCRIME",0.3055555555555556,0.9166666666666667,2.357142857142857
"HIGH_EXTORTION_MOTIVE, HIGH_SEC66D_CHEATING, HIGH_SEXUAL_EXPLOITATION_MOTIVE, HIGH_WOMEN_CYBERCRIME","HIGH_CHILD_CYBERCRIME, HIGH_FRAUD_MOTIVE, HIGH_IDENTITY_THEFT",0.3055555555555556,0.9166666666666667,2.357142857142857
"HIGH_CHILD_CYBERCRIME, HIGH_EXTORTION_MOTIVE, HIGH_SEC66D_CHEATING, HIGH_SEXUAL_EXPLOITATION_MOTIVE","HIGH_FRAUD_MOTIVE, HIGH_IDENTITY_THEFT, HIGH_WOMEN_CYBERCRIME",0.3055555555555556,0.9166666666666667,2.357142857142857
"HIGH_IDENTITY_THEFT, HIGH_SEC66D_CHEATING, HIGH_SEXUAL_EXPLOITATION_MOTIVE, HIGH_WOMEN_CYBERCRIME","HIGH_CHILD_CYBERCRIME, HIGH_EXTORTION_MOTIVE, HIGH_FRAUD_MOTIVE",0.3055555555555556,0.9166666666666667,2.357142857142857
"HIGH_CHILD_CYBERCRIME, HIGH_IDENTITY_THEFT, HIGH_SEC66D_CHEATING, HIGH_SEXUAL_EXPLOITATION_MOTIVE","HIGH_EXTORTION_MOTIVE, HIGH_FRAUD_MOTIVE, HIGH_WOMEN_CYBERCRIME",0.3055555555555556,0.9166666666666667,2.357142857142857
"HIGH_EXTORTION_MOTIVE, HIGH_SEC66D_CHEATING, HIGH_WOMEN_CYBERCRIME","HIGH_CHILD_CYBERCRIME, HIGH_FRAUD_MOTIVE, HIGH_IDENTITY_THEFT, HIGH_SEXUAL_EXPLOITATION_MOTIVE",0.3055555555555556,0.9166666666666667,2.357142857142857
"HIGH_CHILD_CYBERCRIME, HIGH_EXTORTION_MOTIVE, HIGH_SEC66D_CHEATING","HIGH_FRAUD_MOTIVE, HIGH_IDENTITY_THEFT, HIGH_SEXUAL_EXPLOITATION_MOTIVE, HIGH_WOMEN_CYBERCRIME",0.3055555555555556,0.9166666666666667,2.357142857142857
"HIGH_IDENTITY_THEFT, HIGH_SEC66D_CHEATING, HIGH_WOMEN_CYBERCRIME","HIGH_CHILD_CYBERCRIME, HIGH_EXTORTION_MOTIVE, HIGH_FRAUD_MOTIVE, HIGH_SEXUAL_EXPLOITATION_MOTIVE",0.3055555555555556,0.9166666666666667,2.357142857142857
"HIGH_CHILD_CYBERCRIME, HIGH_IDENTITY_THEFT, HIGH_SEC66D_CHEATING","HIGH_EXTORTION_MOTIVE, HIGH_FRAUD_MOTIVE, HIGH_SEXUAL_EXPLOITATION_MOTIVE, HIGH_WOMEN_CYBERCRIME",0.3055555555555556,0.9166666666666667,2.357142857142857
"HIGH_SEC66D_CHEATING, HIGH_SEXUAL_EXPLOITATION_MOTIVE, HIGH_WOMEN_CYBERCRIME","HIGH_CHILD_CYBERCRIME, HIGH_EXTORTION_MOTIVE, HIGH_FRAUD_MOTIVE, HIGH_IDENTITY_THEFT",0.3055555555555556,0.9166666666666667,2.357142857142857
"HIGH_CHILD_CYBERCRIME, HIGH_SEC66D_CHEATING, HIGH_SEXUAL_EXPLOITATION_MOTIVE","HIGH_EXTORTION_MOTIVE, HIGH_FRAUD_MOTIVE, HIGH_IDENTITY_THEFT, HIGH_WOMEN_CYBERCRIME",0.3055555555555556,0.9166666666666667,2.357142857142857
"HIGH_SEC66D_CHEATING, HIGH_WOMEN_CYBERCRIME","HIGH_CHILD_CYBERCRIME, HIGH_EXTORTION_MOTIVE, HIGH_FRAUD_MOTIVE, HIGH_IDENTITY_THEFT, HIGH_SEXUAL_EXPLOITATION_MOTIVE",0.3055555555555556,0.9166666666666667,2.357142857142857
"HIGH_CHILD_CYBERCRIME, HIGH_SEC66D_CHEATING","HIGH_EXTORTION_MOTIVE, HIGH_FRAUD_MOTIVE, HIGH_IDENTITY_THEFT, HIGH_SEXUAL_EXPLOITATION_MOTIVE, HIGH_WOMEN_CYBERCRIME",0.3055555555555556,0.9166666666666667,2.357142857142857
"HIGH_CHILD_CYBERCRIME, HIGH_EXTORTION_MOTIVE, HIGH_FRAUD_MOTIVE, HIGH_WOMEN_CYBERCRIME","HIGH_IDENTITY_THEFT, HIGH_SEC66D_CHEATING, HIGH_SEXUAL_EXPLOITATION_MOTIVE",0.3055555555555556,0.8461538461538463,2.3431952662721898
"HIGH_IDENTITY_THEFT, HIGH_SEC66D_CHEATING, HIGH_SEXUAL_EXPLOITATION_MOTIVE","HIGH_CHILD_CYBERCRIME, HIGH_EXTORTION_MOTIVE, HIGH_FRAUD_MOTIVE, HIGH_WOMEN_CYBERCRIME",0.3055555555555556,0.8461538461538463,2.3431952662721898
"HIGH_EXTORTION_MOTIVE, HIGH_FRAUD_MOTIVE","HIGH_IDENTITY_THEFT, HIGH_SEC66D_CHEATING",0.3888888888888889,0.8750000000000001,2.2500000000000004
"HIGH_IDENTITY_THEFT, HIGH_SEXUAL_EXPLOITATION_MOTIVE","HIGH_CHILD_CYBERCRIME, HIGH_EXTORTION_MOTIVE, HIGH_WOMEN_CYBERCRIME",0.3888888888888889,0.8750000000000001,2.2500000000000004
"HIGH_IDENTITY_THEFT, HIGH_SEXUAL_EXPLOITATION_MOTIVE","HIGH_EXTORTION_MOTIVE, HIGH_FRAUD_MOTIVE, HIGH_WOMEN_CYBERCRIME",0.3888888888888889,0.8750000000000001,2.2500000000000004
"HIGH_IDENTITY_THEFT, HIGH_SEXUAL_EXPLOITATION_MOTIVE","HIGH_CHILD_CYBERCRIME, HIGH_EXTORTION_MOTIVE, HIGH_FRAUD_MOTIVE",0.3888888888888889,0.8750000000000001,2.2500000000000004
"HIGH_EXTORTION_MOTIVE, HIGH_WOMEN_CYBERCRIME","HIGH_IDENTITY_THEFT, HIGH_SEXUAL_EXPLOITATION_MOTIVE",0.4166666666666667,1.0,2.25
"HIGH_CHILD_CYBERCRIME, HIGH_EXTORTION_MOTIVE","HIGH_IDENTITY_THEFT, HIGH_SEXUAL_EXPLOITATION_MOTIVE",0.4166666666666667,1.0,2.25
"HIGH_IDENTITY_THEFT, HIGH_SEC66D_CHEATING","HIGH_EXTORTION_MOTIVE, HIGH_FRAUD_MOTIVE",0.3888888888888889,1.0,2.25
"HIGH_CHILD_CYBERCRIME, HIGH_EXTORTION_MOTIVE, HIGH_WOMEN_CYBERCRIME","HIGH_IDENTITY_THEFT, HIGH_SEXUAL_EXPLOITATION_MOTIVE",0.3888888888888889,1.0,2.25
"HIGH_EXTORTION_MOTIVE, HIGH_FRAUD_MOTIVE, HIGH_WOMEN_CYBERCRIME","HIGH_IDENTITY_THEFT, HIGH_SEXUAL_EXPLOITATION_MOTIVE",0.3888888888888889,1.0,2.25
"HIGH_CHILD_CYBERCRIME, HIGH_EXTORTION_MOTIVE, HIGH_FRAUD_MOTIVE","HIGH_IDENTITY_THEFT, HIGH_SEXUAL_EXPLOITATION_MOTIVE",0.3888888888888889,1.0,2.25
"HIGH_IDENTITY_THEFT, HIGH_SEC66D_CHEATING, HIGH_SEXUAL_EXPLOITATION_MOTIVE","HIGH_EXTORTION_MOTIVE, HIGH_FRAUD_MOTIVE",0.3611111111111111,1.0,2.25
"HIGH_CHILD_CYBERCRIME, HIGH_EXTORTION_MOTIVE, HIGH_FRAUD_MOTIVE, HIGH_WOMEN_CYBERCRIME","HIGH_IDENTITY_THEFT, HIGH_SEXUAL_EXPLOITATION_MOTIVE",0.3611111111111111,1.0,2.25
"HIGH_SEC66D_CHEATING, HIGH_WOMEN_CYBERCRIME","HIGH_IDENTITY_THEFT, HIGH_SEXUAL_EXPLOITATION_MOTIVE",0.3333333333333333,1.0,2.25
"HIGH_CHILD_CYBERCRIME, HIGH_SEC66D_CHEATING","HIGH_IDENTITY_THEFT, HIGH_SEXUAL_EXPLOITATION_MOTIVE",0.3333333333333333,1.0,2.25
"HIGH_SEC66D_CHEATING, HIGH_WOMEN_CYBERCRIME","HIGH_FRAUD_MOTIVE, HIGH_IDENTITY_THEFT",0.3333333333333333,1.0,2.25
"HIGH_SEC66D_CHEATING, HIGH_WOMEN_CYBERCRIME","HIGH_EXTORTION_MOTIVE, HIGH_FRAUD_MOTIVE",0.3333333333333333,1.0,2.25
"HIGH_CHILD_CYBERCRIME, HIGH_SEC66D_CHEATING","HIGH_EXTORTION_MOTIVE, HIGH_FRAUD_MOTIVE",0.3333333333333333,1.0,2.25
"HIGH_CHILD_CYBERCRIME, HIGH_SEC66D_CHEATING","HIGH_FRAUD_MOTIVE, HIGH_IDENTITY_THEFT",0.3333333333333333,1.0,2.25
"HIGH_EXTORTION_MOTIVE, HIGH_SEC66D_CHEATING, HIGH_WOMEN_CYBERCRIME","HIGH_IDENTITY_THEFT, HIGH_SEXUAL_EXPLOITATION_MOTIVE",0.3333333333333333,1.0,2.25
"HIGH_SEC66D_CHEATING, HIGH_WOMEN_CYBERCRIME","HIGH_EXTORTION_MOTIVE, HIGH_IDENTITY_THEFT, HIGH_SEXUAL_EXPLOITATION_MOTIVE",0.3333333333333333,1.0,2.25
"HIGH_CHILD_CYBERCRIME, HIGH_EXTORTION_MOTIVE, HIGH_SEC66D_CHEATING","HIGH_IDENTITY_THEFT, HIGH_SEXUAL_EXPLOITATION_MOTIVE",0.3333333333333333,1.0,2.25
"HIGH_CHILD_CYBERCRIME, HIGH_SEC66D_CHEATING","HIGH_EXTORTION_MOTIVE, HIGH_IDENTITY_THEFT, HIGH_SEXUAL_EXPLOITATION_MOTIVE",0.3333333333333333,1.0,2.25
"HIGH_EXTORTION_MOTIVE, HIGH_SEC66D_CHEATING, HIGH_WOMEN_CYBERCRIME","HIGH_FRAUD_MOTIVE, HIGH_IDENTITY_THEFT",0.3333333333333333,1.0,2.25
"HIGH_IDENTITY_THEFT, HIGH_SEC66D_CHEATING, HIGH_WOMEN_CYBERCRIME","HIGH_EXTORTION_MOTIVE, HIGH_FRAUD_MOTIVE",0.3333333333333333,1.0,2.25
"HIGH_SEC66D_CHEATING, HIGH_WOMEN_CYBERCRIME","HIGH_EXTORTION_MOTIVE, HIGH_FRAUD_MOTIVE, HIGH_IDENTITY_THEFT",0.3333333333333333,1.0,2.25
"HIGH_SEC66D_CHEATING, HIGH_SEXUAL_EXPLOITATION_MOTIVE, HIGH_WOMEN_CYBERCRIME","HIGH_EXTORTION_MOTIVE, HIGH_FRAUD_MOTIVE",0.3333333333333333,1.0,2.25
"HIGH_SEC66D_CHEATING, HIGH_SEXUAL_EXPLOITATION_MOTIVE, HIGH_WOMEN_CYBERCRIME","HIGH_FRAUD_MOTIVE, HIGH_IDENTITY_THEFT",0.3333333333333333,1.0,2.25
"HIGH_FRAUD_MOTIVE, HIGH_SEC66D_CHEATING, HIGH_WOMEN_CYBERCRIME","HIGH_IDENTITY_THEFT, HIGH_SEXUAL_EXPLOITATION_MOTIVE",0.3333333333333333,1.0,2.25
"HIGH_CHILD_CYBERCRIME, HIGH_EXTORTION_MOTIVE, HIGH_SEC66D_CHEATING","HIGH_FRAUD_MOTIVE, HIGH_IDENTITY_THEFT",0.3333333333333333,1.0,2.25
"HIGH_CHILD_CYBERCRIME, HIGH_IDENTITY_THEFT, HIGH_SEC66D_CHEATING","HIGH_EXTORTION_MOTIVE, HIGH_FRAUD_MOTIVE",0.3333333333333333,1.0,2.25
"HIGH_CHILD_CYBERCRIME, HIGH_SEC66D_CHEATING","HIGH_EXTORTION_MOTIVE, HIGH_FRAUD_MOTIVE, HIGH_IDENTITY_THEFT",0.3333333333333333,1.0,2.25
"HIGH_CHILD_CYBERCRIME, HIGH_SEC66D_CHEATING, HIGH_SEXUAL_EXPLOITATION_MOTIVE","HIGH_EXTORTION_MOTIVE, HIGH_FRAUD_MOTIVE",0.3333333333333333,1.0,2.25
"HIGH_CHILD_CYBERCRIME, HIGH_SEC66D_CHEATING, HIGH_SEXUAL_EXPLOITATION_MOTIVE","HIGH_FRAUD_MOTIVE, HIGH_IDENTITY_THEFT",0.3333333333333333,1.0,2.25
"HIGH_CHILD_CYBERCRIME, HIGH_FRAUD_MOTIVE, HIGH_SEC66D_CHEATING","HIGH_IDENTITY_THEFT, HIGH_SEXUAL_EXPLOITATION_MOTIVE",0.3333333333333333,1.0,2.25
"HIGH_EXTORTION_MOTIVE, HIGH_SEC66D_CHEATING, HIGH_SEXUAL_EXPLOITATION_MOTIVE, HIGH_WOMEN_CYBERCRIME","HIGH_FRAUD_MOTIVE, HIGH_IDENTITY_THEFT",0.3333333333333333,1.0,2.25
"HIGH_EXTORTION_MOTIVE, HIGH_FRAUD_MOTIVE, HIGH_SEC66D_CHEATING, HIGH_WOMEN_CYBERCRIME","HIGH_IDENTITY_THEFT, HIGH_SEXUAL_EXPLOITATION_MOTIVE",0.3333333333333333,1.0,2.25
"HIGH_IDENTITY_THEFT, HIGH_SEC66D_CHEATING, HIGH_SEXUAL_EXPLOITATION_MOTIVE, HIGH_WOMEN_CYBERCRIME","HIGH_EXTORTION_MOTIVE, HIGH_FRAUD_MOTIVE",0.3333333333333333,1.0,2.25
"HIGH_SEC66D_CHEATING, HIGH_SEXUAL_EXPLOITATION_MOTIVE, HIGH_WOMEN_CYBERCRIME","HIGH_EXTORTION_MOTIVE, HIGH_FRAUD_MOTIVE, HIGH_IDENTITY_THEFT",0.3333333333333333,1.0,2.25
"HIGH_FRAUD_MOTIVE, HIGH_SEC66D_CHEATING, HIGH_WOMEN_CYBERCRIME","HIGH_EXTORTION_MOTIVE, HIGH_IDENTITY_THEFT, HIGH_SEXUAL_EXPLOITATION_MOTIVE",0.3333333333333333,1.0,2.25
"HIGH_CHILD_CYBERCRIME, HIGH_EXTORTION_MOTIVE, HIGH_SEC66D_CHEATING, HIGH_SEXUAL_EXPLOITATION_MOTIVE","HIGH_FRAUD_MOTIVE, HIGH_IDENTITY_THEFT",0.3333333333333333,1.0,2.25
"HIGH_CHILD_CYBERCRIME, HIGH_EXTORTION_MOTIVE, HIGH_FRAUD_MOTIVE, HIGH_SEC66D_CHEATING","HIGH_IDENTITY_THEFT, HIGH_SEXUAL_EXPLOITATION_MOTIVE",0.3333333333333333,1.0,2.25
"HIGH_CHILD_CYBERCRIME, HIGH_IDENTITY_THEFT, HIGH_SEC66D_CHEATING, HIGH_SEXUAL_EXPLOITATION_MOTIVE","HIGH_EXTORTION_MOTIVE, HIGH_FRAUD_MOTIVE",0.3333333333333333,1.0,2.25
"HIGH_CHILD_CYBERCRIME, HIGH_SEC66D_CHEATING, HIGH_SEXUAL_EXPLOITATION_MOTIVE","HIGH_EXTORTION_MOTIVE, HIGH_FRAUD_MOTIVE, HIGH_IDENTITY_THEFT",0.3333333333333333,1.0,2.25
"HIGH_CHILD_CYBERCRIME, HIGH_FRAUD_MOTIVE, HIGH_SEC66D_CHEATING","HIGH_EXTORTION_MOTIVE, HIGH_IDENTITY_THEFT, HIGH_SEXUAL_EXPLOITATION_MOTIVE",0.3333333333333333,1.0,2.25
"HIGH_CHILD_CYBERCRIME, HIGH_SEC66D_CHEATING, HIGH_WOMEN_CYBERCRIME","HIGH_IDENTITY_THEFT, HIGH_SEXUAL_EXPLOITATION_MOTIVE",0.3055555555555556,1.0,2.25
"HIGH_CHILD_CYBERCRIME, HIGH_SEC66D_CHEATING, HIGH_WOMEN_CYBERCRIME","HIGH_EXTORTION_MOTIVE, HIGH_FRAUD_MOTIVE",0.3055555555555556,1.0,2.25
"HIGH_CHILD_CYBERCRIME, HIGH_SEC66D_CHEATING, HIGH_WOMEN_CYBERCRIME","HIGH_FRAUD_MOTIVE, HIGH_IDENTITY_THEFT",0.3055555555555556,1.0,2.25
"HIGH_CHILD_CYBERCRIME, HIGH_EXTORTION_MOTIVE, HIGH_SEC66D_CHEATING, HIGH_WOMEN_CYBERCRIME","HIGH_IDENTITY_THEFT, HIGH_SEXUAL_EXPLOITATION_MOTIVE",0.3055555555555556,1.0,2.25
"HIGH_CHILD_CYBERCRIME, HIGH_SEC66D_CHEATING, HIGH_WOMEN_CYBERCRIME","HIGH_EXTORTION_MOTIVE, HIGH_IDENTITY_THEFT, HIGH_SEXUAL_EXPLOITATION_MOTIVE",0.3055555555555556,1.0,2.25
"HIGH_CHILD_CYBERCRIME, HIGH_EXTORTION_MOTIVE, HIGH_SEC66D_CHEATING, HIGH_WOMEN_CYBERCRIME","HIGH_FRAUD_MOTIVE, HIGH_IDENTITY_THEFT",0.3055555555555556,1.0,2.25
"HIGH_CHILD_CYBERCRIME, HIGH_IDENTITY_THEFT, HIGH_SEC66D_CHEATING, HIGH_WOMEN_CYBERCRIME","HIGH_EXTORTION_MOTIVE, HIGH_FRAUD_MOTIVE",0.3055555555555556,1.0,2.25
"HIGH_CHILD_CYBERCRIME, HIGH_SEC66D_CHEATING, HIGH_WOMEN_CYBERCRIME","HIGH_EXTORTION_MOTIVE, HIGH_FRAUD_MOTIVE, HIGH_IDENTITY_THEFT",0.3055555555555556,1.0,2.25
"HIGH_CHILD_CYBERCRIME, HIGH_SEC66D_CHEATING, HIGH_SEXUAL_EXPLOITATION_MOTIVE, HIGH_WOMEN_CYBERCRIME","HIGH_EXTORTION_MOTIVE, HIGH_FRAUD_MOTIVE",0.3055555555555556,1.0,2.25
"HIGH_CHILD_CYBERCRIME, HIGH_SEC66D_CHEATING, HIGH_SEXUAL_EXPLOITATION_MOTIVE, HIGH_WOMEN_CYBERCRIME","HIGH_FRAUD_MOTIVE, HIGH_IDENTITY_THEFT",0.3055555555555556,1.0,2.25
"HIGH_CHILD_CYBERCRIME, HIGH_FRAUD_MOTIVE, HIGH_SEC66D_CHEATING, HIGH_WOMEN_CYBERCRIME","HIGH_IDENTITY_THEFT, HIGH_SEXUAL_EXPLOITATION_MOTIVE",0.3055555555555556,1.0,2.25
"HIGH_CHILD_CYBERCRIME, HIGH_EXTORTION_MOTIVE, HIGH_SEC66D_CHEATING, HIGH_SEXUAL_EXPLOITATION_MOTIVE, HIGH_WOMEN_CYBERCRIME","HIGH_FRAUD_MOTIVE, HIGH_IDENTITY_THEFT",0.3055555555555556,1.0,2.25
"HIGH_CHILD_CYBERCRIME, HIGH_EXTORTION_MOTIVE, HIGH_FRAUD_MOTIVE, HIGH_SEC66D_CHEATING, HIGH_WOMEN_CYBERCRIME","HIGH_IDENTITY_THEFT, HIGH_SEXUAL_EXPLOITATION_MOTIVE",0.3055555555555556,1.0,2.25
"HIGH_CHILD_CYBERCRIME, HIGH_IDENTITY_THEFT, HIGH_SEC66D_CHEATING, HIGH_SEXUAL_EXPLOITATION_MOTIVE, HIGH_WOMEN_CYBERCRIME","HIGH_EXTORTION_MOTIVE, HIGH_FRAUD_MOTIVE",0.3055555555555556,1.0,2.25
"HIGH_CHILD_CYBERCRIME, HIGH_SEC66D_CHEATING, HIGH_SEXUAL_EXPLOITATION_MOTIVE, HIGH_WOMEN_CYBERCRIME","HIGH_EXTORTION_MOTIVE, HIGH_FRAUD_MOTIVE, HIGH_IDENTITY_THEFT",0.3055555555555556,1.0,2.25
"HIGH_CHILD_CYBERCRIME, HIGH_FRAUD_MOTIVE, HIGH_SEC66D_CHEATING, HIGH_WOMEN_CYBERCRIME","HIGH_EXTORTION_MOTIVE, HIGH_IDENTITY_THEFT, HIGH_SEXUAL_EXPLOITATION_MOTIVE",0.3055555555555556,1.0,2.25
"HIGH_IDENTITY_THEFT, HIGH_SEXUAL_EXPLOITATION_MOTIVE","HIGH_EXTORTION_MOTIVE, HIGH_WOMEN_CYBERCRIME",0.4166666666666667,0.9375000000000001,2.25
"HIGH_IDENTITY_THEFT, HIGH_SEXUAL_EXPLOITATION_MOTIVE","HIGH_CHILD_CYBERCRIME, HIGH_EXTORTION_MOTIVE",0.4166666666666667,0.9375000000000001,2.25
"HIGH_EXTORTION_MOTIVE, HIGH_FRAUD_MOTIVE","HIGH_IDENTITY_THEFT, HIGH_SEC66D_CHEATING, HIGH_SEXUAL_EXPLOITATION_MOTIVE",0.3611111111111111,0.8125,2.25
"HIGH_IDENTITY_THEFT, HIGH_SEXUAL_EXPLOITATION_MOTIVE","HIGH_CHILD_CYBERCRIME, HIGH_EXTORTION_MOTIVE, HIGH_FRAUD_MOTIVE, HIGH_WOMEN_CYBERCRIME",0.3611111111111111,0.8125,2.25
"HIGH_IDENTITY_THEFT, HIGH_SEXUAL_EXPLOITATION_MOTIVE","HIGH_SEC66D_CHEATING, HIGH_WOMEN_CYBERCRIME",0.3333333333333333,0.75,2.25
"HIGH_IDENTITY_THEFT, HIGH_SEXUAL_EXPLOITATION_MOTIVE","HIGH_CHILD_CYBERCRIME, HIGH_SEC66D_CHEATING",0.3333333333333333,0.75,2.25
"HIGH_FRAUD_MOTIVE, HIGH_IDENTITY_THEFT","HIGH_SEC66D_CHEATING, HIGH_WOMEN_CYBERCRIME",0.3333333333333333,0.75,2.25
"HIGH_EXTORTION_MOTIVE, HIGH_FRAUD_MOTIVE","HIGH_SEC66D_CHEATING, HIGH_WOMEN_CYBERCRIME",0.3333333333333333,0.75,2.25
"HIGH_EXTORTION_MOTIVE, HIGH_FRAUD_MOTIVE","HIGH_CHILD_CYBERCRIME, HIGH_SEC66D_CHEATING",0.3333333333333333,0.75,2.25
"HIGH_FRAUD_MOTIVE, HIGH_IDENTITY_THEFT","HIGH_CHILD_CYBERCRIME, HIGH_SEC66D_CHEATING",0.3333333333333333,0.75,2.25
"HIGH_EXTORTION_MOTIVE, HIGH_IDENTITY_THEFT, HIGH_SEXUAL_EXPLOITATION_MOTIVE","HIGH_SEC66D_CHEATING, HIGH_WOMEN_CYBERCRIME",0.3333333333333333,0.75,2.25
"HIGH_IDENTITY_THEFT, HIGH_SEXUAL_EXPLOITATION_MOTIVE","HIGH_EXTORTION_MOTIVE, HIGH_SEC66D_CHEATING, HIGH_WOMEN_CYBERCRIME",0.3333333333333333,0.75,2.25
"HIGH_EXTORTION_MOTIVE, HIGH_IDENTITY_THEFT, HIGH_SEXUAL_EXPLOITATION_MOTIVE","HIGH_CHILD_CYBERCRIME, HIGH_SEC66D_CHEATING",0.3333333333333333,0.75,2.25
"HIGH_IDENTITY_THEFT, HIGH_SEXUAL_EXPLOITATION_MOTIVE","HIGH_CHILD_CYBERCRIME, HIGH_EXTORTION_MOTIVE, HIGH_SEC66D_CHEATING",0.3333333333333333,0.75,2.25
"HIGH_EXTORTION_MOTIVE, HIGH_FRAUD_MOTIVE, HIGH_IDENTITY_THEFT","HIGH_SEC66D_CHEATING, HIGH_WOMEN_CYBERCRIME",0.3333333333333333,0.75,2.25
"HIGH_EXTORTION_MOTIVE, HIGH_FRAUD_MOTIVE","HIGH_IDENTITY_THEFT, HIGH_SEC66D_CHEATING, HIGH_WOMEN_CYBERCRIME",0.3333333333333333,0.75,2.25
"HIGH_FRAUD_MOTIVE, HIGH_IDENTITY_THEFT","HIGH_EXTORTION_MOTIVE, HIGH_SEC66D_CHEATING, HIGH_WOMEN_CYBERCRIME",0.3333333333333333,0.75,2.25
"HIGH_EXTORTION_MOTIVE, HIGH_FRAUD_MOTIVE","HIGH_SEC66D_CHEATING, HIGH_SEXUAL_EXPLOITATION_MOTIVE, HIGH_WOMEN_CYBERCRIME",0.3333333333333333,0.75,2.25
"HIGH_IDENTITY_THEFT, HIGH_SEXUAL_EXPLOITATION_MOTIVE","HIGH_FRAUD_MOTIVE, HIGH_SEC66D_CHEATING, HIGH_WOMEN_CYBERCRIME",0.3333333333333333,0.75,2.25
"HIGH_FRAUD_MOTIVE, HIGH_IDENTITY_THEFT","HIGH_SEC66D_CHEATING, HIGH_SEXUAL_EXPLOITATION_MOTIVE, HIGH_WOMEN_CYBERCRIME",0.3333333333333333,0.75,2.25
"HIGH_EXTORTION_MOTIVE, HIGH_FRAUD_MOTIVE, HIGH_IDENTITY_THEFT","HIGH_CHILD_CYBERCRIME, HIGH_SEC66D_CHEATING",0.3333333333333333,0.75,2.25
"HIGH_EXTORTION_MOTIVE, HIGH_FRAUD_MOTIVE","HIGH_CHILD_CYBERCRIME, HIGH_IDENTITY_THEFT, HIGH_SEC66D_CHEATING",0.3333333333333333,0.75,2.25
"HIGH_FRAUD_MOTIVE, HIGH_IDENTITY_THEFT","HIGH_CHILD_CYBERCRIME, HIGH_EXTORTION_MOTIVE, HIGH_SEC66D_CHEATING",0.3333333333333333,0.75,2.25
"HIGH_EXTORTION_MOTIVE, HIGH_FRAUD_MOTIVE","HIGH_CHILD_CYBERCRIME, HIGH_SEC66D_CHEATING, HIGH_SEXUAL_EXPLOITATION_MOTIVE",0.3333333333333333,0.75,2.25
"HIGH_IDENTITY_THEFT, HIGH_SEXUAL_EXPLOITATION_MOTIVE","HIGH_CHILD_CYBERCRIME, HIGH_FRAUD_MOTIVE, HIGH_SEC66D_CHEATING",0.3333333333333333,0.75,2.25
"HIGH_FRAUD_MOTIVE, HIGH_IDENTITY_THEFT","HIGH_CHILD_CYBERCRIME, HIGH_SEC66D_CHEATING, HIGH_SEXUAL_EXPLOITATION_MOTIVE",0.3333333333333333,0.75,2.25
"HIGH_EXTORTION_MOTIVE, HIGH_IDENTITY_THEFT, HIGH_SEXUAL_EXPLOITATION_MOTIVE","HIGH_FRAUD_MOTIVE, HIGH_SEC66D_CHEATING, HIGH_WOMEN_CYBERCRIME",0.3333333333333333,0.75,2.25
"HIGH_EXTORTION_MOTIVE, HIGH_FRAUD_MOTIVE, HIGH_IDENTITY_THEFT","HIGH_SEC66D_CHEATING, HIGH_SEXUAL_EXPLOITATION_MOTIVE, HIGH_WOMEN_CYBERCRIME",0.3333333333333333,0.75,2.25
"HIGH_EXTORTION_MOTIVE, HIGH_FRAUD_MOTIVE","HIGH_IDENTITY_THEFT, HIGH_SEC66D_CHEATING, HIGH_SEXUAL_EXPLOITATION_MOTIVE, HIGH_WOMEN_CYBERCRIME",0.3333333333333333,0.75,2.25
"HIGH_IDENTITY_THEFT, HIGH_SEXUAL_EXPLOITATION_MOTIVE","HIGH_EXTORTION_MOTIVE, HIGH_FRAUD_MOTIVE, HIGH_SEC66D_CHEATING, HIGH_WOMEN_CYBERCRIME",0.3333333333333333,0.75,2.25
"HIGH_FRAUD_MOTIVE, HIGH_IDENTITY_THEFT","HIGH_EXTORTION_MOTIVE, HIGH_SEC66D_CHEATING, HIGH_SEXUAL_EXPLOITATION_MOTIVE, HIGH_WOMEN_CYBERCRIME",0.3333333333333333,0.75,2.25
"HIGH_EXTORTION_MOTIVE, HIGH_IDENTITY_THEFT, HIGH_SEXUAL_EXPLOITATION_MOTIVE","HIGH_CHILD_CYBERCRIME, HIGH_FRAUD_MOTIVE, HIGH_SEC66D_CHEATING",0.3333333333333333,0.75,2.25
"HIGH_EXTORTION_MOTIVE, HIGH_FRAUD_MOTIVE, HIGH_IDENTITY_THEFT","HIGH_CHILD_CYBERCRIME, HIGH_SEC66D_CHEATING, HIGH_SEXUAL_EXPLOITATION_MOTIVE",0.3333333333333333,0.75,2.25
"HIGH_EXTORTION_MOTIVE, HIGH_FRAUD_MOTIVE","HIGH_CHILD_CYBERCRIME, HIGH_IDENTITY_THEFT, HIGH_SEC66D_CHEATING, HIGH_SEXUAL_EXPLOITATION_MOTIVE",0.3333333333333333,0.75,2.25
"HIGH_IDENTITY_THEFT, HIGH_SEXUAL_EXPLOITATION_MOTIVE","HIGH_CHILD_CYBERCRIME, HIGH_EXTORTION_MOTIVE, HIGH_FRAUD_MOTIVE, HIGH_SEC66D_CHEATING",0.3333333333333333,0.75,2.25
"HIGH_FRAUD_MOTIVE, HIGH_IDENTITY_THEFT","HIGH_CHILD_CYBERCRIME, HIGH_EXTORTION_MOTIVE, HIGH_SEC66D_CHEATING, HIGH_SEXUAL_EXPLOITATION_MOTIVE",0.3333333333333333,0.75,2.25
"HIGH_IDENTITY_THEFT, HIGH_SEXUAL_EXPLOITATION_MOTIVE","HIGH_CHILD_CYBERCRIME, HIGH_SEC66D_CHEATING, HIGH_WOMEN_CYBERCRIME",0.3055555555555556,0.6875000000000001,2.25
"HIGH_EXTORTION_MOTIVE, HIGH_FRAUD_MOTIVE","HIGH_CHILD_CYBERCRIME, HIGH_SEC66D_CHEATING, HIGH_WOMEN_CYBERCRIME",0.3055555555555556,0.6875000000000001,2.25
"HIGH_FRAUD_MOTIVE, HIGH_IDENTITY_THEFT","HIGH_CHILD_CYBERCRIME, HIGH_SEC66D_CHEATING, HIGH_WOMEN_CYBERCRIME",0.3055555555555556,0.6875000000000001,2.25
"HIGH_EXTORTION_MOTIVE, HIGH_IDENTITY_THEFT, HIGH_SEXUAL_EXPLOITATION_MOTIVE","HIGH_CHILD_CYBERCRIME, HIGH_SEC66D_CHEATING, HIGH_WOMEN_CYBERCRIME",0.3055555555555556,0.6875000000000001,2.25
"HIGH_IDENTITY_THEFT, HIGH_SEXUAL_EXPLOITATION_MOTIVE","HIGH_CHILD_CYBERCRIME, HIGH_EXTORTION_MOTIVE, HIGH_SEC66D_CHEATING, HIGH_WOMEN_CYBERCRIME",0.3055555555555556,0.6875000000000001,2.25
"HIGH_EXTORTION_MOTIVE, HIGH_FRAUD_MOTIVE, HIGH_IDENTITY_THEFT","HIGH_CHILD_CYBERCRIME, HIGH_SEC66D_CHEATING, HIGH_WOMEN_CYBERCRIME",0.3055555555555556,0.6875000000000001,2.25
"HIGH_EXTORTION_MOTIVE, HIGH_FRAUD_MOTIVE","HIGH_CHILD_CYBERCRIME, HIGH_IDENTITY_THEFT, HIGH_SEC66D_CHEATING, HIGH_WOMEN_CYBERCRIME",0.3055555555555556,0.6875000000000001,2.25
"HIGH_FRAUD_MOTIVE, HIGH_IDENTITY_THEFT","HIGH_CHILD_CYBERCRIME, HIGH_EXTORTION_MOTIVE, HIGH_SEC66D_CHEATING, HIGH_WOMEN_CYBERCRIME",0.3055555555555556,0.6875000000000001,2.25
"HIGH_EXTORTION_MOTIVE, HIGH_FRAUD_MOTIVE","HIGH_CHILD_CYBERCRIME, HIGH_SEC66D_CHEATING, HIGH_SEXUAL_EXPLOITATION_MOTIVE, HIGH_WOMEN_CYBERCRIME",0.3055555555555556,0.6875000000000001,2.25
"HIGH_IDENTITY_THEFT, HIGH_SEXUAL_EXPLOITATION_MOTIVE","HIGH_CHILD_CYBERCRIME, HIGH_FRAUD_MOTIVE, HIGH_SEC66D_CHEATING, HIGH_WOMEN_CYBERCRIME",0.3055555555555556,0.6875000000000001,2.25
"HIGH_FRAUD_MOTIVE, HIGH_IDENTITY_THEFT","HIGH_CHILD_CYBERCRIME, HIGH_SEC66D_CHEATING, HIGH_SEXUAL_EXPLOITATION_MOTIVE, HIGH_WOMEN_CYBERCRIME",0.3055555555555556,0.6875000000000001,2.25
"HIGH_EXTORTION_MOTIVE, HIGH_IDENTITY_THEFT, HIGH_SEXUAL_EXPLOITATION_MOTIVE","HIGH_CHILD_CYBERCRIME, HIGH_FRAUD_MOTIVE, HIGH_SEC66D_CHEATING, HIGH_WOMEN_CYBERCRIME",0.3055555555555556,0.6875000000000001,2.25
"HIGH_EXTORTION_MOTIVE, HIGH_FRAUD_MOTIVE, HIGH_IDENTITY_THEFT","HIGH_CHILD_CYBERCRIME, HIGH_SEC66D_CHEATING, HIGH_SEXUAL_EXPLOITATION_MOTIVE, HIGH_WOMEN_CYBERCRIME",0.3055555555555556,0.6875000000000001,2.25
"HIGH_EXTORTION_MOTIVE, HIGH_FRAUD_MOTIVE","HIGH_CHILD_CYBERCRIME, HIGH_IDENTITY_THEFT, HIGH_SEC66D_CHEATING, HIGH_SEXUAL_EXPLOITATION_MOTIVE, HIGH_WOMEN_CYBERCRIME",0.3055555555555556,0.6875000000000001,2.25
"HIGH_IDENTITY_THEFT, HIGH_SEXUAL_EXPLOITATION_MOTIVE","HIGH_CHILD_CYBERCRIME, HIGH_EXTORTION_MOTIVE, HIGH_FRAUD_MOTIVE, HIGH_SEC66D_CHEATING, HIGH_WOMEN_CYBERCRIME",0.3055555555555556,0.6875000000000001,2.25
"HIGH_FRAUD_MOTIVE, HIGH_IDENTITY_THEFT","HIGH_CHILD_CYBERCRIME, HIGH_EXTORTION_MOTIVE, HIGH_SEC66D_CHEATING, HIGH_SEXUAL_EXPLOITATION_MOTIVE, HIGH_WOMEN_CYBERCRIME",0.3055555555555556,0.6875000000000001,2.25
"HIGH_CHILD_CYBERCRIME, HIGH_EXTORTION_MOTIVE","HIGH_IDENTITY_THEFT, HIGH_WOMEN_CYBERCRIME",0.3888888888888889,0.9333333333333333,2.2399999999999998
"HIGH_EXTORTION_MOTIVE, HIGH_WOMEN_CYBERCRIME","HIGH_CHILD_CYBERCRIME, HIGH_IDENTITY_THEFT",0.3888888888888889,0.9333333333333333,2.2399999999999998
"HIGH_CHILD_CYBERCRIME, HIGH_IDENTITY_THEFT","HIGH_EXTORTION_MOTIVE, HIGH_WOMEN_CYBERCRIME",0.3888888888888889,0.9333333333333333,2.2399999999999998
"HIGH_IDENTITY_THEFT, HIGH_WOMEN_CYBERCRIME","HIGH_CHILD_CYBERCRIME, HIGH_EXTORTION_MOTIVE",0.3888888888888889,0.9333333333333333,2.2399999999999998
"HIGH_EXTORTION_MOTIVE, HIGH_WOMEN_CYBERCRIME","HIGH_FRAUD_MOTIVE, HIGH_SEXUAL_EXPLOITATION_MOTIVE",0.3888888888888889,0.9333333333333333,2.2399999999999998
"HIGH_FRAUD_MOTIVE, HIGH_SEXUAL_EXPLOITATION_MOTIVE","HIGH_EXTORTION_MOTIVE, HIGH_WOMEN_CYBERCRIME",0.3888888888888889,0.9333333333333333,2.2399999999999998
"HIGH_FRAUD_MOTIVE, HIGH_SEXUAL_EXPLOITATION_MOTIVE","HIGH_IDENTITY_THEFT, HIGH_WOMEN_CYBERCRIME",0.3888888888888889,0.9333333333333333,2.2399999999999998
"HIGH_IDENTITY_THEFT, HIGH_WOMEN_CYBERCRIME","HIGH_FRAUD_MOTIVE, HIGH_SEXUAL_EXPLOITATION_MOTIVE",0.3888888888888889,0.9333333333333333,2.2399999999999998
"HIGH_FRAUD_MOTIVE, HIGH_SEXUAL_EXPLOITATION_MOTIVE","HIGH_CHILD_CYBERCRIME, HIGH_IDENTITY_THEFT",0.3888888888888889,0.9333333333333333,2.2399999999999998
"HIGH_CHILD_CYBERCRIME, HIGH_IDENTITY_THEFT","HIGH_FRAUD_MOTIVE, HIGH_SEXUAL_EXPLOITATION_MOTIVE",0.3888888888888889,0.9333333333333333,2.2399999999999998
"HIGH_CHILD_CYBERCRIME, HIGH_EXTORTION_MOTIVE","HIGH_FRAUD_MOTIVE, HIGH_SEXUAL_EXPLOITATION_MOTIVE",0.3888888888888889,0.9333333333333333,2.2399999999999998
"HIGH_FRAUD_MOTIVE, HIGH_SEXUAL_EXPLOITATION_MOTIVE","HIGH_CHILD_CYBERCRIME, HIGH_EXTORTION_MOTIVE",0.3888888888888889,0.9333333333333333,2.2399999999999998
"HIGH_EXTORTION_MOTIVE, HIGH_SEXUAL_EXPLOITATION_MOTIVE, HIGH_WOMEN_CYBERCRIME","HIGH_CHILD_CYBERCRIME, HIGH_IDENTITY_THEFT",0.3888888888888889,0.9333333333333333,2.2399999999999998
"HIGH_CHILD_CYBERCRIME, HIGH_EXTORTION_MOTIVE, HIGH_SEXUAL_EXPLOITATION_MOTIVE","HIGH_IDENTITY_THEFT, HIGH_WOMEN_CYBERCRIME",0.3888888888888889,0.9333333333333333,2.2399999999999998
"HIGH_IDENTITY_THEFT, HIGH_SEXUAL_EXPLOITATION_MOTIVE, HIGH_WOMEN_CYBERCRIME","HIGH_CHILD_CYBERCRIME, HIGH_EXTORTION_MOTIVE",0.3888888888888889,0.9333333333333333,2.2399999999999998
"HIGH_CHILD_CYBERCRIME, HIGH_IDENTITY_THEFT, HIGH_SEXUAL_EXPLOITATION_MOTIVE","HIGH_EXTORTION_MOTIVE, HIGH_WOMEN_CYBERCRIME",0.3888888888888889,0.9333333333333333,2.2399999999999998
"HIGH_EXTORTION_MOTIVE, HIGH_WOMEN_CYBERCRIME","HIGH_CHILD_CYBERCRIME, HIGH_IDENTITY_THEFT, HIGH_SEXUAL_EXPLOITATION_MOTIVE",0.3888888888888889,0.9333333333333333,2.2399999999999998
"HIGH_CHILD_CYBERCRIME, HIGH_EXTORTION_MOTIVE","HIGH_IDENTITY_THEFT, HIGH_SEXUAL_EXPLOITATION_MOTIVE, HIGH_WOMEN_CYBERCRIME",0.3888888888888889,0.9333333333333333,2.2399999999999998
"HIGH_IDENTITY_THEFT, HIGH_WOMEN_CYBERCRIME","HIGH_CHILD_CYBERCRIME, HIGH_EXTORTION_MOTIVE, HIGH_SEXUAL_EXPLOITATION_MOTIVE",0.3888888888888889,0.9333333333333333,2.2399999999999998
"HIGH_CHILD_CYBERCRIME, HIGH_IDENTITY_THEFT","HIGH_EXTORTION_MOTIVE, HIGH_SEXUAL_EXPLOITATION_MOTIVE, HIGH_WOMEN_CYBERCRIME",0.3888888888888889,0.9333333333333333,2.2399999999999998
"HIGH_EXTORTION_MOTIVE, HIGH_IDENTITY_THEFT, HIGH_WOMEN_CYBERCRIME","HIGH_FRAUD_MOTIVE, HIGH_SEXUAL_EXPLOITATION_MOTIVE",0.3888888888888889,0.9333333333333333,2.2399999999999998
"HIGH_EXTORTION_MOTIVE, HIGH_FRAUD_MOTIVE, HIGH_SEXUAL_EXPLOITATION_MOTIVE","HIGH_IDENTITY_THEFT, HIGH_WOMEN_CYBERCRIME",0.3888888888888889,0.9333333333333333,2.2399999999999998
"HIGH_FRAUD_MOTIVE, HIGH_IDENTITY_THEFT, HIGH_SEXUAL_EXPLOITATION_MOTIVE","HIGH_EXTORTION_MOTIVE, HIGH_WOMEN_CYBERCRIME",0.3888888888888889,0.9333333333333333,2.2399999999999998
"HIGH_EXTORTION_MOTIVE, HIGH_WOMEN_CYBERCRIME","HIGH_FRAUD_MOTIVE, HIGH_IDENTITY_THEFT, HIGH_SEXUAL_EXPLOITATION_MOTIVE",0.3888888888888889,0.9333333333333333,2.2399999999999998
"HIGH_IDENTITY_THEFT, HIGH_WOMEN_CYBERCRIME","HIGH_EXTORTION_MOTIVE, HIGH_FRAUD_MOTIVE, HIGH_SEXUAL_EXPLOITATION_MOTIVE",0.3888888888888889,0.9333333333333333,2.2399999999999998
"HIGH_FRAUD_MOTIVE, HIGH_SEXUAL_EXPLOITATION_MOTIVE","HIGH_EXTORTION_MOTIVE, HIGH_IDENTITY_THEFT, HIGH_WOMEN_CYBERCRIME",0.3888888888888889,0.9333333333333333,2.2399999999999998
"HIGH_CHILD_CYBERCRIME, HIGH_EXTORTION_MOTIVE, HIGH_IDENTITY_THEFT","HIGH_FRAUD_MOTIVE, HIGH_SEXUAL_EXPLOITATION_MOTIVE",0.3888888888888889,0.9333333333333333,2.2399999999999998
"HIGH_EXTORTION_MOTIVE, HIGH_FRAUD_MOTIVE, HIGH_SEXUAL_EXPLOITATION_MOTIVE","HIGH_CHILD_CYBERCRIME, HIGH_IDENTITY_THEFT",0.3888888888888889,0.9333333333333333,2.2399999999999998
"HIGH_FRAUD_MOTIVE, HIGH_IDENTITY_THEFT, HIGH_SEXUAL_EXPLOITATION_MOTIVE","HIGH_CHILD_CYBERCRIME, HIGH_EXTORTION_MOTIVE",0.3888888888888889,0.9333333333333333,2.2399999999999998
"HIGH_CHILD_CYBERCRIME, HIGH_EXTORTION_MOTIVE","HIGH_FRAUD_MOTIVE, HIGH_IDENTITY_THEFT, HIGH_SEXUAL_EXPLOITATION_MOTIVE",0.3888888888888889,0.9333333333333333,2.2399999999999998
"HIGH_CHILD_CYBERCRIME, HIGH_IDENTITY_THEFT","HIGH_EXTORTION_MOTIVE, HIGH_FRAUD_MOTIVE, HIGH_SEXUAL_EXPLOITATION_MOTIVE",0.3888888888888889,0.9333333333333333,2.2399999999999998
"HIGH_FRAUD_MOTIVE, HIGH_SEXUAL_EXPLOITATION_MOTIVE","HIGH_CHILD_CYBERCRIME, HIGH_EXTORTION_MOTIVE, HIGH_IDENTITY_THEFT",0.3888888888888889,0.9333333333333333,2.2399999999999998
"HIGH_IDENTITY_THEFT, HIGH_SEC66D_CHEATING","HIGH_FRAUD_MOTIVE, HIGH_SEXUAL_EXPLOITATION_MOTIVE",0.3611111111111111,0.9285714285714285,2.228571428571428
"HIGH_EXTORTION_MOTIVE, HIGH_IDENTITY_THEFT, HIGH_SEC66D_CHEATING","HIGH_FRAUD_MOTIVE, HIGH_SEXUAL_EXPLOITATION_MOTIVE",0.3611111111111111,0.9285714285714285,2.228571428571428
"HIGH_IDENTITY_THEFT, HIGH_SEC66D_CHEATING","HIGH_EXTORTION_MOTIVE, HIGH_FRAUD_MOTIVE, HIGH_SEXUAL_EXPLOITATION_MOTIVE",0.3611111111111111,0.9285714285714285,2.228571428571428
"HIGH_CHILD_CYBERCRIME, HIGH_IDENTITY_THEFT, HIGH_WOMEN_CYBERCRIME","HIGH_FRAUD_MOTIVE, HIGH_SEXUAL_EXPLOITATION_MOTIVE",0.3611111111111111,0.9285714285714285,2.228571428571428
"HIGH_FRAUD_MOTIVE, HIGH_SEXUAL_EXPLOITATION_MOTIVE, HIGH_WOMEN_CYBERCRIME","HIGH_CHILD_CYBERCRIME, HIGH_IDENTITY_THEFT",0.3611111111111111,0.9285714285714285,2.228571428571428
"HIGH_CHILD_CYBERCRIME, HIGH_FRAUD_MOTIVE, HIGH_SEXUAL_EXPLOITATION_MOTIVE","HIGH_IDENTITY_THEFT, HIGH_WOMEN_CYBERCRIME",0.3611111111111111,0.9285714285714285,2.228571428571428
"HIGH_EXTORTION_MOTIVE, HIGH_FRAUD_MOTIVE, HIGH_WOMEN_CYBERCRIME","HIGH_CHILD_CYBERCRIME, HIGH_IDENTITY_THEFT",0.3611111111111111,0.9285714285714285,2.228571428571428
"HIGH_CHILD_CYBERCRIME, HIGH_EXTORTION_MOTIVE, HIGH_FRAUD_MOTIVE","HIGH_IDENTITY_THEFT, HIGH_WOMEN_CYBERCRIME",0.3611111111111111,0.9285714285714285,2.228571428571428
"HIGH_FRAUD_MOTIVE, HIGH_IDENTITY_THEFT, HIGH_WOMEN_CYBERCRIME","HIGH_CHILD_CYBERCRIME, HIGH_EXTORTION_MOTIVE",0.3611111111111111,0.9285714285714285,2.228571428571428
"HIGH_CHILD_CYBERCRIME, HIGH_FRAUD_MOTIVE, HIGH_IDENTITY_THEFT","HIGH_EXTORTION_MOTIVE, HIGH_WOMEN_CYBERCRIME",0.3611111111111111,0.9285714285714285,2.228571428571428
"HIGH_CHILD_CYBERCRIME, HIGH_EXTORTION_MOTIVE, HIGH_WOMEN_CYBERCRIME","HIGH_FRAUD_MOTIVE, HIGH_SEXUAL_EXPLOITATION_MOTIVE",0.3611111111111111,0.9285714285714285,2.228571428571428
"HIGH_FRAUD_MOTIVE, HIGH_SEXUAL_EXPLOITATION_MOTIVE, HIGH_WOMEN_CYBERCRIME","HIGH_CHILD_CYBERCRIME, HIGH_EXTORTION_MOTIVE",0.3611111111111111,0.9285714285714285,2.228571428571428
"HIGH_CHILD_CYBERCRIME, HIGH_FRAUD_MOTIVE, HIGH_SEXUAL_EXPLOITATION_MOTIVE","HIGH_EXTORTION_MOTIVE, HIGH_WOMEN_CYBERCRIME",0.3611111111111111,0.9285714285714285,2.228571428571428
"HIGH_CHILD_CYBERCRIME, HIGH_EXTORTION_MOTIVE, HIGH_IDENTITY_THEFT, HIGH_WOMEN_CYBERCRIME","HIGH_FRAUD_MOTIVE, HIGH_SEXUAL_EXPLOITATION_MOTIVE",0.3611111111111111,0.9285714285714285,2.228571428571428
"HIGH_EXTORTION_MOTIVE, HIGH_FRAUD_MOTIVE, HIGH_SEXUAL_EXPLOITATION_MOTIVE, HIGH_WOMEN_CYBERCRIME","HIGH_CHILD_CYBERCRIME, HIGH_IDENTITY_THEFT",0.3611111111111111,0.9285714285714285,2.228571428571428
"HIGH_CHILD_CYBERCRIME, HIGH_EXTORTION_MOTIVE, HIGH_FRAUD_MOTIVE, HIGH_SEXUAL_EXPLOITATION_MOTIVE","HIGH_IDENTITY_THEFT, HIGH_WOMEN_CYBERCRIME",0.3611111111111111,0.9285714285714285,2.228571428571428
"HIGH_FRAUD_MOTIVE, HIGH_IDENTITY_THEFT, HIGH_SEXUAL_EXPLOITATION_MOTIVE, HIGH_WOMEN_CYBERCRIME","HIGH_CHILD_CYBERCRIME, HIGH_EXTORTION_MOTIVE",0.3611111111111111,0.9285714285714285,2.228571428571428
"HIGH_CHILD_CYBERCRIME, HIGH_FRAUD_MOTIVE, HIGH_IDENTITY_THEFT, HIGH_SEXUAL_EXPLOITATION_MOTIVE","HIGH_EXTORTION_MOTIVE, HIGH_WOMEN_CYBERCRIME",0.3611111111111111,0.9285714285714285,2.228571428571428
"HIGH_EXTORTION_MOTIVE, HIGH_FRAUD_MOTIVE, HIGH_WOMEN_CYBERCRIME","HIGH_CHILD_CYBERCRIME, HIGH_IDENTITY_THEFT, HIGH_SEXUAL_EXPLOITATION_MOTIVE",0.3611111111111111,0.9285714285714285,2.228571428571428
"HIGH_CHILD_CYBERCRIME, HIGH_EXTORTION_MOTIVE, HIGH_FRAUD_MOTIVE","HIGH_IDENTITY_THEFT, HIGH_SEXUAL_EXPLOITATION_MOTIVE, HIGH_WOMEN_CYBERCRIME",0.3611111111111111,0.9285714285714285,2.228571428571428
"HIGH_CHILD_CYBERCRIME, HIGH_EXTORTION_MOTIVE, HIGH_WOMEN_CYBERCRIME","HIGH_FRAUD_MOTIVE, HIGH_IDENTITY_THEFT, HIGH_SEXUAL_EXPLOITATION_MOTIVE",0.3611111111111111,0.9285714285714285,2.228571428571428
"HIGH_FRAUD_MOTIVE, HIGH_IDENTITY_THEFT, HIGH_WOMEN_CYBERCRIME","HIGH_CHILD_CYBERCRIME, HIGH_EXTORTION_MOTIVE, HIGH_SEXUAL_EXPLOITATION_MOTIVE",0.3611111111111111,0.9285714285714285,2.228571428571428
"HIGH_CHILD_CYBERCRIME, HIGH_FRAUD_MOTIVE, HIGH_IDENTITY_THEFT","HIGH_EXTORTION_MOTIVE, HIGH_SEXUAL_EXPLOITATION_MOTIVE, HIGH_WOMEN_CYBERCRIME",0.3611111111111111,0.9285714285714285,2.228571428571428
"HIGH_CHILD_CYBERCRIME, HIGH_IDENTITY_THEFT, HIGH_WOMEN_CYBERCRIME","HIGH_EXTORTION_MOTIVE, HIGH_FRAUD_MOTIVE, HIGH_SEXUAL_EXPLOITATION_MOTIVE",0.3611111111111111,0.9285714285714285,2.228571428571428
"HIGH_FRAUD_MOTIVE, HIGH_SEXUAL_EXPLOITATION_MOTIVE, HIGH_WOMEN_CYBERCRIME","HIGH_CHILD_CYBERCRIME, HIGH_EXTORTION_MOTIVE, HIGH_IDENTITY_THEFT",0.3611111111111111,0.9285714285714285,2.228571428571428
"HIGH_CHILD_CYBERCRIME, HIGH_FRAUD_MOTIVE, HIGH_SEXUAL_EXPLOITATION_MOTIVE","HIGH_EXTORTION_MOTIVE, HIGH_IDENTITY_THEFT, HIGH_WOMEN_CYBERCRIME",0.3611111111111111,0.9285714285714285,2.228571428571428
"HIGH_FRAUD_MOTIVE, HIGH_SEXUAL_EXPLOITATION_MOTIVE","HIGH_IDENTITY_THEFT, HIGH_SEC66D_CHEATING",0.3611111111111111,0.8666666666666666,2.228571428571428
"HIGH_EXTORTION_MOTIVE, HIGH_FRAUD_MOTIVE, HIGH_SEXUAL_EXPLOITATION_MOTIVE","HIGH_IDENTITY_THEFT, HIGH_SEC66D_CHEATING",0.3611111111111111,0.8666666666666666,2.228571428571428
"HIGH_FRAUD_MOTIVE, HIGH_SEXUAL_EXPLOITATION_MOTIVE","HIGH_EXTORTION_MOTIVE, HIGH_IDENTITY_THEFT, HIGH_SEC66D_CHEATING",0.3611111111111111,0.8666666666666666,2.228571428571428
"HIGH_IDENTITY_THEFT, HIGH_WOMEN_CYBERCRIME","HIGH_CHILD_CYBERCRIME, HIGH_FRAUD_MOTIVE, HIGH_SEXUAL_EXPLOITATION_MOTIVE",0.3611111111111111,0.8666666666666666,2.228571428571428
"HIGH_CHILD_CYBERCRIME, HIGH_IDENTITY_THEFT","HIGH_FRAUD_MOTIVE, HIGH_SEXUAL_EXPLOITATION_MOTIVE, HIGH_WOMEN_CYBERCRIME",0.3611111111111111,0.8666666666666666,2.228571428571428
"HIGH_FRAUD_MOTIVE, HIGH_SEXUAL_EXPLOITATION_MOTIVE","HIGH_CHILD_CYBERCRIME, HIGH_IDENTITY_THEFT, HIGH_WOMEN_CYBERCRIME",0.3611111111111111,0.8666666666666666,2.228571428571428
"HIGH_EXTORTION_MOTIVE, HIGH_WOMEN_CYBERCRIME","HIGH_CHILD_CYBERCRIME, HIGH_FRAUD_MOTIVE, HIGH_IDENTITY_THEFT",0.3611111111111111,0.8666666666666666,2.228571428571428
"HIGH_CHILD_CYBERCRIME, HIGH_EXTORTION_MOTIVE","HIGH_FRAUD_MOTIVE, HIGH_IDENTITY_THEFT, HIGH_WOMEN_CYBERCRIME",0.3611111111111111,0.8666666666666666,2.228571428571428
"HIGH_IDENTITY_THEFT, HIGH_WOMEN_CYBERCRIME","HIGH_CHILD_CYBERCRIME, HIGH_EXTORTION_MOTIVE, HIGH_FRAUD_MOTIVE",0.3611111111111111,0.8666666666666666,2.228571428571428
"HIGH_CHILD_CYBERCRIME, HIGH_IDENTITY_THEFT","HIGH_EXTORTION_MOTIVE, HIGH_FRAUD_MOTIVE, HIGH_WOMEN_CYBERCRIME",0.3611111111111111,0.8666666666666666,2.228571428571428
"HIGH_EXTORTION_MOTIVE, HIGH_WOMEN_CYBERCRIME","HIGH_CHILD_CYBERCRIME, HIGH_FRAUD_MOTIVE, HIGH_SEXUAL_EXPLOITATION_MOTIVE",0.3611111111111111,0.8666666666666666,2.228571428571428
"HIGH_CHILD_CYBERCRIME, HIGH_EXTORTION_MOTIVE","HIGH_FRAUD_MOTIVE, HIGH_SEXUAL_EXPLOITATION_MOTIVE, HIGH_WOMEN_CYBERCRIME",0.3611111111111111,0.8666666666666666,2.228571428571428
"HIGH_FRAUD_MOTIVE, HIGH_SEXUAL_EXPLOITATION_MOTIVE","HIGH_CHILD_CYBERCRIME, HIGH_EXTORTION_MOTIVE, HIGH_WOMEN_CYBERCRIME",0.3611111111111111,0.8666666666666666,2.228571428571428
"HIGH_EXTORTION_MOTIVE, HIGH_IDENTITY_THEFT, HIGH_WOMEN_CYBERCRIME","HIGH_CHILD_CYBERCRIME, HIGH_FRAUD_MOTIVE, HIGH_SEXUAL_EXPLOITATION_MOTIVE",0.3611111111111111,0.8666666666666666,2.228571428571428
"HIGH_CHILD_CYBERCRIME, HIGH_EXTORTION_MOTIVE, HIGH_IDENTITY_THEFT","HIGH_FRAUD_MOTIVE, HIGH_SEXUAL_EXPLOITATION_MOTIVE, HIGH_WOMEN_CYBERCRIME",0.3611111111111111,0.8666666666666666,2.228571428571428
"HIGH_EXTORTION_MOTIVE, HIGH_FRAUD_MOTIVE, HIGH_SEXUAL_EXPLOITATION_MOTIVE","HIGH_CHILD_CYBERCRIME, HIGH_IDENTITY_THEFT, HIGH_WOMEN_CYBERCRIME",0.3611111111111111,0.8666666666666666,2.228571428571428
"HIGH_EXTORTION_MOTIVE, HIGH_SEXUAL_EXPLOITATION_MOTIVE, HIGH_WOMEN_CYBERCRIME","HIGH_CHILD_CYBERCRIME, HIGH_FRAUD_MOTIVE, HIGH_IDENTITY_THEFT",0.3611111111111111,0.8666666666666666,2.228571428571428
"HIGH_CHILD_CYBERCRIME, HIGH_EXTORTION_MOTIVE, HIGH_SEXUAL_EXPLOITATION_MOTIVE","HIGH_FRAUD_MOTIVE, HIGH_IDENTITY_THEFT, HIGH_WOMEN_CYBERCRIME",0.3611111111111111,0.8666666666666666,2.228571428571428
"HIGH_FRAUD_MOTIVE, HIGH_IDENTITY_THEFT, HIGH_SEXUAL_EXPLOITATION_MOTIVE","HIGH_CHILD_CYBERCRIME, HIGH_EXTORTION_MOTIVE, HIGH_WOMEN_CYBERCRIME",0.3611111111111111,0.8666666666666666,2.228571428571428
"HIGH_IDENTITY_THEFT, HIGH_SEXUAL_EXPLOITATION_MOTIVE, HIGH_WOMEN_CYBERCRIME","HIGH_CHILD_CYBERCRIME, HIGH_EXTORTION_MOTIVE, HIGH_FRAUD_MOTIVE",0.3611111111111111,0.8666666666666666,2.228571428571428
"HIGH_CHILD_CYBERCRIME, HIGH_IDENTITY_THEFT, HIGH_SEXUAL_EXPLOITATION_MOTIVE","HIGH_EXTORTION_MOTIVE, HIGH_FRAUD_MOTIVE, HIGH_WOMEN_CYBERCRIME",0.3611111111111111,0.8666666666666666,2.228571428571428
"HIGH_EXTORTION_MOTIVE, HIGH_WOMEN_CYBERCRIME","HIGH_CHILD_CYBERCRIME, HIGH_FRAUD_MOTIVE, HIGH_IDENTITY_THEFT, HIGH_SEXUAL_EXPLOITATION_MOTIVE",0.3611111111111111,0.8666666666666666,2.228571428571428
"HIGH_CHILD_CYBERCRIME, HIGH_EXTORTION_MOTIVE","HIGH_FRAUD_MOTIVE, HIGH_IDENTITY_THEFT, HIGH_SEXUAL_EXPLOITATION_MOTIVE, HIGH_WOMEN_CYBERCRIME",0.3611111111111111,0.8666666666666666,2.228571428571428
"HIGH_IDENTITY_THEFT, HIGH_WOMEN_CYBERCRIME","HIGH_CHILD_CYBERCRIME, HIGH_EXTORTION_MOTIVE, HIGH_FRAUD_MOTIVE, HIGH_SEXUAL_EXPLOITATION_MOTIVE",0.3611111111111111,0.8666666666666666,2.228571428571428
"HIGH_CHILD_CYBERCRIME, HIGH_IDENTITY_THEFT","HIGH_EXTORTION_MOTIVE, HIGH_FRAUD_MOTIVE, HIGH_SEXUAL_EXPLOITATION_MOTIVE, HIGH_WOMEN_CYBERCRIME",0.3611111111111111,0.8666666666666666,2.228571428571428
"HIGH_FRAUD_MOTIVE, HIGH_SEXUAL_EXPLOITATION_MOTIVE","HIGH_CHILD_CYBERCRIME, HIGH_EXTORTION_MOTIVE, HIGH_IDENTITY_THEFT, HIGH_WOMEN_CYBERCRIME",0.3611111111111111,0.8666666666666666,2.228571428571428
"HIGH_IDENTITY_THEFT, HIGH_SEC66D_CHEATING, HIGH_SEXUAL_EXPLOITATION_MOTIVE","HIGH_EXTORTION_MOTIVE, HIGH_WOMEN_CYBERCRIME",0.3333333333333333,0.923076923076923,2.215384615384615
"HIGH_IDENTITY_THEFT, HIGH_SEC66D_CHEATING, HIGH_SEXUAL_EXPLOITATION_MOTIVE","HIGH_CHILD_CYBERCRIME, HIGH_EXTORTION_MOTIVE",0.3333333333333333,0.923076923076923,2.215384615384615
"HIGH_FRAUD_MOTIVE, HIGH_SEC66D_CHEATING, HIGH_SEXUAL_EXPLOITATION_MOTIVE","HIGH_EXTORTION_MOTIVE, HIGH_WOMEN_CYBERCRIME",0.3333333333333333,0.923076923076923,2.215384615384615
"HIGH_IDENTITY_THEFT, HIGH_SEC66D_CHEATING, HIGH_SEXUAL_EXPLOITATION_MOTIVE","HIGH_FRAUD_MOTIVE, HIGH_WOMEN_CYBERCRIME",0.3333333333333333,0.923076923076923,2.215384615384615
"HIGH_FRAUD_MOTIVE, HIGH_SEC66D_CHEATING, HIGH_SEXUAL_EXPLOITATION_MOTIVE","HIGH_IDENTITY_THEFT, HIGH_WOMEN_CYBERCRIME",0.3333333333333333,0.923076923076923,2.215384615384615
"HIGH_FRAUD_MOTIVE, HIGH_SEC66D_CHEATING, HIGH_SEXUAL_EXPLOITATION_MOTIVE","HIGH_CHILD_CYBERCRIME, HIGH_EXTORTION_MOTIVE",0.3333333333333333,0.923076923076923,2.215384615384615
"HIGH_IDENTITY_THEFT, HIGH_SEC66D_CHEATING, HIGH_SEXUAL_EXPLOITATION_MOTIVE","HIGH_CHILD_CYBERCRIME, HIGH_FRAUD_MOTIVE",0.3333333333333333,0.923076923076923,2.215384615384615
"HIGH_FRAUD_MOTIVE, HIGH_SEC66D_CHEATING, HIGH_SEXUAL_EXPLOITATION_MOTIVE","HIGH_CHILD_CYBERCRIME, HIGH_IDENTITY_THEFT",0.3333333333333333,0.923076923076923,2.215384615384615
"HIGH_EXTORTION_MOTIVE, HIGH_IDENTITY_THEFT, HIGH_SEC66D_CHEATING, HIGH_SEXUAL_EXPLOITATION_MOTIVE","HIGH_FRAUD_MOTIVE, HIGH_WOMEN_CYBERCRIME",0.3333333333333333,0.923076923076923,2.215384615384615
"HIGH_EXTORTION_MOTIVE, HIGH_FRAUD_MOTIVE, HIGH_SEC66D_CHEATING, HIGH_SEXUAL_EXPLOITATION_MOTIVE","HIGH_IDENTITY_THEFT, HIGH_WOMEN_CYBERCRIME",0.3333333333333333,0.923076923076923,2.215384615384615
"HIGH_FRAUD_MOTIVE, HIGH_IDENTITY_THEFT, HIGH_SEC66D_CHEATING, HIGH_SEXUAL_EXPLOITATION_MOTIVE","HIGH_EXTORTION_MOTIVE, HIGH_WOMEN_CYBERCRIME",0.3333333333333333,0.923076923076923,2.215384615384615
"HIGH_FRAUD_MOTIVE, HIGH_SEC66D_CHEATING, HIGH_SEXUAL_EXPLOITATION_MOTIVE","HIGH_EXTORTION_MOTIVE, HIGH_IDENTITY_THEFT, HIGH_WOMEN_CYBERCRIME",0.3333333333333333,0.923076923076923,2.215384615384615
"HIGH_EXTORTION_MOTIVE, HIGH_IDENTITY_THEFT, HIGH_SEC66D_CHEATING, HIGH_SEXUAL_EXPLOITATION_MOTIVE","HIGH_CHILD_CYBERCRIME, HIGH_FRAUD_MOTIVE",0.3333333333333333,0.923076923076923,2.215384615384615
"HIGH_EXTORTION_MOTIVE, HIGH_FRAUD_MOTIVE, HIGH_SEC66D_CHEATING, HIGH_SEXUAL_EXPLOITATION_MOTIVE","HIGH_CHILD_CYBERCRIME, HIGH_IDENTITY_THEFT",0.3333333333333333,0.923076923076923,2.215384615384615
"HIGH_FRAUD_MOTIVE, HIGH_IDENTITY_THEFT, HIGH_SEC66D_CHEATING, HIGH_SEXUAL_EXPLOITATION_MOTIVE","HIGH_CHILD_CYBERCRIME, HIGH_EXTORTION_MOTIVE",0.3333333333333333,0.923076923076923,2.215384615384615
"HIGH_FRAUD_MOTIVE, HIGH_SEC66D_CHEATING, HIGH_SEXUAL_EXPLOITATION_MOTIVE","HIGH_CHILD_CYBERCRIME, HIGH_EXTORTION_MOTIVE, HIGH_IDENTITY_THEFT",0.3333333333333333,0.923076923076923,2.215384615384615
"HIGH_EXTORTION_MOTIVE, HIGH_WOMEN_CYBERCRIME","HIGH_IDENTITY_THEFT, HIGH_SEC66D_CHEATING, HIGH_SEXUAL_EXPLOITATION_MOTIVE",0.3333333333333333,0.7999999999999999,2.215384615384615
"HIGH_CHILD_CYBERCRIME, HIGH_EXTORTION_MOTIVE","HIGH_IDENTITY_THEFT, HIGH_SEC66D_CHEATING, HIGH_SEXUAL_EXPLOITATION_MOTIVE",0.3333333333333333,0.7999999999999999,2.215384615384615
"HIGH_EXTORTION_MOTIVE, HIGH_WOMEN_CYBERCRIME","HIGH_FRAUD_MOTIVE, HIGH_SEC66D_CHEATING, HIGH_SEXUAL_EXPLOITATION_MOTIVE",0.3333333333333333,0.7999999999999999,2.215384615384615
"HIGH_IDENTITY_THEFT, HIGH_WOMEN_CYBERCRIME","HIGH_FRAUD_MOTIVE, HIGH_SEC66D_CHEATING, HIGH_SEXUAL_EXPLOITATION_MOTIVE",0.3333333333333333,0.7999999999999999,2.215384615384615
"HIGH_FRAUD_MOTIVE, HIGH_WOMEN_CYBERCRIME","HIGH_IDENTITY_THEFT, HIGH_SEC66D_CHEATING, HIGH_SEXUAL_EXPLOITATION_MOTIVE",0.3333333333333333,0.7999999999999999,2.215384615384615
"HIGH_CHILD_CYBERCRIME, HIGH_EXTORTION_MOTIVE","HIGH_FRAUD_MOTIVE, HIGH_SEC66D_CHEATING, HIGH_SEXUAL_EXPLOITATION_MOTIVE",0.3333333333333333,0.7999999999999999,2.215384615384615
"HIGH_CHILD_CYBERCRIME, HIGH_IDENTITY_THEFT","HIGH_FRAUD_MOTIVE, HIGH_SEC66D_CHEATING, HIGH_SEXUAL_EXPLOITATION_MOTIVE",0.3333333333333333,0.7999999999999999,2.215384615384615
"HIGH_CHILD_CYBERCRIME, HIGH_FRAUD_MOTIVE","HIGH_IDENTITY_THEFT, HIGH_SEC66D_CHEATING, HIGH_SEXUAL_EXPLOITATION_MOTIVE",0.3333333333333333,0.7999999999999999,2.215384615384615
"HIGH_EXTORTION_MOTIVE, HIGH_IDENTITY_THEFT, HIGH_WOMEN_CYBERCRIME","HIGH_FRAUD_MOTIVE, HIGH_SEC66D_CHEATING, HIGH_SEXUAL_EXPLOITATION_MOTIVE",0.3333333333333333,0.7999999999999999,2.215384615384615
"HIGH_EXTORTION_MOTIVE, HIGH_WOMEN_CYBERCRIME","HIGH_FRAUD_MOTIVE, HIGH_IDENTITY_THEFT, HIGH_SEC66D_CHEATING, HIGH_SEXUAL_EXPLOITATION_MOTIVE",0.3333333333333333,0.7999999999999999,2.215384615384615
"HIGH_IDENTITY_THEFT, HIGH_WOMEN_CYBERCRIME","HIGH_EXTORTION_MOTIVE, HIGH_FRAUD_MOTIVE, HIGH_SEC66D_CHEATING, HIGH_SEXUAL_EXPLOITATION_MOTIVE",0.3333333333333333,0.7999999999999999,2.215384615384615
"HIGH_FRAUD_MOTIVE, HIGH_WOMEN_CYBERCRIME","HIGH_EXTORTION_MOTIVE, HIGH_IDENTITY_THEFT, HIGH_SEC66D_CHEATING, HIGH_SEXUAL_EXPLOITATION_MOTIVE",0.3333333333333333,0.7999999999999999,2.215384615384615
"HIGH_CHILD_CYBERCRIME, HIGH_EXTORTION_MOTIVE, HIGH_IDENTITY_THEFT","HIGH_FRAUD_MOTIVE, HIGH_SEC66D_CHEATING, HIGH_SEXUAL_EXPLOITATION_MOTIVE",0.3333333333333333,0.7999999999999999,2.215384615384615
"HIGH_CHILD_CYBERCRIME, HIGH_EXTORTION_MOTIVE","HIGH_FRAUD_MOTIVE, HIGH_IDENTITY_THEFT, HIGH_SEC66D_CHEATING, HIGH_SEXUAL_EXPLOITATION_MOTIVE",0.3333333333333333,0.7999999999999999,2.215384615384615
"HIGH_CHILD_CYBERCRIME, HIGH_IDENTITY_THEFT","HIGH_EXTORTION_MOTIVE, HIGH_FRAUD_MOTIVE, HIGH_SEC66D_CHEATING, HIGH_SEXUAL_EXPLOITATION_MOTIVE",0.3333333333333333,0.7999999999999999,2.215384615384615
"HIGH_CHILD_CYBERCRIME, HIGH_FRAUD_MOTIVE","HIGH_EXTORTION_MOTIVE, HIGH_IDENTITY_THEFT, HIGH_SEC66D_CHEATING, HIGH_SEXUAL_EXPLOITATION_MOTIVE",0.3333333333333333,0.7999999999999999,2.215384615384615
"HIGH_EXTORTION_MOTIVE, HIGH_FRAUD_MOTIVE, HIGH_WOMEN_CYBERCRIME","HIGH_IDENTITY_THEFT, HIGH_SEC66D_CHEATING",0.3333333333333333,0.8571428571428571,2.204081632653061
"HIGH_IDENTITY_THEFT, HIGH_SEC66D_CHEATING","HIGH_EXTORTION_MOTIVE, HIGH_FRAUD_MOTIVE, HIGH_WOMEN_CYBERCRIME",0.3333333333333333,0.8571428571428571,2.204081632653061
"HIGH_EXTORTION_MOTIVE, HIGH_FRAUD_MOTIVE, HIGH_WOMEN_CYBERCRIME","HIGH_SEC66D_CHEATING, HIGH_SEXUAL_EXPLOITATION_MOTIVE",0.3333333333333333,0.8571428571428571,2.204081632653061
"HIGH_SEC66D_CHEATING, HIGH_SEXUAL_EXPLOITATION_MOTIVE","HIGH_EXTORTION_MOTIVE, HIGH_FRAUD_MOTIVE, HIGH_WOMEN_CYBERCRIME",0.3333333333333333,0.8571428571428571,2.204081632653061
"HIGH_FRAUD_MOTIVE, HIGH_IDENTITY_THEFT, HIGH_WOMEN_CYBERCRIME","HIGH_SEC66D_CHEATING, HIGH_SEXUAL_EXPLOITATION_MOTIVE",0.3333333333333333,0.8571428571428571,2.204081632653061
"HIGH_FRAUD_MOTIVE, HIGH_SEXUAL_EXPLOITATION_MOTIVE, HIGH_WOMEN_CYBERCRIME","HIGH_IDENTITY_THEFT, HIGH_SEC66D_CHEATING",0.3333333333333333,0.8571428571428571,2.204081632653061
"HIGH_IDENTITY_THEFT, HIGH_SEC66D_CHEATING","HIGH_FRAUD_MOTIVE, HIGH_SEXUAL_EXPLOITATION_MOTIVE, HIGH_WOMEN_CYBERCRIME",0.3333333333333333,0.8571428571428571,2.204081632653061
"HIGH_SEC66D_CHEATING, HIGH_SEXUAL_EXPLOITATION_MOTIVE","HIGH_FRAUD_MOTIVE, HIGH_IDENTITY_THEFT, HIGH_WOMEN_CYBERCRIME",0.3333333333333333,0.8571428571428571,2.204081632653061
"HIGH_CHILD_CYBERCRIME, HIGH_EXTORTION_MOTIVE, HIGH_FRAUD_MOTIVE","HIGH_IDENTITY_THEFT, HIGH_SEC66D_CHEATING",0.3333333333333333,0.8571428571428571,2.204081632653061
"HIGH_IDENTITY_THEFT, HIGH_SEC66D_CHEATING","HIGH_CHILD_CYBERCRIME, HIGH_EXTORTION_MOTIVE, HIGH_FRAUD_MOTIVE",0.3333333333333333,0.8571428571428571,2.204081632653061
"HIGH_CHILD_CYBERCRIME, HIGH_EXTORTION_MOTIVE, HIGH_FRAUD_MOTIVE","HIGH_SEC66D_CHEATING, HIGH_SEXUAL_EXPLOITATION_MOTIVE",0.3333333333333333,0.8571428571428571,2.204081632653061
"HIGH_SEC66D_CHEATING, HIGH_SEXUAL_EXPLOITATION_MOTIVE","HIGH_CHILD_CYBERCRIME, HIGH_EXTORTION_MOTIVE, HIGH_FRAUD_MOTIVE",0.3333333333333333,0.8571428571428571,2.204081632653061
"HIGH_CHILD_CYBERCRIME, HIGH_FRAUD_MOTIVE, HIGH_IDENTITY_THEFT","HIGH_SEC66D_CHEATING, HIGH_SEXUAL_EXPLOITATION_MOTIVE",0.3333333333333333,0.8571428571428571,2.204081632653061
"HIGH_CHILD_CYBERCRIME, HIGH_FRAUD_MOTIVE, HIGH_SEXUAL_EXPLOITATION_MOTIVE","HIGH_IDENTITY_THEFT, HIGH_SEC66D_CHEATING",0.3333333333333333,0.8571428571428571,2.204081632653061
"HIGH_IDENTITY_THEFT, HIGH_SEC66D_CHEATING","HIGH_CHILD_CYBERCRIME, HIGH_FRAUD_MOTIVE, HIGH_SEXUAL_EXPLOITATION_MOTIVE",0.3333333333333333,0.8571428571428571,2.204081632653061
"HIGH_SEC66D_CHEATING, HIGH_SEXUAL_EXPLOITATION_MOTIVE","HIGH_CHILD_CYBERCRIME, HIGH_FRAUD_MOTIVE, HIGH_IDENTITY_THEFT",0.3333333333333333,0.8571428571428571,2.204081632653061
"HIGH_EXTORTION_MOTIVE, HIGH_FRAUD_MOTIVE, HIGH_IDENTITY_THEFT, HIGH_WOMEN_CYBERCRIME","HIGH_SEC66D_CHEATING, HIGH_SEXUAL_EXPLOITATION_MOTIVE",0.3333333333333333,0.8571428571428571,2.204081632653061
"HIGH_EXTORTION_MOTIVE, HIGH_FRAUD_MOTIVE, HIGH_SEXUAL_EXPLOITATION_MOTIVE, HIGH_WOMEN_CYBERCRIME","HIGH_IDENTITY_THEFT, HIGH_SEC66D_CHEATING",0.3333333333333333,0.8571428571428571,2.204081632653061
"HIGH_EXTORTION_MOTIVE, HIGH_IDENTITY_THEFT, HIGH_SEC66D_CHEATING","HIGH_FRAUD_MOTIVE, HIGH_SEXUAL_EXPLOITATION_MOTIVE, HIGH_WOMEN_CYBERCRIME",0.3333333333333333,0.8571428571428571,2.204081632653061
"HIGH_EXTORTION_MOTIVE, HIGH_SEC66D_CHEATING, HIGH_SEXUAL_EXPLOITATION_MOTIVE","HIGH_FRAUD_MOTIVE, HIGH_IDENTITY_THEFT, HIGH_WOMEN_CYBERCRIME",0.3333333333333333,0.8571428571428571,2.204081632653061
"HIGH_FRAUD_MOTIVE, HIGH_IDENTITY_THEFT, HIGH_WOMEN_CYBERCRIME","HIGH_EXTORTION_MOTIVE, HIGH_SEC66D_CHEATING, HIGH_SEXUAL_EXPLOITATION_MOTIVE",0.3333333333333333,0.8571428571428571,2.204081632653061
"HIGH_FRAUD_MOTIVE, HIGH_SEXUAL_EXPLOITATION_MOTIVE, HIGH_WOMEN_CYBERCRIME","HIGH_EXTORTION_MOTIVE, HIGH_IDENTITY_THEFT, HIGH_SEC66D_CHEATING",0.3333333333333333,0.8571428571428571,2.204081632653061
"HIGH_IDENTITY_THEFT, HIGH_SEC66D_CHEATING","HIGH_EXTORTION_MOTIVE, HIGH_FRAUD_MOTIVE, HIGH_SEXUAL_EXPLOITATION_MOTIVE, HIGH_WOMEN_CYBERCRIME",0.3333333333333333,0.8571428571428571,2.204081632653061
"HIGH_SEC66D_CHEATING, HIGH_SEXUAL_EXPLOITATION_MOTIVE","HIGH_EXTORTION_MOTIVE, HIGH_FRAUD_MOTIVE, HIGH_IDENTITY_THEFT, HIGH_WOMEN_CYBERCRIME",0.3333333333333333,0.8571428571428571,2.204081632653061
"HIGH_CHILD_CYBERCRIME, HIGH_EXTORTION_MOTIVE, HIGH_FRAUD_MOTIVE, HIGH_IDENTITY_THEFT","HIGH_SEC66D_CHEATING, HIGH_SEXUAL_EXPLOITATION_MOTIVE",0.3333333333333333,0.8571428571428571,2.204081632653061
"HIGH_CHILD_CYBERCRIME, HIGH_EXTORTION_MOTIVE, HIGH_FRAUD_MOTIVE, HIGH_SEXUAL_EXPLOITATION_MOTIVE","HIGH_IDENTITY_THEFT, HIGH_SEC66D_CHEATING",0.3333333333333333,0.8571428571428571,2.204081632653061
"HIGH_EXTORTION_MOTIVE, HIGH_IDENTITY_THEFT, HIGH_SEC66D_CHEATING","HIGH_CHILD_CYBERCRIME, HIGH_FRAUD_MOTIVE, HIGH_SEXUAL_EXPLOITATION_MOTIVE",0.3333333333333333,0.8571428571428571,2.204081632653061
"HIGH_EXTORTION_MOTIVE, HIGH_SEC66D_CHEATING, HIGH_SEXUAL_EXPLOITATION_MOTIVE","HIGH_CHILD_CYBERCRIME, HIGH_FRAUD_MOTIVE, HIGH_IDENTITY_THEFT",0.3333333333333333,0.8571428571428571,2.204081632653061
"HIGH_CHILD_CYBERCRIME, HIGH_FRAUD_MOTIVE, HIGH_IDENTITY_THEFT","HIGH_EXTORTION_MOTIVE, HIGH_SEC66D_CHEATING, HIGH_SEXUAL_EXPLOITATION_MOTIVE",0.3333333333333333,0.8571428571428571,2.204081632653061
"HIGH_CHILD_CYBERCRIME, HIGH_FRAUD_MOTIVE, HIGH_SEXUAL_EXPLOITATION_MOTIVE","HIGH_EXTORTION_MOTIVE, HIGH_IDENTITY_THEFT, HIGH_SEC66D_CHEATING",0.3333333333333333,0.8571428571428571,2.204081632653061
"HIGH_IDENTITY_THEFT, HIGH_SEC66D_CHEATING","HIGH_CHILD_CYBERCRIME, HIGH_EXTORTION_MOTIVE, HIGH_FRAUD_MOTIVE, HIGH_SEXUAL_EXPLOITATION_MOTIVE",0.3333333333333333,0.8571428571428571,2.204081632653061
"HIGH_SEC66D_CHEATING, HIGH_SEXUAL_EXPLOITATION_MOTIVE","HIGH_CHILD_CYBERCRIME, HIGH_EXTORTION_MOTIVE, HIGH_FRAUD_MOTIVE, HIGH_IDENTITY_THEFT",0.3333333333333333,0.8571428571428571,2.204081632653061
"HIGH_CHILD_CYBERCRIME, HIGH_SEC66D_CHEATING","HIGH_IDENTITY_THEFT, HIGH_WOMEN_CYBERCRIME",0.3055555555555556,0.9166666666666667,2.2
"HIGH_SEC66D_CHEATING, HIGH_WOMEN_CYBERCRIME","HIGH_CHILD_CYBERCRIME, HIGH_IDENTITY_THEFT",0.3055555555555556,0.9166666666666667,2.2
"HIGH_CHILD_CYBERCRIME, HIGH_SEC66D_CHEATING","HIGH_EXTORTION_MOTIVE, HIGH_WOMEN_CYBERCRIME",0.3055555555555556,0.9166666666666667,2.2
"HIGH_SEC66D_CHEATING, HIGH_WOMEN_CYBERCRIME","HIGH_CHILD_CYBERCRIME, HIGH_EXTORTION_MOTIVE",0.3055555555555556,0.9166666666666667,2.2
"HIGH_SEC66D_CHEATING, HIGH_WOMEN_CYBERCRIME","HIGH_CHILD_CYBERCRIME, HIGH_FRAUD_MOTIVE",0.3055555555555556,0.9166666666666667,2.2
"HIGH_CHILD_CYBERCRIME, HIGH_SEC66D_CHEATING","HIGH_FRAUD_MOTIVE, HIGH_WOMEN_CYBERCRIME",0.3055555555555556,0.9166666666666667,2.2
"HIGH_SEC66D_CHEATING, HIGH_SEXUAL_EXPLOITATION_MOTIVE, HIGH_WOMEN_CYBERCRIME","HIGH_CHILD_CYBERCRIME, HIGH_IDENTITY_THEFT",0.3055555555555556,0.9166666666666667,2.2
"HIGH_CHILD_CYBERCRIME, HIGH_SEC66D_CHEATING, HIGH_SEXUAL_EXPLOITATION_MOTIVE","HIGH_IDENTITY_THEFT, HIGH_WOMEN_CYBERCRIME",0.3055555555555556,0.9166666666666667,2.2
"HIGH_SEC66D_CHEATING, HIGH_WOMEN_CYBERCRIME","HIGH_CHILD_CYBERCRIME, HIGH_IDENTITY_THEFT, HIGH_SEXUAL_EXPLOITATION_MOTIVE",0.3055555555555556,0.9166666666666667,2.2
"HIGH_CHILD_CYBERCRIME, HIGH_SEC66D_CHEATING","HIGH_IDENTITY_THEFT, HIGH_SEXUAL_EXPLOITATION_MOTIVE, HIGH_WOMEN_CYBERCRIME",0.3055555555555556,0.9166666666666667,2.2
"HIGH_EXTORTION_MOTIVE, HIGH_SEC66D_CHEATING, HIGH_WOMEN_CYBERCRIME","HIGH_CHILD_CYBERCRIME, HIGH_IDENTITY_THEFT",0.3055555555555556,0.9166666666666667,2.2
"HIGH_CHILD_CYBERCRIME, HIGH_EXTORTION_MOTIVE, HIGH_SEC66D_CHEATING","HIGH_IDENTITY_THEFT, HIGH_WOMEN_CYBERCRIME",0.3055555555555556,0.9166666666666667,2.2
"HIGH_IDENTITY_THEFT, HIGH_SEC66D_CHEATING, HIGH_WOMEN_CYBERCRIME","HIGH_CHILD_CYBERCRIME, HIGH_EXTORTION_MOTIVE",0.3055555555555556,0.9166666666666667,2.2
"HIGH_CHILD_CYBERCRIME, HIGH_IDENTITY_THEFT, HIGH_SEC66D_CHEATING","HIGH_EXTORTION_MOTIVE, HIGH_WOMEN_CYBERCRIME",0.3055555555555556,0.9166666666666667,2.2
"HIGH_SEC66D_CHEATING, HIGH_WOMEN_CYBERCRIME","HIGH_CHILD_CYBERCRIME, HIGH_EXTORTION_MOTIVE, HIGH_IDENTITY_THEFT",0.3055555555555556,0.9166666666666667,2.2
"HIGH_CHILD_CYBERCRIME, HIGH_SEC66D_CHEATING","HIGH_EXTORTION_MOTIVE, HIGH_IDENTITY_THEFT, HIGH_WOMEN_CYBERCRIME",0.3055555555555556,0.9166666666666667,2.2
"HIGH_SEC66D_CHEATING, HIGH_SEXUAL_EXPLOITATION_MOTIVE, HIGH_WOMEN_CYBERCRIME","HIGH_CHILD_CYBERCRIME, HIGH_EXTORTION_MOTIVE",0.3055555555555556,0.9166666666666667,2.2
"HIGH_CHILD_CYBERCRIME, HIGH_SEC66D_CHEATING, HIGH_SEXUAL_EXPLOITATION_MOTIVE","HIGH_EXTORTION_MOTIVE, HIGH_WOMEN_CYBERCRIME",0.3055555555555556,0.9166666666666667,2.2
"HIGH_SEC66D_CHEATING, HIGH_WOMEN_CYBERCRIME","HIGH_CHILD_CYBERCRIME, HIGH_EXTORTION_MOTIVE, HIGH_SEXUAL_EXPLOITATION_MOTIVE",0.3055555555555556,0.9166666666666667,2.2
"HIGH_CHILD_CYBERCRIME, HIGH_SEC66D_CHEATING","HIGH_EXTORTION_MOTIVE, HIGH_SEXUAL_EXPLOITATION_MOTIVE, HIGH_WOMEN_CYBERCRIME",0.3055555555555556,0.9166666666666667,2.2
"HIGH_EXTORTION_MOTIVE, HIGH_SEC66D_CHEATING, HIGH_WOMEN_CYBERCRIME","HIGH_CHILD_CYBERCRIME, HIGH_FRAUD_MOTIVE",0.3055555555555556,0.9166666666666667,2.2
"HIGH_CHILD_CYBERCRIME, HIGH_EXTORTION_MOTIVE, HIGH_SEC66D_CHEATING","HIGH_FRAUD_MOTIVE, HIGH_WOMEN_CYBERCRIME",0.3055555555555556,0.9166666666666667,2.2
"HIGH_FRAUD_MOTIVE, HIGH_SEC66D_CHEATING, HIGH_WOMEN_CYBERCRIME","HIGH_CHILD_CYBERCRIME, HIGH_EXTORTION_MOTIVE",0.3055555555555556,0.9166666666666667,2.2
"HIGH_CHILD_CYBERCRIME, HIGH_FRAUD_MOTIVE, HIGH_SEC66D_CHEATING","HIGH_EXTORTION_MOTIVE, HIGH_WOMEN_CYBERCRIME",0.3055555555555556,0.9166666666666667,2.2
"HIGH_IDENTITY_THEFT, HIGH_SEC66D_CHEATING, HIGH_WOMEN_CYBERCRIME","HIGH_CHILD_CYBERCRIME, HIGH_FRAUD_MOTIVE",0.3055555555555556,0.9166666666666667,2.2
"HIGH_CHILD_CYBERCRIME, HIGH_IDENTITY_THEFT, HIGH_SEC66D_CHEATING","HIGH_FRAUD_MOTIVE, HIGH_WOMEN_CYBERCRIME",0.3055555555555556,0.9166666666666667,2.2
"HIGH_FRAUD_MOTIVE, HIGH_SEC66D_CHEATING, HIGH_WOMEN_CYBERCRIME","HIGH_CHILD_CYBERCRIME, HIGH_IDENTITY_THEFT",0.3055555555555556,0.9166666666666667,2.2
"HIGH_CHILD_CYBERCRIME, HIGH_FRAUD_MOTIVE, HIGH_SEC66D_CHEATING","HIGH_IDENTITY_THEFT, HIGH_WOMEN_CYBERCRIME",0.3055555555555556,0.9166666666666667,2.2
"HIGH_SEC66D_CHEATING, HIGH_SEXUAL_EXPLOITATION_MOTIVE, HIGH_WOMEN_CYBERCRIME","HIGH_CHILD_CYBERCRIME, HIGH_FRAUD_MOTIVE",0.3055555555555556,0.9166666666666667,2.2
"HIGH_CHILD_CYBERCRIME, HIGH_SEC66D_CHEATING, HIGH_SEXUAL_EXPLOITATION_MOTIVE","HIGH_FRAUD_MOTIVE, HIGH_WOMEN_CYBERCRIME",0.3055555555555556,0.9166666666666667,2.2
"HIGH_EXTORTION_MOTIVE, HIGH_SEC66D_CHEATING, HIGH_SEXUAL_EXPLOITATION_MOTIVE, HIGH_WOMEN_CYBERCRIME","HIGH_CHILD_CYBERCRIME, HIGH_IDENTITY_THEFT",0.3055555555555556,0.9166666666666667,2.2
"HIGH_CHILD_CYBERCRIME, HIGH_EXTORTION_MOTIVE, HIGH_SEC66D_CHEATING, HIGH_SEXUAL_EXPLOITATION_MOTIVE","HIGH_IDENTITY_THEFT, HIGH_WOMEN_CYBERCRIME",0.3055555555555556,0.9166666666666667,2.2
"HIGH_IDENTITY_THEFT, HIGH_SEC66D_CHEATING, HIGH_SEXUAL_EXPLOITATION_MOTIVE, HIGH_WOMEN_CYBERCRIME","HIGH_CHILD_CYBERCRIME, HIGH_EXTORTION_MOTIVE",0.3055555555555556,0.9166666666666667,2.2
"HIGH_CHILD_CYBERCRIME, HIGH_IDENTITY_THEFT, HIGH_SEC66D_CHEATING, HIGH_SEXUAL_EXPLOITATION_MOTIVE","HIGH_EXTORTION_MOTIVE, HIGH_WOMEN_CYBERCRIME",0.3055555555555556,0.9166666666666667,2.2
"HIGH_EXTORTION_MOTIVE, HIGH_SEC66D_CHEATING, HIGH_WOMEN_CYBERCRIME","HIGH_CHILD_CYBERCRIME, HIGH_IDENTITY_THEFT, HIGH_SEXUAL_EXPLOITATION_MOTIVE",0.3055555555555556,0.9166666666666667,2.2
"HIGH_CHILD_CYBERCRIME, HIGH_EXTORTION_MOTIVE, HIGH_SEC66D_CHEATING","HIGH_IDENTITY_THEFT, HIGH_SEXUAL_EXPLOITATION_MOTIVE, HIGH_WOMEN_CYBERCRIME",0.3055555555555556,0.9166666666666667,2.2
"HIGH_IDENTITY_THEFT, HIGH_SEC66D_CHEATING, HIGH_WOMEN_CYBERCRIME","HIGH_CHILD_CYBERCRIME, HIGH_EXTORTION_MOTIVE, HIGH_SEXUAL_EXPLOITATION_MOTIVE",0.3055555555555556,0.9166666666666667,2.2
"HIGH_CHILD_CYBERCRIME, HIGH_IDENTITY_THEFT, HIGH_SEC66D_CHEATING","HIGH_EXTORTION_MOTIVE, HIGH_SEXUAL_EXPLOITATION_MOTIVE, HIGH_WOMEN_CYBERCRIME",0.3055555555555556,0.9166666666666667,2.2
"HIGH_SEC66D_CHEATING, HIGH_SEXUAL_EXPLOITATION_MOTIVE, HIGH_WOMEN_CYBERCRIME","HIGH_CHILD_CYBERCRIME, HIGH_EXTORTION_MOTIVE, HIGH_IDENTITY_THEFT",0.3055555555555556,0.9166666666666667,2.2
"HIGH_CHILD_CYBERCRIME, HIGH_SEC66D_CHEATING, HIGH_SEXUAL_EXPLOITATION_MOTIVE","HIGH_EXTORTION_MOTIVE, HIGH_IDENTITY_THEFT, HIGH_WOMEN_CYBERCRIME",0.3055555555555556,0.9166666666666667,2.2
"HIGH_SEC66D_CHEATING, HIGH_WOMEN_CYBERCRIME","HIGH_CHILD_CYBERCRIME, HIGH_EXTORTION_MOTIVE, HIGH_IDENTITY_THEFT, HIGH_SEXUAL_EXPLOITATION_MOTIVE",0.3055555555555556,0.9166666666666667,2.2
"HIGH_CHILD_CYBERCRIME, HIGH_SEC66D_CHEATING","HIGH_EXTORTION_MOTIVE, HIGH_IDENTITY_THEFT, HIGH_SEXUAL_EXPLOITATION_MOTIVE, HIGH_WOMEN_CYBERCRIME",0.3055555555555556,0.9166666666666667,2.2
"HIGH_EXTORTION_MOTIVE, HIGH_IDENTITY_THEFT, HIGH_SEC66D_CHEATING, HIGH_WOMEN_CYBERCRIME","HIGH_CHILD_CYBERCRIME, HIGH_FRAUD_MOTIVE",0.3055555555555556,0.9166666666666667,2.2
"HIGH_CHILD_CYBERCRIME, HIGH_EXTORTION_MOTIVE, HIGH_IDENTITY_THEFT, HIGH_SEC66D_CHEATING","HIGH_FRAUD_MOTIVE, HIGH_WOMEN_CYBERCRIME",0.3055555555555556,0.9166666666666667,2.2
"HIGH_EXTORTION_MOTIVE, HIGH_FRAUD_MOTIVE, HIGH_SEC66D_CHEATING, HIGH_WOMEN_CYBERCRIME","HIGH_CHILD_CYBERCRIME, HIGH_IDENTITY_THEFT",0.3055555555555556,0.9166666666666667,2.2
"HIGH_CHILD_CYBERCRIME, HIGH_EXTORTION_MOTIVE, HIGH_FRAUD_MOTIVE, HIGH_SEC66D_CHEATING","HIGH_IDENTITY_THEFT, HIGH_WOMEN_CYBERCRIME",0.3055555555555556,0.9166666666666667,2.2
"HIGH_FRAUD_MOTIVE, HIGH_IDENTITY_THEFT, HIGH_SEC66D_CHEATING, HIGH_WOMEN_CYBERCRIME","HIGH_CHILD_CYBERCRIME, HIGH_EXTORTION_MOTIVE",0.3055555555555556,0.9166666666666667,2.2
"HIGH_CHILD_CYBERCRIME, HIGH_FRAUD_MOTIVE, HIGH_IDENTITY_THEFT, HIGH_SEC66D_CHEATING","HIGH_EXTORTION_MOTIVE, HIGH_WOMEN_CYBERCRIME",0.3055555555555556,0.9166666666666667,2.2
"HIGH_FRAUD_MOTIVE, HIGH_SEC66D_CHEATING, HIGH_WOMEN_CYBERCRIME","HIGH_CHILD_CYBERCRIME, HIGH_EXTORTION_MOTIVE, HIGH_IDENTITY_THEFT",0.3055555555555556,0.9166666666666667,2.2
"HIGH_CHILD_CYBERCRIME, HIGH_FRAUD_MOTIVE, HIGH_SEC66D_CHEATING","HIGH_EXTORTION_MOTIVE, HIGH_IDENTITY_THEFT, HIGH_WOMEN_CYBERCRIME",0.3055555555555556,0.9166666666666667,2.2
"HIGH_EXTORTION_MOTIVE, HIGH_SEC66D_CHEATING, HIGH_SEXUAL_EXPLOITATION_MOTIVE, HIGH_WOMEN_CYBERCRIME","HIGH_CHILD_CYBERCRIME, HIGH_FRAUD_MOTIVE",0.3055555555555556,0.9166666666666667,2.2
"HIGH_CHILD_CYBERCRIME, HIGH_EXTORTION_MOTIVE, HIGH_SEC66D_CHEATING, HIGH_SEXUAL_EXPLOITATION_MOTIVE","HIGH_FRAUD_MOTIVE, HIGH_WOMEN_CYBERCRIME",0.3055555555555556,0.9166666666666667,2.2
"HIGH_FRAUD_MOTIVE, HIGH_SEC66D_CHEATING, HIGH_SEXUAL_EXPLOITATION_MOTIVE, HIGH_WOMEN_CYBERCRIME","HIGH_CHILD_CYBERCRIME, HIGH_EXTORTION_MOTIVE",0.3055555555555556,0.9166666666666667,2.2
"HIGH_CHILD_CYBERCRIME, HIGH_FRAUD_MOTIVE, HIGH_SEC66D_CHEATING, HIGH_SEXUAL_EXPLOITATION_MOTIVE","HIGH_EXTORTION_MOTIVE, HIGH_WOMEN_CYBERCRIME",0.3055555555555556,0.9166666666666667,2.2
"HIGH_FRAUD_MOTIVE, HIGH_SEC66D_CHEATING, HIGH_WOMEN_CYBERCRIME","HIGH_CHILD_CYBERCRIME, HIGH_EXTORTION_MOTIVE, HIGH_SEXUAL_EXPLOITATION_MOTIVE",0.3055555555555556,0.9166666666666667,2.2
"HIGH_CHILD_CYBERCRIME, HIGH_FRAUD_MOTIVE, HIGH_SEC66D_CHEATING","HIGH_EXTORTION_MOTIVE, HIGH_SEXUAL_EXPLOITATION_MOTIVE, HIGH_WOMEN_CYBERCRIME",0.3055555555555556,0.9166666666666667,2.2
"HIGH_IDENTITY_THEFT, HIGH_SEC66D_CHEATING, HIGH_SEXUAL_EXPLOITATION_MOTIVE, HIGH_WOMEN_CYBERCRIME","HIGH_CHILD_CYBERCRIME, HIGH_FRAUD_MOTIVE",0.3055555555555556,0.9166666666666667,2.2
"HIGH_CHILD_CYBERCRIME, HIGH_IDENTITY_THEFT, HIGH_SEC66D_CHEATING, HIGH_SEXUAL_EXPLOITATION_MOTIVE","HIGH_FRAUD_MOTIVE, HIGH_WOMEN_CYBERCRIME",0.3055555555555556,0.9166666666666667,2.2
"HIGH_FRAUD_MOTIVE, HIGH_SEC66D_CHEATING, HIGH_SEXUAL_EXPLOITATION_MOTIVE, HIGH_WOMEN_CYBERCRIME","HIGH_CHILD_CYBERCRIME, HIGH_IDENTITY_THEFT",0.3055555555555556,0.9166666666666667,2.2
"HIGH_CHILD_CYBERCRIME, HIGH_FRAUD_MOTIVE, HIGH_SEC66D_CHEATING, HIGH_SEXUAL_EXPLOITATION_MOTIVE","HIGH_IDENTITY_THEFT, HIGH_WOMEN_CYBERCRIME",0.3055555555555556,0.9166666666666667,2.2
"HIGH_FRAUD_MOTIVE, HIGH_SEC66D_CHEATING, HIGH_WOMEN_CYBERCRIME","HIGH_CHILD_CYBERCRIME, HIGH_IDENTITY_THEFT, HIGH_SEXUAL_EXPLOITATION_MOTIVE",0.3055555555555556,0.9166666666666667,2.2
"HIGH_CHILD_CYBERCRIME, HIGH_FRAUD_MOTIVE, HIGH_SEC66D_CHEATING","HIGH_IDENTITY_THEFT, HIGH_SEXUAL_EXPLOITATION_MOTIVE, HIGH_WOMEN_CYBERCRIME",0.3055555555555556,0.9166666666666667,2.2
"HIGH_EXTORTION_MOTIVE, HIGH_IDENTITY_THEFT, HIGH_SEC66D_CHEATING, HIGH_SEXUAL_EXPLOITATION_MOTIVE, HIGH_WOMEN_CYBERCRIME","HIGH_CHILD_CYBERCRIME, HIGH_FRAUD_MOTIVE",0.3055555555555556,0.9166666666666667,2.2
"HIGH_CHILD_CYBERCRIME, HIGH_EXTORTION_MOTIVE, HIGH_IDENTITY_THEFT, HIGH_SEC66D_CHEATING, HIGH_SEXUAL_EXPLOITATION_MOTIVE","HIGH_FRAUD_MOTIVE, HIGH_WOMEN_CYBERCRIME",0.3055555555555556,0.9166666666666667,2.2
"HIGH_EXTORTION_MOTIVE, HIGH_FRAUD_MOTIVE, HIGH_SEC66D_CHEATING, HIGH_SEXUAL_EXPLOITATION_MOTIVE, HIGH_WOMEN_CYBERCRIME","HIGH_CHILD_CYBERCRIME, HIGH_IDENTITY_THEFT",0.3055555555555556,0.9166666666666667,2.2
"HIGH_CHILD_CYBERCRIME, HIGH_EXTORTION_MOTIVE, HIGH_FRAUD_MOTIVE, HIGH_SEC66D_CHEATING, HIGH_SEXUAL_EXPLOITATION_MOTIVE","HIGH_IDENTITY_THEFT, HIGH_WOMEN_CYBERCRIME",0.3055555555555556,0.9166666666666667,2.2
"HIGH_FRAUD_MOTIVE, HIGH_IDENTITY_THEFT, HIGH_SEC66D_CHEATING, HIGH_SEXUAL_EXPLOITATION_MOTIVE, HIGH_WOMEN_CYBERCRIME","HIGH_CHILD_CYBERCRIME, HIGH_EXTORTION_MOTIVE",0.3055555555555556,0.9166666666666667,2.2
"HIGH_CHILD_CYBERCRIME, HIGH_FRAUD_MOTIVE, HIGH_IDENTITY_THEFT, HIGH_SEC66D_CHEATING, HIGH_SEXUAL_EXPLOITATION_MOTIVE","HIGH_EXTORTION_MOTIVE, HIGH_WOMEN_CYBERCRIME",0.3055555555555556,0.9166666666666667,2.2
"HIGH_EXTORTION_MOTIVE, HIGH_FRAUD_MOTIVE, HIGH_SEC66D_CHEATING, HIGH_WOMEN_CYBERCRIME","HIGH_CHILD_CYBERCRIME, HIGH_IDENTITY_THEFT, HIGH_SEXUAL_EXPLOITATION_MOTIVE",0.3055555555555556,0.9166666666666667,2.2
"HIGH_CHILD_CYBERCRIME, HIGH_EXTORTION_MOTIVE, HIGH_FRAUD_MOTIVE, HIGH_SEC66D_CHEATING","HIGH_IDENTITY_THEFT, HIGH_SEXUAL_EXPLOITATION_MOTIVE, HIGH_WOMEN_CYBERCRIME",0.3055555555555556,0.9166666666666667,2.2
"HIGH_FRAUD_MOTIVE, HIGH_IDENTITY_THEFT, HIGH_SEC66D_CHEATING, HIGH_WOMEN_CYBERCRIME","HIGH_CHILD_CYBERCRIME, HIGH_EXTORTION_MOTIVE, HIGH_SEXUAL_EXPLOITATION_MOTIVE",0.3055555555555556,0.9166666666666667,2.2
"HIGH_CHILD_CYBERCRIME, HIGH_FRAUD_MOTIVE, HIGH_IDENTITY_THEFT, HIGH_SEC66D_CHEATING","HIGH_EXTORTION_MOTIVE, HIGH_SEXUAL_EXPLOITATION_MOTIVE, HIGH_WOMEN_CYBERCRIME",0.3055555555555556,0.9166666666666667,2.2
"HIGH_FRAUD_MOTIVE, HIGH_SEC66D_CHEATING, HIGH_SEXUAL_EXPLOITATION_MOTIVE, HIGH_WOMEN_CYBERCRIME","HIGH_CHILD_CYBERCRIME, HIGH_EXTORTION_MOTIVE, HIGH_IDENTITY_THEFT",0.3055555555555556,0.9166666666666667,2.2
"HIGH_CHILD_CYBERCRIME, HIGH_FRAUD_MOTIVE, HIGH_SEC66D_CHEATING, HIGH_SEXUAL_EXPLOITATION_MOTIVE","HIGH_EXTORTION_MOTIVE, HIGH_IDENTITY_THEFT, HIGH_WOMEN_CYBERCRIME",0.3055555555555556,0.9166666666666667,2.2
"HIGH_FRAUD_MOTIVE, HIGH_SEC66D_CHEATING, HIGH_WOMEN_CYBERCRIME","HIGH_CHILD_CYBERCRIME, HIGH_EXTORTION_MOTIVE, HIGH_IDENTITY_THEFT, HIGH_SEXUAL_EXPLOITATION_MOTIVE",0.3055555555555556,0.9166666666666667,2.2
"HIGH_CHILD_CYBERCRIME, HIGH_FRAUD_MOTIVE, HIGH_SEC66D_CHEATING","HIGH_EXTORTION_MOTIVE, HIGH_IDENTITY_THEFT, HIGH_SEXUAL_EXPLOITATION_MOTIVE, HIGH_WOMEN_CYBERCRIME",0.3055555555555556,0.9166666666666667,2.2
"HIGH_CHILD_CYBERCRIME, HIGH_IDENTITY_THEFT","HIGH_SEC66D_CHEATING, HIGH_WOMEN_CYBERCRIME",0.3055555555555556,0.7333333333333334,2.2
"HIGH_IDENTITY_THEFT, HIGH_WOMEN_CYBERCRIME","HIGH_CHILD_CYBERCRIME, HIGH_SEC66D_CHEATING",0.3055555555555556,0.7333333333333334,2.2
"HIGH_CHILD_CYBERCRIME, HIGH_EXTORTION_MOTIVE","HIGH_SEC66D_CHEATING, HIGH_WOMEN_CYBERCRIME",0.3055555555555556,0.7333333333333334,2.2
"HIGH_EXTORTION_MOTIVE, HIGH_WOMEN_CYBERCRIME","HIGH_CHILD_CYBERCRIME, HIGH_SEC66D_CHEATING",0.3055555555555556,0.7333333333333334,2.2
"HIGH_FRAUD_MOTIVE, HIGH_WOMEN_CYBERCRIME","HIGH_CHILD_CYBERCRIME, HIGH_SEC66D_CHEATING",0.3055555555555556,0.7333333333333334,2.2
"HIGH_CHILD_CYBERCRIME, HIGH_FRAUD_MOTIVE","HIGH_SEC66D_CHEATING, HIGH_WOMEN_CYBERCRIME",0.3055555555555556,0.7333333333333334,2.2
"HIGH_IDENTITY_THEFT, HIGH_SEXUAL_EXPLOITATION_MOTIVE, HIGH_WOMEN_CYBERCRIME","HIGH_CHILD_CYBERCRIME, HIGH_SEC66D_CHEATING",0.3055555555555556,0.7333333333333334,2.2
"HIGH_CHILD_CYBERCRIME, HIGH_IDENTITY_THEFT, HIGH_SEXUAL_EXPLOITATION_MOTIVE","HIGH_SEC66D_CHEATING, HIGH_WOMEN_CYBERCRIME",0.3055555555555556,0.7333333333333334,2.2
"HIGH_IDENTITY_THEFT, HIGH_WOMEN_CYBERCRIME","HIGH_CHILD_CYBERCRIME, HIGH_SEC66D_CHEATING, HIGH_SEXUAL_EXPLOITATION_MOTIVE",0.3055555555555556,0.7333333333333334,2.2
"HIGH_CHILD_CYBERCRIME, HIGH_IDENTITY_THEFT","HIGH_SEC66D_CHEATING, HIGH_SEXUAL_EXPLOITATION_MOTIVE, HIGH_WOMEN_CYBERCRIME",0.3055555555555556,0.7333333333333334,2.2
"HIGH_EXTORTION_MOTIVE, HIGH_IDENTITY_THEFT, HIGH_WOMEN_CYBERCRIME","HIGH_CHILD_CYBERCRIME, HIGH_SEC66D_CHEATING",0.3055555555555556,0.7333333333333334,2.2
"HIGH_CHILD_CYBERCRIME, HIGH_EXTORTION_MOTIVE, HIGH_IDENTITY_THEFT","HIGH_SEC66D_CHEATING, HIGH_WOMEN_CYBERCRIME",0.3055555555555556,0.7333333333333334,2.2
"HIGH_EXTORTION_MOTIVE, HIGH_WOMEN_CYBERCRIME","HIGH_CHILD_CYBERCRIME, HIGH_IDENTITY_THEFT, HIGH_SEC66D_CHEATING",0.3055555555555556,0.7333333333333334,2.2
"HIGH_CHILD_CYBERCRIME, HIGH_EXTORTION_MOTIVE","HIGH_IDENTITY_THEFT, HIGH_SEC66D_CHEATING, HIGH_WOMEN_CYBERCRIME",0.3055555555555556,0.7333333333333334,2.2
"HIGH_IDENTITY_THEFT, HIGH_WOMEN_CYBERCRIME","HIGH_CHILD_CYBERCRIME, HIGH_EXTORTION_MOTIVE, HIGH_SEC66D_CHEATING",0.3055555555555556,0.7333333333333334,2.2
"HIGH_CHILD_CYBERCRIME, HIGH_IDENTITY_THEFT","HIGH_EXTORTION_MOTIVE, HIGH_SEC66D_CHEATING, HIGH_WOMEN_CYBERCRIME",0.3055555555555556,0.7333333333333334,2.2
"HIGH_EXTORTION_MOTIVE, HIGH_SEXUAL_EXPLOITATION_MOTIVE, HIGH_WOMEN_CYBERCRIME","HIGH_CHILD_CYBERCRIME, HIGH_SEC66D_CHEATING",0.3055555555555556,0.7333333333333334,2.2
"HIGH_CHILD_CYBERCRIME, HIGH_EXTORTION_MOTIVE, HIGH_SEXUAL_EXPLOITATION_MOTIVE","HIGH_SEC66D_CHEATING, HIGH_WOMEN_CYBERCRIME",0.3055555555555556,0.7333333333333334,2.2
"HIGH_EXTORTION_MOTIVE, HIGH_WOMEN_CYBERCRIME","HIGH_CHILD_CYBERCRIME, HIGH_SEC66D_CHEATING, HIGH_SEXUAL_EXPLOITATION_MOTIVE",0.3055555555555556,0.7333333333333334,2.2
"HIGH_CHILD_CYBERCRIME, HIGH_EXTORTION_MOTIVE","HIGH_SEC66D_CHEATING, HIGH_SEXUAL_EXPLOITATION_MOTIVE, HIGH_WOMEN_CYBERCRIME",0.3055555555555556,0.7333333333333334,2.2
"HIGH_EXTORTION_MOTIVE, HIGH_WOMEN_CYBERCRIME","HIGH_CHILD_CYBERCRIME, HIGH_FRAUD_MOTIVE, HIGH_SEC66D_CHEATING",0.3055555555555556,0.7333333333333334,2.2
"HIGH_CHILD_CYBERCRIME, HIGH_EXTORTION_MOTIVE","HIGH_FRAUD_MOTIVE, HIGH_SEC66D_CHEATING, HIGH_WOMEN_CYBERCRIME",0.3055555555555556,0.7333333333333334,2.2
"HIGH_FRAUD_MOTIVE, HIGH_WOMEN_CYBERCRIME","HIGH_CHILD_CYBERCRIME, HIGH_EXTORTION_MOTIVE, HIGH_SEC66D_CHEATING",0.3055555555555556,0.7333333333333334,2.2
"HIGH_CHILD_CYBERCRIME, HIGH_FRAUD_MOTIVE","HIGH_EXTORTION_MOTIVE, HIGH_SEC66D_CHEATING, HIGH_WOMEN_CYBERCRIME",0.3055555555555556,0.7333333333333334,2.2
"HIGH_IDENTITY_THEFT, HIGH_WOMEN_CYBERCRIME","HIGH_CHILD_CYBERCRIME, HIGH_FRAUD_MOTIVE, HIGH_SEC66D_CHEATING",0.3055555555555556,0.7333333333333334,2.2
"HIGH_CHILD_CYBERCRIME, HIGH_IDENTITY_THEFT","HIGH_FRAUD_MOTIVE, HIGH_SEC66D_CHEATING, HIGH_WOMEN_CYBERCRIME",0.3055555555555556,0.7333333333333334,2.2
"HIGH_FRAUD_MOTIVE, HIGH_WOMEN_CYBERCRIME","HIGH_CHILD_CYBERCRIME, HIGH_IDENTITY_THEFT, HIGH_SEC66D_CHEATING",0.3055555555555556,0.7333333333333334,2.2
"HIGH_CHILD_CYBERCRIME, HIGH_FRAUD_MOTIVE","HIGH_IDENTITY_THEFT, HIGH_SEC66D_CHEATING, HIGH_WOMEN_CYBERCRIME",0.3055555555555556,0.7333333333333334,2.2
"HIGH_FRAUD_MOTIVE, HIGH_WOMEN_CYBERCRIME","HIGH_CHILD_CYBERCRIME, HIGH_SEC66D_CHEATING, HIGH_SEXUAL_EXPLOITATION_MOTIVE",0.3055555555555556,0.7333333333333334,2.2
"HIGH_CHILD_CYBERCRIME, HIGH_FRAUD_MOTIVE","HIGH_SEC66D_CHEATING, HIGH_SEXUAL_EXPLOITATION_MOTIVE, HIGH_WOMEN_CYBERCRIME",0.3055555555555556,0.7333333333333334,2.2
"HIGH_EXTORTION_MOTIVE, HIGH_IDENTITY_THEFT, HIGH_SEXUAL_EXPLOITATION_MOTIVE, HIGH_WOMEN_CYBERCRIME","HIGH_CHILD_CYBERCRIME, HIGH_SEC66D_CHEATING",0.3055555555555556,0.7333333333333334,2.2
"HIGH_CHILD_CYBERCRIME, HIGH_EXTORTION_MOTIVE, HIGH_IDENTITY_THEFT, HIGH_SEXUAL_EXPLOITATION_MOTIVE","HIGH_SEC66D_CHEATING, HIGH_WOMEN_CYBERCRIME",0.3055555555555556,0.7333333333333334,2.2
"HIGH_EXTORTION_MOTIVE, HIGH_IDENTITY_THEFT, HIGH_WOMEN_CYBERCRIME","HIGH_CHILD_CYBERCRIME, HIGH_SEC66D_CHEATING, HIGH_SEXUAL_EXPLOITATION_MOTIVE",0.3055555555555556,0.7333333333333334,2.2
"HIGH_CHILD_CYBERCRIME, HIGH_EXTORTION_MOTIVE, HIGH_IDENTITY_THEFT","HIGH_SEC66D_CHEATING, HIGH_SEXUAL_EXPLOITATION_MOTIVE, HIGH_WOMEN_CYBERCRIME",0.3055555555555556,0.7333333333333334,2.2
"HIGH_EXTORTION_MOTIVE, HIGH_SEXUAL_EXPLOITATION_MOTIVE, HIGH_WOMEN_CYBERCRIME","HIGH_CHILD_CYBERCRIME, HIGH_IDENTITY_THEFT, HIGH_SEC66D_CHEATING",0.3055555555555556,0.7333333333333334,2.2
"HIGH_CHILD_CYBERCRIME, HIGH_EXTORTION_MOTIVE, HIGH_SEXUAL_EXPLOITATION_MOTIVE","HIGH_IDENTITY_THEFT, HIGH_SEC66D_CHEATING, HIGH_WOMEN_CYBERCRIME",0.3055555555555556,0.7333333333333334,2.2
"HIGH_IDENTITY_THEFT, HIGH_SEXUAL_EXPLOITATION_MOTIVE, HIGH_WOMEN_CYBERCRIME","HIGH_CHILD_CYBERCRIME, HIGH_EXTORTION_MOTIVE, HIGH_SEC66D_CHEATING",0.3055555555555556,0.7333333333333334,2.2
"HIGH_CHILD_CYBERCRIME, HIGH_IDENTITY_THEFT, HIGH_SEXUAL_EXPLOITATION_MOTIVE","HIGH_EXTORTION_MOTIVE, HIGH_SEC66D_CHEATING, HIGH_WOMEN_CYBERCRIME",0.3055555555555556,0.7333333333333334,2.2
"HIGH_EXTORTION_MOTIVE, HIGH_WOMEN_CYBERCRIME","HIGH_CHILD_CYBERCRIME, HIGH_IDENTITY_THEFT, HIGH_SEC66D_CHEATING, HIGH_SEXUAL_EXPLOITATION_MOTIVE",0.3055555555555556,0.7333333333333334,2.2
"HIGH_CHILD_CYBERCRIME, HIGH_EXTORTION_MOTIVE","HIGH_IDENTITY_THEFT, HIGH_SEC66D_CHEATING, HIGH_SEXUAL_EXPLOITATION_MOTIVE, HIGH_WOMEN_CYBERCRIME",0.3055555555555556,0.7333333333333334,2.2
"HIGH_IDENTITY_THEFT, HIGH_WOMEN_CYBERCRIME","HIGH_CHILD_CYBERCRIME, HIGH_EXTORTION_MOTIVE, HIGH_SEC66D_CHEATING, HIGH_SEXUAL_EXPLOITATION_MOTIVE",0.3055555555555556,0.7333333333333334,2.2
"HIGH_CHILD_CYBERCRIME, HIGH_IDENTITY_THEFT","HIGH_EXTORTION_MOTIVE, HIGH_SEC66D_CHEATING, HIGH_SEXUAL_EXPLOITATION_MOTIVE, HIGH_WOMEN_CYBERCRIME",0.3055555555555556,0.7333333333333334,2.2
"HIGH_EXTORTION_MOTIVE, HIGH_IDENTITY_THEFT, HIGH_WOMEN_CYBERCRIME","HIGH_CHILD_CYBERCRIME, HIGH_FRAUD_MOTIVE, HIGH_SEC66D_CHEATING",0.3055555555555556,0.7333333333333334,2.2
"HIGH_CHILD_CYBERCRIME, HIGH_EXTORTION_MOTIVE, HIGH_IDENTITY_THEFT","HIGH_FRAUD_MOTIVE, HIGH_SEC66D_CHEATING, HIGH_WOMEN_CYBERCRIME",0.3055555555555556,0.7333333333333334,2.2
"HIGH_EXTORTION_MOTIVE, HIGH_WOMEN_CYBERCRIME","HIGH_CHILD_CYBERCRIME, HIGH_FRAUD_MOTIVE, HIGH_IDENTITY_THEFT, HIGH_SEC66D_CHEATING",0.3055555555555556,0.7333333333333334,2.2
"HIGH_CHILD_CYBERCRIME, HIGH_EXTORTION_MOTIVE","HIGH_FRAUD_MOTIVE, HIGH_IDENTITY_THEFT, HIGH_SEC66D_CHEATING, HIGH_WOMEN_CYBERCRIME",0.3055555555555556,0.7333333333333334,2.2
"HIGH_IDENTITY_THEFT, HIGH_WOMEN_CYBERCRIME","HIGH_CHILD_CYBERCRIME, HIGH_EXTORTION_MOTIVE, HIGH_FRAUD_MOTIVE, HIGH_SEC66D_CHEATING",0.3055555555555556,0.7333333333333334,2.2
"HIGH_CHILD_CYBERCRIME, HIGH_IDENTITY_THEFT","HIGH_EXTORTION_MOTIVE, HIGH_FRAUD_MOTIVE, HIGH_SEC66D_CHEATING, HIGH_WOMEN_CYBERCRIME",0.3055555555555556,0.7333333333333334,2.2
"HIGH_FRAUD_MOTIVE, HIGH_WOMEN_CYBERCRIME","HIGH_CHILD_CYBERCRIME, HIGH_EXTORTION_MOTIVE, HIGH_IDENTITY_THEFT, HIGH_SEC66D_CHEATING",0.3055555555555556,0.7333333333333334,2.2
"HIGH_CHILD_CYBERCRIME, HIGH_FRAUD_MOTIVE","HIGH_EXTORTION_MOTIVE, HIGH_IDENTITY_THEFT, HIGH_SEC66D_CHEATING, HIGH_WOMEN_CYBERCRIME",0.3055555555555556,0.7333333333333334,2.2
"HIGH_EXTORTION_MOTIVE, HIGH_SEXUAL_EXPLOITATION_MOTIVE, HIGH_WOMEN_CYBERCRIME","HIGH_CHILD_CYBERCRIME, HIGH_FRAUD_MOTIVE, HIGH_SEC66D_CHEATING",0.3055555555555556,0.7333333333333334,2.2
"HIGH_CHILD_CYBERCRIME, HIGH_EXTORTION_MOTIVE, HIGH_SEXUAL_EXPLOITATION_MOTIVE","HIGH_FRAUD_MOTIVE, HIGH_SEC66D_CHEATING, HIGH_WOMEN_CYBERCRIME",0.3055555555555556,0.7333333333333334,2.2
"HIGH_EXTORTION_MOTIVE, HIGH_WOMEN_CYBERCRIME","HIGH_CHILD_CYBERCRIME, HIGH_FRAUD_MOTIVE, HIGH_SEC66D_CHEATING, HIGH_SEXUAL_EXPLOITATION_MOTIVE",0.3055555555555556,0.7333333333333334,2.2
"HIGH_CHILD_CYBERCRIME, HIGH_EXTORTION_MOTIVE","HIGH_FRAUD_MOTIVE, HIGH_SEC66D_CHEATING, HIGH_SEXUAL_EXPLOITATION_MOTIVE, HIGH_WOMEN_CYBERCRIME",0.3055555555555556,0.7333333333333334,2.2
"HIGH_FRAUD_MOTIVE, HIGH_WOMEN_CYBERCRIME","HIGH_CHILD_CYBERCRIME, HIGH_EXTORTION_MOTIVE, HIGH_SEC66D_CHEATING, HIGH_SEXUAL_EXPLOITATION_MOTIVE",0.3055555555555556,0.7333333333333334,2.2
"HIGH_CHILD_CYBERCRIME, HIGH_FRAUD_MOTIVE","HIGH_EXTORTION_MOTIVE, HIGH_SEC66D_CHEATING, HIGH_SEXUAL_EXPLOITATION_MOTIVE, HIGH_WOMEN_CYBERCRIME",0.3055555555555556,0.7333333333333334,2.2
"HIGH_IDENTITY_THEFT, HIGH_SEXUAL_EXPLOITATION_MOTIVE, HIGH_WOMEN_CYBERCRIME","HIGH_CHILD_CYBERCRIME, HIGH_FRAUD_MOTIVE, HIGH_SEC66D_CHEATING",0.3055555555555556,0.7333333333333334,2.2
"HIGH_CHILD_CYBERCRIME, HIGH_IDENTITY_THEFT, HIGH_SEXUAL_EXPLOITATION_MOTIVE","HIGH_FRAUD_MOTIVE, HIGH_SEC66D_CHEATING, HIGH_WOMEN_CYBERCRIME",0.3055555555555556,0.7333333333333334,2.2
"HIGH_IDENTITY_THEFT, HIGH_WOMEN_CYBERCRIME","HIGH_CHILD_CYBERCRIME, HIGH_FRAUD_MOTIVE, HIGH_SEC66D_CHEATING, HIGH_SEXUAL_EXPLOITATION_MOTIVE",0.3055555555555556,0.7333333333333334,2.2
"HIGH_CHILD_CYBERCRIME, HIGH_IDENTITY_THEFT","HIGH_FRAUD_MOTIVE, HIGH_SEC66D_CHEATING, HIGH_SEXUAL_EXPLOITATION_MOTIVE, HIGH_WOMEN_CYBERCRIME",0.3055555555555556,0.7333333333333334,2.2
"HIGH_FRAUD_MOTIVE, HIGH_WOMEN_CYBERCRIME","HIGH_CHILD_CYBERCRIME, HIGH_IDENTITY_THEFT, HIGH_SEC66D_CHEATING, HIGH_SEXUAL_EXPLOITATION_MOTIVE",0.3055555555555556,0.7333333333333334,2.2
"HIGH_CHILD_CYBERCRIME, HIGH_FRAUD_MOTIVE","HIGH_IDENTITY_THEFT, HIGH_SEC66D_CHEATING, HIGH_SEXUAL_EXPLOITATION_MOTIVE, HIGH_WOMEN_CYBERCRIME",0.3055555555555556,0.7333333333333334,2.2
"HIGH_EXTORTION_MOTIVE, HIGH_IDENTITY_THEFT, HIGH_SEXUAL_EXPLOITATION_MOTIVE, HIGH_WOMEN_CYBERCRIME","HIGH_CHILD_CYBERCRIME, HIGH_FRAUD_MOTIVE, HIGH_SEC66D_CHEATING",0.3055555555555556,0.7333333333333334,2.2
"HIGH_CHILD_CYBERCRIME, HIGH_EXTORTION_MOTIVE, HIGH_IDENTITY_THEFT, HIGH_SEXUAL_EXPLOITATION_MOTIVE","HIGH_FRAUD_MOTIVE, HIGH_SEC66D_CHEATING, HIGH_WOMEN_CYBERCRIME",0.3055555555555556,0.7333333333333334,2.2
"HIGH_EXTORTION_MOTIVE, HIGH_IDENTITY_THEFT, HIGH_WOMEN_CYBERCRIME","HIGH_CHILD_CYBERCRIME, HIGH_FRAUD_MOTIVE, HIGH_SEC66D_CHEATING, HIGH_SEXUAL_EXPLOITATION_MOTIVE",0.3055555555555556,0.7333333333333334,2.2
"HIGH_CHILD_CYBERCRIME, HIGH_EXTORTION_MOTIVE, HIGH_IDENTITY_THEFT","HIGH_FRAUD_MOTIVE, HIGH_SEC66D_CHEATING, HIGH_SEXUAL_EXPLOITATION_MOTIVE, HIGH_WOMEN_CYBERCRIME",0.3055555555555556,0.7333333333333334,2.2
"HIGH_EXTORTION_MOTIVE, HIGH_SEXUAL_EXPLOITATION_MOTIVE, HIGH_WOMEN_CYBERCRIME","HIGH_CHILD_CYBERCRIME, HIGH_FRAUD_MOTIVE, HIGH_IDENTITY_THEFT, HIGH_SEC66D_CHEATING",0.3055555555555556,0.7333333333333334,2.2
"HIGH_CHILD_CYBERCRIME, HIGH_EXTORTION_MOTIVE, HIGH_SEXUAL_EXPLOITATION_MOTIVE","HIGH_FRAUD_MOTIVE, HIGH_IDENTITY_THEFT, HIGH_SEC66D_CHEATING, HIGH_WOMEN_CYBERCRIME",0.3055555555555556,0.7333333333333334,2.2
"HIGH_IDENTITY_THEFT, HIGH_SEXUAL_EXPLOITATION_MOTIVE, HIGH_WOMEN_CYBERCRIME","HIGH_CHILD_CYBERCRIME, HIGH_EXTORTION_MOTIVE, HIGH_FRAUD_MOTIVE, HIGH_SEC66D_CHEATING",0.3055555555555556,0.7333333333333334,2.2
"HIGH_CHILD_CYBERCRIME, HIGH_IDENTITY_THEFT, HIGH_SEXUAL_EXPLOITATION_MOTIVE","HIGH_EXTORTION_MOTIVE, HIGH_FRAUD_MOTIVE, HIGH_SEC66D_CHEATING, HIGH_WOMEN_CYBERCRIME",0.3055555555555556,0.7333333333333334,2.2
"HIGH_EXTORTION_MOTIVE, HIGH_WOMEN_CYBERCRIME","HIGH_CHILD_CYBERCRIME, HIGH_FRAUD_MOTIVE, HIGH_IDENTITY_THEFT, HIGH_SEC66D_CHEATING, HIGH_SEXUAL_EXPLOITATION_MOTIVE",0.3055555555555556,0.7333333333333334,2.2
"HIGH_CHILD_CYBERCRIME, HIGH_EXTORTION_MOTIVE","HIGH_FRAUD_MOTIVE, HIGH_IDENTITY_THEFT, HIGH_SEC66D_CHEATING, HIGH_SEXUAL_EXPLOITATION_MOTIVE, HIGH_WOMEN_CYBERCRIME",0.3055555555555556,0.7333333333333334,2.2
"HIGH_IDENTITY_THEFT, HIGH_WOMEN_CYBERCRIME","HIGH_CHILD_CYBERCRIME, HIGH_EXTORTION_MOTIVE, HIGH_FRAUD_MOTIVE, HIGH_SEC66D_CHEATING, HIGH_SEXUAL_EXPLOITATION_MOTIVE",0.3055555555555556,0.7333333333333334,2.2
"HIGH_CHILD_CYBERCRIME, HIGH_IDENTITY_THEFT","HIGH_EXTORTION_MOTIVE, HIGH_FRAUD_MOTIVE, HIGH_SEC66D_CHEATING, HIGH_SEXUAL_EXPLOITATION_MOTIVE, HIGH_WOMEN_CYBERCRIME",0.3055555555555556,0.7333333333333334,2.2
"HIGH_FRAUD_MOTIVE, HIGH_WOMEN_CYBERCRIME","HIGH_CHILD_CYBERCRIME, HIGH_EXTORTION_MOTIVE, HIGH_IDENTITY_THEFT, HIGH_SEC66D_CHEATING, HIGH_SEXUAL_EXPLOITATION_MOTIVE",0.3055555555555556,0.7333333333333334,2.2
"HIGH_CHILD_CYBERCRIME, HIGH_FRAUD_MOTIVE","HIGH_EXTORTION_MOTIVE, HIGH_IDENTITY_THEFT, HIGH_SEC66D_CHEATING, HIGH_SEXUAL_EXPLOITATION_MOTIVE, HIGH_WOMEN_CYBERCRIME",0.3055555555555556,0.7333333333333334,2.2
"HIGH_IDENTITY_THEFT, HIGH_SEC66D_CHEATING, HIGH_SEXUAL_EXPLOITATION_MOTIVE","HIGH_CHILD_CYBERCRIME, HIGH_EXTORTION_MOTIVE, HIGH_WOMEN_CYBERCRIME",0.3055555555555556,0.8461538461538463,2.175824175824176
"HIGH_CHILD_CYBERCRIME, HIGH_EXTORTION_MOTIVE, HIGH_FRAUD_MOTIVE, HIGH_WOMEN_CYBERCRIME","HIGH_IDENTITY_THEFT, HIGH_SEC66D_CHEATING",0.3055555555555556,0.8461538461538463,2.175824175824176
"HIGH_CHILD_CYBERCRIME, HIGH_EXTORTION_MOTIVE, HIGH_FRAUD_MOTIVE, HIGH_WOMEN_CYBERCRIME","HIGH_SEC66D_CHEATING, HIGH_SEXUAL_EXPLOITATION_MOTIVE",0.3055555555555556,0.8461538461538463,2.175824175824176
"HIGH_FRAUD_MOTIVE, HIGH_SEC66D_CHEATING, HIGH_SEXUAL_EXPLOITATION_MOTIVE","HIGH_CHILD_CYBERCRIME, HIGH_EXTORTION_MOTIVE, HIGH_WOMEN_CYBERCRIME",0.3055555555555556,0.8461538461538463,2.175824175824176
"HIGH_CHILD_CYBERCRIME, HIGH_FRAUD_MOTIVE, HIGH_IDENTITY_THEFT, HIGH_WOMEN_CYBERCRIME","HIGH_SEC66D_CHEATING, HIGH_SEXUAL_EXPLOITATION_MOTIVE",0.3055555555555556,0.8461538461538463,2.175824175824176
"HIGH_CHILD_CYBERCRIME, HIGH_FRAUD_MOTIVE, HIGH_SEXUAL_EXPLOITATION_MOTIVE, HIGH_WOMEN_CYBERCRIME","HIGH_IDENTITY_THEFT, HIGH_SEC66D_CHEATING",0.3055555555555556,0.8461538461538463,2.175824175824176
"HIGH_IDENTITY_THEFT, HIGH_SEC66D_CHEATING, HIGH_SEXUAL_EXPLOITATION_MOTIVE","HIGH_CHILD_CYBERCRIME, HIGH_FRAUD_MOTIVE, HIGH_WOMEN_CYBERCRIME",0.3055555555555556,0.8461538461538463,2.175824175824176
"HIGH_FRAUD_MOTIVE, HIGH_SEC66D_CHEATING, HIGH_SEXUAL_EXPLOITATION_MOTIVE","HIGH_CHILD_CYBERCRIME, HIGH_IDENTITY_THEFT, HIGH_WOMEN_CYBERCRIME",0.3055555555555556,0.8461538461538463,2.175824175824176
"HIGH_CHILD_CYBERCRIME, HIGH_EXTORTION_MOTIVE, HIGH_FRAUD_MOTIVE, HIGH_IDENTITY_THEFT, HIGH_WOMEN_CYBERCRIME","HIGH_SEC66D_CHEATING, HIGH_SEXUAL_EXPLOITATION_MOTIVE",0.3055555555555556,0.8461538461538463,2.175824175824176
"HIGH_CHILD_CYBERCRIME, HIGH_EXTORTION_MOTIVE, HIGH_FRAUD_MOTIVE, HIGH_SEXUAL_EXPLOITATION_MOTIVE, HIGH_WOMEN_CYBERCRIME","HIGH_IDENTITY_THEFT, HIGH_SEC66D_CHEATING",0.3055555555555556,0.8461538461538463,2.175824175824176
"HIGH_EXTORTION_MOTIVE, HIGH_IDENTITY_THEFT, HIGH_SEC66D_CHEATING, HIGH_SEXUAL_EXPLOITATION_MOTIVE","HIGH_CHILD_CYBERCRIME, HIGH_FRAUD_MOTIVE, HIGH_WOMEN_CYBERCRIME",0.3055555555555556,0.8461538461538463,2.175824175824176
"HIGH_EXTORTION_MOTIVE, HIGH_FRAUD_MOTIVE, HIGH_SEC66D_CHEATING, HIGH_SEXUAL_EXPLOITATION_MOTIVE","HIGH_CHILD_CYBERCRIME, HIGH_IDENTITY_THEFT, HIGH_WOMEN_CYBERCRIME",0.3055555555555556,0.8461538461538463,2.175824175824176
"HIGH_FRAUD_MOTIVE, HIGH_IDENTITY_THEFT, HIGH_SEC66D_CHEATING, HIGH_SEXUAL_EXPLOITATION_MOTIVE","HIGH_CHILD_CYBERCRIME, HIGH_EXTORTION_MOTIVE, HIGH_WOMEN_CYBERCRIME",0.3055555555555556,0.8461538461538463,2.175824175824176
"HIGH_CHILD_CYBERCRIME, HIGH_FRAUD_MOTIVE, HIGH_IDENTITY_THEFT, HIGH_WOMEN_CYBERCRIME","HIGH_EXTORTION_MOTIVE, HIGH_SEC66D_CHEATING, HIGH_SEXUAL_EXPLOITATION_MOTIVE",0.3055555555555556,0.8461538461538463,2.175824175824176
"HIGH_CHILD_CYBERCRIME, HIGH_FRAUD_MOTIVE, HIGH_SEXUAL_EXPLOITATION_MOTIVE, HIGH_WOMEN_CYBERCRIME","HIGH_EXTORTION_MOTIVE, HIGH_IDENTITY_THEFT, HIGH_SEC66D_CHEATING",0.3055555555555556,0.8461538461538463,2.175824175824176
"HIGH_FRAUD_MOTIVE, HIGH_SEC66D_CHEATING, HIGH_SEXUAL_EXPLOITATION_MOTIVE","HIGH_CHILD_CYBERCRIME, HIGH_EXTORTION_MOTIVE, HIGH_IDENTITY_THEFT, HIGH_WOMEN_CYBERCRIME",0.3055555555555556,0.8461538461538463,2.175824175824176
"HIGH_CHILD_CYBERCRIME, HIGH_EXTORTION_MOTIVE, HIGH_WOMEN_CYBERCRIME","HIGH_IDENTITY_THEFT, HIGH_SEC66D_CHEATING, HIGH_SEXUAL_EXPLOITATION_MOTIVE",0.3055555555555556,0.7857142857142858,2.175824175824176
"HIGH_IDENTITY_THEFT, HIGH_SEC66D_CHEATING","HIGH_CHILD_CYBERCRIME, HIGH_EXTORTION_MOTIVE, HIGH_FRAUD_MOTIVE, HIGH_WOMEN_CYBERCRIME",0.3055555555555556,0.7857142857142858,2.175824175824176
"HIGH_CHILD_CYBERCRIME, HIGH_EXTORTION_MOTIVE, HIGH_WOMEN_CYBERCRIME","HIGH_FRAUD_MOTIVE, HIGH_SEC66D_CHEATING, HIGH_SEXUAL_EXPLOITATION_MOTIVE",0.3055555555555556,0.7857142857142858,2.175824175824176
"HIGH_SEC66D_CHEATING, HIGH_SEXUAL_EXPLOITATION_MOTIVE","HIGH_CHILD_CYBERCRIME, HIGH_EXTORTION_MOTIVE, HIGH_FRAUD_MOTIVE, HIGH_WOMEN_CYBERCRIME",0.3055555555555556,0.7857142857142858,2.175824175824176
"HIGH_CHILD_CYBERCRIME, HIGH_IDENTITY_THEFT, HIGH_WOMEN_CYBERCRIME","HIGH_FRAUD_MOTIVE, HIGH_SEC66D_CHEATING, HIGH_SEXUAL_EXPLOITATION_MOTIVE",0.3055555555555556,0.7857142857142858,2.175824175824176
"HIGH_CHILD_CYBERCRIME, HIGH_FRAUD_MOTIVE, HIGH_WOMEN_CYBERCRIME","HIGH_IDENTITY_THEFT, HIGH_SEC66D_CHEATING, HIGH_SEXUAL_EXPLOITATION_MOTIVE",0.3055555555555556,0.7857142857142858,2.175824175824176
"HIGH_IDENTITY_THEFT, HIGH_SEC66D_CHEATING","HIGH_CHILD_CYBERCRIME, HIGH_FRAUD_MOTIVE, HIGH_SEXUAL_EXPLOITATION_MOTIVE, HIGH_WOMEN_CYBERCRIME",0.3055555555555556,0.7857142857142858,2.175824175824176
"HIGH_SEC66D_CHEATING, HIGH_SEXUAL_EXPLOITATION_MOTIVE","HIGH_CHILD_CYBERCRIME, HIGH_FRAUD_MOTIVE, HIGH_IDENTITY_THEFT, HIGH_WOMEN_CYBERCRIME",0.3055555555555556,0.7857142857142858,2.175824175824176
"HIGH_CHILD_CYBERCRIME, HIGH_EXTORTION_MOTIVE, HIGH_IDENTITY_THEFT, HIGH_WOMEN_CYBERCRIME","HIGH_FRAUD_MOTIVE, HIGH_SEC66D_CHEATING, HIGH_SEXUAL_EXPLOITATION_MOTIVE",0.3055555555555556,0.7857142857142858,2.175824175824176
"HIGH_EXTORTION_MOTIVE, HIGH_IDENTITY_THEFT, HIGH_SEC66D_CHEATING","HIGH_CHILD_CYBERCRIME, HIGH_FRAUD_MOTIVE, HIGH_SEXUAL_EXPLOITATION_MOTIVE, HIGH_WOMEN_CYBERCRIME",0.3055555555555556,0.7857142857142858,2.175824175824176
"HIGH_EXTORTION_MOTIVE, HIGH_SEC66D_CHEATING, HIGH_SEXUAL_EXPLOITATION_MOTIVE","HIGH_CHILD_CYBERCRIME, HIGH_FRAUD_MOTIVE, HIGH_IDENTITY_THEFT, HIGH_WOMEN_CYBERCRIME",0.3055555555555556,0.7857142857142858,2.175824175824176
"HIGH_CHILD_CYBERCRIME, HIGH_EXTORTION_MOTIVE, HIGH_WOMEN_CYBERCRIME","HIGH_FRAUD_MOTIVE, HIGH_IDENTITY_THEFT, HIGH_SEC66D_CHEATING, HIGH_SEXUAL_EXPLOITATION_MOTIVE",0.3055555555555556,0.7857142857142858,2.175824175824176
"HIGH_CHILD_CYBERCRIME, HIGH_IDENTITY_THEFT, HIGH_WOMEN_CYBERCRIME","HIGH_EXTORTION_MOTIVE, HIGH_FRAUD_MOTIVE, HIGH_SEC66D_CHEATING, HIGH_SEXUAL_EXPLOITATION_MOTIVE",0.3055555555555556,0.7857142857142858,2.175824175824176
"HIGH_CHILD_CYBERCRIME, HIGH_FRAUD_MOTIVE, HIGH_WOMEN_CYBERCRIME","HIGH_EXTORTION_MOTIVE, HIGH_IDENTITY_THEFT, HIGH_SEC66D_CHEATING, HIGH_SEXUAL_EXPLOITATION_MOTIVE",0.3055555555555556,0.7857142857142858,2.175824175824176
"HIGH_IDENTITY_THEFT, HIGH_SEC66D_CHEATING","HIGH_CHILD_CYBERCRIME, HIGH_EXTORTION_MOTIVE, HIGH_FRAUD_MOTIVE, HIGH_SEXUAL_EXPLOITATION_MOTIVE, HIGH_WOMEN_CYBERCRIME",0.3055555555555556,0.7857142857142858,2.175824175824176
"HIGH_SEC66D_CHEATING, HIGH_SEXUAL_EXPLOITATION_MOTIVE","HIGH_CHILD_CYBERCRIME, HIGH_EXTORTION_MOTIVE, HIGH_FRAUD_MOTIVE, HIGH_IDENTITY_THEFT, HIGH_WOMEN_CYBERCRIME",0.3055555555555556,0.7857142857142858,2.175824175824176
"HIGH_IDENTITY_THEFT, HIGH_WOMEN_CYBERCRIME","HIGH_EXTORTION_MOTIVE, HIGH_SEXUAL_EXPLOITATION_MOTIVE",0.4166666666666667,1.0,2.1176470588235294
"HIGH_CHILD_CYBERCRIME, HIGH_IDENTITY_THEFT","HIGH_EXTORTION_MOTIVE, HIGH_SEXUAL_EXPLOITATION_MOTIVE",0.4166666666666667,1.0,2.1176470588235294
"HIGH_FRAUD_MOTIVE, HIGH_SEXUAL_EXPLOITATION_MOTIVE","HIGH_EXTORTION_MOTIVE, HIGH_IDENTITY_THEFT",0.4166666666666667,1.0,2.1176470588235294
"HIGH_CHILD_CYBERCRIME, HIGH_IDENTITY_THEFT, HIGH_WOMEN_CYBERCRIME","HIGH_EXTORTION_MOTIVE, HIGH_SEXUAL_EXPLOITATION_MOTIVE",0.3888888888888889,1.0,2.1176470588235294
"HIGH_FRAUD_MOTIVE, HIGH_IDENTITY_THEFT, HIGH_WOMEN_CYBERCRIME","HIGH_EXTORTION_MOTIVE, HIGH_SEXUAL_EXPLOITATION_MOTIVE",0.3888888888888889,1.0,2.1176470588235294
"HIGH_FRAUD_MOTIVE, HIGH_SEXUAL_EXPLOITATION_MOTIVE, HIGH_WOMEN_CYBERCRIME","HIGH_EXTORTION_MOTIVE, HIGH_IDENTITY_THEFT",0.3888888888888889,1.0,2.1176470588235294
"HIGH_CHILD_CYBERCRIME, HIGH_FRAUD_MOTIVE, HIGH_IDENTITY_THEFT","HIGH_EXTORTION_MOTIVE, HIGH_SEXUAL_EXPLOITATION_MOTIVE",0.3888888888888889,1.0,2.1176470588235294
"HIGH_CHILD_CYBERCRIME, HIGH_FRAUD_MOTIVE, HIGH_SEXUAL_EXPLOITATION_MOTIVE","HIGH_EXTORTION_MOTIVE, HIGH_IDENTITY_THEFT",0.3888888888888889,1.0,2.1176470588235294
"HIGH_FRAUD_MOTIVE, HIGH_SEC66D_CHEATING, HIGH_SEXUAL_EXPLOITATION_MOTIVE","HIGH_EXTORTION_MOTIVE, HIGH_IDENTITY_THEFT",0.3611111111111111,1.0,2.1176470588235294
"HIGH_CHILD_CYBERCRIME, HIGH_FRAUD_MOTIVE, HIGH_IDENTITY_THEFT, HIGH_WOMEN_CYBERCRIME","HIGH_EXTORTION_MOTIVE, HIGH_SEXUAL_EXPLOITATION_MOTIVE",0.3611111111111111,1.0,2.1176470588235294
"HIGH_CHILD_CYBERCRIME, HIGH_FRAUD_MOTIVE, HIGH_SEXUAL_EXPLOITATION_MOTIVE, HIGH_WOMEN_CYBERCRIME","HIGH_EXTORTION_MOTIVE, HIGH_IDENTITY_THEFT",0.3611111111111111,1.0,2.1176470588235294
"HIGH_SEC66D_CHEATING, HIGH_WOMEN_CYBERCRIME","HIGH_EXTORTION_MOTIVE, HIGH_IDENTITY_THEFT",0.3333333333333333,1.0,2.1176470588235294
"HIGH_SEC66D_CHEATING, HIGH_WOMEN_CYBERCRIME","HIGH_EXTORTION_MOTIVE, HIGH_SEXUAL_EXPLOITATION_MOTIVE",0.3333333333333333,1.0,2.1176470588235294
"HIGH_CHILD_CYBERCRIME, HIGH_SEC66D_CHEATING","HIGH_EXTORTION_MOTIVE, HIGH_IDENTITY_THEFT",0.3333333333333333,1.0,2.1176470588235294
"HIGH_CHILD_CYBERCRIME, HIGH_SEC66D_CHEATING","HIGH_EXTORTION_MOTIVE, HIGH_SEXUAL_EXPLOITATION_MOTIVE",0.3333333333333333,1.0,2.1176470588235294
"HIGH_IDENTITY_THEFT, HIGH_SEC66D_CHEATING, HIGH_WOMEN_CYBERCRIME","HIGH_EXTORTION_MOTIVE, HIGH_SEXUAL_EXPLOITATION_MOTIVE",0.3333333333333333,1.0,2.1176470588235294
"HIGH_SEC66D_CHEATING, HIGH_SEXUAL_EXPLOITATION_MOTIVE, HIGH_WOMEN_CYBERCRIME","HIGH_EXTORTION_MOTIVE, HIGH_IDENTITY_THEFT",0.3333333333333333,1.0,2.1176470588235294
"HIGH_CHILD_CYBERCRIME, HIGH_IDENTITY_THEFT, HIGH_SEC66D_CHEATING","HIGH_EXTORTION_MOTIVE, HIGH_SEXUAL_EXPLOITATION_MOTIVE",0.3333333333333333,1.0,2.1176470588235294
"HIGH_CHILD_CYBERCRIME, HIGH_SEC66D_CHEATING, HIGH_SEXUAL_EXPLOITATION_MOTIVE","HIGH_EXTORTION_MOTIVE, HIGH_IDENTITY_THEFT",0.3333333333333333,1.0,2.1176470588235294
"HIGH_FRAUD_MOTIVE, HIGH_SEC66D_CHEATING, HIGH_WOMEN_CYBERCRIME","HIGH_EXTORTION_MOTIVE, HIGH_IDENTITY_THEFT",0.3333333333333333,1.0,2.1176470588235294
"HIGH_FRAUD_MOTIVE, HIGH_SEC66D_CHEATING, HIGH_WOMEN_CYBERCRIME","HIGH_EXTORTION_MOTIVE, HIGH_SEXUAL_EXPLOITATION_MOTIVE",0.3333333333333333,1.0,2.1176470588235294
"HIGH_CHILD_CYBERCRIME, HIGH_FRAUD_MOTIVE, HIGH_SEC66D_CHEATING","HIGH_EXTORTION_MOTIVE, HIGH_IDENTITY_THEFT",0.3333333333333333,1.0,2.1176470588235294
"HIGH_CHILD_CYBERCRIME, HIGH_FRAUD_MOTIVE, HIGH_SEC66D_CHEATING","HIGH_EXTORTION_MOTIVE, HIGH_SEXUAL_EXPLOITATION_MOTIVE",0.3333333333333333,1.0,2.1176470588235294
"HIGH_FRAUD_MOTIVE, HIGH_IDENTITY_THEFT, HIGH_SEC66D_CHEATING, HIGH_WOMEN_CYBERCRIME","HIGH_EXTORTION_MOTIVE, HIGH_SEXUAL_EXPLOITATION_MOTIVE",0.3333333333333333,1.0,2.1176470588235294
"HIGH_FRAUD_MOTIVE, HIGH_SEC66D_CHEATING, HIGH_SEXUAL_EXPLOITATION_MOTIVE, HIGH_WOMEN_CYBERCRIME","HIGH_EXTORTION_MOTIVE, HIGH_IDENTITY_THEFT",0.3333333333333333,1.0,2.1176470588235294
"HIGH_CHILD_CYBERCRIME, HIGH_FRAUD_MOTIVE, HIGH_IDENTITY_THEFT, HIGH_SEC66D_CHEATING","HIGH_EXTORTION_MOTIVE, HIGH_SEXUAL_EXPLOITATION_MOTIVE",0.3333333333333333,1.0,2.1176470588235294
"HIGH_CHILD_CYBERCRIME, HIGH_FRAUD_MOTIVE, HIGH_SEC66D_CHEATING, HIGH_SEXUAL_EXPLOITATION_MOTIVE","HIGH_EXTORTION_MOTIVE, HIGH_IDENTITY_THEFT",0.3333333333333333,1.0,2.1176470588235294
"HIGH_CHILD_CYBERCRIME, HIGH_SEC66D_CHEATING, HIGH_WOMEN_CYBERCRIME","HIGH_EXTORTION_MOTIVE, HIGH_IDENTITY_THEFT",0.3055555555555556,1.0,2.1176470588235294
"HIGH_CHILD_CYBERCRIME, HIGH_SEC66D_CHEATING, HIGH_WOMEN_CYBERCRIME","HIGH_EXTORTION_MOTIVE, HIGH_SEXUAL_EXPLOITATION_MOTIVE",0.3055555555555556,1.0,2.1176470588235294
"HIGH_CHILD_CYBERCRIME, HIGH_IDENTITY_THEFT, HIGH_SEC66D_CHEATING, HIGH_WOMEN_CYBERCRIME","HIGH_EXTORTION_MOTIVE, HIGH_SEXUAL_EXPLOITATION_MOTIVE",0.3055555555555556,1.0,2.1176470588235294
"HIGH_CHILD_CYBERCRIME, HIGH_SEC66D_CHEATING, HIGH_SEXUAL_EXPLOITATION_MOTIVE, HIGH_WOMEN_CYBERCRIME","HIGH_EXTORTION_MOTIVE, HIGH_IDENTITY_THEFT",0.3055555555555556,1.0,2.1176470588235294
"HIGH_CHILD_CYBERCRIME, HIGH_FRAUD_MOTIVE, HIGH_SEC66D_CHEATING, HIGH_WOMEN_CYBERCRIME","HIGH_EXTORTION_MOTIVE, HIGH_IDENTITY_THEFT",0.3055555555555556,1.0,2.1176470588235294
"HIGH_CHILD_CYBERCRIME, HIGH_FRAUD_MOTIVE, HIGH_SEC66D_CHEATING, HIGH_WOMEN_CYBERCRIME","HIGH_EXTORTION_MOTIVE, HIGH_SEXUAL_EXPLOITATION_MOTIVE",0.3055555555555556,1.0,2.1176470588235294
"HIGH_CHILD_CYBERCRIME, HIGH_FRAUD_MOTIVE, HIGH_IDENTITY_THEFT, HIGH_SEC66D_CHEATING, HIGH_WOMEN_CYBERCRIME","HIGH_EXTORTION_MOTIVE, HIGH_SEXUAL_EXPLOITATION_MOTIVE",0.3055555555555556,1.0,2.1176470588235294
"HIGH_CHILD_CYBERCRIME, HIGH_FRAUD_MOTIVE, HIGH_SEC66D_CHEATING, HIGH_SEXUAL_EXPLOITATION_MOTIVE, HIGH_WOMEN_CYBERCRIME","HIGH_EXTORTION_MOTIVE, HIGH_IDENTITY_THEFT",0.3055555555555556,1.0,2.1176470588235294
"HIGH_EXTORTION_MOTIVE, HIGH_SEXUAL_EXPLOITATION_MOTIVE","HIGH_IDENTITY_THEFT, HIGH_WOMEN_CYBERCRIME",0.4166666666666667,0.8823529411764707,2.1176470588235294
"HIGH_EXTORTION_MOTIVE, HIGH_SEXUAL_EXPLOITATION_MOTIVE","HIGH_CHILD_CYBERCRIME, HIGH_IDENTITY_THEFT",0.4166666666666667,0.8823529411764707,2.1176470588235294
"HIGH_EXTORTION_MOTIVE, HIGH_IDENTITY_THEFT","HIGH_FRAUD_MOTIVE, HIGH_SEXUAL_EXPLOITATION_MOTIVE",0.4166666666666667,0.8823529411764707,2.1176470588235294
"HIGH_EXTORTION_MOTIVE, HIGH_SEXUAL_EXPLOITATION_MOTIVE","HIGH_CHILD_CYBERCRIME, HIGH_IDENTITY_THEFT, HIGH_WOMEN_CYBERCRIME",0.3888888888888889,0.823529411764706,2.1176470588235294
"HIGH_EXTORTION_MOTIVE, HIGH_IDENTITY_THEFT","HIGH_FRAUD_MOTIVE, HIGH_SEXUAL_EXPLOITATION_MOTIVE, HIGH_WOMEN_CYBERCRIME",0.3888888888888889,0.823529411764706,2.1176470588235294
"HIGH_EXTORTION_MOTIVE, HIGH_SEXUAL_EXPLOITATION_MOTIVE","HIGH_FRAUD_MOTIVE, HIGH_IDENTITY_THEFT, HIGH_WOMEN_CYBERCRIME",0.3888888888888889,0.823529411764706,2.1176470588235294
"HIGH_EXTORTION_MOTIVE, HIGH_IDENTITY_THEFT","HIGH_CHILD_CYBERCRIME, HIGH_FRAUD_MOTIVE, HIGH_SEXUAL_EXPLOITATION_MOTIVE",0.3888888888888889,0.823529411764706,2.1176470588235294
"HIGH_EXTORTION_MOTIVE, HIGH_SEXUAL_EXPLOITATION_MOTIVE","HIGH_CHILD_CYBERCRIME, HIGH_FRAUD_MOTIVE, HIGH_IDENTITY_THEFT",0.3888888888888889,0.823529411764706,2.1176470588235294
"HIGH_EXTORTION_MOTIVE, HIGH_IDENTITY_THEFT","HIGH_FRAUD_MOTIVE, HIGH_SEC66D_CHEATING, HIGH_SEXUAL_EXPLOITATION_MOTIVE",0.3611111111111111,0.7647058823529412,2.1176470588235294
"HIGH_EXTORTION_MOTIVE, HIGH_IDENTITY_THEFT","HIGH_CHILD_CYBERCRIME, HIGH_FRAUD_MOTIVE, HIGH_SEXUAL_EXPLOITATION_MOTIVE, HIGH_WOMEN_CYBERCRIME",0.3611111111111111,0.7647058823529412,2.1176470588235294
"HIGH_EXTORTION_MOTIVE, HIGH_SEXUAL_EXPLOITATION_MOTIVE","HIGH_CHILD_CYBERCRIME, HIGH_FRAUD_MOTIVE, HIGH_IDENTITY_THEFT, HIGH_WOMEN_CYBERCRIME",0.3611111111111111,0.7647058823529412,2.1176470588235294
"HIGH_EXTORTION_MOTIVE, HIGH_IDENTITY_THEFT","HIGH_SEC66D_CHEATING, HIGH_WOMEN_CYBERCRIME",0.3333333333333333,0.7058823529411764,2.1176470588235294
"HIGH_EXTORTION_MOTIVE, HIGH_SEXUAL_EXPLOITATION_MOTIVE","HIGH_SEC66D_CHEATING, HIGH_WOMEN_CYBERCRIME",0.3333333333333333,0.7058823529411764,2.1176470588235294
"HIGH_EXTORTION_MOTIVE, HIGH_IDENTITY_THEFT","HIGH_CHILD_CYBERCRIME, HIGH_SEC66D_CHEATING",0.3333333333333333,0.7058823529411764,2.1176470588235294
"HIGH_EXTORTION_MOTIVE, HIGH_SEXUAL_EXPLOITATION_MOTIVE","HIGH_CHILD_CYBERCRIME, HIGH_SEC66D_CHEATING",0.3333333333333333,0.7058823529411764,2.1176470588235294
"HIGH_EXTORTION_MOTIVE, HIGH_IDENTITY_THEFT","HIGH_SEC66D_CHEATING, HIGH_SEXUAL_EXPLOITATION_MOTIVE, HIGH_WOMEN_CYBERCRIME",0.3333333333333333,0.7058823529411764,2.1176470588235294
"HIGH_EXTORTION_MOTIVE, HIGH_SEXUAL_EXPLOITATION_MOTIVE","HIGH_IDENTITY_THEFT, HIGH_SEC66D_CHEATING, HIGH_WOMEN_CYBERCRIME",0.3333333333333333,0.7058823529411764,2.1176470588235294
"HIGH_EXTORTION_MOTIVE, HIGH_IDENTITY_THEFT","HIGH_CHILD_CYBERCRIME, HIGH_SEC66D_CHEATING, HIGH_SEXUAL_EXPLOITATION_MOTIVE",0.3333333333333333,0.7058823529411764,2.1176470588235294
"HIGH_EXTORTION_MOTIVE, HIGH_SEXUAL_EXPLOITATION_MOTIVE","HIGH_CHILD_CYBERCRIME, HIGH_IDENTITY_THEFT, HIGH_SEC66D_CHEATING",0.3333333333333333,0.7058823529411764,2.1176470588235294
"HIGH_EXTORTION_MOTIVE, HIGH_IDENTITY_THEFT","HIGH_FRAUD_MOTIVE, HIGH_SEC66D_CHEATING, HIGH_WOMEN_CYBERCRIME",0.3333333333333333,0.7058823529411764,2.1176470588235294
"HIGH_EXTORTION_MOTIVE, HIGH_SEXUAL_EXPLOITATION_MOTIVE","HIGH_FRAUD_MOTIVE, HIGH_SEC66D_CHEATING, HIGH_WOMEN_CYBERCRIME",0.3333333333333333,0.7058823529411764,2.1176470588235294
"HIGH_EXTORTION_MOTIVE, HIGH_IDENTITY_THEFT","HIGH_CHILD_CYBERCRIME, HIGH_FRAUD_MOTIVE, HIGH_SEC66D_CHEATING",0.3333333333333333,0.7058823529411764,2.1176470588235294
"HIGH_EXTORTION_MOTIVE, HIGH_SEXUAL_EXPLOITATION_MOTIVE","HIGH_CHILD_CYBERCRIME, HIGH_FRAUD_MOTIVE, HIGH_SEC66D_CHEATING",0.3333333333333333,0.7058823529411764,2.1176470588235294
"HIGH_EXTORTION_MOTIVE, HIGH_IDENTITY_THEFT","HIGH_FRAUD_MOTIVE, HIGH_SEC66D_CHEATING, HIGH_SEXUAL_EXPLOITATION_MOTIVE, HIGH_WOMEN_CYBERCRIME",0.3333333333333333,0.7058823529411764,2.1176470588235294
"HIGH_EXTORTION_MOTIVE, HIGH_SEXUAL_EXPLOITATION_MOTIVE","HIGH_FRAUD_MOTIVE, HIGH_IDENTITY_THEFT, HIGH_SEC66D_CHEATING, HIGH_WOMEN_CYBERCRIME",0.3333333333333333,0.7058823529411764,2.1176470588235294
"HIGH_EXTORTION_MOTIVE, HIGH_IDENTITY_THEFT","HIGH_CHILD_CYBERCRIME, HIGH_FRAUD_MOTIVE, HIGH_SEC66D_CHEATING, HIGH_SEXUAL_EXPLOITATION_MOTIVE",0.3333333333333333,0.7058823529411764,2.1176470588235294
"HIGH_EXTORTION_MOTIVE, HIGH_SEXUAL_EXPLOITATION_MOTIVE","HIGH_CHILD_CYBERCRIME, HIGH_FRAUD_MOTIVE, HIGH_IDENTITY_THEFT, HIGH_SEC66D_CHEATING",0.3333333333333333,0.7058823529411764,2.1176470588235294
"HIGH_EXTORTION_MOTIVE, HIGH_IDENTITY_THEFT","HIGH_CHILD_CYBERCRIME, HIGH_SEC66D_CHEATING, HIGH_WOMEN_CYBERCRIME",0.3055555555555556,0.6470588235294118,2.1176470588235294
"HIGH_EXTORTION_MOTIVE, HIGH_SEXUAL_EXPLOITATION_MOTIVE","HIGH_CHILD_CYBERCRIME, HIGH_SEC66D_CHEATING, HIGH_WOMEN_CYBERCRIME",0.3055555555555556,0.6470588235294118,2.1176470588235294
"HIGH_EXTORTION_MOTIVE, HIGH_IDENTITY_THEFT","HIGH_CHILD_CYBERCRIME, HIGH_SEC66D_CHEATING, HIGH_SEXUAL_EXPLOITATION_MOTIVE, HIGH_WOMEN_CYBERCRIME",0.3055555555555556,0.6470588235294118,2.1176470588235294
"HIGH_EXTORTION_MOTIVE, HIGH_SEXUAL_EXPLOITATION_MOTIVE","HIGH_CHILD_CYBERCRIME, HIGH_IDENTITY_THEFT, HIGH_SEC66D_CHEATING, HIGH_WOMEN_CYBERCRIME",0.3055555555555556,0.6470588235294118,2.1176470588235294
"HIGH_EXTORTION_MOTIVE, HIGH_IDENTITY_THEFT","HIGH_CHILD_CYBERCRIME, HIGH_FRAUD_MOTIVE, HIGH_SEC66D_CHEATING, HIGH_WOMEN_CYBERCRIME",0.3055555555555556,0.6470588235294118,2.1176470588235294
"HIGH_EXTORTION_MOTIVE, HIGH_SEXUAL_EXPLOITATION_MOTIVE","HIGH_CHILD_CYBERCRIME, HIGH_FRAUD_MOTIVE, HIGH_SEC66D_CHEATING, HIGH_WOMEN_CYBERCRIME",0.3055555555555556,0.6470588235294118,2.1176470588235294
"HIGH_EXTORTION_MOTIVE, HIGH_IDENTITY_THEFT","HIGH_CHILD_CYBERCRIME, HIGH_FRAUD_MOTIVE, HIGH_SEC66D_CHEATING, HIGH_SEXUAL_EXPLOITATION_MOTIVE, HIGH_WOMEN_CYBERCRIME",0.3055555555555556,0.6470588235294118,2.1176470588235294
"HIGH_EXTORTION_MOTIVE, HIGH_SEXUAL_EXPLOITATION_MOTIVE","HIGH_CHILD_CYBERCRIME, HIGH_FRAUD_MOTIVE, HIGH_IDENTITY_THEFT, HIGH_SEC66D_CHEATING, HIGH_WOMEN_CYBERCRIME",0.3055555555555556,0.6470588235294118,2.1176470588235294
"HIGH_EXTORTION_MOTIVE, HIGH_FRAUD_MOTIVE","HIGH_IDENTITY_THEFT, HIGH_SEXUAL_EXPLOITATION_MOTIVE",0.4166666666666667,0.9375000000000001,2.1093750000000004
"HIGH_IDENTITY_THEFT, HIGH_SEXUAL_EXPLOITATION_MOTIVE","HIGH_EXTORTION_MOTIVE, HIGH_FRAUD_MOTIVE",0.4166666666666667,0.9375000000000001,2.1093750000000004
"HIGH_CHILD_CYBERCRIME, HIGH_IDENTITY_THEFT","HIGH_SEXUAL_EXPLOITATION_MOTIVE, HIGH_WOMEN_CYBERCRIME",0.3888888888888889,0.9333333333333333,2.1
"HIGH_IDENTITY_THEFT, HIGH_WOMEN_CYBERCRIME","HIGH_CHILD_CYBERCRIME, HIGH_SEXUAL_EXPLOITATION_MOTIVE",0.3888888888888889,0.9333333333333333,2.1
"HIGH_CHILD_CYBERCRIME, HIGH_EXTORTION_MOTIVE","HIGH_SEXUAL_EXPLOITATION_MOTIVE, HIGH_WOMEN_CYBERCRIME",0.3888888888888889,0.9333333333333333,2.1
"HIGH_EXTORTION_MOTIVE, HIGH_WOMEN_CYBERCRIME","HIGH_CHILD_CYBERCRIME, HIGH_SEXUAL_EXPLOITATION_MOTIVE",0.3888888888888889,0.9333333333333333,2.1
"HIGH_EXTORTION_MOTIVE, HIGH_SEC66D_CHEATING","HIGH_FRAUD_MOTIVE, HIGH_IDENTITY_THEFT",0.3888888888888889,0.9333333333333333,2.1
"HIGH_EXTORTION_MOTIVE, HIGH_WOMEN_CYBERCRIME","HIGH_FRAUD_MOTIVE, HIGH_IDENTITY_THEFT",0.3888888888888889,0.9333333333333333,2.1
"HIGH_IDENTITY_THEFT, HIGH_WOMEN_CYBERCRIME","HIGH_EXTORTION_MOTIVE, HIGH_FRAUD_MOTIVE",0.3888888888888889,0.9333333333333333,2.1
"HIGH_FRAUD_MOTIVE, HIGH_WOMEN_CYBERCRIME","HIGH_IDENTITY_THEFT, HIGH_SEXUAL_EXPLOITATION_MOTIVE",0.3888888888888889,0.9333333333333333,2.1
"HIGH_CHILD_CYBERCRIME, HIGH_FRAUD_MOTIVE","HIGH_IDENTITY_THEFT, HIGH_SEXUAL_EXPLOITATION_MOTIVE",0.3888888888888889,0.9333333333333333,2.1
"HIGH_CHILD_CYBERCRIME, HIGH_EXTORTION_MOTIVE","HIGH_FRAUD_MOTIVE, HIGH_IDENTITY_THEFT",0.3888888888888889,0.9333333333333333,2.1
"HIGH_CHILD_CYBERCRIME, HIGH_IDENTITY_THEFT","HIGH_EXTORTION_MOTIVE, HIGH_FRAUD_MOTIVE",0.3888888888888889,0.9333333333333333,2.1
"HIGH_EXTORTION_MOTIVE, HIGH_IDENTITY_THEFT, HIGH_WOMEN_CYBERCRIME","HIGH_CHILD_CYBERCRIME, HIGH_SEXUAL_EXPLOITATION_MOTIVE",0.3888888888888889,0.9333333333333333,2.1
"HIGH_CHILD_CYBERCRIME, HIGH_EXTORTION_MOTIVE, HIGH_IDENTITY_THEFT","HIGH_SEXUAL_EXPLOITATION_MOTIVE, HIGH_WOMEN_CYBERCRIME",0.3888888888888889,0.9333333333333333,2.1
"HIGH_EXTORTION_MOTIVE, HIGH_SEXUAL_EXPLOITATION_MOTIVE, HIGH_WOMEN_CYBERCRIME","HIGH_FRAUD_MOTIVE, HIGH_IDENTITY_THEFT",0.3888888888888889,0.9333333333333333,2.1
"HIGH_IDENTITY_THEFT, HIGH_SEXUAL_EXPLOITATION_MOTIVE, HIGH_WOMEN_CYBERCRIME","HIGH_EXTORTION_MOTIVE, HIGH_FRAUD_MOTIVE",0.3888888888888889,0.9333333333333333,2.1
"HIGH_FRAUD_MOTIVE, HIGH_WOMEN_CYBERCRIME","HIGH_EXTORTION_MOTIVE, HIGH_IDENTITY_THEFT, HIGH_SEXUAL_EXPLOITATION_MOTIVE",0.3888888888888889,0.9333333333333333,2.1
"HIGH_CHILD_CYBERCRIME, HIGH_EXTORTION_MOTIVE, HIGH_SEXUAL_EXPLOITATION_MOTIVE","HIGH_FRAUD_MOTIVE, HIGH_IDENTITY_THEFT",0.3888888888888889,0.9333333333333333,2.1
"HIGH_CHILD_CYBERCRIME, HIGH_IDENTITY_THEFT, HIGH_SEXUAL_EXPLOITATION_MOTIVE","HIGH_EXTORTION_MOTIVE, HIGH_FRAUD_MOTIVE",0.3888888888888889,0.9333333333333333,2.1
"HIGH_CHILD_CYBERCRIME, HIGH_FRAUD_MOTIVE","HIGH_EXTORTION_MOTIVE, HIGH_IDENTITY_THEFT, HIGH_SEXUAL_EXPLOITATION_MOTIVE",0.3888888888888889,0.9333333333333333,2.1
"HIGH_CHILD_CYBERCRIME, HIGH_SEXUAL_EXPLOITATION_MOTIVE","HIGH_IDENTITY_THEFT, HIGH_WOMEN_CYBERCRIME",0.3888888888888889,0.8750000000000001,2.1
"HIGH_SEXUAL_EXPLOITATION_MOTIVE, HIGH_WOMEN_CYBERCRIME","HIGH_CHILD_CYBERCRIME, HIGH_IDENTITY_THEFT",0.3888888888888889,0.8750000000000001,2.1
"HIGH_CHILD_CYBERCRIME, HIGH_SEXUAL_EXPLOITATION_MOTIVE","HIGH_EXTORTION_MOTIVE, HIGH_WOMEN_CYBERCRIME",0.3888888888888889,0.8750000000000001,2.1
"HIGH_SEXUAL_EXPLOITATION_MOTIVE, HIGH_WOMEN_CYBERCRIME","HIGH_CHILD_CYBERCRIME, HIGH_EXTORTION_MOTIVE",0.3888888888888889,0.8750000000000001,2.1
"HIGH_FRAUD_MOTIVE, HIGH_IDENTITY_THEFT","HIGH_EXTORTION_MOTIVE, HIGH_SEC66D_CHEATING",0.3888888888888889,0.8750000000000001,2.1
"HIGH_EXTORTION_MOTIVE, HIGH_FRAUD_MOTIVE","HIGH_IDENTITY_THEFT, HIGH_WOMEN_CYBERCRIME",0.3888888888888889,0.8750000000000001,2.1
"HIGH_FRAUD_MOTIVE, HIGH_IDENTITY_THEFT","HIGH_EXTORTION_MOTIVE, HIGH_WOMEN_CYBERCRIME",0.3888888888888889,0.8750000000000001,2.1
"HIGH_IDENTITY_THEFT, HIGH_SEXUAL_EXPLOITATION_MOTIVE","HIGH_FRAUD_MOTIVE, HIGH_WOMEN_CYBERCRIME",0.3888888888888889,0.8750000000000001,2.1
"HIGH_IDENTITY_THEFT, HIGH_SEXUAL_EXPLOITATION_MOTIVE","HIGH_CHILD_CYBERCRIME, HIGH_FRAUD_MOTIVE",0.3888888888888889,0.8750000000000001,2.1
"HIGH_EXTORTION_MOTIVE, HIGH_FRAUD_MOTIVE","HIGH_CHILD_CYBERCRIME, HIGH_IDENTITY_THEFT",0.3888888888888889,0.8750000000000001,2.1
"HIGH_FRAUD_MOTIVE, HIGH_IDENTITY_THEFT","HIGH_CHILD_CYBERCRIME, HIGH_EXTORTION_MOTIVE",0.3888888888888889,0.8750000000000001,2.1
"HIGH_SEXUAL_EXPLOITATION_MOTIVE, HIGH_WOMEN_CYBERCRIME","HIGH_CHILD_CYBERCRIME, HIGH_EXTORTION_MOTIVE, HIGH_IDENTITY_THEFT",0.3888888888888889,0.8750000000000001,2.1
"HIGH_CHILD_CYBERCRIME, HIGH_SEXUAL_EXPLOITATION_MOTIVE","HIGH_EXTORTION_MOTIVE, HIGH_IDENTITY_THEFT, HIGH_WOMEN_CYBERCRIME",0.3888888888888889,0.8750000000000001,2.1
"HIGH_EXTORTION_MOTIVE, HIGH_IDENTITY_THEFT, HIGH_SEXUAL_EXPLOITATION_MOTIVE","HIGH_FRAUD_MOTIVE, HIGH_WOMEN_CYBERCRIME",0.3888888888888889,0.8750000000000001,2.1
"HIGH_EXTORTION_MOTIVE, HIGH_FRAUD_MOTIVE","HIGH_IDENTITY_THEFT, HIGH_SEXUAL_EXPLOITATION_MOTIVE, HIGH_WOMEN_CYBERCRIME",0.3888888888888889,0.8750000000000001,2.1
"HIGH_FRAUD_MOTIVE, HIGH_IDENTITY_THEFT","HIGH_EXTORTION_MOTIVE, HIGH_SEXUAL_EXPLOITATION_MOTIVE, HIGH_WOMEN_CYBERCRIME",0.3888888888888889,0.8750000000000001,2.1
"HIGH_EXTORTION_MOTIVE, HIGH_IDENTITY_THEFT, HIGH_SEXUAL_EXPLOITATION_MOTIVE","HIGH_CHILD_CYBERCRIME, HIGH_FRAUD_MOTIVE",0.3888888888888889,0.8750000000000001,2.1
"HIGH_EXTORTION_MOTIVE, HIGH_FRAUD_MOTIVE","HIGH_CHILD_CYBERCRIME, HIGH_IDENTITY_THEFT, HIGH_SEXUAL_EXPLOITATION_MOTIVE",0.3888888888888889,0.8750000000000001,2.1
"HIGH_FRAUD_MOTIVE, HIGH_IDENTITY_THEFT","HIGH_CHILD_CYBERCRIME, HIGH_EXTORTION_MOTIVE, HIGH_SEXUAL_EXPLOITATION_MOTIVE",0.3888888888888889,0.8750000000000001,2.1
"HIGH_SEC66D_CHEATING, HIGH_SEXUAL_EXPLOITATION_MOTIVE","HIGH_EXTORTION_MOTIVE, HIGH_FRAUD_MOTIVE",0.3611111111111111,0.9285714285714285,2.0892857142857144
"HIGH_SEC66D_CHEATING, HIGH_SEXUAL_EXPLOITATION_MOTIVE","HIGH_FRAUD_MOTIVE, HIGH_IDENTITY_THEFT",0.3611111111111111,0.9285714285714285,2.0892857142857144
"HIGH_EXTORTION_MOTIVE, HIGH_SEC66D_CHEATING, HIGH_SEXUAL_EXPLOITATION_MOTIVE","HIGH_FRAUD_MOTIVE, HIGH_IDENTITY_THEFT",0.3611111111111111,0.9285714285714285,2.0892857142857144
"HIGH_EXTORTION_MOTIVE, HIGH_FRAUD_MOTIVE, HIGH_SEC66D_CHEATING","HIGH_IDENTITY_THEFT, HIGH_SEXUAL_EXPLOITATION_MOTIVE",0.3611111111111111,0.9285714285714285,2.0892857142857144
"HIGH_SEC66D_CHEATING, HIGH_SEXUAL_EXPLOITATION_MOTIVE","HIGH_EXTORTION_MOTIVE, HIGH_FRAUD_MOTIVE, HIGH_IDENTITY_THEFT",0.3611111111111111,0.9285714285714285,2.0892857142857144
"HIGH_FRAUD_MOTIVE, HIGH_IDENTITY_THEFT, HIGH_WOMEN_CYBERCRIME","HIGH_CHILD_CYBERCRIME, HIGH_SEXUAL_EXPLOITATION_MOTIVE",0.3611111111111111,0.9285714285714285,2.0892857142857144
"HIGH_CHILD_CYBERCRIME, HIGH_FRAUD_MOTIVE, HIGH_IDENTITY_THEFT","HIGH_SEXUAL_EXPLOITATION_MOTIVE, HIGH_WOMEN_CYBERCRIME",0.3611111111111111,0.9285714285714285,2.0892857142857144
"HIGH_CHILD_CYBERCRIME, HIGH_FRAUD_MOTIVE, HIGH_WOMEN_CYBERCRIME","HIGH_IDENTITY_THEFT, HIGH_SEXUAL_EXPLOITATION_MOTIVE",0.3611111111111111,0.9285714285714285,2.0892857142857144
"HIGH_CHILD_CYBERCRIME, HIGH_EXTORTION_MOTIVE, HIGH_WOMEN_CYBERCRIME","HIGH_FRAUD_MOTIVE, HIGH_IDENTITY_THEFT",0.3611111111111111,0.9285714285714285,2.0892857142857144
"HIGH_CHILD_CYBERCRIME, HIGH_IDENTITY_THEFT, HIGH_WOMEN_CYBERCRIME","HIGH_EXTORTION_MOTIVE, HIGH_FRAUD_MOTIVE",0.3611111111111111,0.9285714285714285,2.0892857142857144
"HIGH_EXTORTION_MOTIVE, HIGH_FRAUD_MOTIVE, HIGH_WOMEN_CYBERCRIME","HIGH_CHILD_CYBERCRIME, HIGH_SEXUAL_EXPLOITATION_MOTIVE",0.3611111111111111,0.9285714285714285,2.0892857142857144
"HIGH_CHILD_CYBERCRIME, HIGH_EXTORTION_MOTIVE, HIGH_FRAUD_MOTIVE","HIGH_SEXUAL_EXPLOITATION_MOTIVE, HIGH_WOMEN_CYBERCRIME",0.3611111111111111,0.9285714285714285,2.0892857142857144
"HIGH_EXTORTION_MOTIVE, HIGH_FRAUD_MOTIVE, HIGH_IDENTITY_THEFT, HIGH_WOMEN_CYBERCRIME","HIGH_CHILD_CYBERCRIME, HIGH_SEXUAL_EXPLOITATION_MOTIVE",0.3611111111111111,0.9285714285714285,2.0892857142857144
"HIGH_CHILD_CYBERCRIME, HIGH_EXTORTION_MOTIVE, HIGH_FRAUD_MOTIVE, HIGH_IDENTITY_THEFT","HIGH_SEXUAL_EXPLOITATION_MOTIVE, HIGH_WOMEN_CYBERCRIME",0.3611111111111111,0.9285714285714285,2.0892857142857144
"HIGH_CHILD_CYBERCRIME, HIGH_EXTORTION_MOTIVE, HIGH_SEXUAL_EXPLOITATION_MOTIVE, HIGH_WOMEN_CYBERCRIME","HIGH_FRAUD_MOTIVE, HIGH_IDENTITY_THEFT",0.3611111111111111,0.9285714285714285,2.0892857142857144
"HIGH_CHILD_CYBERCRIME, HIGH_IDENTITY_THEFT, HIGH_SEXUAL_EXPLOITATION_MOTIVE, HIGH_WOMEN_CYBERCRIME","HIGH_EXTORTION_MOTIVE, HIGH_FRAUD_MOTIVE",0.3611111111111111,0.9285714285714285,2.0892857142857144
"HIGH_CHILD_CYBERCRIME, HIGH_FRAUD_MOTIVE, HIGH_WOMEN_CYBERCRIME","HIGH_EXTORTION_MOTIVE, HIGH_IDENTITY_THEFT, HIGH_SEXUAL_EXPLOITATION_MOTIVE",0.3611111111111111,0.9285714285714285,2.0892857142857144
"HIGH_EXTORTION_MOTIVE, HIGH_FRAUD_MOTIVE","HIGH_SEC66D_CHEATING, HIGH_SEXUAL_EXPLOITATION_MOTIVE",0.3611111111111111,0.8125,2.0892857142857144
"HIGH_FRAUD_MOTIVE, HIGH_IDENTITY_THEFT","HIGH_SEC66D_CHEATING, HIGH_SEXUAL_EXPLOITATION_MOTIVE",0.3611111111111111,0.8125,2.0892857142857144
"HIGH_EXTORTION_MOTIVE, HIGH_FRAUD_MOTIVE, HIGH_IDENTITY_THEFT","HIGH_SEC66D_CHEATING, HIGH_SEXUAL_EXPLOITATION_MOTIVE",0.3611111111111111,0.8125,2.0892857142857144
"HIGH_IDENTITY_THEFT, HIGH_SEXUAL_EXPLOITATION_MOTIVE","HIGH_EXTORTION_MOTIVE, HIGH_FRAUD_MOTIVE, HIGH_SEC66D_CHEATING",0.3611111111111111,0.8125,2.0892857142857144
"HIGH_FRAUD_MOTIVE, HIGH_IDENTITY_THEFT","HIGH_EXTORTION_MOTIVE, HIGH_SEC66D_CHEATING, HIGH_SEXUAL_EXPLOITATION_MOTIVE",0.3611111111111111,0.8125,2.0892857142857144
"HIGH_IDENTITY_THEFT, HIGH_SEXUAL_EXPLOITATION_MOTIVE","HIGH_CHILD_CYBERCRIME, HIGH_FRAUD_MOTIVE, HIGH_WOMEN_CYBERCRIME",0.3611111111111111,0.8125,2.0892857142857144
"HIGH_SEXUAL_EXPLOITATION_MOTIVE, HIGH_WOMEN_CYBERCRIME","HIGH_CHILD_CYBERCRIME, HIGH_FRAUD_MOTIVE, HIGH_IDENTITY_THEFT",0.3611111111111111,0.8125,2.0892857142857144
"HIGH_CHILD_CYBERCRIME, HIGH_SEXUAL_EXPLOITATION_MOTIVE","HIGH_FRAUD_MOTIVE, HIGH_IDENTITY_THEFT, HIGH_WOMEN_CYBERCRIME",0.3611111111111111,0.8125,2.0892857142857144
"HIGH_EXTORTION_MOTIVE, HIGH_FRAUD_MOTIVE","HIGH_CHILD_CYBERCRIME, HIGH_IDENTITY_THEFT, HIGH_WOMEN_CYBERCRIME",0.3611111111111111,0.8125,2.0892857142857144
"HIGH_FRAUD_MOTIVE, HIGH_IDENTITY_THEFT","HIGH_CHILD_CYBERCRIME, HIGH_EXTORTION_MOTIVE, HIGH_WOMEN_CYBERCRIME",0.3611111111111111,0.8125,2.0892857142857144
"HIGH_SEXUAL_EXPLOITATION_MOTIVE, HIGH_WOMEN_CYBERCRIME","HIGH_CHILD_CYBERCRIME, HIGH_EXTORTION_MOTIVE, HIGH_FRAUD_MOTIVE",0.3611111111111111,0.8125,2.0892857142857144
"HIGH_CHILD_CYBERCRIME, HIGH_SEXUAL_EXPLOITATION_MOTIVE","HIGH_EXTORTION_MOTIVE, HIGH_FRAUD_MOTIVE, HIGH_WOMEN_CYBERCRIME",0.3611111111111111,0.8125,2.0892857142857144
"HIGH_EXTORTION_MOTIVE, HIGH_IDENTITY_THEFT, HIGH_SEXUAL_EXPLOITATION_MOTIVE","HIGH_CHILD_CYBERCRIME, HIGH_FRAUD_MOTIVE, HIGH_WOMEN_CYBERCRIME",0.3611111111111111,0.8125,2.0892857142857144
"HIGH_EXTORTION_MOTIVE, HIGH_FRAUD_MOTIVE","HIGH_CHILD_CYBERCRIME, HIGH_IDENTITY_THEFT, HIGH_SEXUAL_EXPLOITATION_MOTIVE, HIGH_WOMEN_CYBERCRIME",0.3611111111111111,0.8125,2.0892857142857144
"HIGH_FRAUD_MOTIVE, HIGH_IDENTITY_THEFT","HIGH_CHILD_CYBERCRIME, HIGH_EXTORTION_MOTIVE, HIGH_SEXUAL_EXPLOITATION_MOTIVE, HIGH_WOMEN_CYBERCRIME",0.3611111111111111,0.8125,2.0892857142857144
"HIGH_SEXUAL_EXPLOITATION_MOTIVE, HIGH_WOMEN_CYBERCRIME","HIGH_CHILD_CYBERCRIME, HIGH_EXTORTION_MOTIVE, HIGH_FRAUD_MOTIVE, HIGH_IDENTITY_THEFT",0.3611111111111111,0.8125,2.0892857142857144
"HIGH_CHILD_CYBERCRIME, HIGH_SEXUAL_EXPLOITATION_MOTIVE","HIGH_EXTORTION_MOTIVE, HIGH_FRAUD_MOTIVE, HIGH_IDENTITY_THEFT, HIGH_WOMEN_CYBERCRIME",0.3611111111111111,0.8125,2.0892857142857144
"HIGH_EXTORTION_MOTIVE, HIGH_SEC66D_CHEATING","HIGH_FRAUD_MOTIVE, HIGH_SEXUAL_EXPLOITATION_MOTIVE",0.3611111111111111,0.8666666666666666,2.0799999999999996
"HIGH_FRAUD_MOTIVE, HIGH_SEXUAL_EXPLOITATION_MOTIVE","HIGH_EXTORTION_MOTIVE, HIGH_SEC66D_CHEATING",0.3611111111111111,0.8666666666666666,2.0799999999999996
"HIGH_FRAUD_MOTIVE, HIGH_WOMEN_CYBERCRIME","HIGH_CHILD_CYBERCRIME, HIGH_IDENTITY_THEFT",0.3611111111111111,0.8666666666666666,2.0799999999999996
"HIGH_CHILD_CYBERCRIME, HIGH_FRAUD_MOTIVE","HIGH_IDENTITY_THEFT, HIGH_WOMEN_CYBERCRIME",0.3611111111111111,0.8666666666666666,2.0799999999999996
"HIGH_IDENTITY_THEFT, HIGH_WOMEN_CYBERCRIME","HIGH_CHILD_CYBERCRIME, HIGH_FRAUD_MOTIVE",0.3611111111111111,0.8666666666666666,2.0799999999999996
"HIGH_CHILD_CYBERCRIME, HIGH_IDENTITY_THEFT","HIGH_FRAUD_MOTIVE, HIGH_WOMEN_CYBERCRIME",0.3611111111111111,0.8666666666666666,2.0799999999999996
"HIGH_EXTORTION_MOTIVE, HIGH_WOMEN_CYBERCRIME","HIGH_CHILD_CYBERCRIME, HIGH_FRAUD_MOTIVE",0.3611111111111111,0.8666666666666666,2.0799999999999996
"HIGH_CHILD_CYBERCRIME, HIGH_EXTORTION_MOTIVE","HIGH_FRAUD_MOTIVE, HIGH_WOMEN_CYBERCRIME",0.3611111111111111,0.8666666666666666,2.0799999999999996
"HIGH_FRAUD_MOTIVE, HIGH_WOMEN_CYBERCRIME","HIGH_CHILD_CYBERCRIME, HIGH_EXTORTION_MOTIVE",0.3611111111111111,0.8666666666666666,2.0799999999999996
"HIGH_CHILD_CYBERCRIME, HIGH_FRAUD_MOTIVE","HIGH_EXTORTION_MOTIVE, HIGH_WOMEN_CYBERCRIME",0.3611111111111111,0.8666666666666666,2.0799999999999996
"HIGH_FRAUD_MOTIVE, HIGH_IDENTITY_THEFT, HIGH_SEXUAL_EXPLOITATION_MOTIVE","HIGH_EXTORTION_MOTIVE, HIGH_SEC66D_CHEATING",0.3611111111111111,0.8666666666666666,2.0799999999999996
"HIGH_EXTORTION_MOTIVE, HIGH_SEC66D_CHEATING","HIGH_FRAUD_MOTIVE, HIGH_IDENTITY_THEFT, HIGH_SEXUAL_EXPLOITATION_MOTIVE",0.3611111111111111,0.8666666666666666,2.0799999999999996
"HIGH_IDENTITY_THEFT, HIGH_SEXUAL_EXPLOITATION_MOTIVE, HIGH_WOMEN_CYBERCRIME","HIGH_CHILD_CYBERCRIME, HIGH_FRAUD_MOTIVE",0.3611111111111111,0.8666666666666666,2.0799999999999996
"HIGH_CHILD_CYBERCRIME, HIGH_IDENTITY_THEFT, HIGH_SEXUAL_EXPLOITATION_MOTIVE","HIGH_FRAUD_MOTIVE, HIGH_WOMEN_CYBERCRIME",0.3611111111111111,0.8666666666666666,2.0799999999999996
"HIGH_FRAUD_MOTIVE, HIGH_WOMEN_CYBERCRIME","HIGH_CHILD_CYBERCRIME, HIGH_IDENTITY_THEFT, HIGH_SEXUAL_EXPLOITATION_MOTIVE",0.3611111111111111,0.8666666666666666,2.0799999999999996
"HIGH_CHILD_CYBERCRIME, HIGH_FRAUD_MOTIVE","HIGH_IDENTITY_THEFT, HIGH_SEXUAL_EXPLOITATION_MOTIVE, HIGH_WOMEN_CYBERCRIME",0.3611111111111111,0.8666666666666666,2.0799999999999996
"HIGH_EXTORTION_MOTIVE, HIGH_IDENTITY_THEFT, HIGH_WOMEN_CYBERCRIME","HIGH_CHILD_CYBERCRIME, HIGH_FRAUD_MOTIVE",0.3611111111111111,0.8666666666666666,2.0799999999999996
"HIGH_CHILD_CYBERCRIME, HIGH_EXTORTION_MOTIVE, HIGH_IDENTITY_THEFT","HIGH_FRAUD_MOTIVE, HIGH_WOMEN_CYBERCRIME",0.3611111111111111,0.8666666666666666,2.0799999999999996
"HIGH_FRAUD_MOTIVE, HIGH_WOMEN_CYBERCRIME","HIGH_CHILD_CYBERCRIME, HIGH_EXTORTION_MOTIVE, HIGH_IDENTITY_THEFT",0.3611111111111111,0.8666666666666666,2.0799999999999996
"HIGH_CHILD_CYBERCRIME, HIGH_FRAUD_MOTIVE","HIGH_EXTORTION_MOTIVE, HIGH_IDENTITY_THEFT, HIGH_WOMEN_CYBERCRIME",0.3611111111111111,0.8666666666666666,2.0799999999999996
"HIGH_EXTORTION_MOTIVE, HIGH_SEXUAL_EXPLOITATION_MOTIVE, HIGH_WOMEN_CYBERCRIME","HIGH_CHILD_CYBERCRIME, HIGH_FRAUD_MOTIVE",0.3611111111111111,0.8666666666666666,2.0799999999999996
"HIGH_CHILD_CYBERCRIME, HIGH_EXTORTION_MOTIVE, HIGH_SEXUAL_EXPLOITATION_MOTIVE","HIGH_FRAUD_MOTIVE, HIGH_WOMEN_CYBERCRIME",0.3611111111111111,0.8666666666666666,2.0799999999999996
"HIGH_FRAUD_MOTIVE, HIGH_WOMEN_CYBERCRIME","HIGH_CHILD_CYBERCRIME, HIGH_EXTORTION_MOTIVE, HIGH_SEXUAL_EXPLOITATION_MOTIVE",0.3611111111111111,0.8666666666666666,2.0799999999999996
"HIGH_CHILD_CYBERCRIME, HIGH_FRAUD_MOTIVE","HIGH_EXTORTION_MOTIVE, HIGH_SEXUAL_EXPLOITATION_MOTIVE, HIGH_WOMEN_CYBERCRIME",0.3611111111111111,0.8666666666666666,2.0799999999999996
"HIGH_EXTORTION_MOTIVE, HIGH_IDENTITY_THEFT, HIGH_SEXUAL_EXPLOITATION_MOTIVE, HIGH_WOMEN_CYBERCRIME","HIGH_CHILD_CYBERCRIME, HIGH_FRAUD_MOTIVE",0.3611111111111111,0.8666666666666666,2.0799999999999996
"HIGH_CHILD_CYBERCRIME, HIGH_EXTORTION_MOTIVE, HIGH_IDENTITY_THEFT, HIGH_SEXUAL_EXPLOITATION_MOTIVE","HIGH_FRAUD_MOTIVE, HIGH_WOMEN_CYBERCRIME",0.3611111111111111,0.8666666666666666,2.0799999999999996
"HIGH_FRAUD_MOTIVE, HIGH_WOMEN_CYBERCRIME","HIGH_CHILD_CYBERCRIME, HIGH_EXTORTION_MOTIVE, HIGH_IDENTITY_THEFT, HIGH_SEXUAL_EXPLOITATION_MOTIVE",0.3611111111111111,0.8666666666666666,2.0799999999999996
"HIGH_CHILD_CYBERCRIME, HIGH_FRAUD_MOTIVE","HIGH_EXTORTION_MOTIVE, HIGH_IDENTITY_THEFT, HIGH_SEXUAL_EXPLOITATION_MOTIVE, HIGH_WOMEN_CYBERCRIME",0.3611111111111111,0.8666666666666666,2.0799999999999996
"HIGH_CHILD_CYBERCRIME, HIGH_SEC66D_CHEATING","HIGH_SEXUAL_EXPLOITATION_MOTIVE, HIGH_WOMEN_CYBERCRIME",0.3055555555555556,0.9166666666666667,2.0625000000000004
"HIGH_SEC66D_CHEATING, HIGH_WOMEN_CYBERCRIME","HIGH_CHILD_CYBERCRIME, HIGH_SEXUAL_EXPLOITATION_MOTIVE",0.3055555555555556,0.9166666666666667,2.0625000000000004
"HIGH_IDENTITY_THEFT, HIGH_SEC66D_CHEATING, HIGH_WOMEN_CYBERCRIME","HIGH_CHILD_CYBERCRIME, HIGH_SEXUAL_EXPLOITATION_MOTIVE",0.3055555555555556,0.9166666666666667,2.0625000000000004
"HIGH_CHILD_CYBERCRIME, HIGH_IDENTITY_THEFT, HIGH_SEC66D_CHEATING","HIGH_SEXUAL_EXPLOITATION_MOTIVE, HIGH_WOMEN_CYBERCRIME",0.3055555555555556,0.9166666666666667,2.0625000000000004
"HIGH_EXTORTION_MOTIVE, HIGH_SEC66D_CHEATING, HIGH_WOMEN_CYBERCRIME","HIGH_CHILD_CYBERCRIME, HIGH_SEXUAL_EXPLOITATION_MOTIVE",0.3055555555555556,0.9166666666666667,2.0625000000000004
"HIGH_CHILD_CYBERCRIME, HIGH_EXTORTION_MOTIVE, HIGH_SEC66D_CHEATING","HIGH_SEXUAL_EXPLOITATION_MOTIVE, HIGH_WOMEN_CYBERCRIME",0.3055555555555556,0.9166666666666667,2.0625000000000004
"HIGH_FRAUD_MOTIVE, HIGH_SEC66D_CHEATING, HIGH_WOMEN_CYBERCRIME","HIGH_CHILD_CYBERCRIME, HIGH_SEXUAL_EXPLOITATION_MOTIVE",0.3055555555555556,0.9166666666666667,2.0625000000000004
"HIGH_CHILD_CYBERCRIME, HIGH_FRAUD_MOTIVE, HIGH_SEC66D_CHEATING","HIGH_SEXUAL_EXPLOITATION_MOTIVE, HIGH_WOMEN_CYBERCRIME",0.3055555555555556,0.9166666666666667,2.0625000000000004
"HIGH_EXTORTION_MOTIVE, HIGH_IDENTITY_THEFT, HIGH_SEC66D_CHEATING, HIGH_WOMEN_CYBERCRIME","HIGH_CHILD_CYBERCRIME, HIGH_SEXUAL_EXPLOITATION_MOTIVE",0.3055555555555556,0.9166666666666667,2.0625000000000004
"HIGH_CHILD_CYBERCRIME, HIGH_EXTORTION_MOTIVE, HIGH_IDENTITY_THEFT, HIGH_SEC66D_CHEATING","HIGH_SEXUAL_EXPLOITATION_MOTIVE, HIGH_WOMEN_CYBERCRIME",0.3055555555555556,0.9166666666666667,2.0625000000000004
"HIGH_EXTORTION_MOTIVE, HIGH_FRAUD_MOTIVE, HIGH_SEC66D_CHEATING, HIGH_WOMEN_CYBERCRIME","HIGH_CHILD_CYBERCRIME, HIGH_SEXUAL_EXPLOITATION_MOTIVE",0.3055555555555556,0.9166666666666667,2.0625000000000004
"HIGH_CHILD_CYBERCRIME, HIGH_EXTORTION_MOTIVE, HIGH_FRAUD_MOTIVE, HIGH_SEC66D_CHEATING","HIGH_SEXUAL_EXPLOITATION_MOTIVE, HIGH_WOMEN_CYBERCRIME",0.3055555555555556,0.9166666666666667,2.0625000000000004
"HIGH_FRAUD_MOTIVE, HIGH_IDENTITY_THEFT, HIGH_SEC66D_CHEATING, HIGH_WOMEN_CYBERCRIME","HIGH_CHILD_CYBERCRIME, HIGH_SEXUAL_EXPLOITATION_MOTIVE",0.3055555555555556,0.9166666666666667,2.0625000000000004
"HIGH_CHILD_CYBERCRIME, HIGH_FRAUD_MOTIVE, HIGH_IDENTITY_THEFT, HIGH_SEC66D_CHEATING","HIGH_SEXUAL_EXPLOITATION_MOTIVE, HIGH_WOMEN_CYBERCRIME",0.3055555555555556,0.9166666666666667,2.0625000000000004
"HIGH_EXTORTION_MOTIVE, HIGH_FRAUD_MOTIVE, HIGH_IDENTITY_THEFT, HIGH_SEC66D_CHEATING, HIGH_WOMEN_CYBERCRIME","HIGH_CHILD_CYBERCRIME, HIGH_SEXUAL_EXPLOITATION_MOTIVE",0.3055555555555556,0.9166666666666667,2.0625000000000004
"HIGH_CHILD_CYBERCRIME, HIGH_EXTORTION_MOTIVE, HIGH_FRAUD_MOTIVE, HIGH_IDENTITY_THEFT, HIGH_SEC66D_CHEATING","HIGH_SEXUAL_EXPLOITATION_MOTIVE, HIGH_WOMEN_CYBERCRIME",0.3055555555555556,0.9166666666666667,2.0625000000000004
"HIGH_CHILD_CYBERCRIME, HIGH_SEXUAL_EXPLOITATION_MOTIVE","HIGH_SEC66D_CHEATING, HIGH_WOMEN_CYBERCRIME",0.3055555555555556,0.6875000000000001,2.0625000000000004
"HIGH_SEXUAL_EXPLOITATION_MOTIVE, HIGH_WOMEN_CYBERCRIME","HIGH_CHILD_CYBERCRIME, HIGH_SEC66D_CHEATING",0.3055555555555556,0.6875000000000001,2.0625000000000004
"HIGH_SEXUAL_EXPLOITATION_MOTIVE, HIGH_WOMEN_CYBERCRIME","HIGH_CHILD_CYBERCRIME, HIGH_IDENTITY_THEFT, HIGH_SEC66D_CHEATING",0.3055555555555556,0.6875000000000001,2.0625000000000004
"HIGH_CHILD_CYBERCRIME, HIGH_SEXUAL_EXPLOITATION_MOTIVE","HIGH_IDENTITY_THEFT, HIGH_SEC66D_CHEATING, HIGH_WOMEN_CYBERCRIME",0.3055555555555556,0.6875000000000001,2.0625000000000004
"HIGH_SEXUAL_EXPLOITATION_MOTIVE, HIGH_WOMEN_CYBERCRIME","HIGH_CHILD_CYBERCRIME, HIGH_EXTORTION_MOTIVE, HIGH_SEC66D_CHEATING",0.3055555555555556,0.6875000000000001,2.0625000000000004
"HIGH_CHILD_CYBERCRIME, HIGH_SEXUAL_EXPLOITATION_MOTIVE","HIGH_EXTORTION_MOTIVE, HIGH_SEC66D_CHEATING, HIGH_WOMEN_CYBERCRIME",0.3055555555555556,0.6875000000000001,2.0625000000000004
"HIGH_SEXUAL_EXPLOITATION_MOTIVE, HIGH_WOMEN_CYBERCRIME","HIGH_CHILD_CYBERCRIME, HIGH_FRAUD_MOTIVE, HIGH_SEC66D_CHEATING",0.3055555555555556,0.6875000000000001,2.0625000000000004
"HIGH_CHILD_CYBERCRIME, HIGH_SEXUAL_EXPLOITATION_MOTIVE","HIGH_FRAUD_MOTIVE, HIGH_SEC66D_CHEATING, HIGH_WOMEN_CYBERCRIME",0.3055555555555556,0.6875000000000001,2.0625000000000004
"HIGH_SEXUAL_EXPLOITATION_MOTIVE, HIGH_WOMEN_CYBERCRIME","HIGH_CHILD_CYBERCRIME, HIGH_EXTORTION_MOTIVE, HIGH_IDENTITY_THEFT, HIGH_SEC66D_CHEATING",0.3055555555555556,0.6875000000000001,2.0625000000000004
"HIGH_CHILD_CYBERCRIME, HIGH_SEXUAL_EXPLOITATION_MOTIVE","HIGH_EXTORTION_MOTIVE, HIGH_IDENTITY_THEFT, HIGH_SEC66D_CHEATING, HIGH_WOMEN_CYBERCRIME",0.3055555555555556,0.6875000000000001,2.0625000000000004
"HIGH_SEXUAL_EXPLOITATION_MOTIVE, HIGH_WOMEN_CYBERCRIME","HIGH_CHILD_CYBERCRIME, HIGH_EXTORTION_MOTIVE, HIGH_FRAUD_MOTIVE, HIGH_SEC66D_CHEATING",0.3055555555555556,0.6875000000000001,2.0625000000000004
"HIGH_CHILD_CYBERCRIME, HIGH_SEXUAL_EXPLOITATION_MOTIVE","HIGH_EXTORTION_MOTIVE, HIGH_FRAUD_MOTIVE, HIGH_SEC66D_CHEATING, HIGH_WOMEN_CYBERCRIME",0.3055555555555556,0.6875000000000001,2.0625000000000004
"HIGH_SEXUAL_EXPLOITATION_MOTIVE, HIGH_WOMEN_CYBERCRIME","HIGH_CHILD_CYBERCRIME, HIGH_FRAUD_MOTIVE, HIGH_IDENTITY_THEFT, HIGH_SEC66D_CHEATING",0.3055555555555556,0.6875000000000001,2.0625000000000004
"HIGH_CHILD_CYBERCRIME, HIGH_SEXUAL_EXPLOITATION_MOTIVE","HIGH_FRAUD_MOTIVE, HIGH_IDENTITY_THEFT, HIGH_SEC66D_CHEATING, HIGH_WOMEN_CYBERCRIME",0.3055555555555556,0.6875000000000001,2.0625000000000004
"HIGH_SEXUAL_EXPLOITATION_MOTIVE, HIGH_WOMEN_CYBERCRIME","HIGH_CHILD_CYBERCRIME, HIGH_EXTORTION_MOTIVE, HIGH_FRAUD_MOTIVE, HIGH_IDENTITY_THEFT, HIGH_SEC66D_CHEATING",0.3055555555555556,0.6875000000000001,2.0625000000000004
"HIGH_CHILD_CYBERCRIME, HIGH_SEXUAL_EXPLOITATION_MOTIVE","HIGH_EXTORTION_MOTIVE, HIGH_FRAUD_MOTIVE, HIGH_IDENTITY_THEFT, HIGH_SEC66D_CHEATING, HIGH_WOMEN_CYBERCRIME",0.3055555555555556,0.6875000000000001,2.0625000000000004
"HIGH_SEC66D_CHEATING, HIGH_SEXUAL_EXPLOITATION_MOTIVE","HIGH_IDENTITY_THEFT, HIGH_WOMEN_CYBERCRIME",0.3333333333333333,0.8571428571428571,2.057142857142857
"HIGH_IDENTITY_THEFT, HIGH_SEC66D_CHEATING","HIGH_EXTORTION_MOTIVE, HIGH_WOMEN_CYBERCRIME",0.3333333333333333,0.8571428571428571,2.057142857142857
"HIGH_SEC66D_CHEATING, HIGH_SEXUAL_EXPLOITATION_MOTIVE","HIGH_EXTORTION_MOTIVE, HIGH_WOMEN_CYBERCRIME",0.3333333333333333,0.8571428571428571,2.057142857142857
"HIGH_SEC66D_CHEATING, HIGH_SEXUAL_EXPLOITATION_MOTIVE","HIGH_CHILD_CYBERCRIME, HIGH_IDENTITY_THEFT",0.3333333333333333,0.8571428571428571,2.057142857142857
"HIGH_IDENTITY_THEFT, HIGH_SEC66D_CHEATING","HIGH_CHILD_CYBERCRIME, HIGH_EXTORTION_MOTIVE",0.3333333333333333,0.8571428571428571,2.057142857142857
"HIGH_SEC66D_CHEATING, HIGH_SEXUAL_EXPLOITATION_MOTIVE","HIGH_CHILD_CYBERCRIME, HIGH_EXTORTION_MOTIVE",0.3333333333333333,0.8571428571428571,2.057142857142857
"HIGH_IDENTITY_THEFT, HIGH_SEC66D_CHEATING","HIGH_FRAUD_MOTIVE, HIGH_WOMEN_CYBERCRIME",0.3333333333333333,0.8571428571428571,2.057142857142857
"HIGH_SEC66D_CHEATING, HIGH_SEXUAL_EXPLOITATION_MOTIVE","HIGH_FRAUD_MOTIVE, HIGH_WOMEN_CYBERCRIME",0.3333333333333333,0.8571428571428571,2.057142857142857
"HIGH_IDENTITY_THEFT, HIGH_SEC66D_CHEATING","HIGH_CHILD_CYBERCRIME, HIGH_FRAUD_MOTIVE",0.3333333333333333,0.8571428571428571,2.057142857142857
"HIGH_SEC66D_CHEATING, HIGH_SEXUAL_EXPLOITATION_MOTIVE","HIGH_CHILD_CYBERCRIME, HIGH_FRAUD_MOTIVE",0.3333333333333333,0.8571428571428571,2.057142857142857
"HIGH_EXTORTION_MOTIVE, HIGH_SEC66D_CHEATING, HIGH_SEXUAL_EXPLOITATION_MOTIVE","HIGH_IDENTITY_THEFT, HIGH_WOMEN_CYBERCRIME",0.3333333333333333,0.8571428571428571,2.057142857142857
"HIGH_IDENTITY_THEFT, HIGH_SEC66D_CHEATING","HIGH_EXTORTION_MOTIVE, HIGH_SEXUAL_EXPLOITATION_MOTIVE, HIGH_WOMEN_CYBERCRIME",0.3333333333333333,0.8571428571428571,2.057142857142857
"HIGH_SEC66D_CHEATING, HIGH_SEXUAL_EXPLOITATION_MOTIVE","HIGH_EXTORTION_MOTIVE, HIGH_IDENTITY_THEFT, HIGH_WOMEN_CYBERCRIME",0.3333333333333333,0.8571428571428571,2.057142857142857
"HIGH_EXTORTION_MOTIVE, HIGH_SEC66D_CHEATING, HIGH_SEXUAL_EXPLOITATION_MOTIVE","HIGH_CHILD_CYBERCRIME, HIGH_IDENTITY_THEFT",0.3333333333333333,0.8571428571428571,2.057142857142857
"HIGH_IDENTITY_THEFT, HIGH_SEC66D_CHEATING","HIGH_CHILD_CYBERCRIME, HIGH_EXTORTION_MOTIVE, HIGH_SEXUAL_EXPLOITATION_MOTIVE",0.3333333333333333,0.8571428571428571,2.057142857142857
"HIGH_SEC66D_CHEATING, HIGH_SEXUAL_EXPLOITATION_MOTIVE","HIGH_CHILD_CYBERCRIME, HIGH_EXTORTION_MOTIVE, HIGH_IDENTITY_THEFT",0.3333333333333333,0.8571428571428571,2.057142857142857
"HIGH_EXTORTION_MOTIVE, HIGH_IDENTITY_THEFT, HIGH_SEC66D_CHEATING","HIGH_FRAUD_MOTIVE, HIGH_WOMEN_CYBERCRIME",0.3333333333333333,0.8571428571428571,2.057142857142857
"HIGH_EXTORTION_MOTIVE, HIGH_FRAUD_MOTIVE, HIGH_SEC66D_CHEATING","HIGH_IDENTITY_THEFT, HIGH_WOMEN_CYBERCRIME",0.3333333333333333,0.8571428571428571,2.057142857142857
"HIGH_FRAUD_MOTIVE, HIGH_IDENTITY_THEFT, HIGH_WOMEN_CYBERCRIME","HIGH_EXTORTION_MOTIVE, HIGH_SEC66D_CHEATING",0.3333333333333333,0.8571428571428571,2.057142857142857
"HIGH_FRAUD_MOTIVE, HIGH_IDENTITY_THEFT, HIGH_SEC66D_CHEATING","HIGH_EXTORTION_MOTIVE, HIGH_WOMEN_CYBERCRIME",0.3333333333333333,0.8571428571428571,2.057142857142857
"HIGH_EXTORTION_MOTIVE, HIGH_SEC66D_CHEATING, HIGH_SEXUAL_EXPLOITATION_MOTIVE","HIGH_FRAUD_MOTIVE, HIGH_WOMEN_CYBERCRIME",0.3333333333333333,0.8571428571428571,2.057142857142857
"HIGH_FRAUD_MOTIVE, HIGH_SEXUAL_EXPLOITATION_MOTIVE, HIGH_WOMEN_CYBERCRIME","HIGH_EXTORTION_MOTIVE, HIGH_SEC66D_CHEATING",0.3333333333333333,0.8571428571428571,2.057142857142857
"HIGH_EXTORTION_MOTIVE, HIGH_IDENTITY_THEFT, HIGH_SEC66D_CHEATING","HIGH_CHILD_CYBERCRIME, HIGH_FRAUD_MOTIVE",0.3333333333333333,0.8571428571428571,2.057142857142857
"HIGH_EXTORTION_MOTIVE, HIGH_FRAUD_MOTIVE, HIGH_SEC66D_CHEATING","HIGH_CHILD_CYBERCRIME, HIGH_IDENTITY_THEFT",0.3333333333333333,0.8571428571428571,2.057142857142857
"HIGH_FRAUD_MOTIVE, HIGH_IDENTITY_THEFT, HIGH_SEC66D_CHEATING","HIGH_CHILD_CYBERCRIME, HIGH_EXTORTION_MOTIVE",0.3333333333333333,0.8571428571428571,2.057142857142857
"HIGH_CHILD_CYBERCRIME, HIGH_FRAUD_MOTIVE, HIGH_IDENTITY_THEFT","HIGH_EXTORTION_MOTIVE, HIGH_SEC66D_CHEATING",0.3333333333333333,0.8571428571428571,2.057142857142857
"HIGH_EXTORTION_MOTIVE, HIGH_SEC66D_CHEATING, HIGH_SEXUAL_EXPLOITATION_MOTIVE","HIGH_CHILD_CYBERCRIME, HIGH_FRAUD_MOTIVE",0.3333333333333333,0.8571428571428571,2.057142857142857
"HIGH_CHILD_CYBERCRIME, HIGH_FRAUD_MOTIVE, HIGH_SEXUAL_EXPLOITATION_MOTIVE","HIGH_EXTORTION_MOTIVE, HIGH_SEC66D_CHEATING",0.3333333333333333,0.8571428571428571,2.057142857142857
"HIGH_FRAUD_MOTIVE, HIGH_IDENTITY_THEFT, HIGH_SEXUAL_EXPLOITATION_MOTIVE, HIGH_WOMEN_CYBERCRIME","HIGH_EXTORTION_MOTIVE, HIGH_SEC66D_CHEATING",0.3333333333333333,0.8571428571428571,2.057142857142857
"HIGH_EXTORTION_MOTIVE, HIGH_FRAUD_MOTIVE, HIGH_SEC66D_CHEATING","HIGH_IDENTITY_THEFT, HIGH_SEXUAL_EXPLOITATION_MOTIVE, HIGH_WOMEN_CYBERCRIME",0.3333333333333333,0.8571428571428571,2.057142857142857
"HIGH_FRAUD_MOTIVE, HIGH_IDENTITY_THEFT, HIGH_SEC66D_CHEATING","HIGH_EXTORTION_MOTIVE, HIGH_SEXUAL_EXPLOITATION_MOTIVE, HIGH_WOMEN_CYBERCRIME",0.3333333333333333,0.8571428571428571,2.057142857142857
"HIGH_CHILD_CYBERCRIME, HIGH_FRAUD_MOTIVE, HIGH_IDENTITY_THEFT, HIGH_SEXUAL_EXPLOITATION_MOTIVE","HIGH_EXTORTION_MOTIVE, HIGH_SEC66D_CHEATING",0.3333333333333333,0.8571428571428571,2.057142857142857
"HIGH_EXTORTION_MOTIVE, HIGH_FRAUD_MOTIVE, HIGH_SEC66D_CHEATING","HIGH_CHILD_CYBERCRIME, HIGH_IDENTITY_THEFT, HIGH_SEXUAL_EXPLOITATION_MOTIVE",0.3333333333333333,0.8571428571428571,2.057142857142857
"HIGH_FRAUD_MOTIVE, HIGH_IDENTITY_THEFT, HIGH_SEC66D_CHEATING","HIGH_CHILD_CYBERCRIME, HIGH_EXTORTION_MOTIVE, HIGH_SEXUAL_EXPLOITATION_MOTIVE",0.3333333333333333,0.8571428571428571,2.057142857142857
"HIGH_IDENTITY_THEFT, HIGH_WOMEN_CYBERCRIME","HIGH_SEC66D_CHEATING, HIGH_SEXUAL_EXPLOITATION_MOTIVE",0.3333333333333333,0.7999999999999999,2.057142857142857
"HIGH_EXTORTION_MOTIVE, HIGH_WOMEN_CYBERCRIME","HIGH_IDENTITY_THEFT, HIGH_SEC66D_CHEATING",0.3333333333333333,0.7999999999999999,2.057142857142857
"HIGH_EXTORTION_MOTIVE, HIGH_WOMEN_CYBERCRIME","HIGH_SEC66D_CHEATING, HIGH_SEXUAL_EXPLOITATION_MOTIVE",0.3333333333333333,0.7999999999999999,2.057142857142857
"HIGH_CHILD_CYBERCRIME, HIGH_IDENTITY_THEFT","HIGH_SEC66D_CHEATING, HIGH_SEXUAL_EXPLOITATION_MOTIVE",0.3333333333333333,0.7999999999999999,2.057142857142857
"HIGH_CHILD_CYBERCRIME, HIGH_EXTORTION_MOTIVE","HIGH_IDENTITY_THEFT, HIGH_SEC66D_CHEATING",0.3333333333333333,0.7999999999999999,2.057142857142857
"HIGH_CHILD_CYBERCRIME, HIGH_EXTORTION_MOTIVE","HIGH_SEC66D_CHEATING, HIGH_SEXUAL_EXPLOITATION_MOTIVE",0.3333333333333333,0.7999999999999999,2.057142857142857
"HIGH_FRAUD_MOTIVE, HIGH_WOMEN_CYBERCRIME","HIGH_IDENTITY_THEFT, HIGH_SEC66D_CHEATING",0.3333333333333333,0.7999999999999999,2.057142857142857
"HIGH_FRAUD_MOTIVE, HIGH_WOMEN_CYBERCRIME","HIGH_SEC66D_CHEATING, HIGH_SEXUAL_EXPLOITATION_MOTIVE",0.3333333333333333,0.7999999999999999,2.057142857142857
"HIGH_CHILD_CYBERCRIME, HIGH_FRAUD_MOTIVE","HIGH_IDENTITY_THEFT, HIGH_SEC66D_CHEATING",0.3333333333333333,0.7999999999999999,2.057142857142857
"HIGH_CHILD_CYBERCRIME, HIGH_FRAUD_MOTIVE","HIGH_SEC66D_CHEATING, HIGH_SEXUAL_EXPLOITATION_MOTIVE",0.3333333333333333,0.7999999999999999,2.057142857142857
"HIGH_EXTORTION_MOTIVE, HIGH_IDENTITY_THEFT, HIGH_WOMEN_CYBERCRIME","HIGH_SEC66D_CHEATING, HIGH_SEXUAL_EXPLOITATION_MOTIVE",0.3333333333333333,0.7999999999999999,2.057142857142857
"HIGH_EXTORTION_MOTIVE, HIGH_SEXUAL_EXPLOITATION_MOTIVE, HIGH_WOMEN_CYBERCRIME","HIGH_IDENTITY_THEFT, HIGH_SEC66D_CHEATING",0.3333333333333333,0.7999999999999999,2.057142857142857
"HIGH_IDENTITY_THEFT, HIGH_WOMEN_CYBERCRIME","HIGH_EXTORTION_MOTIVE, HIGH_SEC66D_CHEATING, HIGH_SEXUAL_EXPLOITATION_MOTIVE",0.3333333333333333,0.7999999999999999,2.057142857142857
"HIGH_CHILD_CYBERCRIME, HIGH_EXTORTION_MOTIVE, HIGH_IDENTITY_THEFT","HIGH_SEC66D_CHEATING, HIGH_SEXUAL_EXPLOITATION_MOTIVE",0.3333333333333333,0.7999999999999999,2.057142857142857
"HIGH_CHILD_CYBERCRIME, HIGH_EXTORTION_MOTIVE, HIGH_SEXUAL_EXPLOITATION_MOTIVE","HIGH_IDENTITY_THEFT, HIGH_SEC66D_CHEATING",0.3333333333333333,0.7999999999999999,2.057142857142857
"HIGH_CHILD_CYBERCRIME, HIGH_IDENTITY_THEFT","HIGH_EXTORTION_MOTIVE, HIGH_SEC66D_CHEATING, HIGH_SEXUAL_EXPLOITATION_MOTIVE",0.3333333333333333,0.7999999999999999,2.057142857142857
"HIGH_EXTORTION_MOTIVE, HIGH_WOMEN_CYBERCRIME","HIGH_FRAUD_MOTIVE, HIGH_IDENTITY_THEFT, HIGH_SEC66D_CHEATING",0.3333333333333333,0.7999999999999999,2.057142857142857
"HIGH_EXTORTION_MOTIVE, HIGH_SEC66D_CHEATING","HIGH_FRAUD_MOTIVE, HIGH_IDENTITY_THEFT, HIGH_WOMEN_CYBERCRIME",0.3333333333333333,0.7999999999999999,2.057142857142857
"HIGH_IDENTITY_THEFT, HIGH_WOMEN_CYBERCRIME","HIGH_EXTORTION_MOTIVE, HIGH_FRAUD_MOTIVE, HIGH_SEC66D_CHEATING",0.3333333333333333,0.7999999999999999,2.057142857142857
"HIGH_FRAUD_MOTIVE, HIGH_WOMEN_CYBERCRIME","HIGH_EXTORTION_MOTIVE, HIGH_IDENTITY_THEFT, HIGH_SEC66D_CHEATING",0.3333333333333333,0.7999999999999999,2.057142857142857
"HIGH_EXTORTION_MOTIVE, HIGH_SEC66D_CHEATING","HIGH_FRAUD_MOTIVE, HIGH_SEXUAL_EXPLOITATION_MOTIVE, HIGH_WOMEN_CYBERCRIME",0.3333333333333333,0.7999999999999999,2.057142857142857
"HIGH_FRAUD_MOTIVE, HIGH_WOMEN_CYBERCRIME","HIGH_EXTORTION_MOTIVE, HIGH_SEC66D_CHEATING, HIGH_SEXUAL_EXPLOITATION_MOTIVE",0.3333333333333333,0.7999999999999999,2.057142857142857
"HIGH_EXTORTION_MOTIVE, HIGH_SEC66D_CHEATING","HIGH_CHILD_CYBERCRIME, HIGH_FRAUD_MOTIVE, HIGH_IDENTITY_THEFT",0.3333333333333333,0.7999999999999999,2.057142857142857
"HIGH_CHILD_CYBERCRIME, HIGH_EXTORTION_MOTIVE","HIGH_FRAUD_MOTIVE, HIGH_IDENTITY_THEFT, HIGH_SEC66D_CHEATING",0.3333333333333333,0.7999999999999999,2.057142857142857
"HIGH_CHILD_CYBERCRIME, HIGH_IDENTITY_THEFT","HIGH_EXTORTION_MOTIVE, HIGH_FRAUD_MOTIVE, HIGH_SEC66D_CHEATING",0.3333333333333333,0.7999999999999999,2.057142857142857
"HIGH_CHILD_CYBERCRIME, HIGH_FRAUD_MOTIVE","HIGH_EXTORTION_MOTIVE, HIGH_IDENTITY_THEFT, HIGH_SEC66D_CHEATING",0.3333333333333333,0.7999999999999999,2.057142857142857
"HIGH_EXTORTION_MOTIVE, HIGH_SEC66D_CHEATING","HIGH_CHILD_CYBERCRIME, HIGH_FRAUD_MOTIVE, HIGH_SEXUAL_EXPLOITATION_MOTIVE",0.3333333333333333,0.7999999999999999,2.057142857142857
"HIGH_CHILD_CYBERCRIME, HIGH_FRAUD_MOTIVE","HIGH_EXTORTION_MOTIVE, HIGH_SEC66D_CHEATING, HIGH_SEXUAL_EXPLOITATION_MOTIVE",0.3333333333333333,0.7999999999999999,2.057142857142857
"HIGH_EXTORTION_MOTIVE, HIGH_SEXUAL_EXPLOITATION_MOTIVE, HIGH_WOMEN_CYBERCRIME","HIGH_FRAUD_MOTIVE, HIGH_IDENTITY_THEFT, HIGH_SEC66D_CHEATING",0.3333333333333333,0.7999999999999999,2.057142857142857
"HIGH_IDENTITY_THEFT, HIGH_SEXUAL_EXPLOITATION_MOTIVE, HIGH_WOMEN_CYBERCRIME","HIGH_EXTORTION_MOTIVE, HIGH_FRAUD_MOTIVE, HIGH_SEC66D_CHEATING",0.3333333333333333,0.7999999999999999,2.057142857142857
"HIGH_EXTORTION_MOTIVE, HIGH_SEC66D_CHEATING","HIGH_FRAUD_MOTIVE, HIGH_IDENTITY_THEFT, HIGH_SEXUAL_EXPLOITATION_MOTIVE, HIGH_WOMEN_CYBERCRIME",0.3333333333333333,0.7999999999999999,2.057142857142857
"HIGH_CHILD_CYBERCRIME, HIGH_EXTORTION_MOTIVE, HIGH_SEXUAL_EXPLOITATION_MOTIVE","HIGH_FRAUD_MOTIVE, HIGH_IDENTITY_THEFT, HIGH_SEC66D_CHEATING",0.3333333333333333,0.7999999999999999,2.057142857142857
"HIGH_CHILD_CYBERCRIME, HIGH_IDENTITY_THEFT, HIGH_SEXUAL_EXPLOITATION_MOTIVE","HIGH_EXTORTION_MOTIVE, HIGH_FRAUD_MOTIVE, HIGH_SEC66D_CHEATING",0.3333333333333333,0.7999999999999999,2.057142857142857
"HIGH_EXTORTION_MOTIVE, HIGH_SEC66D_CHEATING","HIGH_CHILD_CYBERCRIME, HIGH_FRAUD_MOTIVE, HIGH_IDENTITY_THEFT, HIGH_SEXUAL_EXPLOITATION_MOTIVE",0.3333333333333333,0.7999999999999999,2.057142857142857
"HIGH_CHILD_CYBERCRIME, HIGH_FRAUD_MOTIVE, HIGH_IDENTITY_THEFT, HIGH_WOMEN_CYBERCRIME","HIGH_EXTORTION_MOTIVE, HIGH_SEC66D_CHEATING",0.3055555555555556,0.8461538461538463,2.030769230769231
"HIGH_CHILD_CYBERCRIME, HIGH_FRAUD_MOTIVE, HIGH_SEXUAL_EXPLOITATION_MOTIVE, HIGH_WOMEN_CYBERCRIME","HIGH_EXTORTION_MOTIVE, HIGH_SEC66D_CHEATING",0.3055555555555556,0.8461538461538463,2.030769230769231
"HIGH_CHILD_CYBERCRIME, HIGH_FRAUD_MOTIVE, HIGH_IDENTITY_THEFT, HIGH_SEXUAL_EXPLOITATION_MOTIVE, HIGH_WOMEN_CYBERCRIME","HIGH_EXTORTION_MOTIVE, HIGH_SEC66D_CHEATING",0.3055555555555556,0.8461538461538463,2.030769230769231
"HIGH_EXTORTION_MOTIVE, HIGH_SEC66D_CHEATING","HIGH_CHILD_CYBERCRIME, HIGH_FRAUD_MOTIVE, HIGH_IDENTITY_THEFT, HIGH_WOMEN_CYBERCRIME",0.3055555555555556,0.7333333333333334,2.030769230769231
"HIGH_EXTORTION_MOTIVE, HIGH_SEC66D_CHEATING","HIGH_CHILD_CYBERCRIME, HIGH_FRAUD_MOTIVE, HIGH_SEXUAL_EXPLOITATION_MOTIVE, HIGH_WOMEN_CYBERCRIME",0.3055555555555556,0.7333333333333334,2.030769230769231
"HIGH_EXTORTION_MOTIVE, HIGH_SEC66D_CHEATING","HIGH_CHILD_CYBERCRIME, HIGH_FRAUD_MOTIVE, HIGH_IDENTITY_THEFT, HIGH_SEXUAL_EXPLOITATION_MOTIVE, HIGH_WOMEN_CYBERCRIME",0.3055555555555556,0.7333333333333334,2.030769230769231
"HIGH_CHILD_CYBERCRIME, HIGH_IDENTITY_THEFT, HIGH_WOMEN_CYBERCRIME","HIGH_SEC66D_CHEATING, HIGH_SEXUAL_EXPLOITATION_MOTIVE",0.3055555555555556,0.7857142857142858,2.0204081632653064
"HIGH_SEC66D_CHEATING, HIGH_SEXUAL_EXPLOITATION_MOTIVE","HIGH_CHILD_CYBERCRIME, HIGH_IDENTITY_THEFT, HIGH_WOMEN_CYBERCRIME",0.3055555555555556,0.7857142857142858,2.0204081632653064
"HIGH_CHILD_CYBERCRIME, HIGH_EXTORTION_MOTIVE, HIGH_WOMEN_CYBERCRIME","HIGH_IDENTITY_THEFT, HIGH_SEC66D_CHEATING",0.3055555555555556,0.7857142857142858,2.0204081632653064
"HIGH_IDENTITY_THEFT, HIGH_SEC66D_CHEATING","HIGH_CHILD_CYBERCRIME, HIGH_EXTORTION_MOTIVE, HIGH_WOMEN_CYBERCRIME",0.3055555555555556,0.7857142857142858,2.0204081632653064
"HIGH_CHILD_CYBERCRIME, HIGH_EXTORTION_MOTIVE, HIGH_WOMEN_CYBERCRIME","HIGH_SEC66D_CHEATING, HIGH_SEXUAL_EXPLOITATION_MOTIVE",0.3055555555555556,0.7857142857142858,2.0204081632653064
"HIGH_SEC66D_CHEATING, HIGH_SEXUAL_EXPLOITATION_MOTIVE","HIGH_CHILD_CYBERCRIME, HIGH_EXTORTION_MOTIVE, HIGH_WOMEN_CYBERCRIME",0.3055555555555556,0.7857142857142858,2.0204081632653064
"HIGH_CHILD_CYBERCRIME, HIGH_FRAUD_MOTIVE, HIGH_WOMEN_CYBERCRIME","HIGH_IDENTITY_THEFT, HIGH_SEC66D_CHEATING",0.3055555555555556,0.7857142857142858,2.0204081632653064
"HIGH_IDENTITY_THEFT, HIGH_SEC66D_CHEATING","HIGH_CHILD_CYBERCRIME, HIGH_FRAUD_MOTIVE, HIGH_WOMEN_CYBERCRIME",0.3055555555555556,0.7857142857142858,2.0204081632653064
"HIGH_CHILD_CYBERCRIME, HIGH_FRAUD_MOTIVE, HIGH_WOMEN_CYBERCRIME","HIGH_SEC66D_CHEATING, HIGH_SEXUAL_EXPLOITATION_MOTIVE",0.3055555555555556,0.7857142857142858,2.0204081632653064
"HIGH_SEC66D_CHEATING, HIGH_SEXUAL_EXPLOITATION_MOTIVE","HIGH_CHILD_CYBERCRIME, HIGH_FRAUD_MOTIVE, HIGH_WOMEN_CYBERCRIME",0.3055555555555556,0.7857142857142858,2.0204081632653064
"HIGH_CHILD_CYBERCRIME, HIGH_EXTORTION_MOTIVE, HIGH_IDENTITY_THEFT, HIGH_WOMEN_CYBERCRIME","HIGH_SEC66D_CHEATING, HIGH_SEXUAL_EXPLOITATION_MOTIVE",0.3055555555555556,0.7857142857142858,2.0204081632653064
"HIGH_CHILD_CYBERCRIME, HIGH_EXTORTION_MOTIVE, HIGH_SEXUAL_EXPLOITATION_MOTIVE, HIGH_WOMEN_CYBERCRIME","HIGH_IDENTITY_THEFT, HIGH_SEC66D_CHEATING",0.3055555555555556,0.7857142857142858,2.0204081632653064
"HIGH_EXTORTION_MOTIVE, HIGH_SEC66D_CHEATING, HIGH_SEXUAL_EXPLOITATION_MOTIVE","HIGH_CHILD_CYBERCRIME, HIGH_IDENTITY_THEFT, HIGH_WOMEN_CYBERCRIME",0.3055555555555556,0.7857142857142858,2.0204081632653064
"HIGH_CHILD_CYBERCRIME, HIGH_IDENTITY_THEFT, HIGH_WOMEN_CYBERCRIME","HIGH_EXTORTION_MOTIVE, HIGH_SEC66D_CHEATING, HIGH_SEXUAL_EXPLOITATION_MOTIVE",0.3055555555555556,0.7857142857142858,2.0204081632653064
"HIGH_IDENTITY_THEFT, HIGH_SEC66D_CHEATING","HIGH_CHILD_CYBERCRIME, HIGH_EXTORTION_MOTIVE, HIGH_SEXUAL_EXPLOITATION_MOTIVE, HIGH_WOMEN_CYBERCRIME",0.3055555555555556,0.7857142857142858,2.0204081632653064
"HIGH_SEC66D_CHEATING, HIGH_SEXUAL_EXPLOITATION_MOTIVE","HIGH_CHILD_CYBERCRIME, HIGH_EXTORTION_MOTIVE, HIGH_IDENTITY_THEFT, HIGH_WOMEN_CYBERCRIME",0.3055555555555556,0.7857142857142858,2.0204081632653064
"HIGH_EXTORTION_MOTIVE, HIGH_IDENTITY_THEFT, HIGH_SEC66D_CHEATING","HIGH_CHILD_CYBERCRIME, HIGH_FRAUD_MOTIVE, HIGH_WOMEN_CYBERCRIME",0.3055555555555556,0.7857142857142858,2.0204081632653064
"HIGH_EXTORTION_MOTIVE, HIGH_FRAUD_MOTIVE, HIGH_SEC66D_CHEATING","HIGH_CHILD_CYBERCRIME, HIGH_IDENTITY_THEFT, HIGH_WOMEN_CYBERCRIME",0.3055555555555556,0.7857142857142858,2.0204081632653064
"HIGH_CHILD_CYBERCRIME, HIGH_EXTORTION_MOTIVE, HIGH_WOMEN_CYBERCRIME","HIGH_FRAUD_MOTIVE, HIGH_IDENTITY_THEFT, HIGH_SEC66D_CHEATING",0.3055555555555556,0.7857142857142858,2.0204081632653064
"HIGH_FRAUD_MOTIVE, HIGH_IDENTITY_THEFT, HIGH_SEC66D_CHEATING","HIGH_CHILD_CYBERCRIME, HIGH_EXTORTION_MOTIVE, HIGH_WOMEN_CYBERCRIME",0.3055555555555556,0.7857142857142858,2.0204081632653064
"HIGH_CHILD_CYBERCRIME, HIGH_IDENTITY_THEFT, HIGH_WOMEN_CYBERCRIME","HIGH_EXTORTION_MOTIVE, HIGH_FRAUD_MOTIVE, HIGH_SEC66D_CHEATING",0.3055555555555556,0.7857142857142858,2.0204081632653064
"HIGH_CHILD_CYBERCRIME, HIGH_FRAUD_MOTIVE, HIGH_WOMEN_CYBERCRIME","HIGH_EXTORTION_MOTIVE, HIGH_IDENTITY_THEFT, HIGH_SEC66D_CHEATING",0.3055555555555556,0.7857142857142858,2.0204081632653064
"HIGH_EXTORTION_MOTIVE, HIGH_SEC66D_CHEATING, HIGH_SEXUAL_EXPLOITATION_MOTIVE","HIGH_CHILD_CYBERCRIME, HIGH_FRAUD_MOTIVE, HIGH_WOMEN_CYBERCRIME",0.3055555555555556,0.7857142857142858,2.0204081632653064
"HIGH_CHILD_CYBERCRIME, HIGH_FRAUD_MOTIVE, HIGH_WOMEN_CYBERCRIME","HIGH_EXTORTION_MOTIVE, HIGH_SEC66D_CHEATING, HIGH_SEXUAL_EXPLOITATION_MOTIVE",0.3055555555555556,0.7857142857142858,2.0204081632653064
"HIGH_CHILD_CYBERCRIME, HIGH_EXTORTION_MOTIVE, HIGH_SEXUAL_EXPLOITATION_MOTIVE, HIGH_WOMEN_CYBERCRIME","HIGH_FRAUD_MOTIVE, HIGH_IDENTITY_THEFT, HIGH_SEC66D_CHEATING",0.3055555555555556,0.7857142857142858,2.0204081632653064
"HIGH_CHILD_CYBERCRIME, HIGH_IDENTITY_THEFT, HIGH_SEXUAL_EXPLOITATION_MOTIVE, HIGH_WOMEN_CYBERCRIME","HIGH_EXTORTION_MOTIVE, HIGH_FRAUD_MOTIVE, HIGH_SEC66D_CHEATING",0.3055555555555556,0.7857142857142858,2.0204081632653064
"HIGH_EXTORTION_MOTIVE, HIGH_FRAUD_MOTIVE, HIGH_SEC66D_CHEATING","HIGH_CHILD_CYBERCRIME, HIGH_IDENTITY_THEFT, HIGH_SEXUAL_EXPLOITATION_MOTIVE, HIGH_WOMEN_CYBERCRIME",0.3055555555555556,0.7857142857142858,2.0204081632653064
"HIGH_FRAUD_MOTIVE, HIGH_IDENTITY_THEFT, HIGH_SEC66D_CHEATING","HIGH_CHILD_CYBERCRIME, HIGH_EXTORTION_MOTIVE, HIGH_SEXUAL_EXPLOITATION_MOTIVE, HIGH_WOMEN_CYBERCRIME",0.3055555555555556,0.7857142857142858,2.0204081632653064
"HIGH_IDENTITY_THEFT, HIGH_SEXUAL_EXPLOITATION_MOTIVE",HIGH_EXTORTION_MOTIVE,0.4444444444444444,1.0,2.0
"HIGH_FRAUD_MOTIVE, HIGH_IDENTITY_THEFT",HIGH_EXTORTION_MOTIVE,0.4444444444444444,1.0,2.0
"HIGH_CHILD_CYBERCRIME, HIGH_IDENTITY_THEFT",HIGH_SEXUAL_EXPLOITATION_MOTIVE,0.4166666666666667,1.0,2.0
"HIGH_IDENTITY_THEFT, HIGH_WOMEN_CYBERCRIME",HIGH_SEXUAL_EXPLOITATION_MOTIVE,0.4166666666666667,1.0,2.0
"HIGH_IDENTITY_THEFT, HIGH_WOMEN_CYBERCRIME",HIGH_EXTORTION_MOTIVE,0.4166666666666667,1.0,2.0
"HIGH_EXTORTION_MOTIVE, HIGH_WOMEN_CYBERCRIME",HIGH_SEXUAL_EXPLOITATION_MOTIVE,0.4166666666666667,1.0,2.0
"HIGH_CHILD_CYBERCRIME, HIGH_IDENTITY_THEFT",HIGH_EXTORTION_MOTIVE,0.4166666666666667,1.0,2.0
"HIGH_CHILD_CYBERCRIME, HIGH_EXTORTION_MOTIVE",HIGH_SEXUAL_EXPLOITATION_MOTIVE,0.4166666666666667,1.0,2.0
"HIGH_FRAUD_MOTIVE, HIGH_SEXUAL_EXPLOITATION_MOTIVE",HIGH_EXTORTION_MOTIVE,0.4166666666666667,1.0,2.0
"HIGH_EXTORTION_MOTIVE, HIGH_IDENTITY_THEFT, HIGH_WOMEN_CYBERCRIME",HIGH_SEXUAL_EXPLOITATION_MOTIVE,0.4166666666666667,1.0,2.0
"HIGH_IDENTITY_THEFT, HIGH_SEXUAL_EXPLOITATION_MOTIVE, HIGH_WOMEN_CYBERCRIME",HIGH_EXTORTION_MOTIVE,0.4166666666666667,1.0,2.0
"HIGH_CHILD_CYBERCRIME, HIGH_EXTORTION_MOTIVE, HIGH_IDENTITY_THEFT",HIGH_SEXUAL_EXPLOITATION_MOTIVE,0.4166666666666667,1.0,2.0
"HIGH_CHILD_CYBERCRIME, HIGH_IDENTITY_THEFT, HIGH_SEXUAL_EXPLOITATION_MOTIVE",HIGH_EXTORTION_MOTIVE,0.4166666666666667,1.0,2.0
"HIGH_FRAUD_MOTIVE, HIGH_IDENTITY_THEFT, HIGH_SEXUAL_EXPLOITATION_MOTIVE",HIGH_EXTORTION_MOTIVE,0.4166666666666667,1.0,2.0
"HIGH_SEC66D_CHEATING, HIGH_SEXUAL_EXPLOITATION_MOTIVE",HIGH_EXTORTION_MOTIVE,0.3888888888888889,1.0,2.0
"HIGH_IDENTITY_THEFT, HIGH_SEC66D_CHEATING",HIGH_EXTORTION_MOTIVE,0.3888888888888889,1.0,2.0
"HIGH_IDENTITY_THEFT, HIGH_SEC66D_CHEATING",HIGH_FRAUD_MOTIVE,0.3888888888888889,1.0,2.0
"HIGH_CHILD_CYBERCRIME, HIGH_IDENTITY_THEFT, HIGH_WOMEN_CYBERCRIME",HIGH_SEXUAL_EXPLOITATION_MOTIVE,0.3888888888888889,1.0,2.0
"HIGH_CHILD_CYBERCRIME, HIGH_IDENTITY_THEFT, HIGH_WOMEN_CYBERCRIME",HIGH_EXTORTION_MOTIVE,0.3888888888888889,1.0,2.0
"HIGH_CHILD_CYBERCRIME, HIGH_EXTORTION_MOTIVE, HIGH_WOMEN_CYBERCRIME",HIGH_SEXUAL_EXPLOITATION_MOTIVE,0.3888888888888889,1.0,2.0
"HIGH_FRAUD_MOTIVE, HIGH_IDENTITY_THEFT, HIGH_SEC66D_CHEATING",HIGH_EXTORTION_MOTIVE,0.3888888888888889,1.0,2.0
"HIGH_EXTORTION_MOTIVE, HIGH_IDENTITY_THEFT, HIGH_SEC66D_CHEATING",HIGH_FRAUD_MOTIVE,0.3888888888888889,1.0,2.0
"HIGH_FRAUD_MOTIVE, HIGH_IDENTITY_THEFT, HIGH_WOMEN_CYBERCRIME",HIGH_EXTORTION_MOTIVE,0.3888888888888889,1.0,2.0
"HIGH_EXTORTION_MOTIVE, HIGH_FRAUD_MOTIVE, HIGH_WOMEN_CYBERCRIME",HIGH_SEXUAL_EXPLOITATION_MOTIVE,0.3888888888888889,1.0,2.0
"HIGH_FRAUD_MOTIVE, HIGH_SEXUAL_EXPLOITATION_MOTIVE, HIGH_WOMEN_CYBERCRIME",HIGH_EXTORTION_MOTIVE,0.3888888888888889,1.0,2.0
"HIGH_FRAUD_MOTIVE, HIGH_IDENTITY_THEFT, HIGH_WOMEN_CYBERCRIME",HIGH_SEXUAL_EXPLOITATION_MOTIVE,0.3888888888888889,1.0,2.0
"HIGH_CHILD_CYBERCRIME, HIGH_FRAUD_MOTIVE, HIGH_IDENTITY_THEFT",HIGH_SEXUAL_EXPLOITATION_MOTIVE,0.3888888888888889,1.0,2.0
"HIGH_CHILD_CYBERCRIME, HIGH_FRAUD_MOTIVE, HIGH_IDENTITY_THEFT",HIGH_EXTORTION_MOTIVE,0.3888888888888889,1.0,2.0
"HIGH_CHILD_CYBERCRIME, HIGH_EXTORTION_MOTIVE, HIGH_FRAUD_MOTIVE",HIGH_SEXUAL_EXPLOITATION_MOTIVE,0.3888888888888889,1.0,2.0
"HIGH_CHILD_CYBERCRIME, HIGH_FRAUD_MOTIVE, HIGH_SEXUAL_EXPLOITATION_MOTIVE",HIGH_EXTORTION_MOTIVE,0.3888888888888889,1.0,2.0
"HIGH_CHILD_CYBERCRIME, HIGH_EXTORTION_MOTIVE, HIGH_IDENTITY_THEFT, HIGH_WOMEN_CYBERCRIME",HIGH_SEXUAL_EXPLOITATION_MOTIVE,0.3888888888888889,1.0,2.0
"HIGH_CHILD_CYBERCRIME, HIGH_IDENTITY_THEFT, HIGH_SEXUAL_EXPLOITATION_MOTIVE, HIGH_WOMEN_CYBERCRIME",HIGH_EXTORTION_MOTIVE,0.3888888888888889,1.0,2.0
"HIGH_EXTORTION_MOTIVE, HIGH_FRAUD_MOTIVE, HIGH_IDENTITY_THEFT, HIGH_WOMEN_CYBERCRIME",HIGH_SEXUAL_EXPLOITATION_MOTIVE,0.3888888888888889,1.0,2.0
"HIGH_FRAUD_MOTIVE, HIGH_IDENTITY_THEFT, HIGH_SEXUAL_EXPLOITATION_MOTIVE, HIGH_WOMEN_CYBERCRIME",HIGH_EXTORTION_MOTIVE,0.3888888888888889,1.0,2.0
"HIGH_CHILD_CYBERCRIME, HIGH_EXTORTION_MOTIVE, HIGH_FRAUD_MOTIVE, HIGH_IDENTITY_THEFT",HIGH_SEXUAL_EXPLOITATION_MOTIVE,0.3888888888888889,1.0,2.0
"HIGH_CHILD_CYBERCRIME, HIGH_FRAUD_MOTIVE, HIGH_IDENTITY_THEFT, HIGH_SEXUAL_EXPLOITATION_MOTIVE",HIGH_EXTORTION_MOTIVE,0.3888888888888889,1.0,2.0
"HIGH_IDENTITY_THEFT, HIGH_SEC66D_CHEATING, HIGH_SEXUAL_EXPLOITATION_MOTIVE",HIGH_EXTORTION_MOTIVE,0.3611111111111111,1.0,2.0
"HIGH_FRAUD_MOTIVE, HIGH_SEC66D_CHEATING, HIGH_SEXUAL_EXPLOITATION_MOTIVE",HIGH_EXTORTION_MOTIVE,0.3611111111111111,1.0,2.0
"HIGH_IDENTITY_THEFT, HIGH_SEC66D_CHEATING, HIGH_SEXUAL_EXPLOITATION_MOTIVE",HIGH_FRAUD_MOTIVE,0.3611111111111111,1.0,2.0
"HIGH_EXTORTION_MOTIVE, HIGH_IDENTITY_THEFT, HIGH_SEC66D_CHEATING, HIGH_SEXUAL_EXPLOITATION_MOTIVE",HIGH_FRAUD_MOTIVE,0.3611111111111111,1.0,2.0
"HIGH_FRAUD_MOTIVE, HIGH_IDENTITY_THEFT, HIGH_SEC66D_CHEATING, HIGH_SEXUAL_EXPLOITATION_MOTIVE",HIGH_EXTORTION_MOTIVE,0.3611111111111111,1.0,2.0
"HIGH_CHILD_CYBERCRIME, HIGH_FRAUD_MOTIVE, HIGH_IDENTITY_THEFT, HIGH_WOMEN_CYBERCRIME",HIGH_SEXUAL_EXPLOITATION_MOTIVE,0.3611111111111111,1.0,2.0
"HIGH_CHILD_CYBERCRIME, HIGH_FRAUD_MOTIVE, HIGH_IDENTITY_THEFT, HIGH_WOMEN_CYBERCRIME",HIGH_EXTORTION_MOTIVE,0.3611111111111111,1.0,2.0
"HIGH_CHILD_CYBERCRIME, HIGH_EXTORTION_MOTIVE, HIGH_FRAUD_MOTIVE, HIGH_WOMEN_CYBERCRIME",HIGH_SEXUAL_EXPLOITATION_MOTIVE,0.3611111111111111,1.0,2.0
"HIGH_CHILD_CYBERCRIME, HIGH_FRAUD_MOTIVE, HIGH_SEXUAL_EXPLOITATION_MOTIVE, HIGH_WOMEN_CYBERCRIME",HIGH_EXTORTION_MOTIVE,0.3611111111111111,1.0,2.0
"HIGH_CHILD_CYBERCRIME, HIGH_EXTORTION_MOTIVE, HIGH_FRAUD_MOTIVE, HIGH_IDENTITY_THEFT, HIGH_WOMEN_CYBERCRIME",HIGH_SEXUAL_EXPLOITATION_MOTIVE,0.3611111111111111,1.0,2.0
"HIGH_CHILD_CYBERCRIME, HIGH_FRAUD_MOTIVE, HIGH_IDENTITY_THEFT, HIGH_SEXUAL_EXPLOITATION_MOTIVE, HIGH_WOMEN_CYBERCRIME",HIGH_EXTORTION_MOTIVE,0.3611111111111111,1.0,2.0
"HIGH_SEC66D_CHEATING, HIGH_WOMEN_CYBERCRIME",HIGH_SEXUAL_EXPLOITATION_MOTIVE,0.3333333333333333,1.0,2.0
"HIGH_SEC66D_CHEATING, HIGH_WOMEN_CYBERCRIME",HIGH_EXTORTION_MOTIVE,0.3333333333333333,1.0,2.0
"HIGH_CHILD_CYBERCRIME, HIGH_SEC66D_CHEATING",HIGH_SEXUAL_EXPLOITATION_MOTIVE,0.3333333333333333,1.0,2.0
"HIGH_CHILD_CYBERCRIME, HIGH_SEC66D_CHEATING",HIGH_EXTORTION_MOTIVE,0.3333333333333333,1.0,2.0
"HIGH_SEC66D_CHEATING, HIGH_WOMEN_CYBERCRIME",HIGH_FRAUD_MOTIVE,0.3333333333333333,1.0,2.0
"HIGH_CHILD_CYBERCRIME, HIGH_SEC66D_CHEATING",HIGH_FRAUD_MOTIVE,0.3333333333333333,1.0,2.0
"HIGH_IDENTITY_THEFT, HIGH_SEC66D_CHEATING, HIGH_WOMEN_CYBERCRIME",HIGH_SEXUAL_EXPLOITATION_MOTIVE,0.3333333333333333,1.0,2.0
"HIGH_IDENTITY_THEFT, HIGH_SEC66D_CHEATING, HIGH_WOMEN_CYBERCRIME",HIGH_EXTORTION_MOTIVE,0.3333333333333333,1.0,2.0
"HIGH_SEC66D_CHEATING, HIGH_SEXUAL_EXPLOITATION_MOTIVE, HIGH_WOMEN_CYBERCRIME",HIGH_EXTORTION_MOTIVE,0.3333333333333333,1.0,2.0
"HIGH_EXTORTION_MOTIVE, HIGH_SEC66D_CHEATING, HIGH_WOMEN_CYBERCRIME",HIGH_SEXUAL_EXPLOITATION_MOTIVE,0.3333333333333333,1.0,2.0
"HIGH_CHILD_CYBERCRIME, HIGH_IDENTITY_THEFT, HIGH_SEC66D_CHEATING",HIGH_SEXUAL_EXPLOITATION_MOTIVE,0.3333333333333333,1.0,2.0
"HIGH_CHILD_CYBERCRIME, HIGH_IDENTITY_THEFT, HIGH_SEC66D_CHEATING",HIGH_EXTORTION_MOTIVE,0.3333333333333333,1.0,2.0
"HIGH_CHILD_CYBERCRIME, HIGH_SEC66D_CHEATING, HIGH_SEXUAL_EXPLOITATION_MOTIVE",HIGH_EXTORTION_MOTIVE,0.3333333333333333,1.0,2.0
"HIGH_CHILD_CYBERCRIME, HIGH_EXTORTION_MOTIVE, HIGH_SEC66D_CHEATING",HIGH_SEXUAL_EXPLOITATION_MOTIVE,0.3333333333333333,1.0,2.0
"HIGH_IDENTITY_THEFT, HIGH_SEC66D_CHEATING, HIGH_WOMEN_CYBERCRIME",HIGH_FRAUD_MOTIVE,0.3333333333333333,1.0,2.0
"HIGH_FRAUD_MOTIVE, HIGH_SEC66D_CHEATING, HIGH_WOMEN_CYBERCRIME",HIGH_EXTORTION_MOTIVE,0.3333333333333333,1.0,2.0
"HIGH_EXTORTION_MOTIVE, HIGH_SEC66D_CHEATING, HIGH_WOMEN_CYBERCRIME",HIGH_FRAUD_MOTIVE,0.3333333333333333,1.0,2.0
"HIGH_FRAUD_MOTIVE, HIGH_SEC66D_CHEATING, HIGH_WOMEN_CYBERCRIME",HIGH_SEXUAL_EXPLOITATION_MOTIVE,0.3333333333333333,1.0,2.0
"HIGH_SEC66D_CHEATING, HIGH_SEXUAL_EXPLOITATION_MOTIVE, HIGH_WOMEN_CYBERCRIME",HIGH_FRAUD_MOTIVE,0.3333333333333333,1.0,2.0
"HIGH_CHILD_CYBERCRIME, HIGH_FRAUD_MOTIVE, HIGH_SEC66D_CHEATING",HIGH_EXTORTION_MOTIVE,0.3333333333333333,1.0,2.0
"HIGH_CHILD_CYBERCRIME, HIGH_EXTORTION_MOTIVE, HIGH_SEC66D_CHEATING",HIGH_FRAUD_MOTIVE,0.3333333333333333,1.0,2.0
"HIGH_CHILD_CYBERCRIME, HIGH_IDENTITY_THEFT, HIGH_SEC66D_CHEATING",HIGH_FRAUD_MOTIVE,0.3333333333333333,1.0,2.0
"HIGH_CHILD_CYBERCRIME, HIGH_FRAUD_MOTIVE, HIGH_SEC66D_CHEATING",HIGH_SEXUAL_EXPLOITATION_MOTIVE,0.3333333333333333,1.0,2.0
"HIGH_CHILD_CYBERCRIME, HIGH_SEC66D_CHEATING, HIGH_SEXUAL_EXPLOITATION_MOTIVE",HIGH_FRAUD_MOTIVE,0.3333333333333333,1.0,2.0
"HIGH_EXTORTION_MOTIVE, HIGH_IDENTITY_THEFT, HIGH_SEC66D_CHEATING, HIGH_WOMEN_CYBERCRIME",HIGH_SEXUAL_EXPLOITATION_MOTIVE,0.3333333333333333,1.0,2.0
"HIGH_IDENTITY_THEFT, HIGH_SEC66D_CHEATING, HIGH_SEXUAL_EXPLOITATION_MOTIVE, HIGH_WOMEN_CYBERCRIME",HIGH_EXTORTION_MOTIVE,0.3333333333333333,1.0,2.0
"HIGH_CHILD_CYBERCRIME, HIGH_EXTORTION_MOTIVE, HIGH_IDENTITY_THEFT, HIGH_SEC66D_CHEATING",HIGH_SEXUAL_EXPLOITATION_MOTIVE,0.3333333333333333,1.0,2.0
"HIGH_CHILD_CYBERCRIME, HIGH_IDENTITY_THEFT, HIGH_SEC66D_CHEATING, HIGH_SEXUAL_EXPLOITATION_MOTIVE",HIGH_EXTORTION_MOTIVE,0.3333333333333333,1.0,2.0
"HIGH_EXTORTION_MOTIVE, HIGH_IDENTITY_THEFT, HIGH_SEC66D_CHEATING, HIGH_WOMEN_CYBERCRIME",HIGH_FRAUD_MOTIVE,0.3333333333333333,1.0,2.0
"HIGH_FRAUD_MOTIVE, HIGH_IDENTITY_THEFT, HIGH_SEC66D_CHEATING, HIGH_WOMEN_CYBERCRIME",HIGH_EXTORTION_MOTIVE,0.3333333333333333,1.0,2.0
"HIGH_EXTORTION_MOTIVE, HIGH_SEC66D_CHEATING, HIGH_SEXUAL_EXPLOITATION_MOTIVE, HIGH_WOMEN_CYBERCRIME",HIGH_FRAUD_MOTIVE,0.3333333333333333,1.0,2.0
"HIGH_EXTORTION_MOTIVE, HIGH_FRAUD_MOTIVE, HIGH_SEC66D_CHEATING, HIGH_WOMEN_CYBERCRIME",HIGH_SEXUAL_EXPLOITATION_MOTIVE,0.3333333333333333,1.0,2.0
"HIGH_FRAUD_MOTIVE, HIGH_SEC66D_CHEATING, HIGH_SEXUAL_EXPLOITATION_MOTIVE, HIGH_WOMEN_CYBERCRIME",HIGH_EXTORTION_MOTIVE,0.3333333333333333,1.0,2.0
"HIGH_IDENTITY_THEFT, HIGH_SEC66D_CHEATING, HIGH_SEXUAL_EXPLOITATION_MOTIVE, HIGH_WOMEN_CYBERCRIME",HIGH_FRAUD_MOTIVE,0.3333333333333333,1.0,2.0
"HIGH_FRAUD_MOTIVE, HIGH_IDENTITY_THEFT, HIGH_SEC66D_CHEATING, HIGH_WOMEN_CYBERCRIME",HIGH_SEXUAL_EXPLOITATION_MOTIVE,0.3333333333333333,1.0,2.0
"HIGH_CHILD_CYBERCRIME, HIGH_EXTORTION_MOTIVE, HIGH_IDENTITY_THEFT, HIGH_SEC66D_CHEATING",HIGH_FRAUD_MOTIVE,0.3333333333333333,1.0,2.0
"HIGH_CHILD_CYBERCRIME, HIGH_FRAUD_MOTIVE, HIGH_IDENTITY_THEFT, HIGH_SEC66D_CHEATING",HIGH_EXTORTION_MOTIVE,0.3333333333333333,1.0,2.0
"HIGH_CHILD_CYBERCRIME, HIGH_EXTORTION_MOTIVE, HIGH_SEC66D_CHEATING, HIGH_SEXUAL_EXPLOITATION_MOTIVE",HIGH_FRAUD_MOTIVE,0.3333333333333333,1.0,2.0
"HIGH_CHILD_CYBERCRIME, HIGH_EXTORTION_MOTIVE, HIGH_FRAUD_MOTIVE, HIGH_SEC66D_CHEATING",HIGH_SEXUAL_EXPLOITATION_MOTIVE,0.3333333333333333,1.0,2.0
"HIGH_CHILD_CYBERCRIME, HIGH_FRAUD_MOTIVE, HIGH_SEC66D_CHEATING, HIGH_SEXUAL_EXPLOITATION_MOTIVE",HIGH_EXTORTION_MOTIVE,0.3333333333333333,1.0,2.0
"HIGH_CHILD_CYBERCRIME, HIGH_IDENTITY_THEFT, HIGH_SEC66D_CHEATING, HIGH_SEXUAL_EXPLOITATION_MOTIVE",HIGH_FRAUD_MOTIVE,0.3333333333333333,1.0,2.0
"HIGH_CHILD_CYBERCRIME, HIGH_FRAUD_MOTIVE, HIGH_IDENTITY_THEFT, HIGH_SEC66D_CHEATING",HIGH_SEXUAL_EXPLOITATION_MOTIVE,0.3333333333333333,1.0,2.0
"HIGH_EXTORTION_MOTIVE, HIGH_IDENTITY_THEFT, HIGH_SEC66D_CHEATING, HIGH_SEXUAL_EXPLOITATION_MOTIVE, HIGH_WOMEN_CYBERCRIME",HIGH_FRAUD_MOTIVE,0.3333333333333333,1.0,2.0
"HIGH_EXTORTION_MOTIVE, HIGH_FRAUD_MOTIVE, HIGH_IDENTITY_THEFT, HIGH_SEC66D_CHEATING, HIGH_WOMEN_CYBERCRIME",HIGH_SEXUAL_EXPLOITATION_MOTIVE,0.3333333333333333,1.0,2.0
"HIGH_FRAUD_MOTIVE, HIGH_IDENTITY_THEFT, HIGH_SEC66D_CHEATING, HIGH_SEXUAL_EXPLOITATION_MOTIVE, HIGH_WOMEN_CYBERCRIME",HIGH_EXTORTION_MOTIVE,0.3333333333333333,1.0,2.0
"HIGH_CHILD_CYBERCRIME, HIGH_EXTORTION_MOTIVE, HIGH_IDENTITY_THEFT, HIGH_SEC66D_CHEATING, HIGH_SEXUAL_EXPLOITATION_MOTIVE",HIGH_FRAUD_MOTIVE,0.3333333333333333,1.0,2.0
"HIGH_CHILD_CYBERCRIME, HIGH_EXTORTION_MOTIVE, HIGH_FRAUD_MOTIVE, HIGH_IDENTITY_THEFT, HIGH_SEC66D_CHEATING",HIGH_SEXUAL_EXPLOITATION_MOTIVE,0.3333333333333333,1.0,2.0
"HIGH_CHILD_CYBERCRIME, HIGH_FRAUD_MOTIVE, HIGH_IDENTITY_THEFT, HIGH_SEC66D_CHEATING, HIGH_SEXUAL_EXPLOITATION_MOTIVE",HIGH_EXTORTION_MOTIVE,0.3333333333333333,1.0,2.0
"HIGH_CHILD_CYBERCRIME, HIGH_SEC66D_CHEATING, HIGH_WOMEN_CYBERCRIME",HIGH_SEXUAL_EXPLOITATION_MOTIVE,0.3055555555555556,1.0,2.0
"HIGH_CHILD_CYBERCRIME, HIGH_SEC66D_CHEATING, HIGH_WOMEN_CYBERCRIME",HIGH_EXTORTION_MOTIVE,0.3055555555555556,1.0,2.0
"HIGH_CHILD_CYBERCRIME, HIGH_SEC66D_CHEATING, HIGH_WOMEN_CYBERCRIME",HIGH_FRAUD_MOTIVE,0.3055555555555556,1.0,2.0
"HIGH_CHILD_CYBERCRIME, HIGH_IDENTITY_THEFT, HIGH_SEC66D_CHEATING, HIGH_WOMEN_CYBERCRIME",HIGH_SEXUAL_EXPLOITATION_MOTIVE,0.3055555555555556,1.0,2.0
"HIGH_CHILD_CYBERCRIME, HIGH_IDENTITY_THEFT, HIGH_SEC66D_CHEATING, HIGH_WOMEN_CYBERCRIME",HIGH_EXTORTION_MOTIVE,0.3055555555555556,1.0,2.0
"HIGH_CHILD_CYBERCRIME, HIGH_EXTORTION_MOTIVE, HIGH_SEC66D_CHEATING, HIGH_WOMEN_CYBERCRIME",HIGH_SEXUAL_EXPLOITATION_MOTIVE,0.3055555555555556,1.0,2.0
"HIGH_CHILD_CYBERCRIME, HIGH_SEC66D_CHEATING, HIGH_SEXUAL_EXPLOITATION_MOTIVE, HIGH_WOMEN_CYBERCRIME",HIGH_EXTORTION_MOTIVE,0.3055555555555556,1.0,2.0
"HIGH_CHILD_CYBERCRIME, HIGH_EXTORTION_MOTIVE, HIGH_SEC66D_CHEATING, HIGH_WOMEN_CYBERCRIME",HIGH_FRAUD_MOTIVE,0.3055555555555556,1.0,2.0
"HIGH_CHILD_CYBERCRIME, HIGH_FRAUD_MOTIVE, HIGH_SEC66D_CHEATING, HIGH_WOMEN_CYBERCRIME",HIGH_EXTORTION_MOTIVE,0.3055555555555556,1.0,2.0
"HIGH_CHILD_CYBERCRIME, HIGH_IDENTITY_THEFT, HIGH_SEC66D_CHEATING, HIGH_WOMEN_CYBERCRIME",HIGH_FRAUD_MOTIVE,0.3055555555555556,1.0,2.0
"HIGH_CHILD_CYBERCRIME, HIGH_SEC66D_CHEATING, HIGH_SEXUAL_EXPLOITATION_MOTIVE, HIGH_WOMEN_CYBERCRIME",HIGH_FRAUD_MOTIVE,0.3055555555555556,1.0,2.0
"HIGH_CHILD_CYBERCRIME, HIGH_FRAUD_MOTIVE, HIGH_SEC66D_CHEATING, HIGH_WOMEN_CYBERCRIME",HIGH_SEXUAL_EXPLOITATION_MOTIVE,0.3055555555555556,1.0,2.0
"HIGH_CHILD_CYBERCRIME, HIGH_EXTORTION_MOTIVE, HIGH_IDENTITY_THEFT, HIGH_SEC66D_CHEATING, HIGH_WOMEN_CYBERCRIME",HIGH_SEXUAL_EXPLOITATION_MOTIVE,0.3055555555555556,1.0,2.0
"HIGH_CHILD_CYBERCRIME, HIGH_IDENTITY_THEFT, HIGH_SEC66D_CHEATING, HIGH_SEXUAL_EXPLOITATION_MOTIVE, HIGH_WOMEN_CYBERCRIME",HIGH_EXTORTION_MOTIVE,0.3055555555555556,1.0,2.0
"HIGH_CHILD_CYBERCRIME, HIGH_EXTORTION_MOTIVE, HIGH_IDENTITY_THEFT, HIGH_SEC66D_CHEATING, HIGH_WOMEN_CYBERCRIME",HIGH_FRAUD_MOTIVE,0.3055555555555556,1.0,2.0
"HIGH_CHILD_CYBERCRIME, HIGH_FRAUD_MOTIVE, HIGH_IDENTITY_THEFT, HIGH_SEC66D_CHEATING, HIGH_WOMEN_CYBERCRIME",HIGH_EXTORTION_MOTIVE,0.3055555555555556,1.0,2.0
"HIGH_CHILD_CYBERCRIME, HIGH_EXTORTION_MOTIVE, HIGH_SEC66D_CHEATING, HIGH_SEXUAL_EXPLOITATION_MOTIVE, HIGH_WOMEN_CYBERCRIME",HIGH_FRAUD_MOTIVE,0.3055555555555556,1.0,2.0
"HIGH_CHILD_CYBERCRIME, HIGH_EXTORTION_MOTIVE, HIGH_FRAUD_MOTIVE, HIGH_SEC66D_CHEATING, HIGH_WOMEN_CYBERCRIME",HIGH_SEXUAL_EXPLOITATION_MOTIVE,0.3055555555555556,1.0,2.0
"HIGH_CHILD_CYBERCRIME, HIGH_FRAUD_MOTIVE, HIGH_SEC66D_CHEATING, HIGH_SEXUAL_EXPLOITATION_MOTIVE, HIGH_WOMEN_CYBERCRIME",HIGH_EXTORTION_MOTIVE,0.3055555555555556,1.0,2.0
"HIGH_CHILD_CYBERCRIME, HIGH_IDENTITY_THEFT, HIGH_SEC66D_CHEATING, HIGH_SEXUAL_EXPLOITATION_MOTIVE, HIGH_WOMEN_CYBERCRIME",HIGH_FRAUD_MOTIVE,0.3055555555555556,1.0,2.0
"HIGH_CHILD_CYBERCRIME, HIGH_FRAUD_MOTIVE, HIGH_IDENTITY_THEFT, HIGH_SEC66D_CHEATING, HIGH_WOMEN_CYBERCRIME",HIGH_SEXUAL_EXPLOITATION_MOTIVE,0.3055555555555556,1.0,2.0
"HIGH_CHILD_CYBERCRIME, HIGH_EXTORTION_MOTIVE, HIGH_IDENTITY_THEFT, HIGH_SEC66D_CHEATING, HIGH_SEXUAL_EXPLOITATION_MOTIVE, HIGH_WOMEN_CYBERCRIME",HIGH_FRAUD_MOTIVE,0.3055555555555556,1.0,2.0
"HIGH_CHILD_CYBERCRIME, HIGH_EXTORTION_MOTIVE, HIGH_FRAUD_MOTIVE, HIGH_IDENTITY_THEFT, HIGH_SEC66D_CHEATING, HIGH_WOMEN_CYBERCRIME",HIGH_SEXUAL_EXPLOITATION_MOTIVE,0.3055555555555556,1.0,2.0
"HIGH_CHILD_CYBERCRIME, HIGH_FRAUD_MOTIVE, HIGH_IDENTITY_THEFT, HIGH_SEC66D_CHEATING, HIGH_SEXUAL_EXPLOITATION_MOTIVE, HIGH_WOMEN_CYBERCRIME",HIGH_EXTORTION_MOTIVE,0.3055555555555556,1.0,2.0
HIGH_EXTORTION_MOTIVE,"HIGH_IDENTITY_THEFT, HIGH_SEXUAL_EXPLOITATION_MOTIVE",0.4444444444444444,0.8888888888888888,2.0
HIGH_EXTORTION_MOTIVE,"HIGH_FRAUD_MOTIVE, HIGH_IDENTITY_THEFT",0.4444444444444444,0.8888888888888888,2.0
HIGH_SEXUAL_EXPLOITATION_MOTIVE,"HIGH_CHILD_CYBERCRIME, HIGH_IDENTITY_THEFT",0.4166666666666667,0.8333333333333334,2.0
HIGH_SEXUAL_EXPLOITATION_MOTIVE,"HIGH_IDENTITY_THEFT, HIGH_WOMEN_CYBERCRIME",0.4166666666666667,0.8333333333333334,2.0
HIGH_EXTORTION_MOTIVE,"HIGH_IDENTITY_THEFT, HIGH_WOMEN_CYBERCRIME",0.4166666666666667,0.8333333333333334,2.0
HIGH_SEXUAL_EXPLOITATION_MOTIVE,"HIGH_EXTORTION_MOTIVE, HIGH_WOMEN_CYBERCRIME",0.4166666666666667,0.8333333333333334,2.0
HIGH_EXTORTION_MOTIVE,"HIGH_CHILD_CYBERCRIME, HIGH_IDENTITY_THEFT",0.4166666666666667,0.8333333333333334,2.0
HIGH_SEXUAL_EXPLOITATION_MOTIVE,"HIGH_CHILD_CYBERCRIME, HIGH_EXTORTION_MOTIVE",0.4166666666666667,0.8333333333333334,2.0
HIGH_EXTORTION_MOTIVE,"HIGH_FRAUD_MOTIVE, HIGH_SEXUAL_EXPLOITATION_MOTIVE",0.4166666666666667,0.8333333333333334,2.0
HIGH_EXTORTION_MOTIVE,"HIGH_IDENTITY_THEFT, HIGH_SEXUAL_EXPLOITATION_MOTIVE, HIGH_WOMEN_CYBERCRIME",0.4166666666666667,0.8333333333333334,2.0
HIGH_SEXUAL_EXPLOITATION_MOTIVE,"HIGH_EXTORTION_MOTIVE, HIGH_IDENTITY_THEFT, HIGH_WOMEN_CYBERCRIME",0.4166666666666667,0.8333333333333334,2.0
HIGH_EXTORTION_MOTIVE,"HIGH_CHILD_CYBERCRIME, HIGH_IDENTITY_THEFT, HIGH_SEXUAL_EXPLOITATION_MOTIVE",0.4166666666666667,0.8333333333333334,2.0
HIGH_SEXUAL_EXPLOITATION_MOTIVE,"HIGH_CHILD_CYBERCRIME, HIGH_EXTORTION_MOTIVE, HIGH_IDENTITY_THEFT",0.4166666666666667,0.8333333333333334,2.0
HIGH_EXTORTION_MOTIVE,"HIGH_FRAUD_MOTIVE, HIGH_IDENTITY_THEFT, HIGH_SEXUAL_EXPLOITATION_MOTIVE",0.4166666666666667,0.8333333333333334,2.0
HIGH_EXTORTION_MOTIVE,"HIGH_SEC66D_CHEATING, HIGH_SEXUAL_EXPLOITATION_MOTIVE",0.3888888888888889,0.7777777777777778,2.0
HIGH_EXTORTION_MOTIVE,"HIGH_IDENTITY_THEFT, HIGH_SEC66D_CHEATING",0.3888888888888889,0.7777777777777778,2.0
HIGH_FRAUD_MOTIVE,"HIGH_IDENTITY_THEFT, HIGH_SEC66D_CHEATING",0.3888888888888889,0.7777777777777778,2.0
HIGH_SEXUAL_EXPLOITATION_MOTIVE,"HIGH_CHILD_CYBERCRIME, HIGH_IDENTITY_THEFT, HIGH_WOMEN_CYBERCRIME",0.3888888888888889,0.7777777777777778,2.0
HIGH_EXTORTION_MOTIVE,"HIGH_CHILD_CYBERCRIME, HIGH_IDENTITY_THEFT, HIGH_WOMEN_CYBERCRIME",0.3888888888888889,0.7777777777777778,2.0
HIGH_SEXUAL_EXPLOITATION_MOTIVE,"HIGH_CHILD_CYBERCRIME, HIGH_EXTORTION_MOTIVE, HIGH_WOMEN_CYBERCRIME",0.3888888888888889,0.7777777777777778,2.0
HIGH_FRAUD_MOTIVE,"HIGH_EXTORTION_MOTIVE, HIGH_IDENTITY_THEFT, HIGH_SEC66D_CHEATING",0.3888888888888889,0.7777777777777778,2.0
HIGH_EXTORTION_MOTIVE,"HIGH_FRAUD_MOTIVE, HIGH_IDENTITY_THEFT, HIGH_SEC66D_CHEATING",0.3888888888888889,0.7777777777777778,2.0
HIGH_EXTORTION_MOTIVE,"HIGH_FRAUD_MOTIVE, HIGH_IDENTITY_THEFT, HIGH_WOMEN_CYBERCRIME",0.3888888888888889,0.7777777777777778,2.0
HIGH_EXTORTION_MOTIVE,"HIGH_FRAUD_MOTIVE, HIGH_SEXUAL_EXPLOITATION_MOTIVE, HIGH_WOMEN_CYBERCRIME",0.3888888888888889,0.7777777777777778,2.0
HIGH_SEXUAL_EXPLOITATION_MOTIVE,"HIGH_EXTORTION_MOTIVE, HIGH_FRAUD_MOTIVE, HIGH_WOMEN_CYBERCRIME",0.3888888888888889,0.7777777777777778,2.0
HIGH_SEXUAL_EXPLOITATION_MOTIVE,"HIGH_FRAUD_MOTIVE, HIGH_IDENTITY_THEFT, HIGH_WOMEN_CYBERCRIME",0.3888888888888889,0.7777777777777778,2.0
HIGH_SEXUAL_EXPLOITATION_MOTIVE,"HIGH_CHILD_CYBERCRIME, HIGH_FRAUD_MOTIVE, HIGH_IDENTITY_THEFT",0.3888888888888889,0.7777777777777778,2.0
HIGH_EXTORTION_MOTIVE,"HIGH_CHILD_CYBERCRIME, HIGH_FRAUD_MOTIVE, HIGH_IDENTITY_THEFT",0.3888888888888889,0.7777777777777778,2.0
HIGH_EXTORTION_MOTIVE,"HIGH_CHILD_CYBERCRIME, HIGH_FRAUD_MOTIVE, HIGH_SEXUAL_EXPLOITATION_MOTIVE",0.3888888888888889,0.7777777777777778,2.0
HIGH_SEXUAL_EXPLOITATION_MOTIVE,"HIGH_CHILD_CYBERCRIME, HIGH_EXTORTION_MOTIVE, HIGH_FRAUD_MOTIVE",0.3888888888888889,0.7777777777777778,2.0
HIGH_EXTORTION_MOTIVE,"HIGH_CHILD_CYBERCRIME, HIGH_IDENTITY_THEFT, HIGH_SEXUAL_EXPLOITATION_MOTIVE, HIGH_WOMEN_CYBERCRIME",0.3888888888888889,0.7777777777777778,2.0
HIGH_SEXUAL_EXPLOITATION_MOTIVE,"HIGH_CHILD_CYBERCRIME, HIGH_EXTORTION_MOTIVE, HIGH_IDENTITY_THEFT, HIGH_WOMEN_CYBERCRIME",0.3888888888888889,0.7777777777777778,2.0
HIGH_EXTORTION_MOTIVE,"HIGH_FRAUD_MOTIVE, HIGH_IDENTITY_THEFT, HIGH_SEXUAL_EXPLOITATION_MOTIVE, HIGH_WOMEN_CYBERCRIME",0.3888888888888889,0.7777777777777778,2.0
HIGH_SEXUAL_EXPLOITATION_MOTIVE,"HIGH_EXTORTION_MOTIVE, HIGH_FRAUD_MOTIVE, HIGH_IDENTITY_THEFT, HIGH_WOMEN_CYBERCRIME",0.3888888888888889,0.7777777777777778,2.0
HIGH_EXTORTION_MOTIVE,"HIGH_CHILD_CYBERCRIME, HIGH_FRAUD_MOTIVE, HIGH_IDENTITY_THEFT, HIGH_SEXUAL_EXPLOITATION_MOTIVE",0.3888888888888889,0.7777777777777778,2.0
HIGH_SEXUAL_EXPLOITATION_MOTIVE,"HIGH_CHILD_CYBERCRIME, HIGH_EXTORTION_MOTIVE, HIGH_FRAUD_MOTIVE, HIGH_IDENTITY_THEFT",0.3888888888888889,0.7777777777777778,2.0
HIGH_EXTORTION_MOTIVE,"HIGH_IDENTITY_THEFT, HIGH_SEC66D_CHEATING, HIGH_SEXUAL_EXPLOITATION_MOTIVE",0.3611111111111111,0.7222222222222222,2.0
HIGH_EXTORTION_MOTIVE,"HIGH_FRAUD_MOTIVE, HIGH_SEC66D_CHEATING, HIGH_SEXUAL_EXPLOITATION_MOTIVE",0.3611111111111111,0.7222222222222222,2.0
HIGH_FRAUD_MOTIVE,"HIGH_IDENTITY_THEFT, HIGH_SEC66D_CHEATING, HIGH_SEXUAL_EXPLOITATION_MOTIVE",0.3611111111111111,0.7222222222222222,2.0
HIGH_EXTORTION_MOTIVE,"HIGH_FRAUD_MOTIVE, HIGH_IDENTITY_THEFT, HIGH_SEC66D_CHEATING, HIGH_SEXUAL_EXPLOITATION_MOTIVE",0.3611111111111111,0.7222222222222222,2.0
HIGH_FRAUD_MOTIVE,"HIGH_EXTORTION_MOTIVE, HIGH_IDENTITY_THEFT, HIGH_SEC66D_CHEATING, HIGH_SEXUAL_EXPLOITATION_MOTIVE",0.3611111111111111,0.7222222222222222,2.0
HIGH_SEXUAL_EXPLOITATION_MOTIVE,"HIGH_CHILD_CYBERCRIME, HIGH_FRAUD_MOTIVE, HIGH_IDENTITY_THEFT, HIGH_WOMEN_CYBERCRIME",0.3611111111111111,0.7222222222222222,2.0
HIGH_EXTORTION_MOTIVE,"HIGH_CHILD_CYBERCRIME, HIGH_FRAUD_MOTIVE, HIGH_IDENTITY_THEFT, HIGH_WOMEN_CYBERCRIME",0.3611111111111111,0.7222222222222222,2.0
HIGH_EXTORTION_MOTIVE,"HIGH_CHILD_CYBERCRIME, HIGH_FRAUD_MOTIVE, HIGH_SEXUAL_EXPLOITATION_MOTIVE, HIGH_WOMEN_CYBERCRIME",0.3611111111111111,0.7222222222222222,2.0
HIGH_SEXUAL_EXPLOITATION_MOTIVE,"HIGH_CHILD_CYBERCRIME, HIGH_EXTORTION_MOTIVE, HIGH_FRAUD_MOTIVE, HIGH_WOMEN_CYBERCRIME",0.3611111111111111,0.7222222222222222,2.0
HIGH_EXTORTION_MOTIVE,"HIGH_CHILD_CYBERCRIME, HIGH_FRAUD_MOTIVE, HIGH_IDENTITY_THEFT, HIGH_SEXUAL_EXPLOITATION_MOTIVE, HIGH_WOMEN_CYBERCRIME",0.3611111111111111,0.7222222222222222,2.0
HIGH_SEXUAL_EXPLOITATION_MOTIVE,"HIGH_CHILD_CYBERCRIME, HIGH_EXTORTION_MOTIVE, HIGH_FRAUD_MOTIVE, HIGH_IDENTITY_THEFT, HIGH_WOMEN_CYBERCRIME",0.3611111111111111,0.7222222222222222,2.0
HIGH_SEXUAL_EXPLOITATION_MOTIVE,"HIGH_SEC66D_CHEATING, HIGH_WOMEN_CYBERCRIME",0.3333333333333333,0.6666666666666666,2.0
HIGH_EXTORTION_MOTIVE,"HIGH_SEC66D_CHEATING, HIGH_WOMEN_CYBERCRIME",0.3333333333333333,0.6666666666666666,2.0
HIGH_SEXUAL_EXPLOITATION_MOTIVE,"HIGH_CHILD_CYBERCRIME, HIGH_SEC66D_CHEATING",0.3333333333333333,0.6666666666666666,2.0
HIGH_EXTORTION_MOTIVE,"HIGH_CHILD_CYBERCRIME, HIGH_SEC66D_CHEATING",0.3333333333333333,0.6666666666666666,2.0
HIGH_FRAUD_MOTIVE,"HIGH_SEC66D_CHEATING, HIGH_WOMEN_CYBERCRIME",0.3333333333333333,0.6666666666666666,2.0
HIGH_FRAUD_MOTIVE,"HIGH_CHILD_CYBERCRIME, HIGH_SEC66D_CHEATING",0.3333333333333333,0.6666666666666666,2.0
HIGH_SEXUAL_EXPLOITATION_MOTIVE,"HIGH_IDENTITY_THEFT, HIGH_SEC66D_CHEATING, HIGH_WOMEN_CYBERCRIME",0.3333333333333333,0.6666666666666666,2.0
HIGH_EXTORTION_MOTIVE,"HIGH_IDENTITY_THEFT, HIGH_SEC66D_CHEATING, HIGH_WOMEN_CYBERCRIME",0.3333333333333333,0.6666666666666666,2.0
HIGH_SEXUAL_EXPLOITATION_MOTIVE,"HIGH_EXTORTION_MOTIVE, HIGH_SEC66D_CHEATING, HIGH_WOMEN_CYBERCRIME",0.3333333333333333,0.6666666666666666,2.0
HIGH_EXTORTION_MOTIVE,"HIGH_SEC66D_CHEATING, HIGH_SEXUAL_EXPLOITATION_MOTIVE, HIGH_WOMEN_CYBERCRIME",0.3333333333333333,0.6666666666666666,2.0
HIGH_SEXUAL_EXPLOITATION_MOTIVE,"HIGH_CHILD_CYBERCRIME, HIGH_IDENTITY_THEFT, HIGH_SEC66D_CHEATING",0.3333333333333333,0.6666666666666666,2.0
HIGH_EXTORTION_MOTIVE,"HIGH_CHILD_CYBERCRIME, HIGH_IDENTITY_THEFT, HIGH_SEC66D_CHEATING",0.3333333333333333,0.6666666666666666,2.0
HIGH_SEXUAL_EXPLOITATION_MOTIVE,"HIGH_CHILD_CYBERCRIME, HIGH_EXTORTION_MOTIVE, HIGH_SEC66D_CHEATING",0.3333333333333333,0.6666666666666666,2.0
HIGH_EXTORTION_MOTIVE,"HIGH_CHILD_CYBERCRIME, HIGH_SEC66D_CHEATING, HIGH_SEXUAL_EXPLOITATION_MOTIVE",0.3333333333333333,0.6666666666666666,2.0
HIGH_FRAUD_MOTIVE,"HIGH_IDENTITY_THEFT, HIGH_SEC66D_CHEATING, HIGH_WOMEN_CYBERCRIME",0.3333333333333333,0.6666666666666666,2.0
HIGH_FRAUD_MOTIVE,"HIGH_EXTORTION_MOTIVE, HIGH_SEC66D_CHEATING, HIGH_WOMEN_CYBERCRIME",0.3333333333333333,0.6666666666666666,2.0
HIGH_EXTORTION_MOTIVE,"HIGH_FRAUD_MOTIVE, HIGH_SEC66D_CHEATING, HIGH_WOMEN_CYBERCRIME",0.3333333333333333,0.6666666666666666,2.0
HIGH_FRAUD_MOTIVE,"HIGH_SEC66D_CHEATING, HIGH_SEXUAL_EXPLOITATION_MOTIVE, HIGH_WOMEN_CYBERCRIME",0.3333333333333333,0.6666666666666666,2.0
HIGH_SEXUAL_EXPLOITATION_MOTIVE,"HIGH_FRAUD_MOTIVE, HIGH_SEC66D_CHEATING, HIGH_WOMEN_CYBERCRIME",0.3333333333333333,0.6666666666666666,2.0
HIGH_FRAUD_MOTIVE,"HIGH_CHILD_CYBERCRIME, HIGH_EXTORTION_MOTIVE, HIGH_SEC66D_CHEATING",0.3333333333333333,0.6666666666666666,2.0
HIGH_EXTORTION_MOTIVE,"HIGH_CHILD_CYBERCRIME, HIGH_FRAUD_MOTIVE, HIGH_SEC66D_CHEATING",0.3333333333333333,0.6666666666666666,2.0
HIGH_FRAUD_MOTIVE,"HIGH_CHILD_CYBERCRIME, HIGH_IDENTITY_THEFT, HIGH_SEC66D_CHEATING",0.3333333333333333,0.6666666666666666,2.0
HIGH_FRAUD_MOTIVE,"HIGH_CHILD_CYBERCRIME, HIGH_SEC66D_CHEATING, HIGH_SEXUAL_EXPLOITATION_MOTIVE",0.3333333333333333,0.6666666666666666,2.0
HIGH_SEXUAL_EXPLOITATION_MOTIVE,"HIGH_CHILD_CYBERCRIME, HIGH_FRAUD_MOTIVE, HIGH_SEC66D_CHEATING",0.3333333333333333,0.6666666666666666,2.0
HIGH_EXTORTION_MOTIVE,"HIGH_IDENTITY_THEFT, HIGH_SEC66D_CHEATING, HIGH_SEXUAL_EXPLOITATION_MOTIVE, HIGH_WOMEN_CYBERCRIME",0.3333333333333333,0.6666666666666666,2.0
HIGH_SEXUAL_EXPLOITATION_MOTIVE,"HIGH_EXTORTION_MOTIVE, HIGH_IDENTITY_THEFT, HIGH_SEC66D_CHEATING, HIGH_WOMEN_CYBERCRIME",0.3333333333333333,0.6666666666666666,2.0
HIGH_EXTORTION_MOTIVE,"HIGH_CHILD_CYBERCRIME, HIGH_IDENTITY_THEFT, HIGH_SEC66D_CHEATING, HIGH_SEXUAL_EXPLOITATION_MOTIVE",0.3333333333333333,0.6666666666666666,2.0
HIGH_SEXUAL_EXPLOITATION_MOTIVE,"HIGH_CHILD_CYBERCRIME, HIGH_EXTORTION_MOTIVE, HIGH_IDENTITY_THEFT, HIGH_SEC66D_CHEATING",0.3333333333333333,0.6666666666666666,2.0
HIGH_EXTORTION_MOTIVE,"HIGH_FRAUD_MOTIVE, HIGH_IDENTITY_THEFT, HIGH_SEC66D_CHEATING, HIGH_WOMEN_CYBERCRIME",0.3333333333333333,0.6666666666666666,2.0
HIGH_FRAUD_MOTIVE,"HIGH_EXTORTION_MOTIVE, HIGH_IDENTITY_THEFT, HIGH_SEC66D_CHEATING, HIGH_WOMEN_CYBERCRIME",0.3333333333333333,0.6666666666666666,2.0
HIGH_EXTORTION_MOTIVE,"HIGH_FRAUD_MOTIVE, HIGH_SEC66D_CHEATING, HIGH_SEXUAL_EXPLOITATION_MOTIVE, HIGH_WOMEN_CYBERCRIME",0.3333333333333333,0.6666666666666666,2.0
HIGH_SEXUAL_EXPLOITATION_MOTIVE,"HIGH_EXTORTION_MOTIVE, HIGH_FRAUD_MOTIVE, HIGH_SEC66D_CHEATING, HIGH_WOMEN_CYBERCRIME",0.3333333333333333,0.6666666666666666,2.0
HIGH_FRAUD_MOTIVE,"HIGH_EXTORTION_MOTIVE, HIGH_SEC66D_CHEATING, HIGH_SEXUAL_EXPLOITATION_MOTIVE, HIGH_WOMEN_CYBERCRIME",0.3333333333333333,0.6666666666666666,2.0
HIGH_SEXUAL_EXPLOITATION_MOTIVE,"HIGH_FRAUD_MOTIVE, HIGH_IDENTITY_THEFT, HIGH_SEC66D_CHEATING, HIGH_WOMEN_CYBERCRIME",0.3333333333333333,0.6666666666666666,2.0
HIGH_FRAUD_MOTIVE,"HIGH_IDENTITY_THEFT, HIGH_SEC66D_CHEATING, HIGH_SEXUAL_EXPLOITATION_MOTIVE, HIGH_WOMEN_CYBERCRIME",0.3333333333333333,0.6666666666666666,2.0
HIGH_EXTORTION_MOTIVE,"HIGH_CHILD_CYBERCRIME, HIGH_FRAUD_MOTIVE, HIGH_IDENTITY_THEFT, HIGH_SEC66D_CHEATING",0.3333333333333333,0.6666666666666666,2.0
HIGH_FRAUD_MOTIVE,"HIGH_CHILD_CYBERCRIME, HIGH_EXTORTION_MOTIVE, HIGH_IDENTITY_THEFT, HIGH_SEC66D_CHEATING",0.3333333333333333,0.6666666666666666,2.0
HIGH_EXTORTION_MOTIVE,"HIGH_CHILD_CYBERCRIME, HIGH_FRAUD_MOTIVE, HIGH_SEC66D_CHEATING, HIGH_SEXUAL_EXPLOITATION_MOTIVE",0.3333333333333333,0.6666666666666666,2.0
HIGH_SEXUAL_EXPLOITATION_MOTIVE,"HIGH_CHILD_CYBERCRIME, HIGH_EXTORTION_MOTIVE, HIGH_FRAUD_MOTIVE, HIGH_SEC66D_CHEATING",0.3333333333333333,0.6666666666666666,2.0
HIGH_FRAUD_MOTIVE,"HIGH_CHILD_CYBERCRIME, HIGH_EXTORTION_MOTIVE, HIGH_SEC66D_CHEATING, HIGH_SEXUAL_EXPLOITATION_MOTIVE",0.3333333333333333,0.6666666666666666,2.0
HIGH_SEXUAL_EXPLOITATION_MOTIVE,"HIGH_CHILD_CYBERCRIME, HIGH_FRAUD_MOTIVE, HIGH_IDENTITY_THEFT, HIGH_SEC66D_CHEATING",0.3333333333333333,0.6666666666666666,2.0
HIGH_FRAUD_MOTIVE,"HIGH_CHILD_CYBERCRIME, HIGH_IDENTITY_THEFT, HIGH_SEC66D_CHEATING, HIGH_SEXUAL_EXPLOITATION_MOTIVE",0.3333333333333333,0.6666666666666666,2.0
HIGH_EXTORTION_MOTIVE,"HIGH_FRAUD_MOTIVE, HIGH_IDENTITY_THEFT, HIGH_SEC66D_CHEATING, HIGH_SEXUAL_EXPLOITATION_MOTIVE, HIGH_WOMEN_CYBERCRIME",0.3333333333333333,0.6666666666666666,2.0
HIGH_SEXUAL_EXPLOITATION_MOTIVE,"HIGH_EXTORTION_MOTIVE, HIGH_FRAUD_MOTIVE, HIGH_IDENTITY_THEFT, HIGH_SEC66D_CHEATING, HIGH_WOMEN_CYBERCRIME",0.3333333333333333,0.6666666666666666,2.0
HIGH_FRAUD_MOTIVE,"HIGH_EXTORTION_MOTIVE, HIGH_IDENTITY_THEFT, HIGH_SEC66D_CHEATING, HIGH_SEXUAL_EXPLOITATION_MOTIVE, HIGH_WOMEN_CYBERCRIME",0.3333333333333333,0.6666666666666666,2.0
HIGH_EXTORTION_MOTIVE,"HIGH_CHILD_CYBERCRIME, HIGH_FRAUD_MOTIVE, HIGH_IDENTITY_THEFT, HIGH_SEC66D_CHEATING, HIGH_SEXUAL_EXPLOITATION_MOTIVE",0.3333333333333333,0.6666666666666666,2.0
HIGH_SEXUAL_EXPLOITATION_MOTIVE,"HIGH_CHILD_CYBERCRIME, HIGH_EXTORTION_MOTIVE, HIGH_FRAUD_MOTIVE, HIGH_IDENTITY_THEFT, HIGH_SEC66D_CHEATING",0.3333333333333333,0.6666666666666666,2.0
HIGH_FRAUD_MOTIVE,"HIGH_CHILD_CYBERCRIME, HIGH_EXTORTION_MOTIVE, HIGH_IDENTITY_THEFT, HIGH_SEC66D_CHEATING, HIGH_SEXUAL_EXPLOITATION_MOTIVE",0.3333333333333333,0.6666666666666666,2.0
HIGH_SEXUAL_EXPLOITATION_MOTIVE,"HIGH_CHILD_CYBERCRIME, HIGH_SEC66D_CHEATING, HIGH_WOMEN_CYBERCRIME",0.3055555555555556,0.6111111111111112,2.0
HIGH_EXTORTION_MOTIVE,"HIGH_CHILD_CYBERCRIME, HIGH_SEC66D_CHEATING, HIGH_WOMEN_CYBERCRIME",0.3055555555555556,0.6111111111111112,2.0
HIGH_FRAUD_MOTIVE,"HIGH_CHILD_CYBERCRIME, HIGH_SEC66D_CHEATING, HIGH_WOMEN_CYBERCRIME",0.3055555555555556,0.6111111111111112,2.0
HIGH_SEXUAL_EXPLOITATION_MOTIVE,"HIGH_CHILD_CYBERCRIME, HIGH_IDENTITY_THEFT, HIGH_SEC66D_CHEATING, HIGH_WOMEN_CYBERCRIME",0.3055555555555556,0.6111111111111112,2.0
HIGH_EXTORTION_MOTIVE,"HIGH_CHILD_CYBERCRIME, HIGH_IDENTITY_THEFT, HIGH_SEC66D_CHEATING, HIGH_WOMEN_CYBERCRIME",0.3055555555555556,0.6111111111111112,2.0
HIGH_EXTORTION_MOTIVE,"HIGH_CHILD_CYBERCRIME, HIGH_SEC66D_CHEATING, HIGH_SEXUAL_EXPLOITATION_MOTIVE, HIGH_WOMEN_CYBERCRIME",0.3055555555555556,0.6111111111111112,2.0
HIGH_SEXUAL_EXPLOITATION_MOTIVE,"HIGH_CHILD_CYBERCRIME, HIGH_EXTORTION_MOTIVE, HIGH_SEC66D_CHEATING, HIGH_WOMEN_CYBERCRIME",0.3055555555555556,0.6111111111111112,2.0
HIGH_EXTORTION_MOTIVE,"HIGH_CHILD_CYBERCRIME, HIGH_FRAUD_MOTIVE, HIGH_SEC66D_CHEATING, HIGH_WOMEN_CYBERCRIME",0.3055555555555556,0.6111111111111112,2.0
HIGH_FRAUD_MOTIVE,"HIGH_CHILD_CYBERCRIME, HIGH_EXTORTION_MOTIVE, HIGH_SEC66D_CHEATING, HIGH_WOMEN_CYBERCRIME",0.3055555555555556,0.6111111111111112,2.0
HIGH_FRAUD_MOTIVE,"HIGH_CHILD_CYBERCRIME, HIGH_IDENTITY_THEFT, HIGH_SEC66D_CHEATING, HIGH_WOMEN_CYBERCRIME",0.3055555555555556,0.6111111111111112,2.0
HIGH_SEXUAL_EXPLOITATION_MOTIVE,"HIGH_CHILD_CYBERCRIME, HIGH_FRAUD_MOTIVE, HIGH_SEC66D_CHEATING, HIGH_WOMEN_CYBERCRIME",0.3055555555555556,0.6111111111111112,2.0
HIGH_FRAUD_MOTIVE,"HIGH_CHILD_CYBERCRIME, HIGH_SEC66D_CHEATING, HIGH_SEXUAL_EXPLOITATION_MOTIVE, HIGH_WOMEN_CYBERCRIME",0.3055555555555556,0.6111111111111112,2.0
HIGH_EXTORTION_MOTIVE,"HIGH_CHILD_CYBERCRIME, HIGH_IDENTITY_THEFT, HIGH_SEC66D_CHEATING, HIGH_SEXUAL_EXPLOITATION_MOTIVE, HIGH_WOMEN_CYBERCRIME",0.3055555555555556,0.6111111111111112,2.0
HIGH_SEXUAL_EXPLOITATION_MOTIVE,"HIGH_CHILD_CYBERCRIME, HIGH_EXTORTION_MOTIVE, HIGH_IDENTITY_THEFT, HIGH_SEC66D_CHEATING, HIGH_WOMEN_CYBERCRIME",0.3055555555555556,0.6111111111111112,2.0
HIGH_EXTORTION_MOTIVE,"HIGH_CHILD_CYBERCRIME, HIGH_FRAUD_MOTIVE, HIGH_IDENTITY_THEFT, HIGH_SEC66D_CHEATING, HIGH_WOMEN_CYBERCRIME",0.3055555555555556,0.6111111111111112,2.0
HIGH_FRAUD_MOTIVE,"HIGH_CHILD_CYBERCRIME, HIGH_EXTORTION_MOTIVE, HIGH_IDENTITY_THEFT, HIGH_SEC66D_CHEATING, HIGH_WOMEN_CYBERCRIME",0.3055555555555556,0.6111111111111112,2.0
HIGH_EXTORTION_MOTIVE,"HIGH_CHILD_CYBERCRIME, HIGH_FRAUD_MOTIVE, HIGH_SEC66D_CHEATING, HIGH_SEXUAL_EXPLOITATION_MOTIVE, HIGH_WOMEN_CYBERCRIME",0.3055555555555556,0.6111111111111112,2.0
HIGH_SEXUAL_EXPLOITATION_MOTIVE,"HIGH_CHILD_CYBERCRIME, HIGH_EXTORTION_MOTIVE, HIGH_FRAUD_MOTIVE, HIGH_SEC66D_CHEATING, HIGH_WOMEN_CYBERCRIME",0.3055555555555556,0.6111111111111112,2.0
HIGH_FRAUD_MOTIVE,"HIGH_CHILD_CYBERCRIME, HIGH_EXTORTION_MOTIVE, HIGH_SEC66D_CHEATING, HIGH_SEXUAL_EXPLOITATION_MOTIVE, HIGH_WOMEN_CYBERCRIME",0.3055555555555556,0.6111111111111112,2.0
HIGH_SEXUAL_EXPLOITATION_MOTIVE,"HIGH_CHILD_CYBERCRIME, HIGH_FRAUD_MOTIVE, HIGH_IDENTITY_THEFT, HIGH_SEC66D_CHEATING, HIGH_WOMEN_CYBERCRIME",0.3055555555555556,0.6111111111111112,2.0
HIGH_FRAUD_MOTIVE,"HIGH_CHILD_CYBERCRIME, HIGH_IDENTITY_THEFT, HIGH_SEC66D_CHEATING, HIGH_SEXUAL_EXPLOITATION_MOTIVE, HIGH_WOMEN_CYBERCRIME",0.3055555555555556,0.6111111111111112,2.0
HIGH_EXTORTION_MOTIVE,"HIGH_CHILD_CYBERCRIME, HIGH_FRAUD_MOTIVE, HIGH_IDENTITY_THEFT, HIGH_SEC66D_CHEATING, HIGH_SEXUAL_EXPLOITATION_MOTIVE, HIGH_WOMEN_CYBERCRIME",0.3055555555555556,0.6111111111111112,2.0
HIGH_SEXUAL_EXPLOITATION_MOTIVE,"HIGH_CHILD_CYBERCRIME, HIGH_EXTORTION_MOTIVE, HIGH_FRAUD_MOTIVE, HIGH_IDENTITY_THEFT, HIGH_SEC66D_CHEATING, HIGH_WOMEN_CYBERCRIME",0.3055555555555556,0.6111111111111112,2.0
HIGH_FRAUD_MOTIVE,"HIGH_CHILD_CYBERCRIME, HIGH_EXTORTION_MOTIVE, HIGH_IDENTITY_THEFT, HIGH_SEC66D_CHEATING, HIGH_SEXUAL_EXPLOITATION_MOTIVE, HIGH_WOMEN_CYBERCRIME",0.3055555555555556,0.6111111111111112,2.0
"HIGH_SEXUAL_EXPLOITATION_MOTIVE, HIGH_WOMEN_CYBERCRIME","HIGH_EXTORTION_MOTIVE, HIGH_IDENTITY_THEFT",0.4166666666666667,0.9375000000000001,1.985294117647059
"HIGH_CHILD_CYBERCRIME, HIGH_SEXUAL_EXPLOITATION_MOTIVE","HIGH_EXTORTION_MOTIVE, HIGH_IDENTITY_THEFT",0.4166666666666667,0.9375000000000001,1.985294117647059
"HIGH_FRAUD_MOTIVE, HIGH_IDENTITY_THEFT","HIGH_EXTORTION_MOTIVE, HIGH_SEXUAL_EXPLOITATION_MOTIVE",0.4166666666666667,0.9375000000000001,1.985294117647059
"HIGH_EXTORTION_MOTIVE, HIGH_IDENTITY_THEFT","HIGH_SEXUAL_EXPLOITATION_MOTIVE, HIGH_WOMEN_CYBERCRIME",0.4166666666666667,0.8823529411764707,1.985294117647059
"HIGH_EXTORTION_MOTIVE, HIGH_IDENTITY_THEFT","HIGH_CHILD_CYBERCRIME, HIGH_SEXUAL_EXPLOITATION_MOTIVE",0.4166666666666667,0.8823529411764707,1.985294117647059
"HIGH_EXTORTION_MOTIVE, HIGH_SEXUAL_EXPLOITATION_MOTIVE","HIGH_FRAUD_MOTIVE, HIGH_IDENTITY_THEFT",0.4166666666666667,0.8823529411764707,1.985294117647059
"HIGH_FRAUD_MOTIVE, HIGH_SEC66D_CHEATING","HIGH_EXTORTION_MOTIVE, HIGH_IDENTITY_THEFT",0.3888888888888889,0.9333333333333333,1.9764705882352942
"HIGH_FRAUD_MOTIVE, HIGH_WOMEN_CYBERCRIME","HIGH_EXTORTION_MOTIVE, HIGH_IDENTITY_THEFT",0.3888888888888889,0.9333333333333333,1.9764705882352942
"HIGH_FRAUD_MOTIVE, HIGH_WOMEN_CYBERCRIME","HIGH_EXTORTION_MOTIVE, HIGH_SEXUAL_EXPLOITATION_MOTIVE",0.3888888888888889,0.9333333333333333,1.9764705882352942
"HIGH_CHILD_CYBERCRIME, HIGH_FRAUD_MOTIVE","HIGH_EXTORTION_MOTIVE, HIGH_IDENTITY_THEFT",0.3888888888888889,0.9333333333333333,1.9764705882352942
"HIGH_CHILD_CYBERCRIME, HIGH_FRAUD_MOTIVE","HIGH_EXTORTION_MOTIVE, HIGH_SEXUAL_EXPLOITATION_MOTIVE",0.3888888888888889,0.9333333333333333,1.9764705882352942
"HIGH_CHILD_CYBERCRIME, HIGH_SEXUAL_EXPLOITATION_MOTIVE, HIGH_WOMEN_CYBERCRIME","HIGH_EXTORTION_MOTIVE, HIGH_IDENTITY_THEFT",0.3888888888888889,0.9333333333333333,1.9764705882352942
"HIGH_EXTORTION_MOTIVE, HIGH_IDENTITY_THEFT","HIGH_FRAUD_MOTIVE, HIGH_SEC66D_CHEATING",0.3888888888888889,0.823529411764706,1.9764705882352942
"HIGH_EXTORTION_MOTIVE, HIGH_IDENTITY_THEFT","HIGH_FRAUD_MOTIVE, HIGH_WOMEN_CYBERCRIME",0.3888888888888889,0.823529411764706,1.9764705882352942
"HIGH_EXTORTION_MOTIVE, HIGH_SEXUAL_EXPLOITATION_MOTIVE","HIGH_FRAUD_MOTIVE, HIGH_WOMEN_CYBERCRIME",0.3888888888888889,0.823529411764706,1.9764705882352942
"HIGH_EXTORTION_MOTIVE, HIGH_IDENTITY_THEFT","HIGH_CHILD_CYBERCRIME, HIGH_FRAUD_MOTIVE",0.3888888888888889,0.823529411764706,1.9764705882352942
"HIGH_EXTORTION_MOTIVE, HIGH_SEXUAL_EXPLOITATION_MOTIVE","HIGH_CHILD_CYBERCRIME, HIGH_FRAUD_MOTIVE",0.3888888888888889,0.823529411764706,1.9764705882352942
"HIGH_EXTORTION_MOTIVE, HIGH_IDENTITY_THEFT","HIGH_CHILD_CYBERCRIME, HIGH_SEXUAL_EXPLOITATION_MOTIVE, HIGH_WOMEN_CYBERCRIME",0.3888888888888889,0.823529411764706,1.9764705882352942
"HIGH_CHILD_CYBERCRIME, HIGH_WOMEN_CYBERCRIME","HIGH_IDENTITY_THEFT, HIGH_SEXUAL_EXPLOITATION_MOTIVE",0.3888888888888889,0.8750000000000001,1.9687500000000004
"HIGH_IDENTITY_THEFT, HIGH_SEXUAL_EXPLOITATION_MOTIVE","HIGH_CHILD_CYBERCRIME, HIGH_WOMEN_CYBERCRIME",0.3888888888888889,0.8750000000000001,1.9687500000000004
"HIGH_EXTORTION_MOTIVE, HIGH_FRAUD_MOTIVE","HIGH_SEXUAL_EXPLOITATION_MOTIVE, HIGH_WOMEN_CYBERCRIME",0.3888888888888889,0.8750000000000001,1.9687500000000004
"HIGH_SEXUAL_EXPLOITATION_MOTIVE, HIGH_WOMEN_CYBERCRIME","HIGH_EXTORTION_MOTIVE, HIGH_FRAUD_MOTIVE",0.3888888888888889,0.8750000000000001,1.9687500000000004
"HIGH_FRAUD_MOTIVE, HIGH_IDENTITY_THEFT","HIGH_SEXUAL_EXPLOITATION_MOTIVE, HIGH_WOMEN_CYBERCRIME",0.3888888888888889,0.8750000000000001,1.9687500000000004
"HIGH_SEXUAL_EXPLOITATION_MOTIVE, HIGH_WOMEN_CYBERCRIME","HIGH_FRAUD_MOTIVE, HIGH_IDENTITY_THEFT",0.3888888888888889,0.8750000000000001,1.9687500000000004
"HIGH_FRAUD_MOTIVE, HIGH_IDENTITY_THEFT","HIGH_CHILD_CYBERCRIME, HIGH_SEXUAL_EXPLOITATION_MOTIVE",0.3888888888888889,0.8750000000000001,1.9687500000000004
"HIGH_CHILD_CYBERCRIME, HIGH_SEXUAL_EXPLOITATION_MOTIVE","HIGH_FRAUD_MOTIVE, HIGH_IDENTITY_THEFT",0.3888888888888889,0.8750000000000001,1.9687500000000004
"HIGH_EXTORTION_MOTIVE, HIGH_FRAUD_MOTIVE","HIGH_CHILD_CYBERCRIME, HIGH_SEXUAL_EXPLOITATION_MOTIVE",0.3888888888888889,0.8750000000000001,1.9687500000000004
"HIGH_CHILD_CYBERCRIME, HIGH_SEXUAL_EXPLOITATION_MOTIVE","HIGH_EXTORTION_MOTIVE, HIGH_FRAUD_MOTIVE",0.3888888888888889,0.8750000000000001,1.9687500000000004
"HIGH_EXTORTION_MOTIVE, HIGH_IDENTITY_THEFT, HIGH_SEXUAL_EXPLOITATION_MOTIVE","HIGH_CHILD_CYBERCRIME, HIGH_WOMEN_CYBERCRIME",0.3888888888888889,0.8750000000000001,1.9687500000000004
"HIGH_CHILD_CYBERCRIME, HIGH_WOMEN_CYBERCRIME","HIGH_EXTORTION_MOTIVE, HIGH_IDENTITY_THEFT, HIGH_SEXUAL_EXPLOITATION_MOTIVE",0.3888888888888889,0.8750000000000001,1.9687500000000004
"HIGH_EXTORTION_MOTIVE, HIGH_FRAUD_MOTIVE, HIGH_IDENTITY_THEFT","HIGH_SEXUAL_EXPLOITATION_MOTIVE, HIGH_WOMEN_CYBERCRIME",0.3888888888888889,0.8750000000000001,1.9687500000000004
"HIGH_SEXUAL_EXPLOITATION_MOTIVE, HIGH_WOMEN_CYBERCRIME","HIGH_EXTORTION_MOTIVE, HIGH_FRAUD_MOTIVE, HIGH_IDENTITY_THEFT",0.3888888888888889,0.8750000000000001,1.9687500000000004
"HIGH_EXTORTION_MOTIVE, HIGH_FRAUD_MOTIVE, HIGH_IDENTITY_THEFT","HIGH_CHILD_CYBERCRIME, HIGH_SEXUAL_EXPLOITATION_MOTIVE",0.3888888888888889,0.8750000000000001,1.9687500000000004
"HIGH_CHILD_CYBERCRIME, HIGH_SEXUAL_EXPLOITATION_MOTIVE","HIGH_EXTORTION_MOTIVE, HIGH_FRAUD_MOTIVE, HIGH_IDENTITY_THEFT",0.3888888888888889,0.8750000000000001,1.9687500000000004
"HIGH_EXTORTION_MOTIVE, HIGH_IDENTITY_THEFT","HIGH_SEC66D_CHEATING, HIGH_SEXUAL_EXPLOITATION_MOTIVE",0.3611111111111111,0.7647058823529412,1.9663865546218489
"HIGH_EXTORTION_MOTIVE, HIGH_SEXUAL_EXPLOITATION_MOTIVE","HIGH_IDENTITY_THEFT, HIGH_SEC66D_CHEATING",0.3611111111111111,0.7647058823529412,1.9663865546218489
"HIGH_EXTORTION_MOTIVE, HIGH_SEXUAL_EXPLOITATION_MOTIVE","HIGH_FRAUD_MOTIVE, HIGH_IDENTITY_THEFT, HIGH_SEC66D_CHEATING",0.3611111111111111,0.7647058823529412,1.9663865546218489
"HIGH_EXTORTION_MOTIVE, HIGH_IDENTITY_THEFT","HIGH_CHILD_CYBERCRIME, HIGH_FRAUD_MOTIVE, HIGH_WOMEN_CYBERCRIME",0.3611111111111111,0.7647058823529412,1.9663865546218489
"HIGH_EXTORTION_MOTIVE, HIGH_SEXUAL_EXPLOITATION_MOTIVE","HIGH_CHILD_CYBERCRIME, HIGH_FRAUD_MOTIVE, HIGH_WOMEN_CYBERCRIME",0.3611111111111111,0.7647058823529412,1.9663865546218489
"HIGH_IDENTITY_THEFT, HIGH_SEC66D_CHEATING","HIGH_EXTORTION_MOTIVE, HIGH_SEXUAL_EXPLOITATION_MOTIVE",0.3611111111111111,0.9285714285714285,1.9663865546218486
"HIGH_SEC66D_CHEATING, HIGH_SEXUAL_EXPLOITATION_MOTIVE","HIGH_EXTORTION_MOTIVE, HIGH_IDENTITY_THEFT",0.3611111111111111,0.9285714285714285,1.9663865546218486
"HIGH_FRAUD_MOTIVE, HIGH_IDENTITY_THEFT, HIGH_SEC66D_CHEATING","HIGH_EXTORTION_MOTIVE, HIGH_SEXUAL_EXPLOITATION_MOTIVE",0.3611111111111111,0.9285714285714285,1.9663865546218486
"HIGH_CHILD_CYBERCRIME, HIGH_FRAUD_MOTIVE, HIGH_WOMEN_CYBERCRIME","HIGH_EXTORTION_MOTIVE, HIGH_IDENTITY_THEFT",0.3611111111111111,0.9285714285714285,1.9663865546218486
"HIGH_CHILD_CYBERCRIME, HIGH_FRAUD_MOTIVE, HIGH_WOMEN_CYBERCRIME","HIGH_EXTORTION_MOTIVE, HIGH_SEXUAL_EXPLOITATION_MOTIVE",0.3611111111111111,0.9285714285714285,1.9663865546218486
"HIGH_EXTORTION_MOTIVE, HIGH_SEC66D_CHEATING","HIGH_IDENTITY_THEFT, HIGH_SEXUAL_EXPLOITATION_MOTIVE",0.3611111111111111,0.8666666666666666,1.95
"HIGH_FRAUD_MOTIVE, HIGH_SEC66D_CHEATING","HIGH_IDENTITY_THEFT, HIGH_SEXUAL_EXPLOITATION_MOTIVE",0.3611111111111111,0.8666666666666666,1.95
"HIGH_FRAUD_MOTIVE, HIGH_SEXUAL_EXPLOITATION_MOTIVE","HIGH_CHILD_CYBERCRIME, HIGH_WOMEN_CYBERCRIME",0.3611111111111111,0.8666666666666666,1.95
"HIGH_FRAUD_MOTIVE, HIGH_WOMEN_CYBERCRIME","HIGH_CHILD_CYBERCRIME, HIGH_SEXUAL_EXPLOITATION_MOTIVE",0.3611111111111111,0.8666666666666666,1.95
"HIGH_CHILD_CYBERCRIME, HIGH_FRAUD_MOTIVE","HIGH_SEXUAL_EXPLOITATION_MOTIVE, HIGH_WOMEN_CYBERCRIME",0.3611111111111111,0.8666666666666666,1.95
"HIGH_FRAUD_MOTIVE, HIGH_SEC66D_CHEATING","HIGH_EXTORTION_MOTIVE, HIGH_IDENTITY_THEFT, HIGH_SEXUAL_EXPLOITATION_MOTIVE",0.3611111111111111,0.8666666666666666,1.95
"HIGH_FRAUD_MOTIVE, HIGH_IDENTITY_THEFT, HIGH_SEXUAL_EXPLOITATION_MOTIVE","HIGH_CHILD_CYBERCRIME, HIGH_WOMEN_CYBERCRIME",0.3611111111111111,0.8666666666666666,1.95
"HIGH_CHILD_CYBERCRIME, HIGH_SEXUAL_EXPLOITATION_MOTIVE, HIGH_WOMEN_CYBERCRIME","HIGH_FRAUD_MOTIVE, HIGH_IDENTITY_THEFT",0.3611111111111111,0.8666666666666666,1.95
"HIGH_EXTORTION_MOTIVE, HIGH_FRAUD_MOTIVE, HIGH_SEXUAL_EXPLOITATION_MOTIVE","HIGH_CHILD_CYBERCRIME, HIGH_WOMEN_CYBERCRIME",0.3611111111111111,0.8666666666666666,1.95
"HIGH_CHILD_CYBERCRIME, HIGH_SEXUAL_EXPLOITATION_MOTIVE, HIGH_WOMEN_CYBERCRIME","HIGH_EXTORTION_MOTIVE, HIGH_FRAUD_MOTIVE",0.3611111111111111,0.8666666666666666,1.95
"HIGH_EXTORTION_MOTIVE, HIGH_FRAUD_MOTIVE, HIGH_IDENTITY_THEFT, HIGH_SEXUAL_EXPLOITATION_MOTIVE","HIGH_CHILD_CYBERCRIME, HIGH_WOMEN_CYBERCRIME",0.3611111111111111,0.8666666666666666,1.95
"HIGH_CHILD_CYBERCRIME, HIGH_SEXUAL_EXPLOITATION_MOTIVE, HIGH_WOMEN_CYBERCRIME","HIGH_EXTORTION_MOTIVE, HIGH_FRAUD_MOTIVE, HIGH_IDENTITY_THEFT",0.3611111111111111,0.8666666666666666,1.95
"HIGH_IDENTITY_THEFT, HIGH_SEXUAL_EXPLOITATION_MOTIVE","HIGH_EXTORTION_MOTIVE, HIGH_SEC66D_CHEATING",0.3611111111111111,0.8125,1.95
"HIGH_IDENTITY_THEFT, HIGH_SEXUAL_EXPLOITATION_MOTIVE","HIGH_FRAUD_MOTIVE, HIGH_SEC66D_CHEATING",0.3611111111111111,0.8125,1.95
"HIGH_SEXUAL_EXPLOITATION_MOTIVE, HIGH_WOMEN_CYBERCRIME","HIGH_CHILD_CYBERCRIME, HIGH_FRAUD_MOTIVE",0.3611111111111111,0.8125,1.95
"HIGH_CHILD_CYBERCRIME, HIGH_SEXUAL_EXPLOITATION_MOTIVE","HIGH_FRAUD_MOTIVE, HIGH_WOMEN_CYBERCRIME",0.3611111111111111,0.8125,1.95
"HIGH_CHILD_CYBERCRIME, HIGH_WOMEN_CYBERCRIME","HIGH_FRAUD_MOTIVE, HIGH_SEXUAL_EXPLOITATION_MOTIVE",0.3611111111111111,0.8125,1.95
"HIGH_EXTORTION_MOTIVE, HIGH_IDENTITY_THEFT, HIGH_SEXUAL_EXPLOITATION_MOTIVE","HIGH_FRAUD_MOTIVE, HIGH_SEC66D_CHEATING",0.3611111111111111,0.8125,1.95
"HIGH_FRAUD_MOTIVE, HIGH_IDENTITY_THEFT","HIGH_CHILD_CYBERCRIME, HIGH_SEXUAL_EXPLOITATION_MOTIVE, HIGH_WOMEN_CYBERCRIME",0.3611111111111111,0.8125,1.95
"HIGH_CHILD_CYBERCRIME, HIGH_WOMEN_CYBERCRIME","HIGH_FRAUD_MOTIVE, HIGH_IDENTITY_THEFT, HIGH_SEXUAL_EXPLOITATION_MOTIVE",0.3611111111111111,0.8125,1.95
"HIGH_EXTORTION_MOTIVE, HIGH_FRAUD_MOTIVE","HIGH_CHILD_CYBERCRIME, HIGH_SEXUAL_EXPLOITATION_MOTIVE, HIGH_WOMEN_CYBERCRIME",0.3611111111111111,0.8125,1.95
"HIGH_CHILD_CYBERCRIME, HIGH_WOMEN_CYBERCRIME","HIGH_EXTORTION_MOTIVE, HIGH_FRAUD_MOTIVE, HIGH_SEXUAL_EXPLOITATION_MOTIVE",0.3611111111111111,0.8125,1.95
"HIGH_EXTORTION_MOTIVE, HIGH_FRAUD_MOTIVE, HIGH_IDENTITY_THEFT","HIGH_CHILD_CYBERCRIME, HIGH_SEXUAL_EXPLOITATION_MOTIVE, HIGH_WOMEN_CYBERCRIME",0.3611111111111111,0.8125,1.95
"HIGH_CHILD_CYBERCRIME, HIGH_WOMEN_CYBERCRIME","HIGH_EXTORTION_MOTIVE, HIGH_FRAUD_MOTIVE, HIGH_IDENTITY_THEFT, HIGH_SEXUAL_EXPLOITATION_MOTIVE",0.3611111111111111,0.8125,1.95
"HIGH_IDENTITY_THEFT, HIGH_SEC66D_CHEATING","HIGH_SEXUAL_EXPLOITATION_MOTIVE, HIGH_WOMEN_CYBERCRIME",0.3333333333333333,0.8571428571428571,1.9285714285714286
"HIGH_IDENTITY_THEFT, HIGH_SEC66D_CHEATING","HIGH_CHILD_CYBERCRIME, HIGH_SEXUAL_EXPLOITATION_MOTIVE",0.3333333333333333,0.8571428571428571,1.9285714285714286
"HIGH_EXTORTION_MOTIVE, HIGH_IDENTITY_THEFT, HIGH_SEC66D_CHEATING","HIGH_SEXUAL_EXPLOITATION_MOTIVE, HIGH_WOMEN_CYBERCRIME",0.3333333333333333,0.8571428571428571,1.9285714285714286
"HIGH_EXTORTION_MOTIVE, HIGH_IDENTITY_THEFT, HIGH_SEC66D_CHEATING","HIGH_CHILD_CYBERCRIME, HIGH_SEXUAL_EXPLOITATION_MOTIVE",0.3333333333333333,0.8571428571428571,1.9285714285714286
"HIGH_EXTORTION_MOTIVE, HIGH_FRAUD_MOTIVE, HIGH_SEC66D_CHEATING","HIGH_SEXUAL_EXPLOITATION_MOTIVE, HIGH_WOMEN_CYBERCRIME",0.3333333333333333,0.8571428571428571,1.9285714285714286
"HIGH_FRAUD_MOTIVE, HIGH_IDENTITY_THEFT, HIGH_SEC66D_CHEATING","HIGH_SEXUAL_EXPLOITATION_MOTIVE, HIGH_WOMEN_CYBERCRIME",0.3333333333333333,0.8571428571428571,1.9285714285714286
"HIGH_EXTORTION_MOTIVE, HIGH_FRAUD_MOTIVE, HIGH_SEC66D_CHEATING","HIGH_CHILD_CYBERCRIME, HIGH_SEXUAL_EXPLOITATION_MOTIVE",0.3333333333333333,0.8571428571428571,1.9285714285714286
"HIGH_FRAUD_MOTIVE, HIGH_IDENTITY_THEFT, HIGH_SEC66D_CHEATING","HIGH_CHILD_CYBERCRIME, HIGH_SEXUAL_EXPLOITATION_MOTIVE",0.3333333333333333,0.8571428571428571,1.9285714285714286
"HIGH_EXTORTION_MOTIVE, HIGH_FRAUD_MOTIVE, HIGH_IDENTITY_THEFT, HIGH_SEC66D_CHEATING","HIGH_SEXUAL_EXPLOITATION_MOTIVE, HIGH_WOMEN_CYBERCRIME",0.3333333333333333,0.8571428571428571,1.9285714285714286
"HIGH_EXTORTION_MOTIVE, HIGH_FRAUD_MOTIVE, HIGH_IDENTITY_THEFT, HIGH_SEC66D_CHEATING","HIGH_CHILD_CYBERCRIME, HIGH_SEXUAL_EXPLOITATION_MOTIVE",0.3333333333333333,0.8571428571428571,1.9285714285714286
"HIGH_SEXUAL_EXPLOITATION_MOTIVE, HIGH_WOMEN_CYBERCRIME","HIGH_IDENTITY_THEFT, HIGH_SEC66D_CHEATING",0.3333333333333333,0.75,1.9285714285714286
"HIGH_CHILD_CYBERCRIME, HIGH_SEXUAL_EXPLOITATION_MOTIVE","HIGH_IDENTITY_THEFT, HIGH_SEC66D_CHEATING",0.3333333333333333,0.75,1.9285714285714286
"HIGH_SEXUAL_EXPLOITATION_MOTIVE, HIGH_WOMEN_CYBERCRIME","HIGH_EXTORTION_MOTIVE, HIGH_IDENTITY_THEFT, HIGH_SEC66D_CHEATING",0.3333333333333333,0.75,1.9285714285714286
"HIGH_CHILD_CYBERCRIME, HIGH_SEXUAL_EXPLOITATION_MOTIVE","HIGH_EXTORTION_MOTIVE, HIGH_IDENTITY_THEFT, HIGH_SEC66D_CHEATING",0.3333333333333333,0.75,1.9285714285714286
"HIGH_SEXUAL_EXPLOITATION_MOTIVE, HIGH_WOMEN_CYBERCRIME","HIGH_EXTORTION_MOTIVE, HIGH_FRAUD_MOTIVE, HIGH_SEC66D_CHEATING",0.3333333333333333,0.75,1.9285714285714286
"HIGH_SEXUAL_EXPLOITATION_MOTIVE, HIGH_WOMEN_CYBERCRIME","HIGH_FRAUD_MOTIVE, HIGH_IDENTITY_THEFT, HIGH_SEC66D_CHEATING",0.3333333333333333,0.75,1.9285714285714286
"HIGH_CHILD_CYBERCRIME, HIGH_SEXUAL_EXPLOITATION_MOTIVE","HIGH_EXTORTION_MOTIVE, HIGH_FRAUD_MOTIVE, HIGH_SEC66D_CHEATING",0.3333333333333333,0.75,1.9285714285714286
"HIGH_CHILD_CYBERCRIME, HIGH_SEXUAL_EXPLOITATION_MOTIVE","HIGH_FRAUD_MOTIVE, HIGH_IDENTITY_THEFT, HIGH_SEC66D_CHEATING",0.3333333333333333,0.75,1.9285714285714286
"HIGH_SEXUAL_EXPLOITATION_MOTIVE, HIGH_WOMEN_CYBERCRIME","HIGH_EXTORTION_MOTIVE, HIGH_FRAUD_MOTIVE, HIGH_IDENTITY_THEFT, HIGH_SEC66D_CHEATING",0.3333333333333333,0.75,1.9285714285714286
"HIGH_CHILD_CYBERCRIME, HIGH_SEXUAL_EXPLOITATION_MOTIVE","HIGH_EXTORTION_MOTIVE, HIGH_FRAUD_MOTIVE, HIGH_IDENTITY_THEFT, HIGH_SEC66D_CHEATING",0.3333333333333333,0.75,1.9285714285714286
"HIGH_EXTORTION_MOTIVE, HIGH_SEC66D_CHEATING","HIGH_IDENTITY_THEFT, HIGH_WOMEN_CYBERCRIME",0.3333333333333333,0.7999999999999999,1.9199999999999997
"HIGH_IDENTITY_THEFT, HIGH_WOMEN_CYBERCRIME","HIGH_EXTORTION_MOTIVE, HIGH_SEC66D_CHEATING",0.3333333333333333,0.7999999999999999,1.9199999999999997
"HIGH_EXTORTION_MOTIVE, HIGH_SEC66D_CHEATING","HIGH_CHILD_CYBERCRIME, HIGH_IDENTITY_THEFT",0.3333333333333333,0.7999999999999999,1.9199999999999997
"HIGH_CHILD_CYBERCRIME, HIGH_IDENTITY_THEFT","HIGH_EXTORTION_MOTIVE, HIGH_SEC66D_CHEATING",0.3333333333333333,0.7999999999999999,1.9199999999999997
"HIGH_FRAUD_MOTIVE, HIGH_SEC66D_CHEATING","HIGH_IDENTITY_THEFT, HIGH_WOMEN_CYBERCRIME",0.3333333333333333,0.7999999999999999,1.9199999999999997
"HIGH_IDENTITY_THEFT, HIGH_WOMEN_CYBERCRIME","HIGH_FRAUD_MOTIVE, HIGH_SEC66D_CHEATING",0.3333333333333333,0.7999999999999999,1.9199999999999997
"HIGH_FRAUD_MOTIVE, HIGH_SEC66D_CHEATING","HIGH_EXTORTION_MOTIVE, HIGH_WOMEN_CYBERCRIME",0.3333333333333333,0.7999999999999999,1.9199999999999997
"HIGH_EXTORTION_MOTIVE, HIGH_SEC66D_CHEATING","HIGH_FRAUD_MOTIVE, HIGH_WOMEN_CYBERCRIME",0.3333333333333333,0.7999999999999999,1.9199999999999997
"HIGH_FRAUD_MOTIVE, HIGH_WOMEN_CYBERCRIME","HIGH_EXTORTION_MOTIVE, HIGH_SEC66D_CHEATING",0.3333333333333333,0.7999999999999999,1.9199999999999997
"HIGH_EXTORTION_MOTIVE, HIGH_WOMEN_CYBERCRIME","HIGH_FRAUD_MOTIVE, HIGH_SEC66D_CHEATING",0.3333333333333333,0.7999999999999999,1.9199999999999997
"HIGH_FRAUD_MOTIVE, HIGH_SEC66D_CHEATING","HIGH_CHILD_CYBERCRIME, HIGH_EXTORTION_MOTIVE",0.3333333333333333,0.7999999999999999,1.9199999999999997
"HIGH_EXTORTION_MOTIVE, HIGH_SEC66D_CHEATING","HIGH_CHILD_CYBERCRIME, HIGH_FRAUD_MOTIVE",0.3333333333333333,0.7999999999999999,1.9199999999999997
"HIGH_CHILD_CYBERCRIME, HIGH_FRAUD_MOTIVE","HIGH_EXTORTION_MOTIVE, HIGH_SEC66D_CHEATING",0.3333333333333333,0.7999999999999999,1.9199999999999997
"HIGH_CHILD_CYBERCRIME, HIGH_EXTORTION_MOTIVE","HIGH_FRAUD_MOTIVE, HIGH_SEC66D_CHEATING",0.3333333333333333,0.7999999999999999,1.9199999999999997
"HIGH_FRAUD_MOTIVE, HIGH_SEC66D_CHEATING","HIGH_CHILD_CYBERCRIME, HIGH_IDENTITY_THEFT",0.3333333333333333,0.7999999999999999,1.9199999999999997
"HIGH_CHILD_CYBERCRIME, HIGH_IDENTITY_THEFT","HIGH_FRAUD_MOTIVE, HIGH_SEC66D_CHEATING",0.3333333333333333,0.7999999999999999,1.9199999999999997
"HIGH_IDENTITY_THEFT, HIGH_SEXUAL_EXPLOITATION_MOTIVE, HIGH_WOMEN_CYBERCRIME","HIGH_EXTORTION_MOTIVE, HIGH_SEC66D_CHEATING",0.3333333333333333,0.7999999999999999,1.9199999999999997
"HIGH_EXTORTION_MOTIVE, HIGH_SEC66D_CHEATING","HIGH_IDENTITY_THEFT, HIGH_SEXUAL_EXPLOITATION_MOTIVE, HIGH_WOMEN_CYBERCRIME",0.3333333333333333,0.7999999999999999,1.9199999999999997
"HIGH_CHILD_CYBERCRIME, HIGH_IDENTITY_THEFT, HIGH_SEXUAL_EXPLOITATION_MOTIVE","HIGH_EXTORTION_MOTIVE, HIGH_SEC66D_CHEATING",0.3333333333333333,0.7999999999999999,1.9199999999999997
"HIGH_EXTORTION_MOTIVE, HIGH_SEC66D_CHEATING","HIGH_CHILD_CYBERCRIME, HIGH_IDENTITY_THEFT, HIGH_SEXUAL_EXPLOITATION_MOTIVE",0.3333333333333333,0.7999999999999999,1.9199999999999997
"HIGH_EXTORTION_MOTIVE, HIGH_IDENTITY_THEFT, HIGH_WOMEN_CYBERCRIME","HIGH_FRAUD_MOTIVE, HIGH_SEC66D_CHEATING",0.3333333333333333,0.7999999999999999,1.9199999999999997
"HIGH_FRAUD_MOTIVE, HIGH_SEC66D_CHEATING","HIGH_EXTORTION_MOTIVE, HIGH_IDENTITY_THEFT, HIGH_WOMEN_CYBERCRIME",0.3333333333333333,0.7999999999999999,1.9199999999999997
"HIGH_EXTORTION_MOTIVE, HIGH_SEXUAL_EXPLOITATION_MOTIVE, HIGH_WOMEN_CYBERCRIME","HIGH_FRAUD_MOTIVE, HIGH_SEC66D_CHEATING",0.3333333333333333,0.7999999999999999,1.9199999999999997
"HIGH_FRAUD_MOTIVE, HIGH_SEC66D_CHEATING","HIGH_EXTORTION_MOTIVE, HIGH_SEXUAL_EXPLOITATION_MOTIVE, HIGH_WOMEN_CYBERCRIME",0.3333333333333333,0.7999999999999999,1.9199999999999997
"HIGH_IDENTITY_THEFT, HIGH_SEXUAL_EXPLOITATION_MOTIVE, HIGH_WOMEN_CYBERCRIME","HIGH_FRAUD_MOTIVE, HIGH_SEC66D_CHEATING",0.3333333333333333,0.7999999999999999,1.9199999999999997
"HIGH_FRAUD_MOTIVE, HIGH_SEC66D_CHEATING","HIGH_IDENTITY_THEFT, HIGH_SEXUAL_EXPLOITATION_MOTIVE, HIGH_WOMEN_CYBERCRIME",0.3333333333333333,0.7999999999999999,1.9199999999999997
"HIGH_CHILD_CYBERCRIME, HIGH_EXTORTION_MOTIVE, HIGH_IDENTITY_THEFT","HIGH_FRAUD_MOTIVE, HIGH_SEC66D_CHEATING",0.3333333333333333,0.7999999999999999,1.9199999999999997
"HIGH_FRAUD_MOTIVE, HIGH_SEC66D_CHEATING","HIGH_CHILD_CYBERCRIME, HIGH_EXTORTION_MOTIVE, HIGH_IDENTITY_THEFT",0.3333333333333333,0.7999999999999999,1.9199999999999997
"HIGH_CHILD_CYBERCRIME, HIGH_EXTORTION_MOTIVE, HIGH_SEXUAL_EXPLOITATION_MOTIVE","HIGH_FRAUD_MOTIVE, HIGH_SEC66D_CHEATING",0.3333333333333333,0.7999999999999999,1.9199999999999997
"HIGH_FRAUD_MOTIVE, HIGH_SEC66D_CHEATING","HIGH_CHILD_CYBERCRIME, HIGH_EXTORTION_MOTIVE, HIGH_SEXUAL_EXPLOITATION_MOTIVE",0.3333333333333333,0.7999999999999999,1.9199999999999997
"HIGH_CHILD_CYBERCRIME, HIGH_IDENTITY_THEFT, HIGH_SEXUAL_EXPLOITATION_MOTIVE","HIGH_FRAUD_MOTIVE, HIGH_SEC66D_CHEATING",0.3333333333333333,0.7999999999999999,1.9199999999999997
"HIGH_FRAUD_MOTIVE, HIGH_SEC66D_CHEATING","HIGH_CHILD_CYBERCRIME, HIGH_IDENTITY_THEFT, HIGH_SEXUAL_EXPLOITATION_MOTIVE",0.3333333333333333,0.7999999999999999,1.9199999999999997
"HIGH_EXTORTION_MOTIVE, HIGH_IDENTITY_THEFT, HIGH_SEXUAL_EXPLOITATION_MOTIVE, HIGH_WOMEN_CYBERCRIME","HIGH_FRAUD_MOTIVE, HIGH_SEC66D_CHEATING",0.3333333333333333,0.7999999999999999,1.9199999999999997
"HIGH_FRAUD_MOTIVE, HIGH_SEC66D_CHEATING","HIGH_EXTORTION_MOTIVE, HIGH_IDENTITY_THEFT, HIGH_SEXUAL_EXPLOITATION_MOTIVE, HIGH_WOMEN_CYBERCRIME",0.3333333333333333,0.7999999999999999,1.9199999999999997
"HIGH_CHILD_CYBERCRIME, HIGH_EXTORTION_MOTIVE, HIGH_IDENTITY_THEFT, HIGH_SEXUAL_EXPLOITATION_MOTIVE","HIGH_FRAUD_MOTIVE, HIGH_SEC66D_CHEATING",0.3333333333333333,0.7999999999999999,1.9199999999999997
"HIGH_FRAUD_MOTIVE, HIGH_SEC66D_CHEATING","HIGH_CHILD_CYBERCRIME, HIGH_EXTORTION_MOTIVE, HIGH_IDENTITY_THEFT, HIGH_SEXUAL_EXPLOITATION_MOTIVE",0.3333333333333333,0.7999999999999999,1.9199999999999997
"HIGH_IDENTITY_THEFT, HIGH_SEC66D_CHEATING, HIGH_SEXUAL_EXPLOITATION_MOTIVE","HIGH_CHILD_CYBERCRIME, HIGH_WOMEN_CYBERCRIME",0.3055555555555556,0.8461538461538463,1.9038461538461542
"HIGH_FRAUD_MOTIVE, HIGH_SEC66D_CHEATING, HIGH_SEXUAL_EXPLOITATION_MOTIVE","HIGH_CHILD_CYBERCRIME, HIGH_WOMEN_CYBERCRIME",0.3055555555555556,0.8461538461538463,1.9038461538461542
"HIGH_EXTORTION_MOTIVE, HIGH_IDENTITY_THEFT, HIGH_SEC66D_CHEATING, HIGH_SEXUAL_EXPLOITATION_MOTIVE","HIGH_CHILD_CYBERCRIME, HIGH_WOMEN_CYBERCRIME",0.3055555555555556,0.8461538461538463,1.9038461538461542
"HIGH_EXTORTION_MOTIVE, HIGH_FRAUD_MOTIVE, HIGH_SEC66D_CHEATING, HIGH_SEXUAL_EXPLOITATION_MOTIVE","HIGH_CHILD_CYBERCRIME, HIGH_WOMEN_CYBERCRIME",0.3055555555555556,0.8461538461538463,1.9038461538461542
"HIGH_FRAUD_MOTIVE, HIGH_IDENTITY_THEFT, HIGH_SEC66D_CHEATING, HIGH_SEXUAL_EXPLOITATION_MOTIVE","HIGH_CHILD_CYBERCRIME, HIGH_WOMEN_CYBERCRIME",0.3055555555555556,0.8461538461538463,1.9038461538461542
"HIGH_EXTORTION_MOTIVE, HIGH_FRAUD_MOTIVE, HIGH_IDENTITY_THEFT, HIGH_SEC66D_CHEATING, HIGH_SEXUAL_EXPLOITATION_MOTIVE","HIGH_CHILD_CYBERCRIME, HIGH_WOMEN_CYBERCRIME",0.3055555555555556,0.8461538461538463,1.9038461538461542
"HIGH_CHILD_CYBERCRIME, HIGH_WOMEN_CYBERCRIME","HIGH_IDENTITY_THEFT, HIGH_SEC66D_CHEATING, HIGH_SEXUAL_EXPLOITATION_MOTIVE",0.3055555555555556,0.6875000000000001,1.9038461538461542
"HIGH_CHILD_CYBERCRIME, HIGH_WOMEN_CYBERCRIME","HIGH_FRAUD_MOTIVE, HIGH_SEC66D_CHEATING, HIGH_SEXUAL_EXPLOITATION_MOTIVE",0.3055555555555556,0.6875000000000001,1.9038461538461542
"HIGH_CHILD_CYBERCRIME, HIGH_WOMEN_CYBERCRIME","HIGH_EXTORTION_MOTIVE, HIGH_IDENTITY_THEFT, HIGH_SEC66D_CHEATING, HIGH_SEXUAL_EXPLOITATION_MOTIVE",0.3055555555555556,0.6875000000000001,1.9038461538461542
"HIGH_CHILD_CYBERCRIME, HIGH_WOMEN_CYBERCRIME","HIGH_EXTORTION_MOTIVE, HIGH_FRAUD_MOTIVE, HIGH_SEC66D_CHEATING, HIGH_SEXUAL_EXPLOITATION_MOTIVE",0.3055555555555556,0.6875000000000001,1.9038461538461542
"HIGH_CHILD_CYBERCRIME, HIGH_WOMEN_CYBERCRIME","HIGH_FRAUD_MOTIVE, HIGH_IDENTITY_THEFT, HIGH_SEC66D_CHEATING, HIGH_SEXUAL_EXPLOITATION_MOTIVE",0.3055555555555556,0.6875000000000001,1.9038461538461542
"HIGH_CHILD_CYBERCRIME, HIGH_WOMEN_CYBERCRIME","HIGH_EXTORTION_MOTIVE, HIGH_FRAUD_MOTIVE, HIGH_IDENTITY_THEFT, HIGH_SEC66D_CHEATING, HIGH_SEXUAL_EXPLOITATION_MOTIVE",0.3055555555555556,0.6875000000000001,1.9038461538461542
HIGH_IDENTITY_THEFT,"HIGH_FRAUD_MOTIVE, HIGH_SEC66D_CHEATING, HIGH_SEXUAL_EXPLOITATION_MOTIVE",0.3611111111111111,0.6842105263157895,1.8947368421052633
HIGH_IDENTITY_THEFT,"HIGH_EXTORTION_MOTIVE, HIGH_FRAUD_MOTIVE, HIGH_SEC66D_CHEATING, HIGH_SEXUAL_EXPLOITATION_MOTIVE",0.3611111111111111,0.6842105263157895,1.8947368421052633
HIGH_IDENTITY_THEFT,"HIGH_CHILD_CYBERCRIME, HIGH_FRAUD_MOTIVE, HIGH_SEXUAL_EXPLOITATION_MOTIVE, HIGH_WOMEN_CYBERCRIME",0.3611111111111111,0.6842105263157895,1.8947368421052633
HIGH_IDENTITY_THEFT,"HIGH_CHILD_CYBERCRIME, HIGH_EXTORTION_MOTIVE, HIGH_FRAUD_MOTIVE, HIGH_WOMEN_CYBERCRIME",0.3611111111111111,0.6842105263157895,1.8947368421052633
HIGH_IDENTITY_THEFT,"HIGH_CHILD_CYBERCRIME, HIGH_EXTORTION_MOTIVE, HIGH_FRAUD_MOTIVE, HIGH_SEXUAL_EXPLOITATION_MOTIVE, HIGH_WOMEN_CYBERCRIME",0.3611111111111111,0.6842105263157895,1.8947368421052633
"HIGH_EXTORTION_MOTIVE, HIGH_FRAUD_MOTIVE",HIGH_IDENTITY_THEFT,0.4444444444444444,1.0,1.894736842105263
"HIGH_EXTORTION_MOTIVE, HIGH_WOMEN_CYBERCRIME",HIGH_IDENTITY_THEFT,0.4166666666666667,1.0,1.894736842105263
"HIGH_CHILD_CYBERCRIME, HIGH_EXTORTION_MOTIVE",HIGH_IDENTITY_THEFT,0.4166666666666667,1.0,1.894736842105263
"HIGH_FRAUD_MOTIVE, HIGH_SEXUAL_EXPLOITATION_MOTIVE",HIGH_IDENTITY_THEFT,0.4166666666666667,1.0,1.894736842105263
"HIGH_EXTORTION_MOTIVE, HIGH_SEXUAL_EXPLOITATION_MOTIVE, HIGH_WOMEN_CYBERCRIME",HIGH_IDENTITY_THEFT,0.4166666666666667,1.0,1.894736842105263
"HIGH_CHILD_CYBERCRIME, HIGH_EXTORTION_MOTIVE, HIGH_SEXUAL_EXPLOITATION_MOTIVE",HIGH_IDENTITY_THEFT,0.4166666666666667,1.0,1.894736842105263
"HIGH_EXTORTION_MOTIVE, HIGH_FRAUD_MOTIVE, HIGH_SEXUAL_EXPLOITATION_MOTIVE",HIGH_IDENTITY_THEFT,0.4166666666666667,1.0,1.894736842105263
"HIGH_CHILD_CYBERCRIME, HIGH_EXTORTION_MOTIVE, HIGH_WOMEN_CYBERCRIME",HIGH_IDENTITY_THEFT,0.3888888888888889,1.0,1.894736842105263
"HIGH_EXTORTION_MOTIVE, HIGH_FRAUD_MOTIVE, HIGH_SEC66D_CHEATING",HIGH_IDENTITY_THEFT,0.3888888888888889,1.0,1.894736842105263
"HIGH_EXTORTION_MOTIVE, HIGH_FRAUD_MOTIVE, HIGH_WOMEN_CYBERCRIME",HIGH_IDENTITY_THEFT,0.3888888888888889,1.0,1.894736842105263
"HIGH_FRAUD_MOTIVE, HIGH_SEXUAL_EXPLOITATION_MOTIVE, HIGH_WOMEN_CYBERCRIME",HIGH_IDENTITY_THEFT,0.3888888888888889,1.0,1.894736842105263
"HIGH_CHILD_CYBERCRIME, HIGH_FRAUD_MOTIVE, HIGH_SEXUAL_EXPLOITATION_MOTIVE",HIGH_IDENTITY_THEFT,0.3888888888888889,1.0,1.894736842105263
"HIGH_CHILD_CYBERCRIME, HIGH_EXTORTION_MOTIVE, HIGH_FRAUD_MOTIVE",HIGH_IDENTITY_THEFT,0.3888888888888889,1.0,1.894736842105263
"HIGH_CHILD_CYBERCRIME, HIGH_EXTORTION_MOTIVE, HIGH_SEXUAL_EXPLOITATION_MOTIVE, HIGH_WOMEN_CYBERCRIME",HIGH_IDENTITY_THEFT,0.3888888888888889,1.0,1.894736842105263
"HIGH_EXTORTION_MOTIVE, HIGH_FRAUD_MOTIVE, HIGH_SEXUAL_EXPLOITATION_MOTIVE, HIGH_WOMEN_CYBERCRIME",HIGH_IDENTITY_THEFT,0.3888888888888889,1.0,1.894736842105263
"HIGH_CHILD_CYBERCRIME, HIGH_EXTORTION_MOTIVE, HIGH_FRAUD_MOTIVE, HIGH_SEXUAL_EXPLOITATION_MOTIVE",HIGH_IDENTITY_THEFT,0.3888888888888889,1.0,1.894736842105263
"HIGH_FRAUD_MOTIVE, HIGH_SEC66D_CHEATING, HIGH_SEXUAL_EXPLOITATION_MOTIVE",HIGH_IDENTITY_THEFT,0.3611111111111111,1.0,1.894736842105263
"HIGH_EXTORTION_MOTIVE, HIGH_FRAUD_MOTIVE, HIGH_SEC66D_CHEATING, HIGH_SEXUAL_EXPLOITATION_MOTIVE",HIGH_IDENTITY_THEFT,0.3611111111111111,1.0,1.894736842105263
"HIGH_CHILD_CYBERCRIME, HIGH_FRAUD_MOTIVE, HIGH_SEXUAL_EXPLOITATION_MOTIVE, HIGH_WOMEN_CYBERCRIME",HIGH_IDENTITY_THEFT,0.3611111111111111,1.0,1.894736842105263
"HIGH_CHILD_CYBERCRIME, HIGH_EXTORTION_MOTIVE, HIGH_FRAUD_MOTIVE, HIGH_WOMEN_CYBERCRIME",HIGH_IDENTITY_THEFT,0.3611111111111111,1.0,1.894736842105263
"HIGH_CHILD_CYBERCRIME, HIGH_EXTORTION_MOTIVE, HIGH_FRAUD_MOTIVE, HIGH_SEXUAL_EXPLOITATION_MOTIVE, HIGH_WOMEN_CYBERCRIME",HIGH_IDENTITY_THEFT,0.3611111111111111,1.0,1.894736842105263
"HIGH_SEC66D_CHEATING, HIGH_WOMEN_CYBERCRIME",HIGH_IDENTITY_THEFT,0.3333333333333333,1.0,1.894736842105263
"HIGH_CHILD_CYBERCRIME, HIGH_SEC66D_CHEATING",HIGH_IDENTITY_THEFT,0.3333333333333333,1.0,1.894736842105263
"HIGH_SEC66D_CHEATING, HIGH_SEXUAL_EXPLOITATION_MOTIVE, HIGH_WOMEN_CYBERCRIME",HIGH_IDENTITY_THEFT,0.3333333333333333,1.0,1.894736842105263
"HIGH_EXTORTION_MOTIVE, HIGH_SEC66D_CHEATING, HIGH_WOMEN_CYBERCRIME",HIGH_IDENTITY_THEFT,0.3333333333333333,1.0,1.894736842105263
"HIGH_CHILD_CYBERCRIME, HIGH_SEC66D_CHEATING, HIGH_SEXUAL_EXPLOITATION_MOTIVE",HIGH_IDENTITY_THEFT,0.3333333333333333,1.0,1.894736842105263
"HIGH_CHILD_CYBERCRIME, HIGH_EXTORTION_MOTIVE, HIGH_SEC66D_CHEATING",HIGH_IDENTITY_THEFT,0.3333333333333333,1.0,1.894736842105263
"HIGH_FRAUD_MOTIVE, HIGH_SEC66D_CHEATING, HIGH_WOMEN_CYBERCRIME",HIGH_IDENTITY_THEFT,0.3333333333333333,1.0,1.894736842105263
"HIGH_CHILD_CYBERCRIME, HIGH_FRAUD_MOTIVE, HIGH_SEC66D_CHEATING",HIGH_IDENTITY_THEFT,0.3333333333333333,1.0,1.894736842105263
"HIGH_EXTORTION_MOTIVE, HIGH_SEC66D_CHEATING, HIGH_SEXUAL_EXPLOITATION_MOTIVE, HIGH_WOMEN_CYBERCRIME",HIGH_IDENTITY_THEFT,0.3333333333333333,1.0,1.894736842105263
"HIGH_CHILD_CYBERCRIME, HIGH_EXTORTION_MOTIVE, HIGH_SEC66D_CHEATING, HIGH_SEXUAL_EXPLOITATION_MOTIVE",HIGH_IDENTITY_THEFT,0.3333333333333333,1.0,1.894736842105263
"HIGH_EXTORTION_MOTIVE, HIGH_FRAUD_MOTIVE, HIGH_SEC66D_CHEATING, HIGH_WOMEN_CYBERCRIME",HIGH_IDENTITY_THEFT,0.3333333333333333,1.0,1.894736842105263
"HIGH_FRAUD_MOTIVE, HIGH_SEC66D_CHEATING, HIGH_SEXUAL_EXPLOITATION_MOTIVE, HIGH_WOMEN_CYBERCRIME",HIGH_IDENTITY_THEFT,0.3333333333333333,1.0,1.894736842105263
"HIGH_CHILD_CYBERCRIME, HIGH_EXTORTION_MOTIVE, HIGH_FRAUD_MOTIVE, HIGH_SEC66D_CHEATING",HIGH_IDENTITY_THEFT,0.3333333333333333,1.0,1.894736842105263
"HIGH_CHILD_CYBERCRIME, HIGH_FRAUD_MOTIVE, HIGH_SEC66D_CHEATING, HIGH_SEXUAL_EXPLOITATION_MOTIVE",HIGH_IDENTITY_THEFT,0.3333333333333333,1.0,1.894736842105263
"HIGH_EXTORTION_MOTIVE, HIGH_FRAUD_MOTIVE, HIGH_SEC66D_CHEATING, HIGH_SEXUAL_EXPLOITATION_MOTIVE, HIGH_WOMEN_CYBERCRIME",HIGH_IDENTITY_THEFT,0.3333333333333333,1.0,1.894736842105263
"HIGH_CHILD_CYBERCRIME, HIGH_EXTORTION_MOTIVE, HIGH_FRAUD_MOTIVE, HIGH_SEC66D_CHEATING, HIGH_SEXUAL_EXPLOITATION_MOTIVE",HIGH_IDENTITY_THEFT,0.3333333333333333,1.0,1.894736842105263
"HIGH_CHILD_CYBERCRIME, HIGH_SEC66D_CHEATING, HIGH_WOMEN_CYBERCRIME",HIGH_IDENTITY_THEFT,0.3055555555555556,1.0,1.894736842105263
"HIGH_CHILD_CYBERCRIME, HIGH_SEC66D_CHEATING, HIGH_SEXUAL_EXPLOITATION_MOTIVE, HIGH_WOMEN_CYBERCRIME",HIGH_IDENTITY_THEFT,0.3055555555555556,1.0,1.894736842105263
"HIGH_CHILD_CYBERCRIME, HIGH_EXTORTION_MOTIVE, HIGH_SEC66D_CHEATING, HIGH_WOMEN_CYBERCRIME",HIGH_IDENTITY_THEFT,0.3055555555555556,1.0,1.894736842105263
"HIGH_CHILD_CYBERCRIME, HIGH_FRAUD_MOTIVE, HIGH_SEC66D_CHEATING, HIGH_WOMEN_CYBERCRIME",HIGH_IDENTITY_THEFT,0.3055555555555556,1.0,1.894736842105263
"HIGH_CHILD_CYBERCRIME, HIGH_EXTORTION_MOTIVE, HIGH_SEC66D_CHEATING, HIGH_SEXUAL_EXPLOITATION_MOTIVE, HIGH_WOMEN_CYBERCRIME",HIGH_IDENTITY_THEFT,0.3055555555555556,1.0,1.894736842105263
"HIGH_CHILD_CYBERCRIME, HIGH_EXTORTION_MOTIVE, HIGH_FRAUD_MOTIVE, HIGH_SEC66D_CHEATING, HIGH_WOMEN_CYBERCRIME",HIGH_IDENTITY_THEFT,0.3055555555555556,1.0,1.894736842105263
"HIGH_CHILD_CYBERCRIME, HIGH_FRAUD_MOTIVE, HIGH_SEC66D_CHEATING, HIGH_SEXUAL_EXPLOITATION_MOTIVE, HIGH_WOMEN_CYBERCRIME",HIGH_IDENTITY_THEFT,0.3055555555555556,1.0,1.894736842105263
"HIGH_CHILD_CYBERCRIME, HIGH_EXTORTION_MOTIVE, HIGH_FRAUD_MOTIVE, HIGH_SEC66D_CHEATING, HIGH_SEXUAL_EXPLOITATION_MOTIVE, HIGH_WOMEN_CYBERCRIME",HIGH_IDENTITY_THEFT,0.3055555555555556,1.0,1.894736842105263
HIGH_IDENTITY_THEFT,"HIGH_EXTORTION_MOTIVE, HIGH_FRAUD_MOTIVE",0.4444444444444444,0.8421052631578947,1.894736842105263
HIGH_IDENTITY_THEFT,"HIGH_EXTORTION_MOTIVE, HIGH_WOMEN_CYBERCRIME",0.4166666666666667,0.7894736842105263,1.894736842105263
HIGH_IDENTITY_THEFT,"HIGH_CHILD_CYBERCRIME, HIGH_EXTORTION_MOTIVE",0.4166666666666667,0.7894736842105263,1.894736842105263
HIGH_IDENTITY_THEFT,"HIGH_FRAUD_MOTIVE, HIGH_SEXUAL_EXPLOITATION_MOTIVE",0.4166666666666667,0.7894736842105263,1.894736842105263
HIGH_IDENTITY_THEFT,"HIGH_EXTORTION_MOTIVE, HIGH_SEXUAL_EXPLOITATION_MOTIVE, HIGH_WOMEN_CYBERCRIME",0.4166666666666667,0.7894736842105263,1.894736842105263
HIGH_IDENTITY_THEFT,"HIGH_CHILD_CYBERCRIME, HIGH_EXTORTION_MOTIVE, HIGH_SEXUAL_EXPLOITATION_MOTIVE",0.4166666666666667,0.7894736842105263,1.894736842105263
HIGH_IDENTITY_THEFT,"HIGH_EXTORTION_MOTIVE, HIGH_FRAUD_MOTIVE, HIGH_SEXUAL_EXPLOITATION_MOTIVE",0.4166666666666667,0.7894736842105263,1.894736842105263
HIGH_IDENTITY_THEFT,"HIGH_CHILD_CYBERCRIME, HIGH_EXTORTION_MOTIVE, HIGH_WOMEN_CYBERCRIME",0.3888888888888889,0.7368421052631579,1.894736842105263
HIGH_IDENTITY_THEFT,"HIGH_EXTORTION_MOTIVE, HIGH_FRAUD_MOTIVE, HIGH_SEC66D_CHEATING",0.3888888888888889,0.7368421052631579,1.894736842105263
HIGH_IDENTITY_THEFT,"HIGH_EXTORTION_MOTIVE, HIGH_FRAUD_MOTIVE, HIGH_WOMEN_CYBERCRIME",0.3888888888888889,0.7368421052631579,1.894736842105263
HIGH_IDENTITY_THEFT,"HIGH_FRAUD_MOTIVE, HIGH_SEXUAL_EXPLOITATION_MOTIVE, HIGH_WOMEN_CYBERCRIME",0.3888888888888889,0.7368421052631579,1.894736842105263
HIGH_IDENTITY_THEFT,"HIGH_CHILD_CYBERCRIME, HIGH_FRAUD_MOTIVE, HIGH_SEXUAL_EXPLOITATION_MOTIVE",0.3888888888888889,0.7368421052631579,1.894736842105263
HIGH_IDENTITY_THEFT,"HIGH_CHILD_CYBERCRIME, HIGH_EXTORTION_MOTIVE, HIGH_FRAUD_MOTIVE",0.3888888888888889,0.7368421052631579,1.894736842105263
HIGH_IDENTITY_THEFT,"HIGH_CHILD_CYBERCRIME, HIGH_EXTORTION_MOTIVE, HIGH_SEXUAL_EXPLOITATION_MOTIVE, HIGH_WOMEN_CYBERCRIME",0.3888888888888889,0.7368421052631579,1.894736842105263
HIGH_IDENTITY_THEFT,"HIGH_EXTORTION_MOTIVE, HIGH_FRAUD_MOTIVE, HIGH_SEXUAL_EXPLOITATION_MOTIVE, HIGH_WOMEN_CYBERCRIME",0.3888888888888889,0.7368421052631579,1.894736842105263
HIGH_IDENTITY_THEFT,"HIGH_CHILD_CYBERCRIME, HIGH_EXTORTION_MOTIVE, HIGH_FRAUD_MOTIVE, HIGH_SEXUAL_EXPLOITATION_MOTIVE",0.3888888888888889,0.7368421052631579,1.894736842105263
HIGH_IDENTITY_THEFT,"HIGH_SEC66D_CHEATING, HIGH_WOMEN_CYBERCRIME",0.3333333333333333,0.631578947368421,1.894736842105263
HIGH_IDENTITY_THEFT,"HIGH_CHILD_CYBERCRIME, HIGH_SEC66D_CHEATING",0.3333333333333333,0.631578947368421,1.894736842105263
HIGH_IDENTITY_THEFT,"HIGH_SEC66D_CHEATING, HIGH_SEXUAL_EXPLOITATION_MOTIVE, HIGH_WOMEN_CYBERCRIME",0.3333333333333333,0.631578947368421,1.894736842105263
HIGH_IDENTITY_THEFT,"HIGH_EXTORTION_MOTIVE, HIGH_SEC66D_CHEATING, HIGH_WOMEN_CYBERCRIME",0.3333333333333333,0.631578947368421,1.894736842105263
HIGH_IDENTITY_THEFT,"HIGH_CHILD_CYBERCRIME, HIGH_SEC66D_CHEATING, HIGH_SEXUAL_EXPLOITATION_MOTIVE",0.3333333333333333,0.631578947368421,1.894736842105263
HIGH_IDENTITY_THEFT,"HIGH_CHILD_CYBERCRIME, HIGH_EXTORTION_MOTIVE, HIGH_SEC66D_CHEATING",0.3333333333333333,0.631578947368421,1.894736842105263
HIGH_IDENTITY_THEFT,"HIGH_FRAUD_MOTIVE, HIGH_SEC66D_CHEATING, HIGH_WOMEN_CYBERCRIME",0.3333333333333333,0.631578947368421,1.894736842105263
HIGH_IDENTITY_THEFT,"HIGH_CHILD_CYBERCRIME, HIGH_FRAUD_MOTIVE, HIGH_SEC66D_CHEATING",0.3333333333333333,0.631578947368421,1.894736842105263
HIGH_IDENTITY_THEFT,"HIGH_EXTORTION_MOTIVE, HIGH_SEC66D_CHEATING, HIGH_SEXUAL_EXPLOITATION_MOTIVE, HIGH_WOMEN_CYBERCRIME",0.3333333333333333,0.631578947368421,1.894736842105263
HIGH_IDENTITY_THEFT,"HIGH_CHILD_CYBERCRIME, HIGH_EXTORTION_MOTIVE, HIGH_SEC66D_CHEATING, HIGH_SEXUAL_EXPLOITATION_MOTIVE",0.3333333333333333,0.631578947368421,1.894736842105263
HIGH_IDENTITY_THEFT,"HIGH_EXTORTION_MOTIVE, HIGH_FRAUD_MOTIVE, HIGH_SEC66D_CHEATING, HIGH_WOMEN_CYBERCRIME",0.3333333333333333,0.631578947368421,1.894736842105263
HIGH_IDENTITY_THEFT,"HIGH_FRAUD_MOTIVE, HIGH_SEC66D_CHEATING, HIGH_SEXUAL_EXPLOITATION_MOTIVE, HIGH_WOMEN_CYBERCRIME",0.3333333333333333,0.631578947368421,1.894736842105263
HIGH_IDENTITY_THEFT,"HIGH_CHILD_CYBERCRIME, HIGH_EXTORTION_MOTIVE, HIGH_FRAUD_MOTIVE, HIGH_SEC66D_CHEATING",0.3333333333333333,0.631578947368421,1.894736842105263
HIGH_IDENTITY_THEFT,"HIGH_CHILD_CYBERCRIME, HIGH_FRAUD_MOTIVE, HIGH_SEC66D_CHEATING, HIGH_SEXUAL_EXPLOITATION_MOTIVE",0.3333333333333333,0.631578947368421,1.894736842105263
HIGH_IDENTITY_THEFT,"HIGH_EXTORTION_MOTIVE, HIGH_FRAUD_MOTIVE, HIGH_SEC66D_CHEATING, HIGH_SEXUAL_EXPLOITATION_MOTIVE, HIGH_WOMEN_CYBERCRIME",0.3333333333333333,0.631578947368421,1.894736842105263
HIGH_IDENTITY_THEFT,"HIGH_CHILD_CYBERCRIME, HIGH_EXTORTION_MOTIVE, HIGH_FRAUD_MOTIVE, HIGH_SEC66D_CHEATING, HIGH_SEXUAL_EXPLOITATION_MOTIVE",0.3333333333333333,0.631578947368421,1.894736842105263
HIGH_EXTORTION_MOTIVE,HIGH_SEXUAL_EXPLOITATION_MOTIVE,0.4722222222222222,0.9444444444444444,1.8888888888888888
HIGH_SEXUAL_EXPLOITATION_MOTIVE,HIGH_EXTORTION_MOTIVE,0.4722222222222222,0.9444444444444444,1.8888888888888888
"HIGH_IDENTITY_THEFT, HIGH_SEC66D_CHEATING","HIGH_CHILD_CYBERCRIME, HIGH_SEXUAL_EXPLOITATION_MOTIVE, HIGH_WOMEN_CYBERCRIME",0.3055555555555556,0.7857142857142858,1.885714285714286
"HIGH_CHILD_CYBERCRIME, HIGH_IDENTITY_THEFT, HIGH_WOMEN_CYBERCRIME","HIGH_EXTORTION_MOTIVE, HIGH_SEC66D_CHEATING",0.3055555555555556,0.7857142857142858,1.885714285714286
"HIGH_CHILD_CYBERCRIME, HIGH_EXTORTION_MOTIVE, HIGH_WOMEN_CYBERCRIME","HIGH_FRAUD_MOTIVE, HIGH_SEC66D_CHEATING",0.3055555555555556,0.7857142857142858,1.885714285714286
"HIGH_CHILD_CYBERCRIME, HIGH_FRAUD_MOTIVE, HIGH_WOMEN_CYBERCRIME","HIGH_EXTORTION_MOTIVE, HIGH_SEC66D_CHEATING",0.3055555555555556,0.7857142857142858,1.885714285714286
"HIGH_CHILD_CYBERCRIME, HIGH_IDENTITY_THEFT, HIGH_WOMEN_CYBERCRIME","HIGH_FRAUD_MOTIVE, HIGH_SEC66D_CHEATING",0.3055555555555556,0.7857142857142858,1.885714285714286
"HIGH_CHILD_CYBERCRIME, HIGH_IDENTITY_THEFT, HIGH_SEXUAL_EXPLOITATION_MOTIVE, HIGH_WOMEN_CYBERCRIME","HIGH_EXTORTION_MOTIVE, HIGH_SEC66D_CHEATING",0.3055555555555556,0.7857142857142858,1.885714285714286
"HIGH_EXTORTION_MOTIVE, HIGH_IDENTITY_THEFT, HIGH_SEC66D_CHEATING","HIGH_CHILD_CYBERCRIME, HIGH_SEXUAL_EXPLOITATION_MOTIVE, HIGH_WOMEN_CYBERCRIME",0.3055555555555556,0.7857142857142858,1.885714285714286
"HIGH_CHILD_CYBERCRIME, HIGH_EXTORTION_MOTIVE, HIGH_IDENTITY_THEFT, HIGH_WOMEN_CYBERCRIME","HIGH_FRAUD_MOTIVE, HIGH_SEC66D_CHEATING",0.3055555555555556,0.7857142857142858,1.885714285714286
"HIGH_CHILD_CYBERCRIME, HIGH_EXTORTION_MOTIVE, HIGH_SEXUAL_EXPLOITATION_MOTIVE, HIGH_WOMEN_CYBERCRIME","HIGH_FRAUD_MOTIVE, HIGH_SEC66D_CHEATING",0.3055555555555556,0.7857142857142858,1.885714285714286
"HIGH_EXTORTION_MOTIVE, HIGH_FRAUD_MOTIVE, HIGH_SEC66D_CHEATING","HIGH_CHILD_CYBERCRIME, HIGH_SEXUAL_EXPLOITATION_MOTIVE, HIGH_WOMEN_CYBERCRIME",0.3055555555555556,0.7857142857142858,1.885714285714286
"HIGH_CHILD_CYBERCRIME, HIGH_IDENTITY_THEFT, HIGH_SEXUAL_EXPLOITATION_MOTIVE, HIGH_WOMEN_CYBERCRIME","HIGH_FRAUD_MOTIVE, HIGH_SEC66D_CHEATING",0.3055555555555556,0.7857142857142858,1.885714285714286
"HIGH_FRAUD_MOTIVE, HIGH_IDENTITY_THEFT, HIGH_SEC66D_CHEATING","HIGH_CHILD_CYBERCRIME, HIGH_SEXUAL_EXPLOITATION_MOTIVE, HIGH_WOMEN_CYBERCRIME",0.3055555555555556,0.7857142857142858,1.885714285714286
"HIGH_CHILD_CYBERCRIME, HIGH_EXTORTION_MOTIVE, HIGH_IDENTITY_THEFT, HIGH_SEXUAL_EXPLOITATION_MOTIVE, HIGH_WOMEN_CYBERCRIME","HIGH_FRAUD_MOTIVE, HIGH_SEC66D_CHEATING",0.3055555555555556,0.7857142857142858,1.885714285714286
"HIGH_EXTORTION_MOTIVE, HIGH_FRAUD_MOTIVE, HIGH_IDENTITY_THEFT, HIGH_SEC66D_CHEATING","HIGH_CHILD_CYBERCRIME, HIGH_SEXUAL_EXPLOITATION_MOTIVE, HIGH_WOMEN_CYBERCRIME",0.3055555555555556,0.7857142857142858,1.885714285714286
"HIGH_CHILD_CYBERCRIME, HIGH_SEXUAL_EXPLOITATION_MOTIVE, HIGH_WOMEN_CYBERCRIME","HIGH_IDENTITY_THEFT, HIGH_SEC66D_CHEATING",0.3055555555555556,0.7333333333333334,1.885714285714286
"HIGH_EXTORTION_MOTIVE, HIGH_SEC66D_CHEATING","HIGH_CHILD_CYBERCRIME, HIGH_IDENTITY_THEFT, HIGH_WOMEN_CYBERCRIME",0.3055555555555556,0.7333333333333334,1.885714285714286
"HIGH_EXTORTION_MOTIVE, HIGH_SEC66D_CHEATING","HIGH_CHILD_CYBERCRIME, HIGH_FRAUD_MOTIVE, HIGH_WOMEN_CYBERCRIME",0.3055555555555556,0.7333333333333334,1.885714285714286
"HIGH_FRAUD_MOTIVE, HIGH_SEC66D_CHEATING","HIGH_CHILD_CYBERCRIME, HIGH_EXTORTION_MOTIVE, HIGH_WOMEN_CYBERCRIME",0.3055555555555556,0.7333333333333334,1.885714285714286
"HIGH_FRAUD_MOTIVE, HIGH_SEC66D_CHEATING","HIGH_CHILD_CYBERCRIME, HIGH_IDENTITY_THEFT, HIGH_WOMEN_CYBERCRIME",0.3055555555555556,0.7333333333333334,1.885714285714286
"HIGH_CHILD_CYBERCRIME, HIGH_SEXUAL_EXPLOITATION_MOTIVE, HIGH_WOMEN_CYBERCRIME","HIGH_EXTORTION_MOTIVE, HIGH_IDENTITY_THEFT, HIGH_SEC66D_CHEATING",0.3055555555555556,0.7333333333333334,1.885714285714286
"HIGH_EXTORTION_MOTIVE, HIGH_SEC66D_CHEATING","HIGH_CHILD_CYBERCRIME, HIGH_IDENTITY_THEFT, HIGH_SEXUAL_EXPLOITATION_MOTIVE, HIGH_WOMEN_CYBERCRIME",0.3055555555555556,0.7333333333333334,1.885714285714286
"HIGH_FRAUD_MOTIVE, HIGH_SEC66D_CHEATING","HIGH_CHILD_CYBERCRIME, HIGH_EXTORTION_MOTIVE, HIGH_IDENTITY_THEFT, HIGH_WOMEN_CYBERCRIME",0.3055555555555556,0.7333333333333334,1.885714285714286
"HIGH_CHILD_CYBERCRIME, HIGH_SEXUAL_EXPLOITATION_MOTIVE, HIGH_WOMEN_CYBERCRIME","HIGH_EXTORTION_MOTIVE, HIGH_FRAUD_MOTIVE, HIGH_SEC66D_CHEATING",0.3055555555555556,0.7333333333333334,1.885714285714286
"HIGH_FRAUD_MOTIVE, HIGH_SEC66D_CHEATING","HIGH_CHILD_CYBERCRIME, HIGH_EXTORTION_MOTIVE, HIGH_SEXUAL_EXPLOITATION_MOTIVE, HIGH_WOMEN_CYBERCRIME",0.3055555555555556,0.7333333333333334,1.885714285714286
"HIGH_CHILD_CYBERCRIME, HIGH_SEXUAL_EXPLOITATION_MOTIVE, HIGH_WOMEN_CYBERCRIME","HIGH_FRAUD_MOTIVE, HIGH_IDENTITY_THEFT, HIGH_SEC66D_CHEATING",0.3055555555555556,0.7333333333333334,1.885714285714286
"HIGH_FRAUD_MOTIVE, HIGH_SEC66D_CHEATING","HIGH_CHILD_CYBERCRIME, HIGH_IDENTITY_THEFT, HIGH_SEXUAL_EXPLOITATION_MOTIVE, HIGH_WOMEN_CYBERCRIME",0.3055555555555556,0.7333333333333334,1.885714285714286
"HIGH_CHILD_CYBERCRIME, HIGH_SEXUAL_EXPLOITATION_MOTIVE, HIGH_WOMEN_CYBERCRIME","HIGH_EXTORTION_MOTIVE, HIGH_FRAUD_MOTIVE, HIGH_IDENTITY_THEFT, HIGH_SEC66D_CHEATING",0.3055555555555556,0.7333333333333334,1.885714285714286
"HIGH_FRAUD_MOTIVE, HIGH_SEC66D_CHEATING","HIGH_CHILD_CYBERCRIME, HIGH_EXTORTION_MOTIVE, HIGH_IDENTITY_THEFT, HIGH_SEXUAL_EXPLOITATION_MOTIVE, HIGH_WOMEN_CYBERCRIME",0.3055555555555556,0.7333333333333334,1.885714285714286
"HIGH_EXTORTION_MOTIVE, HIGH_IDENTITY_THEFT",HIGH_SEXUAL_EXPLOITATION_MOTIVE,0.4444444444444444,0.9411764705882353,1.8823529411764706
"HIGH_EXTORTION_MOTIVE, HIGH_IDENTITY_THEFT",HIGH_FRAUD_MOTIVE,0.4444444444444444,0.9411764705882353,1.8823529411764706
HIGH_SEXUAL_EXPLOITATION_MOTIVE,"HIGH_EXTORTION_MOTIVE, HIGH_IDENTITY_THEFT",0.4444444444444444,0.8888888888888888,1.8823529411764706
HIGH_FRAUD_MOTIVE,"HIGH_EXTORTION_MOTIVE, HIGH_IDENTITY_THEFT",0.4444444444444444,0.8888888888888888,1.8823529411764706
"HIGH_IDENTITY_THEFT, HIGH_SEXUAL_EXPLOITATION_MOTIVE",HIGH_CHILD_CYBERCRIME,0.4166666666666667,0.9375000000000001,1.8750000000000002
"HIGH_CHILD_CYBERCRIME, HIGH_SEXUAL_EXPLOITATION_MOTIVE",HIGH_WOMEN_CYBERCRIME,0.4166666666666667,0.9375000000000001,1.8750000000000002
"HIGH_CHILD_CYBERCRIME, HIGH_WOMEN_CYBERCRIME",HIGH_SEXUAL_EXPLOITATION_MOTIVE,0.4166666666666667,0.9375000000000001,1.8750000000000002
"HIGH_SEXUAL_EXPLOITATION_MOTIVE, HIGH_WOMEN_CYBERCRIME",HIGH_CHILD_CYBERCRIME,0.4166666666666667,0.9375000000000001,1.8750000000000002
"HIGH_IDENTITY_THEFT, HIGH_SEXUAL_EXPLOITATION_MOTIVE",HIGH_WOMEN_CYBERCRIME,0.4166666666666667,0.9375000000000001,1.8750000000000002
"HIGH_SEXUAL_EXPLOITATION_MOTIVE, HIGH_WOMEN_CYBERCRIME",HIGH_EXTORTION_MOTIVE,0.4166666666666667,0.9375000000000001,1.8750000000000002
"HIGH_CHILD_CYBERCRIME, HIGH_SEXUAL_EXPLOITATION_MOTIVE",HIGH_EXTORTION_MOTIVE,0.4166666666666667,0.9375000000000001,1.8750000000000002
"HIGH_FRAUD_MOTIVE, HIGH_IDENTITY_THEFT",HIGH_SEXUAL_EXPLOITATION_MOTIVE,0.4166666666666667,0.9375000000000001,1.8750000000000002
"HIGH_IDENTITY_THEFT, HIGH_SEXUAL_EXPLOITATION_MOTIVE",HIGH_FRAUD_MOTIVE,0.4166666666666667,0.9375000000000001,1.8750000000000002
"HIGH_EXTORTION_MOTIVE, HIGH_FRAUD_MOTIVE",HIGH_SEXUAL_EXPLOITATION_MOTIVE,0.4166666666666667,0.9375000000000001,1.8750000000000002
"HIGH_EXTORTION_MOTIVE, HIGH_IDENTITY_THEFT, HIGH_SEXUAL_EXPLOITATION_MOTIVE",HIGH_WOMEN_CYBERCRIME,0.4166666666666667,0.9375000000000001,1.8750000000000002
"HIGH_EXTORTION_MOTIVE, HIGH_IDENTITY_THEFT, HIGH_SEXUAL_EXPLOITATION_MOTIVE",HIGH_CHILD_CYBERCRIME,0.4166666666666667,0.9375000000000001,1.8750000000000002
"HIGH_EXTORTION_MOTIVE, HIGH_FRAUD_MOTIVE, HIGH_IDENTITY_THEFT",HIGH_SEXUAL_EXPLOITATION_MOTIVE,0.4166666666666667,0.9375000000000001,1.8750000000000002
"HIGH_EXTORTION_MOTIVE, HIGH_IDENTITY_THEFT, HIGH_SEXUAL_EXPLOITATION_MOTIVE",HIGH_FRAUD_MOTIVE,0.4166666666666667,0.9375000000000001,1.8750000000000002
HIGH_CHILD_CYBERCRIME,"HIGH_IDENTITY_THEFT, HIGH_SEXUAL_EXPLOITATION_MOTIVE",0.4166666666666667,0.8333333333333334,1.8750000000000002
HIGH_CHILD_CYBERCRIME,"HIGH_SEXUAL_EXPLOITATION_MOTIVE, HIGH_WOMEN_CYBERCRIME",0.4166666666666667,0.8333333333333334,1.8750000000000002
HIGH_SEXUAL_EXPLOITATION_MOTIVE,"HIGH_CHILD_CYBERCRIME, HIGH_WOMEN_CYBERCRIME",0.4166666666666667,0.8333333333333334,1.8750000000000002
HIGH_WOMEN_CYBERCRIME,"HIGH_CHILD_CYBERCRIME, HIGH_SEXUAL_EXPLOITATION_MOTIVE",0.4166666666666667,0.8333333333333334,1.8750000000000002
HIGH_WOMEN_CYBERCRIME,"HIGH_IDENTITY_THEFT, HIGH_SEXUAL_EXPLOITATION_MOTIVE",0.4166666666666667,0.8333333333333334,1.8750000000000002
HIGH_EXTORTION_MOTIVE,"HIGH_SEXUAL_EXPLOITATION_MOTIVE, HIGH_WOMEN_CYBERCRIME",0.4166666666666667,0.8333333333333334,1.8750000000000002
HIGH_EXTORTION_MOTIVE,"HIGH_CHILD_CYBERCRIME, HIGH_SEXUAL_EXPLOITATION_MOTIVE",0.4166666666666667,0.8333333333333334,1.8750000000000002
HIGH_FRAUD_MOTIVE,"HIGH_IDENTITY_THEFT, HIGH_SEXUAL_EXPLOITATION_MOTIVE",0.4166666666666667,0.8333333333333334,1.8750000000000002
HIGH_SEXUAL_EXPLOITATION_MOTIVE,"HIGH_FRAUD_MOTIVE, HIGH_IDENTITY_THEFT",0.4166666666666667,0.8333333333333334,1.8750000000000002
HIGH_SEXUAL_EXPLOITATION_MOTIVE,"HIGH_EXTORTION_MOTIVE, HIGH_FRAUD_MOTIVE",0.4166666666666667,0.8333333333333334,1.8750000000000002
HIGH_WOMEN_CYBERCRIME,"HIGH_EXTORTION_MOTIVE, HIGH_IDENTITY_THEFT, HIGH_SEXUAL_EXPLOITATION_MOTIVE",0.4166666666666667,0.8333333333333334,1.8750000000000002
HIGH_CHILD_CYBERCRIME,"HIGH_EXTORTION_MOTIVE, HIGH_IDENTITY_THEFT, HIGH_SEXUAL_EXPLOITATION_MOTIVE",0.4166666666666667,0.8333333333333334,1.8750000000000002
HIGH_FRAUD_MOTIVE,"HIGH_EXTORTION_MOTIVE, HIGH_IDENTITY_THEFT, HIGH_SEXUAL_EXPLOITATION_MOTIVE",0.4166666666666667,0.8333333333333334,1.8750000000000002
HIGH_SEXUAL_EXPLOITATION_MOTIVE,"HIGH_EXTORTION_MOTIVE, HIGH_FRAUD_MOTIVE, HIGH_IDENTITY_THEFT",0.4166666666666667,0.8333333333333334,1.8750000000000002
"HIGH_CHILD_CYBERCRIME, HIGH_IDENTITY_THEFT",HIGH_WOMEN_CYBERCRIME,0.3888888888888889,0.9333333333333333,1.8666666666666667
"HIGH_IDENTITY_THEFT, HIGH_WOMEN_CYBERCRIME",HIGH_CHILD_CYBERCRIME,0.3888888888888889,0.9333333333333333,1.8666666666666667
"HIGH_CHILD_CYBERCRIME, HIGH_EXTORTION_MOTIVE",HIGH_WOMEN_CYBERCRIME,0.3888888888888889,0.9333333333333333,1.8666666666666667
"HIGH_EXTORTION_MOTIVE, HIGH_WOMEN_CYBERCRIME",HIGH_CHILD_CYBERCRIME,0.3888888888888889,0.9333333333333333,1.8666666666666667
"HIGH_EXTORTION_MOTIVE, HIGH_SEC66D_CHEATING",HIGH_SEXUAL_EXPLOITATION_MOTIVE,0.3888888888888889,0.9333333333333333,1.8666666666666667
"HIGH_FRAUD_MOTIVE, HIGH_SEC66D_CHEATING",HIGH_EXTORTION_MOTIVE,0.3888888888888889,0.9333333333333333,1.8666666666666667
"HIGH_EXTORTION_MOTIVE, HIGH_SEC66D_CHEATING",HIGH_FRAUD_MOTIVE,0.3888888888888889,0.9333333333333333,1.8666666666666667
"HIGH_IDENTITY_THEFT, HIGH_WOMEN_CYBERCRIME",HIGH_FRAUD_MOTIVE,0.3888888888888889,0.9333333333333333,1.8666666666666667
"HIGH_EXTORTION_MOTIVE, HIGH_WOMEN_CYBERCRIME",HIGH_FRAUD_MOTIVE,0.3888888888888889,0.9333333333333333,1.8666666666666667
"HIGH_FRAUD_MOTIVE, HIGH_WOMEN_CYBERCRIME",HIGH_EXTORTION_MOTIVE,0.3888888888888889,0.9333333333333333,1.8666666666666667
"HIGH_FRAUD_MOTIVE, HIGH_SEXUAL_EXPLOITATION_MOTIVE",HIGH_WOMEN_CYBERCRIME,0.3888888888888889,0.9333333333333333,1.8666666666666667
"HIGH_FRAUD_MOTIVE, HIGH_WOMEN_CYBERCRIME",HIGH_SEXUAL_EXPLOITATION_MOTIVE,0.3888888888888889,0.9333333333333333,1.8666666666666667
"HIGH_FRAUD_MOTIVE, HIGH_SEXUAL_EXPLOITATION_MOTIVE",HIGH_CHILD_CYBERCRIME,0.3888888888888889,0.9333333333333333,1.8666666666666667
"HIGH_CHILD_CYBERCRIME, HIGH_FRAUD_MOTIVE",HIGH_SEXUAL_EXPLOITATION_MOTIVE,0.3888888888888889,0.9333333333333333,1.8666666666666667
"HIGH_FRAUD_MOTIVE, HIGH_WOMEN_CYBERCRIME",HIGH_CHILD_CYBERCRIME,0.3888888888888889,0.9333333333333333,1.8666666666666667
"HIGH_CHILD_CYBERCRIME, HIGH_FRAUD_MOTIVE",HIGH_WOMEN_CYBERCRIME,0.3888888888888889,0.9333333333333333,1.8666666666666667
"HIGH_CHILD_CYBERCRIME, HIGH_IDENTITY_THEFT",HIGH_FRAUD_MOTIVE,0.3888888888888889,0.9333333333333333,1.8666666666666667
"HIGH_CHILD_CYBERCRIME, HIGH_EXTORTION_MOTIVE",HIGH_FRAUD_MOTIVE,0.3888888888888889,0.9333333333333333,1.8666666666666667
"HIGH_CHILD_CYBERCRIME, HIGH_FRAUD_MOTIVE",HIGH_EXTORTION_MOTIVE,0.3888888888888889,0.9333333333333333,1.8666666666666667
"HIGH_CHILD_CYBERCRIME, HIGH_IDENTITY_THEFT, HIGH_SEXUAL_EXPLOITATION_MOTIVE",HIGH_WOMEN_CYBERCRIME,0.3888888888888889,0.9333333333333333,1.8666666666666667
"HIGH_IDENTITY_THEFT, HIGH_SEXUAL_EXPLOITATION_MOTIVE, HIGH_WOMEN_CYBERCRIME",HIGH_CHILD_CYBERCRIME,0.3888888888888889,0.9333333333333333,1.8666666666666667
"HIGH_CHILD_CYBERCRIME, HIGH_EXTORTION_MOTIVE, HIGH_IDENTITY_THEFT",HIGH_WOMEN_CYBERCRIME,0.3888888888888889,0.9333333333333333,1.8666666666666667
"HIGH_EXTORTION_MOTIVE, HIGH_IDENTITY_THEFT, HIGH_WOMEN_CYBERCRIME",HIGH_CHILD_CYBERCRIME,0.3888888888888889,0.9333333333333333,1.8666666666666667
"HIGH_CHILD_CYBERCRIME, HIGH_EXTORTION_MOTIVE, HIGH_SEXUAL_EXPLOITATION_MOTIVE",HIGH_WOMEN_CYBERCRIME,0.3888888888888889,0.9333333333333333,1.8666666666666667
"HIGH_EXTORTION_MOTIVE, HIGH_SEXUAL_EXPLOITATION_MOTIVE, HIGH_WOMEN_CYBERCRIME",HIGH_CHILD_CYBERCRIME,0.3888888888888889,0.9333333333333333,1.8666666666666667
"HIGH_CHILD_CYBERCRIME, HIGH_SEXUAL_EXPLOITATION_MOTIVE, HIGH_WOMEN_CYBERCRIME",HIGH_EXTORTION_MOTIVE,0.3888888888888889,0.9333333333333333,1.8666666666666667
"HIGH_EXTORTION_MOTIVE, HIGH_IDENTITY_THEFT, HIGH_WOMEN_CYBERCRIME",HIGH_FRAUD_MOTIVE,0.3888888888888889,0.9333333333333333,1.8666666666666667
"HIGH_EXTORTION_MOTIVE, HIGH_FRAUD_MOTIVE, HIGH_SEXUAL_EXPLOITATION_MOTIVE",HIGH_WOMEN_CYBERCRIME,0.3888888888888889,0.9333333333333333,1.8666666666666667
"HIGH_EXTORTION_MOTIVE, HIGH_SEXUAL_EXPLOITATION_MOTIVE, HIGH_WOMEN_CYBERCRIME",HIGH_FRAUD_MOTIVE,0.3888888888888889,0.9333333333333333,1.8666666666666667
"HIGH_FRAUD_MOTIVE, HIGH_IDENTITY_THEFT, HIGH_SEXUAL_EXPLOITATION_MOTIVE",HIGH_WOMEN_CYBERCRIME,0.3888888888888889,0.9333333333333333,1.8666666666666667
"HIGH_IDENTITY_THEFT, HIGH_SEXUAL_EXPLOITATION_MOTIVE, HIGH_WOMEN_CYBERCRIME",HIGH_FRAUD_MOTIVE,0.3888888888888889,0.9333333333333333,1.8666666666666667
"HIGH_FRAUD_MOTIVE, HIGH_IDENTITY_THEFT, HIGH_SEXUAL_EXPLOITATION_MOTIVE",HIGH_CHILD_CYBERCRIME,0.3888888888888889,0.9333333333333333,1.8666666666666667
"HIGH_CHILD_CYBERCRIME, HIGH_IDENTITY_THEFT, HIGH_SEXUAL_EXPLOITATION_MOTIVE",HIGH_FRAUD_MOTIVE,0.3888888888888889,0.9333333333333333,1.8666666666666667
"HIGH_CHILD_CYBERCRIME, HIGH_EXTORTION_MOTIVE, HIGH_IDENTITY_THEFT",HIGH_FRAUD_MOTIVE,0.3888888888888889,0.9333333333333333,1.8666666666666667
"HIGH_EXTORTION_MOTIVE, HIGH_FRAUD_MOTIVE, HIGH_SEXUAL_EXPLOITATION_MOTIVE",HIGH_CHILD_CYBERCRIME,0.3888888888888889,0.9333333333333333,1.8666666666666667
"HIGH_CHILD_CYBERCRIME, HIGH_EXTORTION_MOTIVE, HIGH_SEXUAL_EXPLOITATION_MOTIVE",HIGH_FRAUD_MOTIVE,0.3888888888888889,0.9333333333333333,1.8666666666666667
"HIGH_EXTORTION_MOTIVE, HIGH_IDENTITY_THEFT, HIGH_SEXUAL_EXPLOITATION_MOTIVE, HIGH_WOMEN_CYBERCRIME",HIGH_CHILD_CYBERCRIME,0.3888888888888889,0.9333333333333333,1.8666666666666667
"HIGH_CHILD_CYBERCRIME, HIGH_EXTORTION_MOTIVE, HIGH_IDENTITY_THEFT, HIGH_SEXUAL_EXPLOITATION_MOTIVE",HIGH_WOMEN_CYBERCRIME,0.3888888888888889,0.9333333333333333,1.8666666666666667
"HIGH_EXTORTION_MOTIVE, HIGH_FRAUD_MOTIVE, HIGH_IDENTITY_THEFT, HIGH_SEXUAL_EXPLOITATION_MOTIVE",HIGH_WOMEN_CYBERCRIME,0.3888888888888889,0.9333333333333333,1.8666666666666667
"HIGH_EXTORTION_MOTIVE, HIGH_IDENTITY_THEFT, HIGH_SEXUAL_EXPLOITATION_MOTIVE, HIGH_WOMEN_CYBERCRIME",HIGH_FRAUD_MOTIVE,0.3888888888888889,0.9333333333333333,1.8666666666666667
"HIGH_EXTORTION_MOTIVE, HIGH_FRAUD_MOTIVE, HIGH_IDENTITY_THEFT, HIGH_SEXUAL_EXPLOITATION_MOTIVE",HIGH_CHILD_CYBERCRIME,0.3888888888888889,0.9333333333333333,1.8666666666666667
"HIGH_CHILD_CYBERCRIME, HIGH_EXTORTION_MOTIVE, HIGH_IDENTITY_THEFT, HIGH_SEXUAL_EXPLOITATION_MOTIVE",HIGH_FRAUD_MOTIVE,0.3888888888888889,0.9333333333333333,1.8666666666666667
HIGH_CHILD_CYBERCRIME,"HIGH_IDENTITY_THEFT, HIGH_WOMEN_CYBERCRIME",0.3888888888888889,0.7777777777777778,1.8666666666666667
HIGH_WOMEN_CYBERCRIME,"HIGH_CHILD_CYBERCRIME, HIGH_IDENTITY_THEFT",0.3888888888888889,0.7777777777777778,1.8666666666666667
HIGH_CHILD_CYBERCRIME,"HIGH_EXTORTION_MOTIVE, HIGH_WOMEN_CYBERCRIME",0.3888888888888889,0.7777777777777778,1.8666666666666667
HIGH_WOMEN_CYBERCRIME,"HIGH_CHILD_CYBERCRIME, HIGH_EXTORTION_MOTIVE",0.3888888888888889,0.7777777777777778,1.8666666666666667
HIGH_SEXUAL_EXPLOITATION_MOTIVE,"HIGH_EXTORTION_MOTIVE, HIGH_SEC66D_CHEATING",0.3888888888888889,0.7777777777777778,1.8666666666666667
HIGH_FRAUD_MOTIVE,"HIGH_EXTORTION_MOTIVE, HIGH_SEC66D_CHEATING",0.3888888888888889,0.7777777777777778,1.8666666666666667
HIGH_EXTORTION_MOTIVE,"HIGH_FRAUD_MOTIVE, HIGH_SEC66D_CHEATING",0.3888888888888889,0.7777777777777778,1.8666666666666667
HIGH_FRAUD_MOTIVE,"HIGH_IDENTITY_THEFT, HIGH_WOMEN_CYBERCRIME",0.3888888888888889,0.7777777777777778,1.8666666666666667
HIGH_EXTORTION_MOTIVE,"HIGH_FRAUD_MOTIVE, HIGH_WOMEN_CYBERCRIME",0.3888888888888889,0.7777777777777778,1.8666666666666667
HIGH_FRAUD_MOTIVE,"HIGH_EXTORTION_MOTIVE, HIGH_WOMEN_CYBERCRIME",0.3888888888888889,0.7777777777777778,1.8666666666666667
HIGH_SEXUAL_EXPLOITATION_MOTIVE,"HIGH_FRAUD_MOTIVE, HIGH_WOMEN_CYBERCRIME",0.3888888888888889,0.7777777777777778,1.8666666666666667
HIGH_WOMEN_CYBERCRIME,"HIGH_FRAUD_MOTIVE, HIGH_SEXUAL_EXPLOITATION_MOTIVE",0.3888888888888889,0.7777777777777778,1.8666666666666667
HIGH_SEXUAL_EXPLOITATION_MOTIVE,"HIGH_CHILD_CYBERCRIME, HIGH_FRAUD_MOTIVE",0.3888888888888889,0.7777777777777778,1.8666666666666667
HIGH_CHILD_CYBERCRIME,"HIGH_FRAUD_MOTIVE, HIGH_SEXUAL_EXPLOITATION_MOTIVE",0.3888888888888889,0.7777777777777778,1.8666666666666667
HIGH_WOMEN_CYBERCRIME,"HIGH_CHILD_CYBERCRIME, HIGH_FRAUD_MOTIVE",0.3888888888888889,0.7777777777777778,1.8666666666666667
HIGH_CHILD_CYBERCRIME,"HIGH_FRAUD_MOTIVE, HIGH_WOMEN_CYBERCRIME",0.3888888888888889,0.7777777777777778,1.8666666666666667
HIGH_FRAUD_MOTIVE,"HIGH_CHILD_CYBERCRIME, HIGH_IDENTITY_THEFT",0.3888888888888889,0.7777777777777778,1.8666666666666667
HIGH_EXTORTION_MOTIVE,"HIGH_CHILD_CYBERCRIME, HIGH_FRAUD_MOTIVE",0.3888888888888889,0.7777777777777778,1.8666666666666667
HIGH_FRAUD_MOTIVE,"HIGH_CHILD_CYBERCRIME, HIGH_EXTORTION_MOTIVE",0.3888888888888889,0.7777777777777778,1.8666666666666667
HIGH_CHILD_CYBERCRIME,"HIGH_IDENTITY_THEFT, HIGH_SEXUAL_EXPLOITATION_MOTIVE, HIGH_WOMEN_CYBERCRIME",0.3888888888888889,0.7777777777777778,1.8666666666666667
HIGH_WOMEN_CYBERCRIME,"HIGH_CHILD_CYBERCRIME, HIGH_IDENTITY_THEFT, HIGH_SEXUAL_EXPLOITATION_MOTIVE",0.3888888888888889,0.7777777777777778,1.8666666666666667
HIGH_CHILD_CYBERCRIME,"HIGH_EXTORTION_MOTIVE, HIGH_IDENTITY_THEFT, HIGH_WOMEN_CYBERCRIME",0.3888888888888889,0.7777777777777778,1.8666666666666667
HIGH_WOMEN_CYBERCRIME,"HIGH_CHILD_CYBERCRIME, HIGH_EXTORTION_MOTIVE, HIGH_IDENTITY_THEFT",0.3888888888888889,0.7777777777777778,1.8666666666666667
HIGH_EXTORTION_MOTIVE,"HIGH_CHILD_CYBERCRIME, HIGH_SEXUAL_EXPLOITATION_MOTIVE, HIGH_WOMEN_CYBERCRIME",0.3888888888888889,0.7777777777777778,1.8666666666666667
HIGH_CHILD_CYBERCRIME,"HIGH_EXTORTION_MOTIVE, HIGH_SEXUAL_EXPLOITATION_MOTIVE, HIGH_WOMEN_CYBERCRIME",0.3888888888888889,0.7777777777777778,1.8666666666666667
HIGH_WOMEN_CYBERCRIME,"HIGH_CHILD_CYBERCRIME, HIGH_EXTORTION_MOTIVE, HIGH_SEXUAL_EXPLOITATION_MOTIVE",0.3888888888888889,0.7777777777777778,1.8666666666666667
HIGH_FRAUD_MOTIVE,"HIGH_EXTORTION_MOTIVE, HIGH_IDENTITY_THEFT, HIGH_WOMEN_CYBERCRIME",0.3888888888888889,0.7777777777777778,1.8666666666666667
HIGH_FRAUD_MOTIVE,"HIGH_EXTORTION_MOTIVE, HIGH_SEXUAL_EXPLOITATION_MOTIVE, HIGH_WOMEN_CYBERCRIME",0.3888888888888889,0.7777777777777778,1.8666666666666667
HIGH_WOMEN_CYBERCRIME,"HIGH_EXTORTION_MOTIVE, HIGH_FRAUD_MOTIVE, HIGH_SEXUAL_EXPLOITATION_MOTIVE",0.3888888888888889,0.7777777777777778,1.8666666666666667
HIGH_FRAUD_MOTIVE,"HIGH_IDENTITY_THEFT, HIGH_SEXUAL_EXPLOITATION_MOTIVE, HIGH_WOMEN_CYBERCRIME",0.3888888888888889,0.7777777777777778,1.8666666666666667
HIGH_WOMEN_CYBERCRIME,"HIGH_FRAUD_MOTIVE, HIGH_IDENTITY_THEFT, HIGH_SEXUAL_EXPLOITATION_MOTIVE",0.3888888888888889,0.7777777777777778,1.8666666666666667
HIGH_FRAUD_MOTIVE,"HIGH_CHILD_CYBERCRIME, HIGH_IDENTITY_THEFT, HIGH_SEXUAL_EXPLOITATION_MOTIVE",0.3888888888888889,0.7777777777777778,1.8666666666666667
HIGH_CHILD_CYBERCRIME,"HIGH_FRAUD_MOTIVE, HIGH_IDENTITY_THEFT, HIGH_SEXUAL_EXPLOITATION_MOTIVE",0.3888888888888889,0.7777777777777778,1.8666666666666667
HIGH_FRAUD_MOTIVE,"HIGH_CHILD_CYBERCRIME, HIGH_EXTORTION_MOTIVE, HIGH_IDENTITY_THEFT",0.3888888888888889,0.7777777777777778,1.8666666666666667
HIGH_FRAUD_MOTIVE,"HIGH_CHILD_CYBERCRIME, HIGH_EXTORTION_MOTIVE, HIGH_SEXUAL_EXPLOITATION_MOTIVE",0.3888888888888889,0.7777777777777778,1.8666666666666667
HIGH_CHILD_CYBERCRIME,"HIGH_EXTORTION_MOTIVE, HIGH_FRAUD_MOTIVE, HIGH_SEXUAL_EXPLOITATION_MOTIVE",0.3888888888888889,0.7777777777777778,1.8666666666666667
HIGH_WOMEN_CYBERCRIME,"HIGH_CHILD_CYBERCRIME, HIGH_EXTORTION_MOTIVE, HIGH_IDENTITY_THEFT, HIGH_SEXUAL_EXPLOITATION_MOTIVE",0.3888888888888889,0.7777777777777778,1.8666666666666667
HIGH_CHILD_CYBERCRIME,"HIGH_EXTORTION_MOTIVE, HIGH_IDENTITY_THEFT, HIGH_SEXUAL_EXPLOITATION_MOTIVE, HIGH_WOMEN_CYBERCRIME",0.3888888888888889,0.7777777777777778,1.8666666666666667
HIGH_FRAUD_MOTIVE,"HIGH_EXTORTION_MOTIVE, HIGH_IDENTITY_THEFT, HIGH_SEXUAL_EXPLOITATION_MOTIVE, HIGH_WOMEN_CYBERCRIME",0.3888888888888889,0.7777777777777778,1.8666666666666667
HIGH_WOMEN_CYBERCRIME,"HIGH_EXTORTION_MOTIVE, HIGH_FRAUD_MOTIVE, HIGH_IDENTITY_THEFT, HIGH_SEXUAL_EXPLOITATION_MOTIVE",0.3888888888888889,0.7777777777777778,1.8666666666666667
HIGH_FRAUD_MOTIVE,"HIGH_CHILD_CYBERCRIME, HIGH_EXTORTION_MOTIVE, HIGH_IDENTITY_THEFT, HIGH_SEXUAL_EXPLOITATION_MOTIVE",0.3888888888888889,0.7777777777777778,1.8666666666666667
HIGH_CHILD_CYBERCRIME,"HIGH_EXTORTION_MOTIVE, HIGH_FRAUD_MOTIVE, HIGH_IDENTITY_THEFT, HIGH_SEXUAL_EXPLOITATION_MOTIVE",0.3888888888888889,0.7777777777777778,1.8666666666666667
"HIGH_IDENTITY_THEFT, HIGH_SEC66D_CHEATING",HIGH_SEXUAL_EXPLOITATION_MOTIVE,0.3611111111111111,0.9285714285714285,1.857142857142857
"HIGH_SEC66D_CHEATING, HIGH_SEXUAL_EXPLOITATION_MOTIVE",HIGH_FRAUD_MOTIVE,0.3611111111111111,0.9285714285714285,1.857142857142857
"HIGH_EXTORTION_MOTIVE, HIGH_IDENTITY_THEFT, HIGH_SEC66D_CHEATING",HIGH_SEXUAL_EXPLOITATION_MOTIVE,0.3611111111111111,0.9285714285714285,1.857142857142857
"HIGH_EXTORTION_MOTIVE, HIGH_FRAUD_MOTIVE, HIGH_SEC66D_CHEATING",HIGH_SEXUAL_EXPLOITATION_MOTIVE,0.3611111111111111,0.9285714285714285,1.857142857142857
"HIGH_EXTORTION_MOTIVE, HIGH_SEC66D_CHEATING, HIGH_SEXUAL_EXPLOITATION_MOTIVE",HIGH_FRAUD_MOTIVE,0.3611111111111111,0.9285714285714285,1.857142857142857
"HIGH_FRAUD_MOTIVE, HIGH_IDENTITY_THEFT, HIGH_SEC66D_CHEATING",HIGH_SEXUAL_EXPLOITATION_MOTIVE,0.3611111111111111,0.9285714285714285,1.857142857142857
"HIGH_FRAUD_MOTIVE, HIGH_SEXUAL_EXPLOITATION_MOTIVE, HIGH_WOMEN_CYBERCRIME",HIGH_CHILD_CYBERCRIME,0.3611111111111111,0.9285714285714285,1.857142857142857
"HIGH_CHILD_CYBERCRIME, HIGH_FRAUD_MOTIVE, HIGH_SEXUAL_EXPLOITATION_MOTIVE",HIGH_WOMEN_CYBERCRIME,0.3611111111111111,0.9285714285714285,1.857142857142857
"HIGH_CHILD_CYBERCRIME, HIGH_FRAUD_MOTIVE, HIGH_WOMEN_CYBERCRIME",HIGH_SEXUAL_EXPLOITATION_MOTIVE,0.3611111111111111,0.9285714285714285,1.857142857142857
"HIGH_FRAUD_MOTIVE, HIGH_IDENTITY_THEFT, HIGH_WOMEN_CYBERCRIME",HIGH_CHILD_CYBERCRIME,0.3611111111111111,0.9285714285714285,1.857142857142857
"HIGH_CHILD_CYBERCRIME, HIGH_FRAUD_MOTIVE, HIGH_IDENTITY_THEFT",HIGH_WOMEN_CYBERCRIME,0.3611111111111111,0.9285714285714285,1.857142857142857
"HIGH_CHILD_CYBERCRIME, HIGH_IDENTITY_THEFT, HIGH_WOMEN_CYBERCRIME",HIGH_FRAUD_MOTIVE,0.3611111111111111,0.9285714285714285,1.857142857142857
"HIGH_EXTORTION_MOTIVE, HIGH_FRAUD_MOTIVE, HIGH_WOMEN_CYBERCRIME",HIGH_CHILD_CYBERCRIME,0.3611111111111111,0.9285714285714285,1.857142857142857
"HIGH_CHILD_CYBERCRIME, HIGH_EXTORTION_MOTIVE, HIGH_FRAUD_MOTIVE",HIGH_WOMEN_CYBERCRIME,0.3611111111111111,0.9285714285714285,1.857142857142857
"HIGH_CHILD_CYBERCRIME, HIGH_EXTORTION_MOTIVE, HIGH_WOMEN_CYBERCRIME",HIGH_FRAUD_MOTIVE,0.3611111111111111,0.9285714285714285,1.857142857142857
"HIGH_CHILD_CYBERCRIME, HIGH_FRAUD_MOTIVE, HIGH_WOMEN_CYBERCRIME",HIGH_EXTORTION_MOTIVE,0.3611111111111111,0.9285714285714285,1.857142857142857
"HIGH_EXTORTION_MOTIVE, HIGH_FRAUD_MOTIVE, HIGH_IDENTITY_THEFT, HIGH_SEC66D_CHEATING",HIGH_SEXUAL_EXPLOITATION_MOTIVE,0.3611111111111111,0.9285714285714285,1.857142857142857
"HIGH_FRAUD_MOTIVE, HIGH_IDENTITY_THEFT, HIGH_SEXUAL_EXPLOITATION_MOTIVE, HIGH_WOMEN_CYBERCRIME",HIGH_CHILD_CYBERCRIME,0.3611111111111111,0.9285714285714285,1.857142857142857
"HIGH_CHILD_CYBERCRIME, HIGH_FRAUD_MOTIVE, HIGH_IDENTITY_THEFT, HIGH_SEXUAL_EXPLOITATION_MOTIVE",HIGH_WOMEN_CYBERCRIME,0.3611111111111111,0.9285714285714285,1.857142857142857
"HIGH_CHILD_CYBERCRIME, HIGH_IDENTITY_THEFT, HIGH_SEXUAL_EXPLOITATION_MOTIVE, HIGH_WOMEN_CYBERCRIME",HIGH_FRAUD_MOTIVE,0.3611111111111111,0.9285714285714285,1.857142857142857
"HIGH_EXTORTION_MOTIVE, HIGH_FRAUD_MOTIVE, HIGH_IDENTITY_THEFT, HIGH_WOMEN_CYBERCRIME",HIGH_CHILD_CYBERCRIME,0.3611111111111111,0.9285714285714285,1.857142857142857
"HIGH_CHILD_CYBERCRIME, HIGH_EXTORTION_MOTIVE, HIGH_FRAUD_MOTIVE, HIGH_IDENTITY_THEFT",HIGH_WOMEN_CYBERCRIME,0.3611111111111111,0.9285714285714285,1.857142857142857
"HIGH_CHILD_CYBERCRIME, HIGH_EXTORTION_MOTIVE, HIGH_IDENTITY_THEFT, HIGH_WOMEN_CYBERCRIME",HIGH_FRAUD_MOTIVE,0.3611111111111111,0.9285714285714285,1.857142857142857
"HIGH_EXTORTION_MOTIVE, HIGH_FRAUD_MOTIVE, HIGH_SEXUAL_EXPLOITATION_MOTIVE, HIGH_WOMEN_CYBERCRIME",HIGH_CHILD_CYBERCRIME,0.3611111111111111,0.9285714285714285,1.857142857142857
"HIGH_CHILD_CYBERCRIME, HIGH_EXTORTION_MOTIVE, HIGH_FRAUD_MOTIVE, HIGH_SEXUAL_EXPLOITATION_MOTIVE",HIGH_WOMEN_CYBERCRIME,0.3611111111111111,0.9285714285714285,1.857142857142857
"HIGH_CHILD_CYBERCRIME, HIGH_EXTORTION_MOTIVE, HIGH_SEXUAL_EXPLOITATION_MOTIVE, HIGH_WOMEN_CYBERCRIME",HIGH_FRAUD_MOTIVE,0.3611111111111111,0.9285714285714285,1.857142857142857
"HIGH_EXTORTION_MOTIVE, HIGH_FRAUD_MOTIVE, HIGH_IDENTITY_THEFT, HIGH_SEXUAL_EXPLOITATION_MOTIVE, HIGH_WOMEN_CYBERCRIME",HIGH_CHILD_CYBERCRIME,0.3611111111111111,0.9285714285714285,1.857142857142857
"HIGH_CHILD_CYBERCRIME, HIGH_EXTORTION_MOTIVE, HIGH_FRAUD_MOTIVE, HIGH_IDENTITY_THEFT, HIGH_SEXUAL_EXPLOITATION_MOTIVE",HIGH_WOMEN_CYBERCRIME,0.3611111111111111,0.9285714285714285,1.857142857142857
"HIGH_CHILD_CYBERCRIME, HIGH_EXTORTION_MOTIVE, HIGH_IDENTITY_THEFT, HIGH_SEXUAL_EXPLOITATION_MOTIVE, HIGH_WOMEN_CYBERCRIME",HIGH_FRAUD_MOTIVE,0.3611111111111111,0.9285714285714285,1.857142857142857
HIGH_SEXUAL_EXPLOITATION_MOTIVE,"HIGH_IDENTITY_THEFT, HIGH_SEC66D_CHEATING",0.3611111111111111,0.7222222222222222,1.857142857142857
HIGH_FRAUD_MOTIVE,"HIGH_SEC66D_CHEATING, HIGH_SEXUAL_EXPLOITATION_MOTIVE",0.3611111111111111,0.7222222222222222,1.857142857142857
HIGH_SEXUAL_EXPLOITATION_MOTIVE,"HIGH_EXTORTION_MOTIVE, HIGH_IDENTITY_THEFT, HIGH_SEC66D_CHEATING",0.3611111111111111,0.7222222222222222,1.857142857142857
HIGH_FRAUD_MOTIVE,"HIGH_EXTORTION_MOTIVE, HIGH_SEC66D_CHEATING, HIGH_SEXUAL_EXPLOITATION_MOTIVE",0.3611111111111111,0.7222222222222222,1.857142857142857
HIGH_SEXUAL_EXPLOITATION_MOTIVE,"HIGH_EXTORTION_MOTIVE, HIGH_FRAUD_MOTIVE, HIGH_SEC66D_CHEATING",0.3611111111111111,0.7222222222222222,1.857142857142857
HIGH_SEXUAL_EXPLOITATION_MOTIVE,"HIGH_FRAUD_MOTIVE, HIGH_IDENTITY_THEFT, HIGH_SEC66D_CHEATING",0.3611111111111111,0.7222222222222222,1.857142857142857
HIGH_SEXUAL_EXPLOITATION_MOTIVE,"HIGH_CHILD_CYBERCRIME, HIGH_FRAUD_MOTIVE, HIGH_WOMEN_CYBERCRIME",0.3611111111111111,0.7222222222222222,1.857142857142857
HIGH_WOMEN_CYBERCRIME,"HIGH_CHILD_CYBERCRIME, HIGH_FRAUD_MOTIVE, HIGH_SEXUAL_EXPLOITATION_MOTIVE",0.3611111111111111,0.7222222222222222,1.857142857142857
HIGH_CHILD_CYBERCRIME,"HIGH_FRAUD_MOTIVE, HIGH_SEXUAL_EXPLOITATION_MOTIVE, HIGH_WOMEN_CYBERCRIME",0.3611111111111111,0.7222222222222222,1.857142857142857
HIGH_FRAUD_MOTIVE,"HIGH_CHILD_CYBERCRIME, HIGH_IDENTITY_THEFT, HIGH_WOMEN_CYBERCRIME",0.3611111111111111,0.7222222222222222,1.857142857142857
HIGH_WOMEN_CYBERCRIME,"HIGH_CHILD_CYBERCRIME, HIGH_FRAUD_MOTIVE, HIGH_IDENTITY_THEFT",0.3611111111111111,0.7222222222222222,1.857142857142857
HIGH_CHILD_CYBERCRIME,"HIGH_FRAUD_MOTIVE, HIGH_IDENTITY_THEFT, HIGH_WOMEN_CYBERCRIME",0.3611111111111111,0.7222222222222222,1.857142857142857
HIGH_EXTORTION_MOTIVE,"HIGH_CHILD_CYBERCRIME, HIGH_FRAUD_MOTIVE, HIGH_WOMEN_CYBERCRIME",0.3611111111111111,0.7222222222222222,1.857142857142857
HIGH_FRAUD_MOTIVE,"HIGH_CHILD_CYBERCRIME, HIGH_EXTORTION_MOTIVE, HIGH_WOMEN_CYBERCRIME",0.3611111111111111,0.7222222222222222,1.857142857142857
HIGH_WOMEN_CYBERCRIME,"HIGH_CHILD_CYBERCRIME, HIGH_EXTORTION_MOTIVE, HIGH_FRAUD_MOTIVE",0.3611111111111111,0.7222222222222222,1.857142857142857
HIGH_CHILD_CYBERCRIME,"HIGH_EXTORTION_MOTIVE, HIGH_FRAUD_MOTIVE, HIGH_WOMEN_CYBERCRIME",0.3611111111111111,0.7222222222222222,1.857142857142857
HIGH_SEXUAL_EXPLOITATION_MOTIVE,"HIGH_EXTORTION_MOTIVE, HIGH_FRAUD_MOTIVE, HIGH_IDENTITY_THEFT, HIGH_SEC66D_CHEATING",0.3611111111111111,0.7222222222222222,1.857142857142857
HIGH_FRAUD_MOTIVE,"HIGH_CHILD_CYBERCRIME, HIGH_IDENTITY_THEFT, HIGH_SEXUAL_EXPLOITATION_MOTIVE, HIGH_WOMEN_CYBERCRIME",0.3611111111111111,0.7222222222222222,1.857142857142857
HIGH_WOMEN_CYBERCRIME,"HIGH_CHILD_CYBERCRIME, HIGH_FRAUD_MOTIVE, HIGH_IDENTITY_THEFT, HIGH_SEXUAL_EXPLOITATION_MOTIVE",0.3611111111111111,0.7222222222222222,1.857142857142857
HIGH_CHILD_CYBERCRIME,"HIGH_FRAUD_MOTIVE, HIGH_IDENTITY_THEFT, HIGH_SEXUAL_EXPLOITATION_MOTIVE, HIGH_WOMEN_CYBERCRIME",0.3611111111111111,0.7222222222222222,1.857142857142857
HIGH_FRAUD_MOTIVE,"HIGH_CHILD_CYBERCRIME, HIGH_EXTORTION_MOTIVE, HIGH_IDENTITY_THEFT, HIGH_WOMEN_CYBERCRIME",0.3611111111111111,0.7222222222222222,1.857142857142857
HIGH_WOMEN_CYBERCRIME,"HIGH_CHILD_CYBERCRIME, HIGH_EXTORTION_MOTIVE, HIGH_FRAUD_MOTIVE, HIGH_IDENTITY_THEFT",0.3611111111111111,0.7222222222222222,1.857142857142857
HIGH_CHILD_CYBERCRIME,"HIGH_EXTORTION_MOTIVE, HIGH_FRAUD_MOTIVE, HIGH_IDENTITY_THEFT, HIGH_WOMEN_CYBERCRIME",0.3611111111111111,0.7222222222222222,1.857142857142857
HIGH_FRAUD_MOTIVE,"HIGH_CHILD_CYBERCRIME, HIGH_EXTORTION_MOTIVE, HIGH_SEXUAL_EXPLOITATION_MOTIVE, HIGH_WOMEN_CYBERCRIME",0.3611111111111111,0.7222222222222222,1.857142857142857
HIGH_WOMEN_CYBERCRIME,"HIGH_CHILD_CYBERCRIME, HIGH_EXTORTION_MOTIVE, HIGH_FRAUD_MOTIVE, HIGH_SEXUAL_EXPLOITATION_MOTIVE",0.3611111111111111,0.7222222222222222,1.857142857142857
HIGH_CHILD_CYBERCRIME,"HIGH_EXTORTION_MOTIVE, HIGH_FRAUD_MOTIVE, HIGH_SEXUAL_EXPLOITATION_MOTIVE, HIGH_WOMEN_CYBERCRIME",0.3611111111111111,0.7222222222222222,1.857142857142857
HIGH_FRAUD_MOTIVE,"HIGH_CHILD_CYBERCRIME, HIGH_EXTORTION_MOTIVE, HIGH_IDENTITY_THEFT, HIGH_SEXUAL_EXPLOITATION_MOTIVE, HIGH_WOMEN_CYBERCRIME",0.3611111111111111,0.7222222222222222,1.857142857142857
HIGH_WOMEN_CYBERCRIME,"HIGH_CHILD_CYBERCRIME, HIGH_EXTORTION_MOTIVE, HIGH_FRAUD_MOTIVE, HIGH_IDENTITY_THEFT, HIGH_SEXUAL_EXPLOITATION_MOTIVE",0.3611111111111111,0.7222222222222222,1.857142857142857
HIGH_CHILD_CYBERCRIME,"HIGH_EXTORTION_MOTIVE, HIGH_FRAUD_MOTIVE, HIGH_IDENTITY_THEFT, HIGH_SEXUAL_EXPLOITATION_MOTIVE, HIGH_WOMEN_CYBERCRIME",0.3611111111111111,0.7222222222222222,1.857142857142857
"HIGH_CHILD_CYBERCRIME, HIGH_WOMEN_CYBERCRIME","HIGH_EXTORTION_MOTIVE, HIGH_IDENTITY_THEFT",0.3888888888888889,0.8750000000000001,1.8529411764705885
"HIGH_CHILD_CYBERCRIME, HIGH_WOMEN_CYBERCRIME","HIGH_EXTORTION_MOTIVE, HIGH_SEXUAL_EXPLOITATION_MOTIVE",0.3888888888888889,0.8750000000000001,1.8529411764705885
"HIGH_EXTORTION_MOTIVE, HIGH_IDENTITY_THEFT","HIGH_CHILD_CYBERCRIME, HIGH_WOMEN_CYBERCRIME",0.3888888888888889,0.823529411764706,1.8529411764705885
"HIGH_EXTORTION_MOTIVE, HIGH_SEXUAL_EXPLOITATION_MOTIVE","HIGH_CHILD_CYBERCRIME, HIGH_WOMEN_CYBERCRIME",0.3888888888888889,0.823529411764706,1.8529411764705885
"HIGH_IDENTITY_THEFT, HIGH_SEC66D_CHEATING, HIGH_SEXUAL_EXPLOITATION_MOTIVE",HIGH_WOMEN_CYBERCRIME,0.3333333333333333,0.923076923076923,1.846153846153846
"HIGH_IDENTITY_THEFT, HIGH_SEC66D_CHEATING, HIGH_SEXUAL_EXPLOITATION_MOTIVE",HIGH_CHILD_CYBERCRIME,0.3333333333333333,0.923076923076923,1.846153846153846
"HIGH_FRAUD_MOTIVE, HIGH_SEC66D_CHEATING, HIGH_SEXUAL_EXPLOITATION_MOTIVE",HIGH_WOMEN_CYBERCRIME,0.3333333333333333,0.923076923076923,1.846153846153846
"HIGH_FRAUD_MOTIVE, HIGH_SEC66D_CHEATING, HIGH_SEXUAL_EXPLOITATION_MOTIVE",HIGH_CHILD_CYBERCRIME,0.3333333333333333,0.923076923076923,1.846153846153846
"HIGH_EXTORTION_MOTIVE, HIGH_IDENTITY_THEFT, HIGH_SEC66D_CHEATING, HIGH_SEXUAL_EXPLOITATION_MOTIVE",HIGH_WOMEN_CYBERCRIME,0.3333333333333333,0.923076923076923,1.846153846153846
"HIGH_EXTORTION_MOTIVE, HIGH_IDENTITY_THEFT, HIGH_SEC66D_CHEATING, HIGH_SEXUAL_EXPLOITATION_MOTIVE",HIGH_CHILD_CYBERCRIME,0.3333333333333333,0.923076923076923,1.846153846153846
"HIGH_EXTORTION_MOTIVE, HIGH_FRAUD_MOTIVE, HIGH_SEC66D_CHEATING, HIGH_SEXUAL_EXPLOITATION_MOTIVE",HIGH_WOMEN_CYBERCRIME,0.3333333333333333,0.923076923076923,1.846153846153846
"HIGH_FRAUD_MOTIVE, HIGH_IDENTITY_THEFT, HIGH_SEC66D_CHEATING, HIGH_SEXUAL_EXPLOITATION_MOTIVE",HIGH_WOMEN_CYBERCRIME,0.3333333333333333,0.923076923076923,1.846153846153846
"HIGH_EXTORTION_MOTIVE, HIGH_FRAUD_MOTIVE, HIGH_SEC66D_CHEATING, HIGH_SEXUAL_EXPLOITATION_MOTIVE",HIGH_CHILD_CYBERCRIME,0.3333333333333333,0.923076923076923,1.846153846153846
"HIGH_FRAUD_MOTIVE, HIGH_IDENTITY_THEFT, HIGH_SEC66D_CHEATING, HIGH_SEXUAL_EXPLOITATION_MOTIVE",HIGH_CHILD_CYBERCRIME,0.3333333333333333,0.923076923076923,1.846153846153846
"HIGH_EXTORTION_MOTIVE, HIGH_FRAUD_MOTIVE, HIGH_IDENTITY_THEFT, HIGH_SEC66D_CHEATING, HIGH_SEXUAL_EXPLOITATION_MOTIVE",HIGH_WOMEN_CYBERCRIME,0.3333333333333333,0.923076923076923,1.846153846153846
"HIGH_EXTORTION_MOTIVE, HIGH_FRAUD_MOTIVE, HIGH_IDENTITY_THEFT, HIGH_SEC66D_CHEATING, HIGH_SEXUAL_EXPLOITATION_MOTIVE",HIGH_CHILD_CYBERCRIME,0.3333333333333333,0.923076923076923,1.846153846153846
HIGH_WOMEN_CYBERCRIME,"HIGH_IDENTITY_THEFT, HIGH_SEC66D_CHEATING, HIGH_SEXUAL_EXPLOITATION_MOTIVE",0.3333333333333333,0.6666666666666666,1.846153846153846
HIGH_CHILD_CYBERCRIME,"HIGH_IDENTITY_THEFT, HIGH_SEC66D_CHEATING, HIGH_SEXUAL_EXPLOITATION_MOTIVE",0.3333333333333333,0.6666666666666666,1.846153846153846
HIGH_WOMEN_CYBERCRIME,"HIGH_FRAUD_MOTIVE, HIGH_SEC66D_CHEATING, HIGH_SEXUAL_EXPLOITATION_MOTIVE",0.3333333333333333,0.6666666666666666,1.846153846153846
HIGH_CHILD_CYBERCRIME,"HIGH_FRAUD_MOTIVE, HIGH_SEC66D_CHEATING, HIGH_SEXUAL_EXPLOITATION_MOTIVE",0.3333333333333333,0.6666666666666666,1.846153846153846
HIGH_WOMEN_CYBERCRIME,"HIGH_EXTORTION_MOTIVE, HIGH_IDENTITY_THEFT, HIGH_SEC66D_CHEATING, HIGH_SEXUAL_EXPLOITATION_MOTIVE",0.3333333333333333,0.6666666666666666,1.846153846153846
HIGH_CHILD_CYBERCRIME,"HIGH_EXTORTION_MOTIVE, HIGH_IDENTITY_THEFT, HIGH_SEC66D_CHEATING, HIGH_SEXUAL_EXPLOITATION_MOTIVE",0.3333333333333333,0.6666666666666666,1.846153846153846
HIGH_WOMEN_CYBERCRIME,"HIGH_EXTORTION_MOTIVE, HIGH_FRAUD_MOTIVE, HIGH_SEC66D_CHEATING, HIGH_SEXUAL_EXPLOITATION_MOTIVE",0.3333333333333333,0.6666666666666666,1.846153846153846
HIGH_WOMEN_CYBERCRIME,"HIGH_FRAUD_MOTIVE, HIGH_IDENTITY_THEFT, HIGH_SEC66D_CHEATING, HIGH_SEXUAL_EXPLOITATION_MOTIVE",0.3333333333333333,0.6666666666666666,1.846153846153846
HIGH_CHILD_CYBERCRIME,"HIGH_EXTORTION_MOTIVE, HIGH_FRAUD_MOTIVE, HIGH_SEC66D_CHEATING, HIGH_SEXUAL_EXPLOITATION_MOTIVE",0.3333333333333333,0.6666666666666666,1.846153846153846
HIGH_CHILD_CYBERCRIME,"HIGH_FRAUD_MOTIVE, HIGH_IDENTITY_THEFT, HIGH_SEC66D_CHEATING, HIGH_SEXUAL_EXPLOITATION_MOTIVE",0.3333333333333333,0.6666666666666666,1.846153846153846
HIGH_WOMEN_CYBERCRIME,"HIGH_EXTORTION_MOTIVE, HIGH_FRAUD_MOTIVE, HIGH_IDENTITY_THEFT, HIGH_SEC66D_CHEATING, HIGH_SEXUAL_EXPLOITATION_MOTIVE",0.3333333333333333,0.6666666666666666,1.846153846153846
HIGH_CHILD_CYBERCRIME,"HIGH_EXTORTION_MOTIVE, HIGH_FRAUD_MOTIVE, HIGH_IDENTITY_THEFT, HIGH_SEC66D_CHEATING, HIGH_SEXUAL_EXPLOITATION_MOTIVE",0.3333333333333333,0.6666666666666666,1.846153846153846
"HIGH_EXTORTION_MOTIVE, HIGH_SEXUAL_EXPLOITATION_MOTIVE","HIGH_FRAUD_MOTIVE, HIGH_SEC66D_CHEATING",0.3611111111111111,0.7647058823529412,1.835294117647059
"HIGH_FRAUD_MOTIVE, HIGH_SEC66D_CHEATING","HIGH_EXTORTION_MOTIVE, HIGH_SEXUAL_EXPLOITATION_MOTIVE",0.3611111111111111,0.8666666666666666,1.8352941176470587
"HIGH_CHILD_CYBERCRIME, HIGH_SEC66D_CHEATING",HIGH_WOMEN_CYBERCRIME,0.3055555555555556,0.9166666666666667,1.8333333333333335
"HIGH_SEC66D_CHEATING, HIGH_WOMEN_CYBERCRIME",HIGH_CHILD_CYBERCRIME,0.3055555555555556,0.9166666666666667,1.8333333333333335
"HIGH_CHILD_CYBERCRIME, HIGH_IDENTITY_THEFT, HIGH_SEC66D_CHEATING",HIGH_WOMEN_CYBERCRIME,0.3055555555555556,0.9166666666666667,1.8333333333333335
"HIGH_IDENTITY_THEFT, HIGH_SEC66D_CHEATING, HIGH_WOMEN_CYBERCRIME",HIGH_CHILD_CYBERCRIME,0.3055555555555556,0.9166666666666667,1.8333333333333335
"HIGH_CHILD_CYBERCRIME, HIGH_SEC66D_CHEATING, HIGH_SEXUAL_EXPLOITATION_MOTIVE",HIGH_WOMEN_CYBERCRIME,0.3055555555555556,0.9166666666666667,1.8333333333333335
"HIGH_SEC66D_CHEATING, HIGH_SEXUAL_EXPLOITATION_MOTIVE, HIGH_WOMEN_CYBERCRIME",HIGH_CHILD_CYBERCRIME,0.3055555555555556,0.9166666666666667,1.8333333333333335
"HIGH_CHILD_CYBERCRIME, HIGH_EXTORTION_MOTIVE, HIGH_SEC66D_CHEATING",HIGH_WOMEN_CYBERCRIME,0.3055555555555556,0.9166666666666667,1.8333333333333335
"HIGH_EXTORTION_MOTIVE, HIGH_SEC66D_CHEATING, HIGH_WOMEN_CYBERCRIME",HIGH_CHILD_CYBERCRIME,0.3055555555555556,0.9166666666666667,1.8333333333333335
"HIGH_FRAUD_MOTIVE, HIGH_SEC66D_CHEATING, HIGH_WOMEN_CYBERCRIME",HIGH_CHILD_CYBERCRIME,0.3055555555555556,0.9166666666666667,1.8333333333333335
"HIGH_CHILD_CYBERCRIME, HIGH_FRAUD_MOTIVE, HIGH_SEC66D_CHEATING",HIGH_WOMEN_CYBERCRIME,0.3055555555555556,0.9166666666666667,1.8333333333333335
"HIGH_IDENTITY_THEFT, HIGH_SEC66D_CHEATING, HIGH_SEXUAL_EXPLOITATION_MOTIVE, HIGH_WOMEN_CYBERCRIME",HIGH_CHILD_CYBERCRIME,0.3055555555555556,0.9166666666666667,1.8333333333333335
"HIGH_CHILD_CYBERCRIME, HIGH_IDENTITY_THEFT, HIGH_SEC66D_CHEATING, HIGH_SEXUAL_EXPLOITATION_MOTIVE",HIGH_WOMEN_CYBERCRIME,0.3055555555555556,0.9166666666666667,1.8333333333333335
"HIGH_EXTORTION_MOTIVE, HIGH_IDENTITY_THEFT, HIGH_SEC66D_CHEATING, HIGH_WOMEN_CYBERCRIME",HIGH_CHILD_CYBERCRIME,0.3055555555555556,0.9166666666666667,1.8333333333333335
"HIGH_CHILD_CYBERCRIME, HIGH_EXTORTION_MOTIVE, HIGH_IDENTITY_THEFT, HIGH_SEC66D_CHEATING",HIGH_WOMEN_CYBERCRIME,0.3055555555555556,0.9166666666666667,1.8333333333333335
"HIGH_EXTORTION_MOTIVE, HIGH_SEC66D_CHEATING, HIGH_SEXUAL_EXPLOITATION_MOTIVE, HIGH_WOMEN_CYBERCRIME",HIGH_CHILD_CYBERCRIME,0.3055555555555556,0.9166666666666667,1.8333333333333335
"HIGH_CHILD_CYBERCRIME, HIGH_EXTORTION_MOTIVE, HIGH_SEC66D_CHEATING, HIGH_SEXUAL_EXPLOITATION_MOTIVE",HIGH_WOMEN_CYBERCRIME,0.3055555555555556,0.9166666666666667,1.8333333333333335
"HIGH_EXTORTION_MOTIVE, HIGH_FRAUD_MOTIVE, HIGH_SEC66D_CHEATING, HIGH_WOMEN_CYBERCRIME",HIGH_CHILD_CYBERCRIME,0.3055555555555556,0.9166666666666667,1.8333333333333335
"HIGH_CHILD_CYBERCRIME, HIGH_EXTORTION_MOTIVE, HIGH_FRAUD_MOTIVE, HIGH_SEC66D_CHEATING",HIGH_WOMEN_CYBERCRIME,0.3055555555555556,0.9166666666666667,1.8333333333333335
"HIGH_FRAUD_MOTIVE, HIGH_IDENTITY_THEFT, HIGH_SEC66D_CHEATING, HIGH_WOMEN_CYBERCRIME",HIGH_CHILD_CYBERCRIME,0.3055555555555556,0.9166666666666667,1.8333333333333335
"HIGH_CHILD_CYBERCRIME, HIGH_FRAUD_MOTIVE, HIGH_IDENTITY_THEFT, HIGH_SEC66D_CHEATING",HIGH_WOMEN_CYBERCRIME,0.3055555555555556,0.9166666666666667,1.8333333333333335
"HIGH_FRAUD_MOTIVE, HIGH_SEC66D_CHEATING, HIGH_SEXUAL_EXPLOITATION_MOTIVE, HIGH_WOMEN_CYBERCRIME",HIGH_CHILD_CYBERCRIME,0.3055555555555556,0.9166666666666667,1.8333333333333335
"HIGH_CHILD_CYBERCRIME, HIGH_FRAUD_MOTIVE, HIGH_SEC66D_CHEATING, HIGH_SEXUAL_EXPLOITATION_MOTIVE",HIGH_WOMEN_CYBERCRIME,0.3055555555555556,0.9166666666666667,1.8333333333333335
"HIGH_EXTORTION_MOTIVE, HIGH_IDENTITY_THEFT, HIGH_SEC66D_CHEATING, HIGH_SEXUAL_EXPLOITATION_MOTIVE, HIGH_WOMEN_CYBERCRIME",HIGH_CHILD_CYBERCRIME,0.3055555555555556,0.9166666666666667,1.8333333333333335
"HIGH_CHILD_CYBERCRIME, HIGH_EXTORTION_MOTIVE, HIGH_IDENTITY_THEFT, HIGH_SEC66D_CHEATING, HIGH_SEXUAL_EXPLOITATION_MOTIVE",HIGH_WOMEN_CYBERCRIME,0.3055555555555556,0.9166666666666667,1.8333333333333335
"HIGH_EXTORTION_MOTIVE, HIGH_FRAUD_MOTIVE, HIGH_IDENTITY_THEFT, HIGH_SEC66D_CHEATING, HIGH_WOMEN_CYBERCRIME",HIGH_CHILD_CYBERCRIME,0.3055555555555556,0.9166666666666667,1.8333333333333335
"HIGH_CHILD_CYBERCRIME, HIGH_EXTORTION_MOTIVE, HIGH_FRAUD_MOTIVE, HIGH_IDENTITY_THEFT, HIGH_SEC66D_CHEATING",HIGH_WOMEN_CYBERCRIME,0.3055555555555556,0.9166666666666667,1.8333333333333335
"HIGH_EXTORTION_MOTIVE, HIGH_FRAUD_MOTIVE, HIGH_SEC66D_CHEATING, HIGH_SEXUAL_EXPLOITATION_MOTIVE, HIGH_WOMEN_CYBERCRIME",HIGH_CHILD_CYBERCRIME,0.3055555555555556,0.9166666666666667,1.8333333333333335
"HIGH_CHILD_CYBERCRIME, HIGH_EXTORTION_MOTIVE, HIGH_FRAUD_MOTIVE, HIGH_SEC66D_CHEATING, HIGH_SEXUAL_EXPLOITATION_MOTIVE",HIGH_WOMEN_CYBERCRIME,0.3055555555555556,0.9166666666666667,1.8333333333333335
"HIGH_FRAUD_MOTIVE, HIGH_IDENTITY_THEFT, HIGH_SEC66D_CHEATING, HIGH_SEXUAL_EXPLOITATION_MOTIVE, HIGH_WOMEN_CYBERCRIME",HIGH_CHILD_CYBERCRIME,0.3055555555555556,0.9166666666666667,1.8333333333333335
"HIGH_CHILD_CYBERCRIME, HIGH_FRAUD_MOTIVE, HIGH_IDENTITY_THEFT, HIGH_SEC66D_CHEATING, HIGH_SEXUAL_EXPLOITATION_MOTIVE",HIGH_WOMEN_CYBERCRIME,0.3055555555555556,0.9166666666666667,1.8333333333333335
"HIGH_EXTORTION_MOTIVE, HIGH_FRAUD_MOTIVE, HIGH_IDENTITY_THEFT, HIGH_SEC66D_CHEATING, HIGH_SEXUAL_EXPLOITATION_MOTIVE, HIGH_WOMEN_CYBERCRIME",HIGH_CHILD_CYBERCRIME,0.3055555555555556,0.9166666666666667,1.8333333333333335
"HIGH_CHILD_CYBERCRIME, HIGH_EXTORTION_MOTIVE, HIGH_FRAUD_MOTIVE, HIGH_IDENTITY_THEFT, HIGH_SEC66D_CHEATING, HIGH_SEXUAL_EXPLOITATION_MOTIVE",HIGH_WOMEN_CYBERCRIME,0.3055555555555556,0.9166666666666667,1.8333333333333335
HIGH_CHILD_CYBERCRIME,"HIGH_SEC66D_CHEATING, HIGH_WOMEN_CYBERCRIME",0.3055555555555556,0.6111111111111112,1.8333333333333335
HIGH_WOMEN_CYBERCRIME,"HIGH_CHILD_CYBERCRIME, HIGH_SEC66D_CHEATING",0.3055555555555556,0.6111111111111112,1.8333333333333335
HIGH_CHILD_CYBERCRIME,"HIGH_IDENTITY_THEFT, HIGH_SEC66D_CHEATING, HIGH_WOMEN_CYBERCRIME",0.3055555555555556,0.6111111111111112,1.8333333333333335
HIGH_WOMEN_CYBERCRIME,"HIGH_CHILD_CYBERCRIME, HIGH_IDENTITY_THEFT, HIGH_SEC66D_CHEATING",0.3055555555555556,0.6111111111111112,1.8333333333333335
HIGH_CHILD_CYBERCRIME,"HIGH_SEC66D_CHEATING, HIGH_SEXUAL_EXPLOITATION_MOTIVE, HIGH_WOMEN_CYBERCRIME",0.3055555555555556,0.6111111111111112,1.8333333333333335
HIGH_WOMEN_CYBERCRIME,"HIGH_CHILD_CYBERCRIME, HIGH_SEC66D_CHEATING, HIGH_SEXUAL_EXPLOITATION_MOTIVE",0.3055555555555556,0.6111111111111112,1.8333333333333335
HIGH_CHILD_CYBERCRIME,"HIGH_EXTORTION_MOTIVE, HIGH_SEC66D_CHEATING, HIGH_WOMEN_CYBERCRIME",0.3055555555555556,0.6111111111111112,1.8333333333333335
HIGH_WOMEN_CYBERCRIME,"HIGH_CHILD_CYBERCRIME, HIGH_EXTORTION_MOTIVE, HIGH_SEC66D_CHEATING",0.3055555555555556,0.6111111111111112,1.8333333333333335
HIGH_WOMEN_CYBERCRIME,"HIGH_CHILD_CYBERCRIME, HIGH_FRAUD_MOTIVE, HIGH_SEC66D_CHEATING",0.3055555555555556,0.6111111111111112,1.8333333333333335
HIGH_CHILD_CYBERCRIME,"HIGH_FRAUD_MOTIVE, HIGH_SEC66D_CHEATING, HIGH_WOMEN_CYBERCRIME",0.3055555555555556,0.6111111111111112,1.8333333333333335
HIGH_WOMEN_CYBERCRIME,"HIGH_CHILD_CYBERCRIME, HIGH_IDENTITY_THEFT, HIGH_SEC66D_CHEATING, HIGH_SEXUAL_EXPLOITATION_MOTIVE",0.3055555555555556,0.6111111111111112,1.8333333333333335
HIGH_CHILD_CYBERCRIME,"HIGH_IDENTITY_THEFT, HIGH_SEC66D_CHEATING, HIGH_SEXUAL_EXPLOITATION_MOTIVE, HIGH_WOMEN_CYBERCRIME",0.3055555555555556,0.6111111111111112,1.8333333333333335
HIGH_WOMEN_CYBERCRIME,"HIGH_CHILD_CYBERCRIME, HIGH_EXTORTION_MOTIVE, HIGH_IDENTITY_THEFT, HIGH_SEC66D_CHEATING",0.3055555555555556,0.6111111111111112,1.8333333333333335
HIGH_CHILD_CYBERCRIME,"HIGH_EXTORTION_MOTIVE, HIGH_IDENTITY_THEFT, HIGH_SEC66D_CHEATING, HIGH_WOMEN_CYBERCRIME",0.3055555555555556,0.6111111111111112,1.8333333333333335
HIGH_WOMEN_CYBERCRIME,"HIGH_CHILD_CYBERCRIME, HIGH_EXTORTION_MOTIVE, HIGH_SEC66D_CHEATING, HIGH_SEXUAL_EXPLOITATION_MOTIVE",0.3055555555555556,0.6111111111111112,1.8333333333333335
HIGH_CHILD_CYBERCRIME,"HIGH_EXTORTION_MOTIVE, HIGH_SEC66D_CHEATING, HIGH_SEXUAL_EXPLOITATION_MOTIVE, HIGH_WOMEN_CYBERCRIME",0.3055555555555556,0.6111111111111112,1.8333333333333335
HIGH_WOMEN_CYBERCRIME,"HIGH_CHILD_CYBERCRIME, HIGH_EXTORTION_MOTIVE, HIGH_FRAUD_MOTIVE, HIGH_SEC66D_CHEATING",0.3055555555555556,0.6111111111111112,1.8333333333333335
HIGH_CHILD_CYBERCRIME,"HIGH_EXTORTION_MOTIVE, HIGH_FRAUD_MOTIVE, HIGH_SEC66D_CHEATING, HIGH_WOMEN_CYBERCRIME",0.3055555555555556,0.6111111111111112,1.8333333333333335
HIGH_WOMEN_CYBERCRIME,"HIGH_CHILD_CYBERCRIME, HIGH_FRAUD_MOTIVE, HIGH_IDENTITY_THEFT, HIGH_SEC66D_CHEATING",0.3055555555555556,0.6111111111111112,1.8333333333333335
HIGH_CHILD_CYBERCRIME,"HIGH_FRAUD_MOTIVE, HIGH_IDENTITY_THEFT, HIGH_SEC66D_CHEATING, HIGH_WOMEN_CYBERCRIME",0.3055555555555556,0.6111111111111112,1.8333333333333335
HIGH_WOMEN_CYBERCRIME,"HIGH_CHILD_CYBERCRIME, HIGH_FRAUD_MOTIVE, HIGH_SEC66D_CHEATING, HIGH_SEXUAL_EXPLOITATION_MOTIVE",0.3055555555555556,0.6111111111111112,1.8333333333333335
HIGH_CHILD_CYBERCRIME,"HIGH_FRAUD_MOTIVE, HIGH_SEC66D_CHEATING, HIGH_SEXUAL_EXPLOITATION_MOTIVE, HIGH_WOMEN_CYBERCRIME",0.3055555555555556,0.6111111111111112,1.8333333333333335
HIGH_WOMEN_CYBERCRIME,"HIGH_CHILD_CYBERCRIME, HIGH_EXTORTION_MOTIVE, HIGH_IDENTITY_THEFT, HIGH_SEC66D_CHEATING, HIGH_SEXUAL_EXPLOITATION_MOTIVE",0.3055555555555556,0.6111111111111112,1.8333333333333335
HIGH_CHILD_CYBERCRIME,"HIGH_EXTORTION_MOTIVE, HIGH_IDENTITY_THEFT, HIGH_SEC66D_CHEATING, HIGH_SEXUAL_EXPLOITATION_MOTIVE, HIGH_WOMEN_CYBERCRIME",0.3055555555555556,0.6111111111111112,1.8333333333333335
HIGH_WOMEN_CYBERCRIME,"HIGH_CHILD_CYBERCRIME, HIGH_EXTORTION_MOTIVE, HIGH_FRAUD_MOTIVE, HIGH_IDENTITY_THEFT, HIGH_SEC66D_CHEATING",0.3055555555555556,0.6111111111111112,1.8333333333333335
HIGH_CHILD_CYBERCRIME,"HIGH_EXTORTION_MOTIVE, HIGH_FRAUD_MOTIVE, HIGH_IDENTITY_THEFT, HIGH_SEC66D_CHEATING, HIGH_WOMEN_CYBERCRIME",0.3055555555555556,0.6111111111111112,1.8333333333333335
HIGH_WOMEN_CYBERCRIME,"HIGH_CHILD_CYBERCRIME, HIGH_EXTORTION_MOTIVE, HIGH_FRAUD_MOTIVE, HIGH_SEC66D_CHEATING, HIGH_SEXUAL_EXPLOITATION_MOTIVE",0.3055555555555556,0.6111111111111112,1.8333333333333335
HIGH_CHILD_CYBERCRIME,"HIGH_EXTORTION_MOTIVE, HIGH_FRAUD_MOTIVE, HIGH_SEC66D_CHEATING, HIGH_SEXUAL_EXPLOITATION_MOTIVE, HIGH_WOMEN_CYBERCRIME",0.3055555555555556,0.6111111111111112,1.8333333333333335
HIGH_WOMEN_CYBERCRIME,"HIGH_CHILD_CYBERCRIME, HIGH_FRAUD_MOTIVE, HIGH_IDENTITY_THEFT, HIGH_SEC66D_CHEATING, HIGH_SEXUAL_EXPLOITATION_MOTIVE",0.3055555555555556,0.6111111111111112,1.8333333333333335
HIGH_CHILD_CYBERCRIME,"HIGH_FRAUD_MOTIVE, HIGH_IDENTITY_THEFT, HIGH_SEC66D_CHEATING, HIGH_SEXUAL_EXPLOITATION_MOTIVE, HIGH_WOMEN_CYBERCRIME",0.3055555555555556,0.6111111111111112,1.8333333333333335
HIGH_WOMEN_CYBERCRIME,"HIGH_CHILD_CYBERCRIME, HIGH_EXTORTION_MOTIVE, HIGH_FRAUD_MOTIVE, HIGH_IDENTITY_THEFT, HIGH_SEC66D_CHEATING, HIGH_SEXUAL_EXPLOITATION_MOTIVE",0.3055555555555556,0.6111111111111112,1.8333333333333335
HIGH_CHILD_CYBERCRIME,"HIGH_EXTORTION_MOTIVE, HIGH_FRAUD_MOTIVE, HIGH_IDENTITY_THEFT, HIGH_SEC66D_CHEATING, HIGH_SEXUAL_EXPLOITATION_MOTIVE, HIGH_WOMEN_CYBERCRIME",0.3055555555555556,0.6111111111111112,1.8333333333333335
"HIGH_FRAUD_MOTIVE, HIGH_IDENTITY_THEFT","HIGH_CHILD_CYBERCRIME, HIGH_WOMEN_CYBERCRIME",0.3611111111111111,0.8125,1.828125
"HIGH_CHILD_CYBERCRIME, HIGH_WOMEN_CYBERCRIME","HIGH_FRAUD_MOTIVE, HIGH_IDENTITY_THEFT",0.3611111111111111,0.8125,1.828125
"HIGH_EXTORTION_MOTIVE, HIGH_FRAUD_MOTIVE","HIGH_CHILD_CYBERCRIME, HIGH_WOMEN_CYBERCRIME",0.3611111111111111,0.8125,1.828125
"HIGH_CHILD_CYBERCRIME, HIGH_WOMEN_CYBERCRIME","HIGH_EXTORTION_MOTIVE, HIGH_FRAUD_MOTIVE",0.3611111111111111,0.8125,1.828125
"HIGH_EXTORTION_MOTIVE, HIGH_FRAUD_MOTIVE, HIGH_IDENTITY_THEFT","HIGH_CHILD_CYBERCRIME, HIGH_WOMEN_CYBERCRIME",0.3611111111111111,0.8125,1.828125
"HIGH_CHILD_CYBERCRIME, HIGH_WOMEN_CYBERCRIME","HIGH_EXTORTION_MOTIVE, HIGH_FRAUD_MOTIVE, HIGH_IDENTITY_THEFT",0.3611111111111111,0.8125,1.828125
"HIGH_EXTORTION_MOTIVE, HIGH_SEC66D_CHEATING","HIGH_SEXUAL_EXPLOITATION_MOTIVE, HIGH_WOMEN_CYBERCRIME",0.3333333333333333,0.7999999999999999,1.8
"HIGH_EXTORTION_MOTIVE, HIGH_SEC66D_CHEATING","HIGH_CHILD_CYBERCRIME, HIGH_SEXUAL_EXPLOITATION_MOTIVE",0.3333333333333333,0.7999999999999999,1.8
"HIGH_FRAUD_MOTIVE, HIGH_SEC66D_CHEATING","HIGH_SEXUAL_EXPLOITATION_MOTIVE, HIGH_WOMEN_CYBERCRIME",0.3333333333333333,0.7999999999999999,1.8
"HIGH_FRAUD_MOTIVE, HIGH_SEC66D_CHEATING","HIGH_CHILD_CYBERCRIME, HIGH_SEXUAL_EXPLOITATION_MOTIVE",0.3333333333333333,0.7999999999999999,1.8
"HIGH_SEXUAL_EXPLOITATION_MOTIVE, HIGH_WOMEN_CYBERCRIME","HIGH_EXTORTION_MOTIVE, HIGH_SEC66D_CHEATING",0.3333333333333333,0.75,1.7999999999999998
"HIGH_CHILD_CYBERCRIME, HIGH_SEXUAL_EXPLOITATION_MOTIVE","HIGH_EXTORTION_MOTIVE, HIGH_SEC66D_CHEATING",0.3333333333333333,0.75,1.7999999999999998
"HIGH_SEXUAL_EXPLOITATION_MOTIVE, HIGH_WOMEN_CYBERCRIME","HIGH_FRAUD_MOTIVE, HIGH_SEC66D_CHEATING",0.3333333333333333,0.75,1.7999999999999998
"HIGH_CHILD_CYBERCRIME, HIGH_SEXUAL_EXPLOITATION_MOTIVE","HIGH_FRAUD_MOTIVE, HIGH_SEC66D_CHEATING",0.3333333333333333,0.75,1.7999999999999998
HIGH_EXTORTION_MOTIVE,HIGH_IDENTITY_THEFT,0.4722222222222222,0.9444444444444444,1.7894736842105263
HIGH_IDENTITY_THEFT,HIGH_EXTORTION_MOTIVE,0.4722222222222222,0.8947368421052632,1.7894736842105263
"HIGH_EXTORTION_MOTIVE, HIGH_SEXUAL_EXPLOITATION_MOTIVE",HIGH_IDENTITY_THEFT,0.4444444444444444,0.9411764705882353,1.78328173374613
HIGH_IDENTITY_THEFT,"HIGH_EXTORTION_MOTIVE, HIGH_SEXUAL_EXPLOITATION_MOTIVE",0.4444444444444444,0.8421052631578947,1.78328173374613
HIGH_CHILD_CYBERCRIME,HIGH_SEXUAL_EXPLOITATION_MOTIVE,0.4444444444444444,0.8888888888888888,1.7777777777777777
HIGH_SEXUAL_EXPLOITATION_MOTIVE,HIGH_CHILD_CYBERCRIME,0.4444444444444444,0.8888888888888888,1.7777777777777777
HIGH_SEXUAL_EXPLOITATION_MOTIVE,HIGH_WOMEN_CYBERCRIME,0.4444444444444444,0.8888888888888888,1.7777777777777777
HIGH_WOMEN_CYBERCRIME,HIGH_SEXUAL_EXPLOITATION_MOTIVE,0.4444444444444444,0.8888888888888888,1.7777777777777777
HIGH_CHILD_CYBERCRIME,HIGH_WOMEN_CYBERCRIME,0.4444444444444444,0.8888888888888888,1.7777777777777777
HIGH_WOMEN_CYBERCRIME,HIGH_CHILD_CYBERCRIME,0.4444444444444444,0.8888888888888888,1.7777777777777777
HIGH_EXTORTION_MOTIVE,HIGH_FRAUD_MOTIVE,0.4444444444444444,0.8888888888888888,1.7777777777777777
HIGH_FRAUD_MOTIVE,HIGH_EXTORTION_MOTIVE,0.4444444444444444,0.8888888888888888,1.7777777777777777
"HIGH_CHILD_CYBERCRIME, HIGH_SEXUAL_EXPLOITATION_MOTIVE",HIGH_IDENTITY_THEFT,0.4166666666666667,0.9375000000000001,1.7763157894736843
"HIGH_SEXUAL_EXPLOITATION_MOTIVE, HIGH_WOMEN_CYBERCRIME",HIGH_IDENTITY_THEFT,0.4166666666666667,0.9375000000000001,1.7763157894736843
HIGH_IDENTITY_THEFT,"HIGH_CHILD_CYBERCRIME, HIGH_SEXUAL_EXPLOITATION_MOTIVE",0.4166666666666667,0.7894736842105263,1.7763157894736843
HIGH_IDENTITY_THEFT,"HIGH_SEXUAL_EXPLOITATION_MOTIVE, HIGH_WOMEN_CYBERCRIME",0.4166666666666667,0.7894736842105263,1.7763157894736843
"HIGH_EXTORTION_MOTIVE, HIGH_SEC66D_CHEATING",HIGH_IDENTITY_THEFT,0.3888888888888889,0.9333333333333333,1.768421052631579
"HIGH_FRAUD_MOTIVE, HIGH_SEC66D_CHEATING",HIGH_IDENTITY_THEFT,0.3888888888888889,0.9333333333333333,1.768421052631579
"HIGH_FRAUD_MOTIVE, HIGH_WOMEN_CYBERCRIME",HIGH_IDENTITY_THEFT,0.3888888888888889,0.9333333333333333,1.768421052631579
"HIGH_CHILD_CYBERCRIME, HIGH_FRAUD_MOTIVE",HIGH_IDENTITY_THEFT,0.3888888888888889,0.9333333333333333,1.768421052631579
"HIGH_CHILD_CYBERCRIME, HIGH_SEXUAL_EXPLOITATION_MOTIVE, HIGH_WOMEN_CYBERCRIME",HIGH_IDENTITY_THEFT,0.3888888888888889,0.9333333333333333,1.768421052631579
HIGH_IDENTITY_THEFT,"HIGH_EXTORTION_MOTIVE, HIGH_SEC66D_CHEATING",0.3888888888888889,0.7368421052631579,1.7684210526315787
HIGH_IDENTITY_THEFT,"HIGH_FRAUD_MOTIVE, HIGH_SEC66D_CHEATING",0.3888888888888889,0.7368421052631579,1.7684210526315787
HIGH_IDENTITY_THEFT,"HIGH_FRAUD_MOTIVE, HIGH_WOMEN_CYBERCRIME",0.3888888888888889,0.7368421052631579,1.7684210526315787
HIGH_IDENTITY_THEFT,"HIGH_CHILD_CYBERCRIME, HIGH_FRAUD_MOTIVE",0.3888888888888889,0.7368421052631579,1.7684210526315787
HIGH_IDENTITY_THEFT,"HIGH_CHILD_CYBERCRIME, HIGH_SEXUAL_EXPLOITATION_MOTIVE, HIGH_WOMEN_CYBERCRIME",0.3888888888888889,0.7368421052631579,1.7684210526315787
"HIGH_IDENTITY_THEFT, HIGH_SEC66D_CHEATING","HIGH_CHILD_CYBERCRIME, HIGH_WOMEN_CYBERCRIME",0.3055555555555556,0.7857142857142858,1.7678571428571432
"HIGH_SEC66D_CHEATING, HIGH_SEXUAL_EXPLOITATION_MOTIVE","HIGH_CHILD_CYBERCRIME, HIGH_WOMEN_CYBERCRIME",0.3055555555555556,0.7857142857142858,1.7678571428571432
"HIGH_EXTORTION_MOTIVE, HIGH_IDENTITY_THEFT, HIGH_SEC66D_CHEATING","HIGH_CHILD_CYBERCRIME, HIGH_WOMEN_CYBERCRIME",0.3055555555555556,0.7857142857142858,1.7678571428571432
"HIGH_EXTORTION_MOTIVE, HIGH_SEC66D_CHEATING, HIGH_SEXUAL_EXPLOITATION_MOTIVE","HIGH_CHILD_CYBERCRIME, HIGH_WOMEN_CYBERCRIME",0.3055555555555556,0.7857142857142858,1.7678571428571432
"HIGH_EXTORTION_MOTIVE, HIGH_FRAUD_MOTIVE, HIGH_SEC66D_CHEATING","HIGH_CHILD_CYBERCRIME, HIGH_WOMEN_CYBERCRIME",0.3055555555555556,0.7857142857142858,1.7678571428571432
"HIGH_FRAUD_MOTIVE, HIGH_IDENTITY_THEFT, HIGH_SEC66D_CHEATING","HIGH_CHILD_CYBERCRIME, HIGH_WOMEN_CYBERCRIME",0.3055555555555556,0.7857142857142858,1.7678571428571432
"HIGH_EXTORTION_MOTIVE, HIGH_FRAUD_MOTIVE, HIGH_IDENTITY_THEFT, HIGH_SEC66D_CHEATING","HIGH_CHILD_CYBERCRIME, HIGH_WOMEN_CYBERCRIME",0.3055555555555556,0.7857142857142858,1.7678571428571432
"HIGH_CHILD_CYBERCRIME, HIGH_WOMEN_CYBERCRIME","HIGH_IDENTITY_THEFT, HIGH_SEC66D_CHEATING",0.3055555555555556,0.6875000000000001,1.767857142857143
"HIGH_CHILD_CYBERCRIME, HIGH_WOMEN_CYBERCRIME","HIGH_SEC66D_CHEATING, HIGH_SEXUAL_EXPLOITATION_MOTIVE",0.3055555555555556,0.6875000000000001,1.767857142857143
"HIGH_CHILD_CYBERCRIME, HIGH_WOMEN_CYBERCRIME","HIGH_EXTORTION_MOTIVE, HIGH_IDENTITY_THEFT, HIGH_SEC66D_CHEATING",0.3055555555555556,0.6875000000000001,1.767857142857143
"HIGH_CHILD_CYBERCRIME, HIGH_WOMEN_CYBERCRIME","HIGH_EXTORTION_MOTIVE, HIGH_SEC66D_CHEATING, HIGH_SEXUAL_EXPLOITATION_MOTIVE",0.3055555555555556,0.6875000000000001,1.767857142857143
"HIGH_CHILD_CYBERCRIME, HIGH_WOMEN_CYBERCRIME","HIGH_EXTORTION_MOTIVE, HIGH_FRAUD_MOTIVE, HIGH_SEC66D_CHEATING",0.3055555555555556,0.6875000000000001,1.767857142857143
"HIGH_CHILD_CYBERCRIME, HIGH_WOMEN_CYBERCRIME","HIGH_FRAUD_MOTIVE, HIGH_IDENTITY_THEFT, HIGH_SEC66D_CHEATING",0.3055555555555556,0.6875000000000001,1.767857142857143
"HIGH_CHILD_CYBERCRIME, HIGH_WOMEN_CYBERCRIME","HIGH_EXTORTION_MOTIVE, HIGH_FRAUD_MOTIVE, HIGH_IDENTITY_THEFT, HIGH_SEC66D_CHEATING",0.3055555555555556,0.6875000000000001,1.767857142857143
"HIGH_EXTORTION_MOTIVE, HIGH_IDENTITY_THEFT",HIGH_WOMEN_CYBERCRIME,0.4166666666666667,0.8823529411764707,1.7647058823529413
"HIGH_EXTORTION_MOTIVE, HIGH_SEXUAL_EXPLOITATION_MOTIVE",HIGH_WOMEN_CYBERCRIME,0.4166666666666667,0.8823529411764707,1.7647058823529413
"HIGH_EXTORTION_MOTIVE, HIGH_IDENTITY_THEFT",HIGH_CHILD_CYBERCRIME,0.4166666666666667,0.8823529411764707,1.7647058823529413
"HIGH_EXTORTION_MOTIVE, HIGH_SEXUAL_EXPLOITATION_MOTIVE",HIGH_CHILD_CYBERCRIME,0.4166666666666667,0.8823529411764707,1.7647058823529413
"HIGH_EXTORTION_MOTIVE, HIGH_SEXUAL_EXPLOITATION_MOTIVE",HIGH_FRAUD_MOTIVE,0.4166666666666667,0.8823529411764707,1.7647058823529413
HIGH_WOMEN_CYBERCRIME,"HIGH_EXTORTION_MOTIVE, HIGH_IDENTITY_THEFT",0.4166666666666667,0.8333333333333334,1.7647058823529413
HIGH_WOMEN_CYBERCRIME,"HIGH_EXTORTION_MOTIVE, HIGH_SEXUAL_EXPLOITATION_MOTIVE",0.4166666666666667,0.8333333333333334,1.7647058823529413
HIGH_CHILD_CYBERCRIME,"HIGH_EXTORTION_MOTIVE, HIGH_IDENTITY_THEFT",0.4166666666666667,0.8333333333333334,1.7647058823529413
HIGH_CHILD_CYBERCRIME,"HIGH_EXTORTION_MOTIVE, HIGH_SEXUAL_EXPLOITATION_MOTIVE",0.4166666666666667,0.8333333333333334,1.7647058823529413
HIGH_FRAUD_MOTIVE,"HIGH_EXTORTION_MOTIVE, HIGH_SEXUAL_EXPLOITATION_MOTIVE",0.4166666666666667,0.8333333333333334,1.7647058823529413
"HIGH_CHILD_CYBERCRIME, HIGH_SEXUAL_EXPLOITATION_MOTIVE, HIGH_WOMEN_CYBERCRIME","HIGH_EXTORTION_MOTIVE, HIGH_SEC66D_CHEATING",0.3055555555555556,0.7333333333333334,1.76
"HIGH_EXTORTION_MOTIVE, HIGH_SEC66D_CHEATING","HIGH_CHILD_CYBERCRIME, HIGH_SEXUAL_EXPLOITATION_MOTIVE, HIGH_WOMEN_CYBERCRIME",0.3055555555555556,0.7333333333333334,1.76
"HIGH_CHILD_CYBERCRIME, HIGH_SEXUAL_EXPLOITATION_MOTIVE, HIGH_WOMEN_CYBERCRIME","HIGH_FRAUD_MOTIVE, HIGH_SEC66D_CHEATING",0.3055555555555556,0.7333333333333334,1.76
"HIGH_FRAUD_MOTIVE, HIGH_SEC66D_CHEATING","HIGH_CHILD_CYBERCRIME, HIGH_SEXUAL_EXPLOITATION_MOTIVE, HIGH_WOMEN_CYBERCRIME",0.3055555555555556,0.7333333333333334,1.76
HIGH_IDENTITY_THEFT,"HIGH_SEC66D_CHEATING, HIGH_SEXUAL_EXPLOITATION_MOTIVE",0.3611111111111111,0.6842105263157895,1.7593984962406015
HIGH_IDENTITY_THEFT,"HIGH_EXTORTION_MOTIVE, HIGH_SEC66D_CHEATING, HIGH_SEXUAL_EXPLOITATION_MOTIVE",0.3611111111111111,0.6842105263157895,1.7593984962406015
HIGH_IDENTITY_THEFT,"HIGH_CHILD_CYBERCRIME, HIGH_FRAUD_MOTIVE, HIGH_WOMEN_CYBERCRIME",0.3611111111111111,0.6842105263157895,1.7593984962406015
"HIGH_SEC66D_CHEATING, HIGH_SEXUAL_EXPLOITATION_MOTIVE",HIGH_IDENTITY_THEFT,0.3611111111111111,0.9285714285714285,1.7593984962406013
"HIGH_EXTORTION_MOTIVE, HIGH_SEC66D_CHEATING, HIGH_SEXUAL_EXPLOITATION_MOTIVE",HIGH_IDENTITY_THEFT,0.3611111111111111,0.9285714285714285,1.7593984962406013
"HIGH_CHILD_CYBERCRIME, HIGH_FRAUD_MOTIVE, HIGH_WOMEN_CYBERCRIME",HIGH_IDENTITY_THEFT,0.3611111111111111,0.9285714285714285,1.7593984962406013
"HIGH_CHILD_CYBERCRIME, HIGH_WOMEN_CYBERCRIME",HIGH_EXTORTION_MOTIVE,0.3888888888888889,0.8750000000000001,1.7500000000000002
"HIGH_FRAUD_MOTIVE, HIGH_IDENTITY_THEFT",HIGH_SEC66D_CHEATING,0.3888888888888889,0.8750000000000001,1.7500000000000002
"HIGH_EXTORTION_MOTIVE, HIGH_FRAUD_MOTIVE",HIGH_SEC66D_CHEATING,0.3888888888888889,0.8750000000000001,1.7500000000000002
"HIGH_FRAUD_MOTIVE, HIGH_IDENTITY_THEFT",HIGH_WOMEN_CYBERCRIME,0.3888888888888889,0.8750000000000001,1.7500000000000002
"HIGH_EXTORTION_MOTIVE, HIGH_FRAUD_MOTIVE",HIGH_WOMEN_CYBERCRIME,0.3888888888888889,0.8750000000000001,1.7500000000000002
"HIGH_SEXUAL_EXPLOITATION_MOTIVE, HIGH_WOMEN_CYBERCRIME",HIGH_FRAUD_MOTIVE,0.3888888888888889,0.8750000000000001,1.7500000000000002
"HIGH_CHILD_CYBERCRIME, HIGH_SEXUAL_EXPLOITATION_MOTIVE",HIGH_FRAUD_MOTIVE,0.3888888888888889,0.8750000000000001,1.7500000000000002
"HIGH_CHILD_CYBERCRIME, HIGH_WOMEN_CYBERCRIME",HIGH_FRAUD_MOTIVE,0.3888888888888889,0.8750000000000001,1.7500000000000002
"HIGH_FRAUD_MOTIVE, HIGH_IDENTITY_THEFT",HIGH_CHILD_CYBERCRIME,0.3888888888888889,0.8750000000000001,1.7500000000000002
"HIGH_EXTORTION_MOTIVE, HIGH_FRAUD_MOTIVE",HIGH_CHILD_CYBERCRIME,0.3888888888888889,0.8750000000000001,1.7500000000000002
"HIGH_EXTORTION_MOTIVE, HIGH_FRAUD_MOTIVE, HIGH_IDENTITY_THEFT",HIGH_SEC66D_CHEATING,0.3888888888888889,0.8750000000000001,1.7500000000000002
"HIGH_EXTORTION_MOTIVE, HIGH_FRAUD_MOTIVE, HIGH_IDENTITY_THEFT",HIGH_WOMEN_CYBERCRIME,0.3888888888888889,0.8750000000000001,1.7500000000000002
"HIGH_EXTORTION_MOTIVE, HIGH_FRAUD_MOTIVE, HIGH_IDENTITY_THEFT",HIGH_CHILD_CYBERCRIME,0.3888888888888889,0.8750000000000001,1.7500000000000002
HIGH_EXTORTION_MOTIVE,"HIGH_CHILD_CYBERCRIME, HIGH_WOMEN_CYBERCRIME",0.3888888888888889,0.7777777777777778,1.7500000000000002
HIGH_SEC66D_CHEATING,"HIGH_FRAUD_MOTIVE, HIGH_IDENTITY_THEFT",0.3888888888888889,0.7777777777777778,1.7500000000000002
HIGH_SEC66D_CHEATING,"HIGH_EXTORTION_MOTIVE, HIGH_FRAUD_MOTIVE",0.3888888888888889,0.7777777777777778,1.7500000000000002
HIGH_WOMEN_CYBERCRIME,"HIGH_FRAUD_MOTIVE, HIGH_IDENTITY_THEFT",0.3888888888888889,0.7777777777777778,1.7500000000000002
HIGH_WOMEN_CYBERCRIME,"HIGH_EXTORTION_MOTIVE, HIGH_FRAUD_MOTIVE",0.3888888888888889,0.7777777777777778,1.7500000000000002
HIGH_FRAUD_MOTIVE,"HIGH_SEXUAL_EXPLOITATION_MOTIVE, HIGH_WOMEN_CYBERCRIME",0.3888888888888889,0.7777777777777778,1.7500000000000002
HIGH_FRAUD_MOTIVE,"HIGH_CHILD_CYBERCRIME, HIGH_SEXUAL_EXPLOITATION_MOTIVE",0.3888888888888889,0.7777777777777778,1.7500000000000002
HIGH_FRAUD_MOTIVE,"HIGH_CHILD_CYBERCRIME, HIGH_WOMEN_CYBERCRIME",0.3888888888888889,0.7777777777777778,1.7500000000000002
HIGH_CHILD_CYBERCRIME,"HIGH_FRAUD_MOTIVE, HIGH_IDENTITY_THEFT",0.3888888888888889,0.7777777777777778,1.7500000000000002
HIGH_CHILD_CYBERCRIME,"HIGH_EXTORTION_MOTIVE, HIGH_FRAUD_MOTIVE",0.3888888888888889,0.7777777777777778,1.7500000000000002
HIGH_SEC66D_CHEATING,"HIGH_EXTORTION_MOTIVE, HIGH_FRAUD_MOTIVE, HIGH_IDENTITY_THEFT",0.3888888888888889,0.7777777777777778,1.7500000000000002
HIGH_WOMEN_CYBERCRIME,"HIGH_EXTORTION_MOTIVE, HIGH_FRAUD_MOTIVE, HIGH_IDENTITY_THEFT",0.3888888888888889,0.7777777777777778,1.7500000000000002
HIGH_CHILD_CYBERCRIME,"HIGH_EXTORTION_MOTIVE, HIGH_FRAUD_MOTIVE, HIGH_IDENTITY_THEFT",0.3888888888888889,0.7777777777777778,1.7500000000000002
"HIGH_FRAUD_MOTIVE, HIGH_SEC66D_CHEATING",HIGH_SEXUAL_EXPLOITATION_MOTIVE,0.3611111111111111,0.8666666666666666,1.7333333333333332
"HIGH_FRAUD_MOTIVE, HIGH_SEXUAL_EXPLOITATION_MOTIVE",HIGH_SEC66D_CHEATING,0.3611111111111111,0.8666666666666666,1.7333333333333332
"HIGH_EXTORTION_MOTIVE, HIGH_FRAUD_MOTIVE, HIGH_SEXUAL_EXPLOITATION_MOTIVE",HIGH_SEC66D_CHEATING,0.3611111111111111,0.8666666666666666,1.7333333333333332
"HIGH_FRAUD_MOTIVE, HIGH_IDENTITY_THEFT, HIGH_SEXUAL_EXPLOITATION_MOTIVE",HIGH_SEC66D_CHEATING,0.3611111111111111,0.8666666666666666,1.7333333333333332
"HIGH_CHILD_CYBERCRIME, HIGH_SEXUAL_EXPLOITATION_MOTIVE, HIGH_WOMEN_CYBERCRIME",HIGH_FRAUD_MOTIVE,0.3611111111111111,0.8666666666666666,1.7333333333333332
"HIGH_EXTORTION_MOTIVE, HIGH_FRAUD_MOTIVE, HIGH_IDENTITY_THEFT, HIGH_SEXUAL_EXPLOITATION_MOTIVE",HIGH_SEC66D_CHEATING,0.3611111111111111,0.8666666666666666,1.7333333333333332
HIGH_SEC66D_CHEATING,"HIGH_FRAUD_MOTIVE, HIGH_SEXUAL_EXPLOITATION_MOTIVE",0.3611111111111111,0.7222222222222222,1.7333333333333332
HIGH_SEXUAL_EXPLOITATION_MOTIVE,"HIGH_FRAUD_MOTIVE, HIGH_SEC66D_CHEATING",0.3611111111111111,0.7222222222222222,1.7333333333333332
HIGH_SEC66D_CHEATING,"HIGH_EXTORTION_MOTIVE, HIGH_FRAUD_MOTIVE, HIGH_SEXUAL_EXPLOITATION_MOTIVE",0.3611111111111111,0.7222222222222222,1.7333333333333332
HIGH_SEC66D_CHEATING,"HIGH_FRAUD_MOTIVE, HIGH_IDENTITY_THEFT, HIGH_SEXUAL_EXPLOITATION_MOTIVE",0.3611111111111111,0.7222222222222222,1.7333333333333332
HIGH_FRAUD_MOTIVE,"HIGH_CHILD_CYBERCRIME, HIGH_SEXUAL_EXPLOITATION_MOTIVE, HIGH_WOMEN_CYBERCRIME",0.3611111111111111,0.7222222222222222,1.7333333333333332
HIGH_SEC66D_CHEATING,"HIGH_EXTORTION_MOTIVE, HIGH_FRAUD_MOTIVE, HIGH_IDENTITY_THEFT, HIGH_SEXUAL_EXPLOITATION_MOTIVE",0.3611111111111111,0.7222222222222222,1.7333333333333332
"HIGH_IDENTITY_THEFT, HIGH_SEC66D_CHEATING",HIGH_WOMEN_CYBERCRIME,0.3333333333333333,0.8571428571428571,1.7142857142857142
"HIGH_SEC66D_CHEATING, HIGH_SEXUAL_EXPLOITATION_MOTIVE",HIGH_WOMEN_CYBERCRIME,0.3333333333333333,0.8571428571428571,1.7142857142857142
"HIGH_IDENTITY_THEFT, HIGH_SEC66D_CHEATING",HIGH_CHILD_CYBERCRIME,0.3333333333333333,0.8571428571428571,1.7142857142857142
"HIGH_SEC66D_CHEATING, HIGH_SEXUAL_EXPLOITATION_MOTIVE",HIGH_CHILD_CYBERCRIME,0.3333333333333333,0.8571428571428571,1.7142857142857142
"HIGH_EXTORTION_MOTIVE, HIGH_IDENTITY_THEFT, HIGH_SEC66D_CHEATING",HIGH_WOMEN_CYBERCRIME,0.3333333333333333,0.8571428571428571,1.7142857142857142
"HIGH_EXTORTION_MOTIVE, HIGH_SEC66D_CHEATING, HIGH_SEXUAL_EXPLOITATION_MOTIVE",HIGH_WOMEN_CYBERCRIME,0.3333333333333333,0.8571428571428571,1.7142857142857142
"HIGH_EXTORTION_MOTIVE, HIGH_IDENTITY_THEFT, HIGH_SEC66D_CHEATING",HIGH_CHILD_CYBERCRIME,0.3333333333333333,0.8571428571428571,1.7142857142857142
"HIGH_EXTORTION_MOTIVE, HIGH_SEC66D_CHEATING, HIGH_SEXUAL_EXPLOITATION_MOTIVE",HIGH_CHILD_CYBERCRIME,0.3333333333333333,0.8571428571428571,1.7142857142857142
"HIGH_FRAUD_MOTIVE, HIGH_IDENTITY_THEFT, HIGH_SEC66D_CHEATING",HIGH_WOMEN_CYBERCRIME,0.3333333333333333,0.8571428571428571,1.7142857142857142
"HIGH_FRAUD_MOTIVE, HIGH_IDENTITY_THEFT, HIGH_WOMEN_CYBERCRIME",HIGH_SEC66D_CHEATING,0.3333333333333333,0.8571428571428571,1.7142857142857142
"HIGH_EXTORTION_MOTIVE, HIGH_FRAUD_MOTIVE, HIGH_SEC66D_CHEATING",HIGH_WOMEN_CYBERCRIME,0.3333333333333333,0.8571428571428571,1.7142857142857142
"HIGH_EXTORTION_MOTIVE, HIGH_FRAUD_MOTIVE, HIGH_WOMEN_CYBERCRIME",HIGH_SEC66D_CHEATING,0.3333333333333333,0.8571428571428571,1.7142857142857142
"HIGH_FRAUD_MOTIVE, HIGH_SEXUAL_EXPLOITATION_MOTIVE, HIGH_WOMEN_CYBERCRIME",HIGH_SEC66D_CHEATING,0.3333333333333333,0.8571428571428571,1.7142857142857142
"HIGH_EXTORTION_MOTIVE, HIGH_FRAUD_MOTIVE, HIGH_SEC66D_CHEATING",HIGH_CHILD_CYBERCRIME,0.3333333333333333,0.8571428571428571,1.7142857142857142
"HIGH_CHILD_CYBERCRIME, HIGH_EXTORTION_MOTIVE, HIGH_FRAUD_MOTIVE",HIGH_SEC66D_CHEATING,0.3333333333333333,0.8571428571428571,1.7142857142857142
"HIGH_FRAUD_MOTIVE, HIGH_IDENTITY_THEFT, HIGH_SEC66D_CHEATING",HIGH_CHILD_CYBERCRIME,0.3333333333333333,0.8571428571428571,1.7142857142857142
"HIGH_CHILD_CYBERCRIME, HIGH_FRAUD_MOTIVE, HIGH_IDENTITY_THEFT",HIGH_SEC66D_CHEATING,0.3333333333333333,0.8571428571428571,1.7142857142857142
"HIGH_CHILD_CYBERCRIME, HIGH_FRAUD_MOTIVE, HIGH_SEXUAL_EXPLOITATION_MOTIVE",HIGH_SEC66D_CHEATING,0.3333333333333333,0.8571428571428571,1.7142857142857142
"HIGH_EXTORTION_MOTIVE, HIGH_FRAUD_MOTIVE, HIGH_IDENTITY_THEFT, HIGH_WOMEN_CYBERCRIME",HIGH_SEC66D_CHEATING,0.3333333333333333,0.8571428571428571,1.7142857142857142
"HIGH_EXTORTION_MOTIVE, HIGH_FRAUD_MOTIVE, HIGH_IDENTITY_THEFT, HIGH_SEC66D_CHEATING",HIGH_WOMEN_CYBERCRIME,0.3333333333333333,0.8571428571428571,1.7142857142857142
"HIGH_EXTORTION_MOTIVE, HIGH_FRAUD_MOTIVE, HIGH_SEXUAL_EXPLOITATION_MOTIVE, HIGH_WOMEN_CYBERCRIME",HIGH_SEC66D_CHEATING,0.3333333333333333,0.8571428571428571,1.7142857142857142
"HIGH_FRAUD_MOTIVE, HIGH_IDENTITY_THEFT, HIGH_SEXUAL_EXPLOITATION_MOTIVE, HIGH_WOMEN_CYBERCRIME",HIGH_SEC66D_CHEATING,0.3333333333333333,0.8571428571428571,1.7142857142857142
"HIGH_EXTORTION_MOTIVE, HIGH_FRAUD_MOTIVE, HIGH_IDENTITY_THEFT, HIGH_SEC66D_CHEATING",HIGH_CHILD_CYBERCRIME,0.3333333333333333,0.8571428571428571,1.7142857142857142
"HIGH_CHILD_CYBERCRIME, HIGH_EXTORTION_MOTIVE, HIGH_FRAUD_MOTIVE, HIGH_IDENTITY_THEFT",HIGH_SEC66D_CHEATING,0.3333333333333333,0.8571428571428571,1.7142857142857142
"HIGH_CHILD_CYBERCRIME, HIGH_EXTORTION_MOTIVE, HIGH_FRAUD_MOTIVE, HIGH_SEXUAL_EXPLOITATION_MOTIVE",HIGH_SEC66D_CHEATING,0.3333333333333333,0.8571428571428571,1.7142857142857142
"HIGH_CHILD_CYBERCRIME, HIGH_FRAUD_MOTIVE, HIGH_IDENTITY_THEFT, HIGH_SEXUAL_EXPLOITATION_MOTIVE",HIGH_SEC66D_CHEATING,0.3333333333333333,0.8571428571428571,1.7142857142857142
"HIGH_EXTORTION_MOTIVE, HIGH_FRAUD_MOTIVE, HIGH_IDENTITY_THEFT, HIGH_SEXUAL_EXPLOITATION_MOTIVE, HIGH_WOMEN_CYBERCRIME",HIGH_SEC66D_CHEATING,0.3333333333333333,0.8571428571428571,1.7142857142857142
"HIGH_CHILD_CYBERCRIME, HIGH_EXTORTION_MOTIVE, HIGH_FRAUD_MOTIVE, HIGH_IDENTITY_THEFT, HIGH_SEXUAL_EXPLOITATION_MOTIVE",HIGH_SEC66D_CHEATING,0.3333333333333333,0.8571428571428571,1.7142857142857142
HIGH_WOMEN_CYBERCRIME,"HIGH_IDENTITY_THEFT, HIGH_SEC66D_CHEATING",0.3333333333333333,0.6666666666666666,1.7142857142857142
HIGH_WOMEN_CYBERCRIME,"HIGH_SEC66D_CHEATING, HIGH_SEXUAL_EXPLOITATION_MOTIVE",0.3333333333333333,0.6666666666666666,1.7142857142857142
HIGH_CHILD_CYBERCRIME,"HIGH_IDENTITY_THEFT, HIGH_SEC66D_CHEATING",0.3333333333333333,0.6666666666666666,1.7142857142857142
HIGH_CHILD_CYBERCRIME,"HIGH_SEC66D_CHEATING, HIGH_SEXUAL_EXPLOITATION_MOTIVE",0.3333333333333333,0.6666666666666666,1.7142857142857142
HIGH_WOMEN_CYBERCRIME,"HIGH_EXTORTION_MOTIVE, HIGH_IDENTITY_THEFT, HIGH_SEC66D_CHEATING",0.3333333333333333,0.6666666666666666,1.7142857142857142
HIGH_WOMEN_CYBERCRIME,"HIGH_EXTORTION_MOTIVE, HIGH_SEC66D_CHEATING, HIGH_SEXUAL_EXPLOITATION_MOTIVE",0.3333333333333333,0.6666666666666666,1.7142857142857142
HIGH_CHILD_CYBERCRIME,"HIGH_EXTORTION_MOTIVE, HIGH_IDENTITY_THEFT, HIGH_SEC66D_CHEATING",0.3333333333333333,0.6666666666666666,1.7142857142857142
HIGH_CHILD_CYBERCRIME,"HIGH_EXTORTION_MOTIVE, HIGH_SEC66D_CHEATING, HIGH_SEXUAL_EXPLOITATION_MOTIVE",0.3333333333333333,0.6666666666666666,1.7142857142857142
HIGH_SEC66D_CHEATING,"HIGH_FRAUD_MOTIVE, HIGH_IDENTITY_THEFT, HIGH_WOMEN_CYBERCRIME",0.3333333333333333,0.6666666666666666,1.7142857142857142
HIGH_WOMEN_CYBERCRIME,"HIGH_FRAUD_MOTIVE, HIGH_IDENTITY_THEFT, HIGH_SEC66D_CHEATING",0.3333333333333333,0.6666666666666666,1.7142857142857142
HIGH_SEC66D_CHEATING,"HIGH_EXTORTION_MOTIVE, HIGH_FRAUD_MOTIVE, HIGH_WOMEN_CYBERCRIME",0.3333333333333333,0.6666666666666666,1.7142857142857142
HIGH_WOMEN_CYBERCRIME,"HIGH_EXTORTION_MOTIVE, HIGH_FRAUD_MOTIVE, HIGH_SEC66D_CHEATING",0.3333333333333333,0.6666666666666666,1.7142857142857142
HIGH_SEC66D_CHEATING,"HIGH_FRAUD_MOTIVE, HIGH_SEXUAL_EXPLOITATION_MOTIVE, HIGH_WOMEN_CYBERCRIME",0.3333333333333333,0.6666666666666666,1.7142857142857142
HIGH_SEC66D_CHEATING,"HIGH_CHILD_CYBERCRIME, HIGH_EXTORTION_MOTIVE, HIGH_FRAUD_MOTIVE",0.3333333333333333,0.6666666666666666,1.7142857142857142
HIGH_CHILD_CYBERCRIME,"HIGH_EXTORTION_MOTIVE, HIGH_FRAUD_MOTIVE, HIGH_SEC66D_CHEATING",0.3333333333333333,0.6666666666666666,1.7142857142857142
HIGH_SEC66D_CHEATING,"HIGH_CHILD_CYBERCRIME, HIGH_FRAUD_MOTIVE, HIGH_IDENTITY_THEFT",0.3333333333333333,0.6666666666666666,1.7142857142857142
HIGH_CHILD_CYBERCRIME,"HIGH_FRAUD_MOTIVE, HIGH_IDENTITY_THEFT, HIGH_SEC66D_CHEATING",0.3333333333333333,0.6666666666666666,1.7142857142857142
HIGH_SEC66D_CHEATING,"HIGH_CHILD_CYBERCRIME, HIGH_FRAUD_MOTIVE, HIGH_SEXUAL_EXPLOITATION_MOTIVE",0.3333333333333333,0.6666666666666666,1.7142857142857142
HIGH_WOMEN_CYBERCRIME,"HIGH_EXTORTION_MOTIVE, HIGH_FRAUD_MOTIVE, HIGH_IDENTITY_THEFT, HIGH_SEC66D_CHEATING",0.3333333333333333,0.6666666666666666,1.7142857142857142
HIGH_SEC66D_CHEATING,"HIGH_EXTORTION_MOTIVE, HIGH_FRAUD_MOTIVE, HIGH_IDENTITY_THEFT, HIGH_WOMEN_CYBERCRIME",0.3333333333333333,0.6666666666666666,1.7142857142857142
HIGH_SEC66D_CHEATING,"HIGH_EXTORTION_MOTIVE, HIGH_FRAUD_MOTIVE, HIGH_SEXUAL_EXPLOITATION_MOTIVE, HIGH_WOMEN_CYBERCRIME",0.3333333333333333,0.6666666666666666,1.7142857142857142
HIGH_SEC66D_CHEATING,"HIGH_FRAUD_MOTIVE, HIGH_IDENTITY_THEFT, HIGH_SEXUAL_EXPLOITATION_MOTIVE, HIGH_WOMEN_CYBERCRIME",0.3333333333333333,0.6666666666666666,1.7142857142857142
HIGH_SEC66D_CHEATING,"HIGH_CHILD_CYBERCRIME, HIGH_EXTORTION_MOTIVE, HIGH_FRAUD_MOTIVE, HIGH_IDENTITY_THEFT",0.3333333333333333,0.6666666666666666,1.7142857142857142
HIGH_CHILD_CYBERCRIME,"HIGH_EXTORTION_MOTIVE, HIGH_FRAUD_MOTIVE, HIGH_IDENTITY_THEFT, HIGH_SEC66D_CHEATING",0.3333333333333333,0.6666666666666666,1.7142857142857142
HIGH_SEC66D_CHEATING,"HIGH_CHILD_CYBERCRIME, HIGH_EXTORTION_MOTIVE, HIGH_FRAUD_MOTIVE, HIGH_SEXUAL_EXPLOITATION_MOTIVE",0.3333333333333333,0.6666666666666666,1.7142857142857142
HIGH_SEC66D_CHEATING,"HIGH_CHILD_CYBERCRIME, HIGH_FRAUD_MOTIVE, HIGH_IDENTITY_THEFT, HIGH_SEXUAL_EXPLOITATION_MOTIVE",0.3333333333333333,0.6666666666666666,1.7142857142857142
HIGH_SEC66D_CHEATING,"HIGH_EXTORTION_MOTIVE, HIGH_FRAUD_MOTIVE, HIGH_IDENTITY_THEFT, HIGH_SEXUAL_EXPLOITATION_MOTIVE, HIGH_WOMEN_CYBERCRIME",0.3333333333333333,0.6666666666666666,1.7142857142857142
HIGH_SEC66D_CHEATING,"HIGH_CHILD_CYBERCRIME, HIGH_EXTORTION_MOTIVE, HIGH_FRAUD_MOTIVE, HIGH_IDENTITY_THEFT, HIGH_SEXUAL_EXPLOITATION_MOTIVE",0.3333333333333333,0.6666666666666666,1.7142857142857142
"HIGH_CHILD_CYBERCRIME, HIGH_EXTORTION_MOTIVE, HIGH_FRAUD_MOTIVE, HIGH_WOMEN_CYBERCRIME",HIGH_SEC66D_CHEATING,0.3055555555555556,0.8461538461538463,1.6923076923076925
"HIGH_CHILD_CYBERCRIME, HIGH_FRAUD_MOTIVE, HIGH_IDENTITY_THEFT, HIGH_WOMEN_CYBERCRIME",HIGH_SEC66D_CHEATING,0.3055555555555556,0.8461538461538463,1.6923076923076925
"HIGH_CHILD_CYBERCRIME, HIGH_FRAUD_MOTIVE, HIGH_SEXUAL_EXPLOITATION_MOTIVE, HIGH_WOMEN_CYBERCRIME",HIGH_SEC66D_CHEATING,0.3055555555555556,0.8461538461538463,1.6923076923076925
"HIGH_CHILD_CYBERCRIME, HIGH_EXTORTION_MOTIVE, HIGH_FRAUD_MOTIVE, HIGH_IDENTITY_THEFT, HIGH_WOMEN_CYBERCRIME",HIGH_SEC66D_CHEATING,0.3055555555555556,0.8461538461538463,1.6923076923076925
"HIGH_CHILD_CYBERCRIME, HIGH_EXTORTION_MOTIVE, HIGH_FRAUD_MOTIVE, HIGH_SEXUAL_EXPLOITATION_MOTIVE, HIGH_WOMEN_CYBERCRIME",HIGH_SEC66D_CHEATING,0.3055555555555556,0.8461538461538463,1.6923076923076925
"HIGH_CHILD_CYBERCRIME, HIGH_FRAUD_MOTIVE, HIGH_IDENTITY_THEFT, HIGH_SEXUAL_EXPLOITATION_MOTIVE, HIGH_WOMEN_CYBERCRIME",HIGH_SEC66D_CHEATING,0.3055555555555556,0.8461538461538463,1.6923076923076925
"HIGH_CHILD_CYBERCRIME, HIGH_EXTORTION_MOTIVE, HIGH_FRAUD_MOTIVE, HIGH_IDENTITY_THEFT, HIGH_SEXUAL_EXPLOITATION_MOTIVE, HIGH_WOMEN_CYBERCRIME",HIGH_SEC66D_CHEATING,0.3055555555555556,0.8461538461538463,1.6923076923076925
HIGH_SEC66D_CHEATING,"HIGH_CHILD_CYBERCRIME, HIGH_EXTORTION_MOTIVE, HIGH_FRAUD_MOTIVE, HIGH_WOMEN_CYBERCRIME",0.3055555555555556,0.6111111111111112,1.6923076923076925
HIGH_SEC66D_CHEATING,"HIGH_CHILD_CYBERCRIME, HIGH_FRAUD_MOTIVE, HIGH_IDENTITY_THEFT, HIGH_WOMEN_CYBERCRIME",0.3055555555555556,0.6111111111111112,1.6923076923076925
HIGH_SEC66D_CHEATING,"HIGH_CHILD_CYBERCRIME, HIGH_FRAUD_MOTIVE, HIGH_SEXUAL_EXPLOITATION_MOTIVE, HIGH_WOMEN_CYBERCRIME",0.3055555555555556,0.6111111111111112,1.6923076923076925
HIGH_SEC66D_CHEATING,"HIGH_CHILD_CYBERCRIME, HIGH_EXTORTION_MOTIVE, HIGH_FRAUD_MOTIVE, HIGH_IDENTITY_THEFT, HIGH_WOMEN_CYBERCRIME",0.3055555555555556,0.6111111111111112,1.6923076923076925
HIGH_SEC66D_CHEATING,"HIGH_CHILD_CYBERCRIME, HIGH_EXTORTION_MOTIVE, HIGH_FRAUD_MOTIVE, HIGH_SEXUAL_EXPLOITATION_MOTIVE, HIGH_WOMEN_CYBERCRIME",0.3055555555555556,0.6111111111111112,1.6923076923076925
HIGH_SEC66D_CHEATING,"HIGH_CHILD_CYBERCRIME, HIGH_FRAUD_MOTIVE, HIGH_IDENTITY_THEFT, HIGH_SEXUAL_EXPLOITATION_MOTIVE, HIGH_WOMEN_CYBERCRIME",0.3055555555555556,0.6111111111111112,1.6923076923076925
HIGH_SEC66D_CHEATING,"HIGH_CHILD_CYBERCRIME, HIGH_EXTORTION_MOTIVE, HIGH_FRAUD_MOTIVE, HIGH_IDENTITY_THEFT, HIGH_SEXUAL_EXPLOITATION_MOTIVE, HIGH_WOMEN_CYBERCRIME",0.3055555555555556,0.6111111111111112,1.6923076923076925
HIGH_SEXUAL_EXPLOITATION_MOTIVE,HIGH_IDENTITY_THEFT,0.4444444444444444,0.8888888888888888,1.6842105263157894
HIGH_FRAUD_MOTIVE,HIGH_IDENTITY_THEFT,0.4444444444444444,0.8888888888888888,1.6842105263157894
HIGH_IDENTITY_THEFT,HIGH_SEXUAL_EXPLOITATION_MOTIVE,0.4444444444444444,0.8421052631578947,1.6842105263157894
HIGH_IDENTITY_THEFT,HIGH_FRAUD_MOTIVE,0.4444444444444444,0.8421052631578947,1.6842105263157894
HIGH_EXTORTION_MOTIVE,HIGH_WOMEN_CYBERCRIME,0.4166666666666667,0.8333333333333334,1.6666666666666667
HIGH_WOMEN_CYBERCRIME,HIGH_EXTORTION_MOTIVE,0.4166666666666667,0.8333333333333334,1.6666666666666667
HIGH_EXTORTION_MOTIVE,HIGH_CHILD_CYBERCRIME,0.4166666666666667,0.8333333333333334,1.6666666666666667
HIGH_CHILD_CYBERCRIME,HIGH_EXTORTION_MOTIVE,0.4166666666666667,0.8333333333333334,1.6666666666666667
HIGH_SEC66D_CHEATING,HIGH_EXTORTION_MOTIVE,0.4166666666666667,0.8333333333333334,1.6666666666666667
HIGH_EXTORTION_MOTIVE,HIGH_SEC66D_CHEATING,0.4166666666666667,0.8333333333333334,1.6666666666666667
HIGH_SEC66D_CHEATING,HIGH_FRAUD_MOTIVE,0.4166666666666667,0.8333333333333334,1.6666666666666667
HIGH_FRAUD_MOTIVE,HIGH_SEC66D_CHEATING,0.4166666666666667,0.8333333333333334,1.6666666666666667
HIGH_FRAUD_MOTIVE,HIGH_WOMEN_CYBERCRIME,0.4166666666666667,0.8333333333333334,1.6666666666666667
HIGH_WOMEN_CYBERCRIME,HIGH_FRAUD_MOTIVE,0.4166666666666667,0.8333333333333334,1.6666666666666667
HIGH_FRAUD_MOTIVE,HIGH_SEXUAL_EXPLOITATION_MOTIVE,0.4166666666666667,0.8333333333333334,1.6666666666666667
HIGH_SEXUAL_EXPLOITATION_MOTIVE,HIGH_FRAUD_MOTIVE,0.4166666666666667,0.8333333333333334,1.6666666666666667
HIGH_FRAUD_MOTIVE,HIGH_CHILD_CYBERCRIME,0.4166666666666667,0.8333333333333334,1.6666666666666667
HIGH_CHILD_CYBERCRIME,HIGH_FRAUD_MOTIVE,0.4166666666666667,0.8333333333333334,1.6666666666666667
"HIGH_CHILD_CYBERCRIME, HIGH_WOMEN_CYBERCRIME",HIGH_IDENTITY_THEFT,0.3888888888888889,0.8750000000000001,1.6578947368421055
HIGH_IDENTITY_THEFT,"HIGH_CHILD_CYBERCRIME, HIGH_WOMEN_CYBERCRIME",0.3888888888888889,0.7368421052631579,1.6578947368421053
"HIGH_EXTORTION_MOTIVE, HIGH_SEC66D_CHEATING","HIGH_CHILD_CYBERCRIME, HIGH_WOMEN_CYBERCRIME",0.3055555555555556,0.7333333333333334,1.6500000000000001
"HIGH_FRAUD_MOTIVE, HIGH_SEC66D_CHEATING","HIGH_CHILD_CYBERCRIME, HIGH_WOMEN_CYBERCRIME",0.3055555555555556,0.7333333333333334,1.6500000000000001
"HIGH_CHILD_CYBERCRIME, HIGH_WOMEN_CYBERCRIME","HIGH_EXTORTION_MOTIVE, HIGH_SEC66D_CHEATING",0.3055555555555556,0.6875000000000001,1.6500000000000001
"HIGH_CHILD_CYBERCRIME, HIGH_WOMEN_CYBERCRIME","HIGH_FRAUD_MOTIVE, HIGH_SEC66D_CHEATING",0.3055555555555556,0.6875000000000001,1.6500000000000001
"HIGH_EXTORTION_MOTIVE, HIGH_SEXUAL_EXPLOITATION_MOTIVE",HIGH_SEC66D_CHEATING,0.3888888888888889,0.823529411764706,1.647058823529412
"HIGH_EXTORTION_MOTIVE, HIGH_IDENTITY_THEFT",HIGH_SEC66D_CHEATING,0.3888888888888889,0.823529411764706,1.647058823529412
HIGH_SEC66D_CHEATING,"HIGH_EXTORTION_MOTIVE, HIGH_SEXUAL_EXPLOITATION_MOTIVE",0.3888888888888889,0.7777777777777778,1.647058823529412
HIGH_SEC66D_CHEATING,"HIGH_EXTORTION_MOTIVE, HIGH_IDENTITY_THEFT",0.3888888888888889,0.7777777777777778,1.647058823529412
"HIGH_IDENTITY_THEFT, HIGH_SEXUAL_EXPLOITATION_MOTIVE",HIGH_SEC66D_CHEATING,0.3611111111111111,0.8125,1.625
"HIGH_EXTORTION_MOTIVE, HIGH_IDENTITY_THEFT, HIGH_SEXUAL_EXPLOITATION_MOTIVE",HIGH_SEC66D_CHEATING,0.3611111111111111,0.8125,1.625
HIGH_SEC66D_CHEATING,"HIGH_IDENTITY_THEFT, HIGH_SEXUAL_EXPLOITATION_MOTIVE",0.3611111111111111,0.7222222222222222,1.625
HIGH_SEC66D_CHEATING,"HIGH_EXTORTION_MOTIVE, HIGH_IDENTITY_THEFT, HIGH_SEXUAL_EXPLOITATION_MOTIVE",0.3611111111111111,0.7222222222222222,1.625
"HIGH_IDENTITY_THEFT, HIGH_WOMEN_CYBERCRIME",HIGH_SEC66D_CHEATING,0.3333333333333333,0.7999999999999999,1.5999999999999999
"HIGH_EXTORTION_MOTIVE, HIGH_SEC66D_CHEATING",HIGH_WOMEN_CYBERCRIME,0.3333333333333333,0.7999999999999999,1.5999999999999999
"HIGH_EXTORTION_MOTIVE, HIGH_WOMEN_CYBERCRIME",HIGH_SEC66D_CHEATING,0.3333333333333333,0.7999999999999999,1.5999999999999999
"HIGH_CHILD_CYBERCRIME, HIGH_IDENTITY_THEFT",HIGH_SEC66D_CHEATING,0.3333333333333333,0.7999999999999999,1.5999999999999999
"HIGH_EXTORTION_MOTIVE, HIGH_SEC66D_CHEATING",HIGH_CHILD_CYBERCRIME,0.3333333333333333,0.7999999999999999,1.5999999999999999
"HIGH_CHILD_CYBERCRIME, HIGH_EXTORTION_MOTIVE",HIGH_SEC66D_CHEATING,0.3333333333333333,0.7999999999999999,1.5999999999999999
"HIGH_FRAUD_MOTIVE, HIGH_SEC66D_CHEATING",HIGH_WOMEN_CYBERCRIME,0.3333333333333333,0.7999999999999999,1.5999999999999999
"HIGH_FRAUD_MOTIVE, HIGH_WOMEN_CYBERCRIME",HIGH_SEC66D_CHEATING,0.3333333333333333,0.7999999999999999,1.5999999999999999
"HIGH_FRAUD_MOTIVE, HIGH_SEC66D_CHEATING",HIGH_CHILD_CYBERCRIME,0.3333333333333333,0.7999999999999999,1.5999999999999999
"HIGH_CHILD_CYBERCRIME, HIGH_FRAUD_MOTIVE",HIGH_SEC66D_CHEATING,0.3333333333333333,0.7999999999999999,1.5999999999999999
"HIGH_IDENTITY_THEFT, HIGH_SEXUAL_EXPLOITATION_MOTIVE, HIGH_WOMEN_CYBERCRIME",HIGH_SEC66D_CHEATING,0.3333333333333333,0.7999999999999999,1.5999999999999999
"HIGH_EXTORTION_MOTIVE, HIGH_IDENTITY_THEFT, HIGH_WOMEN_CYBERCRIME",HIGH_SEC66D_CHEATING,0.3333333333333333,0.7999999999999999,1.5999999999999999
"HIGH_EXTORTION_MOTIVE, HIGH_SEXUAL_EXPLOITATION_MOTIVE, HIGH_WOMEN_CYBERCRIME",HIGH_SEC66D_CHEATING,0.3333333333333333,0.7999999999999999,1.5999999999999999
"HIGH_CHILD_CYBERCRIME, HIGH_IDENTITY_THEFT, HIGH_SEXUAL_EXPLOITATION_MOTIVE",HIGH_SEC66D_CHEATING,0.3333333333333333,0.7999999999999999,1.5999999999999999
"HIGH_CHILD_CYBERCRIME, HIGH_EXTORTION_MOTIVE, HIGH_IDENTITY_THEFT",HIGH_SEC66D_CHEATING,0.3333333333333333,0.7999999999999999,1.5999999999999999
"HIGH_CHILD_CYBERCRIME, HIGH_EXTORTION_MOTIVE, HIGH_SEXUAL_EXPLOITATION_MOTIVE",HIGH_SEC66D_CHEATING,0.3333333333333333,0.7999999999999999,1.5999999999999999
"HIGH_EXTORTION_MOTIVE, HIGH_IDENTITY_THEFT, HIGH_SEXUAL_EXPLOITATION_MOTIVE, HIGH_WOMEN_CYBERCRIME",HIGH_SEC66D_CHEATING,0.3333333333333333,0.7999999999999999,1.5999999999999999
"HIGH_CHILD_CYBERCRIME, HIGH_EXTORTION_MOTIVE, HIGH_IDENTITY_THEFT, HIGH_SEXUAL_EXPLOITATION_MOTIVE",HIGH_SEC66D_CHEATING,0.3333333333333333,0.7999999999999999,1.5999999999999999
HIGH_SEC66D_CHEATING,"HIGH_IDENTITY_THEFT, HIGH_WOMEN_CYBERCRIME",0.3333333333333333,0.6666666666666666,1.5999999999999999
HIGH_SEC66D_CHEATING,"HIGH_EXTORTION_MOTIVE, HIGH_WOMEN_CYBERCRIME",0.3333333333333333,0.6666666666666666,1.5999999999999999
HIGH_WOMEN_CYBERCRIME,"HIGH_EXTORTION_MOTIVE, HIGH_SEC66D_CHEATING",0.3333333333333333,0.6666666666666666,1.5999999999999999
HIGH_SEC66D_CHEATING,"HIGH_CHILD_CYBERCRIME, HIGH_IDENTITY_THEFT",0.3333333333333333,0.6666666666666666,1.5999999999999999
HIGH_SEC66D_CHEATING,"HIGH_CHILD_CYBERCRIME, HIGH_EXTORTION_MOTIVE",0.3333333333333333,0.6666666666666666,1.5999999999999999
HIGH_CHILD_CYBERCRIME,"HIGH_EXTORTION_MOTIVE, HIGH_SEC66D_CHEATING",0.3333333333333333,0.6666666666666666,1.5999999999999999
HIGH_SEC66D_CHEATING,"HIGH_FRAUD_MOTIVE, HIGH_WOMEN_CYBERCRIME",0.3333333333333333,0.6666666666666666,1.5999999999999999
HIGH_WOMEN_CYBERCRIME,"HIGH_FRAUD_MOTIVE, HIGH_SEC66D_CHEATING",0.3333333333333333,0.6666666666666666,1.5999999999999999
HIGH_SEC66D_CHEATING,"HIGH_CHILD_CYBERCRIME, HIGH_FRAUD_MOTIVE",0.3333333333333333,0.6666666666666666,1.5999999999999999
HIGH_CHILD_CYBERCRIME,"HIGH_FRAUD_MOTIVE, HIGH_SEC66D_CHEATING",0.3333333333333333,0.6666666666666666,1.5999999999999999
HIGH_SEC66D_CHEATING,"HIGH_IDENTITY_THEFT, HIGH_SEXUAL_EXPLOITATION_MOTIVE, HIGH_WOMEN_CYBERCRIME",0.3333333333333333,0.6666666666666666,1.5999999999999999
HIGH_SEC66D_CHEATING,"HIGH_EXTORTION_MOTIVE, HIGH_IDENTITY_THEFT, HIGH_WOMEN_CYBERCRIME",0.3333333333333333,0.6666666666666666,1.5999999999999999
HIGH_SEC66D_CHEATING,"HIGH_EXTORTION_MOTIVE, HIGH_SEXUAL_EXPLOITATION_MOTIVE, HIGH_WOMEN_CYBERCRIME",0.3333333333333333,0.6666666666666666,1.5999999999999999
HIGH_SEC66D_CHEATING,"HIGH_CHILD_CYBERCRIME, HIGH_IDENTITY_THEFT, HIGH_SEXUAL_EXPLOITATION_MOTIVE",0.3333333333333333,0.6666666666666666,1.5999999999999999
HIGH_SEC66D_CHEATING,"HIGH_CHILD_CYBERCRIME, HIGH_EXTORTION_MOTIVE, HIGH_IDENTITY_THEFT",0.3333333333333333,0.6666666666666666,1.5999999999999999
HIGH_SEC66D_CHEATING,"HIGH_CHILD_CYBERCRIME, HIGH_EXTORTION_MOTIVE, HIGH_SEXUAL_EXPLOITATION_MOTIVE",0.3333333333333333,0.6666666666666666,1.5999999999999999
HIGH_SEC66D_CHEATING,"HIGH_EXTORTION_MOTIVE, HIGH_IDENTITY_THEFT, HIGH_SEXUAL_EXPLOITATION_MOTIVE, HIGH_WOMEN_CYBERCRIME",0.3333333333333333,0.6666666666666666,1.5999999999999999
HIGH_SEC66D_CHEATING,"HIGH_CHILD_CYBERCRIME, HIGH_EXTORTION_MOTIVE, HIGH_IDENTITY_THEFT, HIGH_SEXUAL_EXPLOITATION_MOTIVE",0.3333333333333333,0.6666666666666666,1.5999999999999999
HIGH_CHILD_CYBERCRIME,HIGH_IDENTITY_THEFT,0.4166666666666667,0.8333333333333334,1.5789473684210527
HIGH_WOMEN_CYBERCRIME,HIGH_IDENTITY_THEFT,0.4166666666666667,0.8333333333333334,1.5789473684210527
HIGH_IDENTITY_THEFT,HIGH_CHILD_CYBERCRIME,0.4166666666666667,0.7894736842105263,1.5789473684210527
HIGH_IDENTITY_THEFT,HIGH_WOMEN_CYBERCRIME,0.4166666666666667,0.7894736842105263,1.5789473684210527
"HIGH_CHILD_CYBERCRIME, HIGH_IDENTITY_THEFT, HIGH_WOMEN_CYBERCRIME",HIGH_SEC66D_CHEATING,0.3055555555555556,0.7857142857142858,1.5714285714285716
"HIGH_CHILD_CYBERCRIME, HIGH_EXTORTION_MOTIVE, HIGH_WOMEN_CYBERCRIME",HIGH_SEC66D_CHEATING,0.3055555555555556,0.7857142857142858,1.5714285714285716
"HIGH_CHILD_CYBERCRIME, HIGH_FRAUD_MOTIVE, HIGH_WOMEN_CYBERCRIME",HIGH_SEC66D_CHEATING,0.3055555555555556,0.7857142857142858,1.5714285714285716
"HIGH_CHILD_CYBERCRIME, HIGH_IDENTITY_THEFT, HIGH_SEXUAL_EXPLOITATION_MOTIVE, HIGH_WOMEN_CYBERCRIME",HIGH_SEC66D_CHEATING,0.3055555555555556,0.7857142857142858,1.5714285714285716
"HIGH_CHILD_CYBERCRIME, HIGH_EXTORTION_MOTIVE, HIGH_IDENTITY_THEFT, HIGH_WOMEN_CYBERCRIME",HIGH_SEC66D_CHEATING,0.3055555555555556,0.7857142857142858,1.5714285714285716
"HIGH_CHILD_CYBERCRIME, HIGH_EXTORTION_MOTIVE, HIGH_SEXUAL_EXPLOITATION_MOTIVE, HIGH_WOMEN_CYBERCRIME",HIGH_SEC66D_CHEATING,0.3055555555555556,0.7857142857142858,1.5714285714285716
"HIGH_CHILD_CYBERCRIME, HIGH_EXTORTION_MOTIVE, HIGH_IDENTITY_THEFT, HIGH_SEXUAL_EXPLOITATION_MOTIVE, HIGH_WOMEN_CYBERCRIME",HIGH_SEC66D_CHEATING,0.3055555555555556,0.7857142857142858,1.5714285714285716
HIGH_SEC66D_CHEATING,"HIGH_CHILD_CYBERCRIME, HIGH_IDENTITY_THEFT, HIGH_WOMEN_CYBERCRIME",0.3055555555555556,0.6111111111111112,1.5714285714285716
HIGH_SEC66D_CHEATING,"HIGH_CHILD_CYBERCRIME, HIGH_EXTORTION_MOTIVE, HIGH_WOMEN_CYBERCRIME",0.3055555555555556,0.6111111111111112,1.5714285714285716
HIGH_SEC66D_CHEATING,"HIGH_CHILD_CYBERCRIME, HIGH_FRAUD_MOTIVE, HIGH_WOMEN_CYBERCRIME",0.3055555555555556,0.6111111111111112,1.5714285714285716
HIGH_SEC66D_CHEATING,"HIGH_CHILD_CYBERCRIME, HIGH_IDENTITY_THEFT, HIGH_SEXUAL_EXPLOITATION_MOTIVE, HIGH_WOMEN_CYBERCRIME",0.3055555555555556,0.6111111111111112,1.5714285714285716
HIGH_SEC66D_CHEATING,"HIGH_CHILD_CYBERCRIME, HIGH_EXTORTION_MOTIVE, HIGH_IDENTITY_THEFT, HIGH_WOMEN_CYBERCRIME",0.3055555555555556,0.6111111111111112,1.5714285714285716
HIGH_SEC66D_CHEATING,"HIGH_CHILD_CYBERCRIME, HIGH_EXTORTION_MOTIVE, HIGH_SEXUAL_EXPLOITATION_MOTIVE, HIGH_WOMEN_CYBERCRIME",0.3055555555555556,0.6111111111111112,1.5714285714285716
HIGH_SEC66D_CHEATING,"HIGH_CHILD_CYBERCRIME, HIGH_EXTORTION_MOTIVE, HIGH_IDENTITY_THEFT, HIGH_SEXUAL_EXPLOITATION_MOTIVE, HIGH_WOMEN_CYBERCRIME",0.3055555555555556,0.6111111111111112,1.5714285714285716
HIGH_SEC66D_CHEATING,HIGH_SEXUAL_EXPLOITATION_MOTIVE,0.3888888888888889,0.7777777777777778,1.5555555555555556
HIGH_SEXUAL_EXPLOITATION_MOTIVE,HIGH_SEC66D_CHEATING,0.3888888888888889,0.7777777777777778,1.5555555555555556
"HIGH_SEXUAL_EXPLOITATION_MOTIVE, HIGH_WOMEN_CYBERCRIME",HIGH_SEC66D_CHEATING,0.3333333333333333,0.75,1.5
"HIGH_CHILD_CYBERCRIME, HIGH_SEXUAL_EXPLOITATION_MOTIVE",HIGH_SEC66D_CHEATING,0.3333333333333333,0.75,1.5
HIGH_SEC66D_CHEATING,"HIGH_SEXUAL_EXPLOITATION_MOTIVE, HIGH_WOMEN_CYBERCRIME",0.3333333333333333,0.6666666666666666,1.5
HIGH_SEC66D_CHEATING,"HIGH_CHILD_CYBERCRIME, HIGH_SEXUAL_EXPLOITATION_MOTIVE",0.3333333333333333,0.6666666666666666,1.5
HIGH_SEC66D_CHEATING,HIGH_IDENTITY_THEFT,0.3888888888888889,0.7777777777777778,1.4736842105263157
HIGH_IDENTITY_THEFT,HIGH_SEC66D_CHEATING,0.3888888888888889,0.7368421052631579,1.4736842105263157
"HIGH_CHILD_CYBERCRIME, HIGH_SEXUAL_EXPLOITATION_MOTIVE, HIGH_WOMEN_CYBERCRIME",HIGH_SEC66D_CHEATING,0.3055555555555556,0.7333333333333334,1.4666666666666668
HIGH_SEC66D_CHEATING,"HIGH_CHILD_CYBERCRIME, HIGH_SEXUAL_EXPLOITATION_MOTIVE, HIGH_WOMEN_CYBERCRIME",0.3055555555555556,0.6111111111111112,1.4666666666666668
"HIGH_CHILD_CYBERCRIME, HIGH_WOMEN_CYBERCRIME",HIGH_SEC66D_CHEATING,0.3055555555555556,0.6875000000000001,1.3750000000000002
HIGH_SEC66D_CHEATING,"HIGH_CHILD_CYBERCRIME, HIGH_WOMEN_CYBERCRIME",0.3055555555555556,0.6111111111111112,1.3750000000000002
HIGH_SEC66D_CHEATING,HIGH_WOMEN_CYBERCRIME,0.3333333333333333,0.6666666666666666,1.3333333333333333
HIGH_WOMEN_CYBERCRIME,HIGH_SEC66D_CHEATING,0.3333333333333333,0.6666666666666666,1.3333333333333333
HIGH_SEC66D_CHEATING,HIGH_CHILD_CYBERCRIME,0.3333333333333333,0.6666666666666666,1.3333333333333333
HIGH_CHILD_CYBERCRIME,HIGH_SEC66D_CHEATING,0.3333333333333333,0.6666666666666666,1.3333333333333333
