state_id,state_name,is_ut,admin_type,category_id,category_display_name,act_group,parent_category,cases
1,Andaman and Nicobar Islands,1,Union Territory,1,Tampering Computer Source documents (Sec.65),IT Act,Offences under I.T. Act,0
1,Andaman and Nicobar Islands,1,Union Territory,4,Computer Related Offences - Computer Related Offences (Sec.66) - a1) Ransom-ware,IT Act,Offences under I.T. Act,0
1,Andaman and Nicobar Islands,1,Union Territory,5,Computer Related Offences - Computer Related Offences (Sec.66) - a2) Offences other than Ransom-ware,IT Act,Offences under I.T. Act,0
1,Andaman and Nicobar Islands,1,Union Territory,6,Computer Related Offences - B) Dishonesty receiving stolen computer resource or communication device (Sec.66B),IT Act,Offences under I.T. Act,0
1,Andaman and Nicobar Islands,1,Union Territory,7,Computer Related Offences - C) Identity Theft (Sec.66C),IT Act,Offences under I.T. Act,1
1,Andaman and Nicobar Islands,1,Union Territory,8,Computer Related Offences - D) Cheating by personation by using computer resource (Sec.66D),IT Act,Offences under I.T. Act,0
1,Andaman and Nicobar Islands,1,Union Territory,9,Computer Related Offences - E) Violation of Privacy (Sec.66E),IT Act,Offences under I.T. Act,0
1,Andaman and Nicobar Islands,1,Union Territory,10,Cyber Terrorism (Sec.66 F),IT Act,Offences under I.T. Act,0
1,Andaman and Nicobar Islands,1,Union Territory,12,Publication/ transmission of obscene / sexually explicit act in electronic form (Sec. 67) - A) Publishing or transmitting obscene material in Electronic Form,IT Act,Offences under I.T. Act,0
1,Andaman and Nicobar Islands,1,Union Territory,13,Publication/transmission of obscene / sexually explicit act in electronic form (Sec. 67) - B) Publishing or transmitting of material containing Sexually explicit act in electronic form (Sec.67A),IT Act,Offences under I.T. Act,8
1,Andaman and Nicobar Islands,1,Union Territory,14,Publication/transmission of obscene / sexually explicit act in electronic form (Sec. 67) - C) Publishing or transmitting of material depicting children in Sexually explicit act in electronic form (Sec.67B),IT Act,Offences under I.T. Act,19
1,Andaman and Nicobar Islands,1,Union Territory,15,Publication/transmission of obscene / sexually explicit act in electronic form (Sec. 67) - D) Preservation and retention of information by intermediaries (Sec.67C),IT Act,Offences under I.T. Act,0
1,Andaman and Nicobar Islands,1,Union Territory,16,Publication/transmission of obscene / sexually explicit act in electronic form (Sec. 67) - E) Other sub-sections of Sec. 67 IT Act,IT Act,Offences under I.T. Act,0
1,Andaman and Nicobar Islands,1,Union Territory,17,Interception or Monitoring or decryption of Information (Sec.69),IT Act,Offences under I.T. Act,0
1,Andaman and Nicobar Islands,1,Union Territory,18,Un-authorized access/attempt to access to protected computer system (Sec.70),IT Act,Offences under I.T. Act,0
1,Andaman and Nicobar Islands,1,Union Territory,19,Abetment to Commit Offences (Sec.84 B),IT Act,Offences under I.T. Act,0
1,Andaman and Nicobar Islands,1,Union Territory,20,Attempt to Commit Offences (Sec.84C),IT Act,Offences under I.T. Act,0
1,Andaman and Nicobar Islands,1,Union Territory,21,Other Sections of IT Act,IT Act,Offences under I.T. Act,2
1,Andaman and Nicobar Islands,1,Union Territory,23,Abetment of Suicide (Online) (Sec.305/306 IPC),IPC,IPC Crimes,0
1,Andaman and Nicobar Islands,1,Union Territory,24,Cyber Stalking/ Bullying of Women/ Children (Sec.354D IPC),IPC,IPC Crimes,0
1,Andaman and Nicobar Islands,1,Union Territory,25,Data theft (Sec.379 to 381),IPC,IPC Crimes,0
1,Andaman and Nicobar Islands,1,Union Territory,27,"Fraud (Sec.420 r/w Sec.465, 468- 471 IPC) - A) Credit Card/Debit Card",IPC,IPC Crimes,0
1,Andaman and Nicobar Islands,1,Union Territory,28,"Fraud (Sec.420 r/w Sec.465, 468- 471 IPC) - B) ATMs",IPC,IPC Crimes,0
1,Andaman and Nicobar Islands,1,Union Territory,29,"Fraud (Sec.420 r/w Sec.465, 468- 471 IPC) - C) Online Banking Fraud",IPC,IPC Crimes,0
1,Andaman and Nicobar Islands,1,Union Territory,30,"Fraud (Sec.420 r/w Sec.465, 468- 471 IPC) - D) OTP Frauds",IPC,IPC Crimes,0
1,Andaman and Nicobar Islands,1,Union Territory,31,"Fraud (Sec.420 r/w Sec.465, 468- 471 IPC) - E) Others",IPC,IPC Crimes,0
1,Andaman and Nicobar Islands,1,Union Territory,32,Cheating (Sec.420 IPC),IPC,IPC Crimes,12
1,Andaman and Nicobar Islands,1,Union Territory,33,"Forgery (Sec.465, 468 and 471)",IPC,IPC Crimes,0
1,Andaman and Nicobar Islands,1,Union Territory,34,Defamation/ Morphing (Sec.469 IPC r/w IPC and Indecent representation of women Act),IPC,IPC Crimes,0
1,Andaman and Nicobar Islands,1,Union Territory,35,Fake Profile (r/w IPC/SLL),IPC,IPC Crimes,0
1,Andaman and Nicobar Islands,1,Union Territory,37,Counterfeiting - A) Currency (Sec.489A to 489E),IPC,IPC Crimes,0
1,Andaman and Nicobar Islands,1,Union Territory,38,CounterfeitingB) Stamps (Sec.255),IPC,IPC Crimes,0
1,Andaman and Nicobar Islands,1,Union Territory,39,"Cyber Blackmailing/ Threatening (Sec.506,503,384 IPC)",IPC,IPC Crimes,2
1,Andaman and Nicobar Islands,1,Union Territory,40,Fake News on Social Media (Sec.505),IPC,IPC Crimes,0
1,Andaman and Nicobar Islands,1,Union Territory,41,Other Offences (r/w IT Act),IPC,IPC Crimes,3
1,Andaman and Nicobar Islands,1,Union Territory,43,Gambling Act (Online Gambling),SLL,Offences under SLL,0
1,Andaman and Nicobar Islands,1,Union Territory,44,Lotteries Act (Online Lotteries),SLL,Offences under SLL,0
1,Andaman and Nicobar Islands,1,Union Territory,45,"Copy Right Act, 1957",SLL,Offences under SLL,0
1,Andaman and Nicobar Islands,1,Union Territory,46,"Trade Marks Act, 1999",SLL,Offences under SLL,0
1,Andaman and Nicobar Islands,1,Union Territory,47,Other SLL Crimes,SLL,Offences under SLL,0
2,Andhra Pradesh,0,State,1,Tampering Computer Source documents (Sec.65),IT Act,Offences under I.T. Act,2
2,Andhra Pradesh,0,State,4,Computer Related Offences - Computer Related Offences (Sec.66) - a1) Ransom-ware,IT Act,Offences under I.T. Act,0
2,Andhra Pradesh,0,State,5,Computer Related Offences - Computer Related Offences (Sec.66) - a2) Offences other than Ransom-ware,IT Act,Offences under I.T. Act,5
2,Andhra Pradesh,0,State,6,Computer Related Offences - B) Dishonesty receiving stolen computer resource or communication device (Sec.66B),IT Act,Offences under I.T. Act,4
2,Andhra Pradesh,0,State,7,Computer Related Offences - C) Identity Theft (Sec.66C),IT Act,Offences under I.T. Act,65
2,Andhra Pradesh,0,State,8,Computer Related Offences - D) Cheating by personation by using computer resource (Sec.66D),IT Act,Offences under I.T. Act,162
2,Andhra Pradesh,0,State,9,Computer Related Offences - E) Violation of Privacy (Sec.66E),IT Act,Offences under I.T. Act,7
2,Andhra Pradesh,0,State,10,Cyber Terrorism (Sec.66 F),IT Act,Offences under I.T. Act,0
2,Andhra Pradesh,0,State,12,Publication/ transmission of obscene / sexually explicit act in electronic form (Sec. 67) - A) Publishing or transmitting obscene material in Electronic Form,IT Act,Offences under I.T. Act,9
2,Andhra Pradesh,0,State,13,Publication/transmission of obscene / sexually explicit act in electronic form (Sec. 67) - B) Publishing or transmitting of material containing Sexually explicit act in electronic form (Sec.67A),IT Act,Offences under I.T. Act,23
2,Andhra Pradesh,0,State,14,Publication/transmission of obscene / sexually explicit act in electronic form (Sec. 67) - C) Publishing or transmitting of material depicting children in Sexually explicit act in electronic form (Sec.67B),IT Act,Offences under I.T. Act,73
2,Andhra Pradesh,0,State,15,Publication/transmission of obscene / sexually explicit act in electronic form (Sec. 67) - D) Preservation and retention of information by intermediaries (Sec.67C),IT Act,Offences under I.T. Act,0
2,Andhra Pradesh,0,State,16,Publication/transmission of obscene / sexually explicit act in electronic form (Sec. 67) - E) Other sub-sections of Sec. 67 IT Act,IT Act,Offences under I.T. Act,6
2,Andhra Pradesh,0,State,17,Interception or Monitoring or decryption of Information (Sec.69),IT Act,Offences under I.T. Act,0
2,Andhra Pradesh,0,State,18,Un-authorized access/attempt to access to protected computer system (Sec.70),IT Act,Offences under I.T. Act,0
2,Andhra Pradesh,0,State,19,Abetment to Commit Offences (Sec.84 B),IT Act,Offences under I.T. Act,0
2,Andhra Pradesh,0,State,20,Attempt to Commit Offences (Sec.84C),IT Act,Offences under I.T. Act,0
2,Andhra Pradesh,0,State,21,Other Sections of IT Act,IT Act,Offences under I.T. Act,6
2,Andhra Pradesh,0,State,23,Abetment of Suicide (Online) (Sec.305/306 IPC),IPC,IPC Crimes,3
2,Andhra Pradesh,0,State,24,Cyber Stalking/ Bullying of Women/ Children (Sec.354D IPC),IPC,IPC Crimes,148
2,Andhra Pradesh,0,State,25,Data theft (Sec.379 to 381),IPC,IPC Crimes,1
2,Andhra Pradesh,0,State,27,"Fraud (Sec.420 r/w Sec.465, 468- 471 IPC) - A) Credit Card/Debit Card",IPC,IPC Crimes,48
2,Andhra Pradesh,0,State,28,"Fraud (Sec.420 r/w Sec.465, 468- 471 IPC) - B) ATMs",IPC,IPC Crimes,23
2,Andhra Pradesh,0,State,29,"Fraud (Sec.420 r/w Sec.465, 468- 471 IPC) - C) Online Banking Fraud",IPC,IPC Crimes,395
2,Andhra Pradesh,0,State,30,"Fraud (Sec.420 r/w Sec.465, 468- 471 IPC) - D) OTP Frauds",IPC,IPC Crimes,67
2,Andhra Pradesh,0,State,31,"Fraud (Sec.420 r/w Sec.465, 468- 471 IPC) - E) Others",IPC,IPC Crimes,376
2,Andhra Pradesh,0,State,32,Cheating (Sec.420 IPC),IPC,IPC Crimes,666
2,Andhra Pradesh,0,State,33,"Forgery (Sec.465, 468 and 471)",IPC,IPC Crimes,3
2,Andhra Pradesh,0,State,34,Defamation/ Morphing (Sec.469 IPC r/w IPC and Indecent representation of women Act),IPC,IPC Crimes,2
2,Andhra Pradesh,0,State,35,Fake Profile (r/w IPC/SLL),IPC,IPC Crimes,2
2,Andhra Pradesh,0,State,37,Counterfeiting - A) Currency (Sec.489A to 489E),IPC,IPC Crimes,0
2,Andhra Pradesh,0,State,38,CounterfeitingB) Stamps (Sec.255),IPC,IPC Crimes,0
2,Andhra Pradesh,0,State,39,"Cyber Blackmailing/ Threatening (Sec.506,503,384 IPC)",IPC,IPC Crimes,20
2,Andhra Pradesh,0,State,40,Fake News on Social Media (Sec.505),IPC,IPC Crimes,24
2,Andhra Pradesh,0,State,41,Other Offences (r/w IT Act),IPC,IPC Crimes,200
2,Andhra Pradesh,0,State,43,Gambling Act (Online Gambling),SLL,Offences under SLL,0
2,Andhra Pradesh,0,State,44,Lotteries Act (Online Lotteries),SLL,Offences under SLL,0
2,Andhra Pradesh,0,State,45,"Copy Right Act, 1957",SLL,Offences under SLL,1
2,Andhra Pradesh,0,State,46,"Trade Marks Act, 1999",SLL,Offences under SLL,0
2,Andhra Pradesh,0,State,47,Other SLL Crimes,SLL,Offences under SLL,0
3,Arunachal Pradesh,0,State,1,Tampering Computer Source documents (Sec.65),IT Act,Offences under I.T. Act,0
3,Arunachal Pradesh,0,State,4,Computer Related Offences - Computer Related Offences (Sec.66) - a1) Ransom-ware,IT Act,Offences under I.T. Act,0
3,Arunachal Pradesh,0,State,5,Computer Related Offences - Computer Related Offences (Sec.66) - a2) Offences other than Ransom-ware,IT Act,Offences under I.T. Act,0
3,Arunachal Pradesh,0,State,6,Computer Related Offences - B) Dishonesty receiving stolen computer resource or communication device (Sec.66B),IT Act,Offences under I.T. Act,0
3,Arunachal Pradesh,0,State,7,Computer Related Offences - C) Identity Theft (Sec.66C),IT Act,Offences under I.T. Act,8
3,Arunachal Pradesh,0,State,8,Computer Related Offences - D) Cheating by personation by using computer resource (Sec.66D),IT Act,Offences under I.T. Act,7
3,Arunachal Pradesh,0,State,9,Computer Related Offences - E) Violation of Privacy (Sec.66E),IT Act,Offences under I.T. Act,2
3,Arunachal Pradesh,0,State,10,Cyber Terrorism (Sec.66 F),IT Act,Offences under I.T. Act,0
3,Arunachal Pradesh,0,State,12,Publication/ transmission of obscene / sexually explicit act in electronic form (Sec. 67) - A) Publishing or transmitting obscene material in Electronic Form,IT Act,Offences under I.T. Act,0
3,Arunachal Pradesh,0,State,13,Publication/transmission of obscene / sexually explicit act in electronic form (Sec. 67) - B) Publishing or transmitting of material containing Sexually explicit act in electronic form (Sec.67A),IT Act,Offences under I.T. Act,0
3,Arunachal Pradesh,0,State,14,Publication/transmission of obscene / sexually explicit act in electronic form (Sec. 67) - C) Publishing or transmitting of material depicting children in Sexually explicit act in electronic form (Sec.67B),IT Act,Offences under I.T. Act,0
3,Arunachal Pradesh,0,State,15,Publication/transmission of obscene / sexually explicit act in electronic form (Sec. 67) - D) Preservation and retention of information by intermediaries (Sec.67C),IT Act,Offences under I.T. Act,0
3,Arunachal Pradesh,0,State,16,Publication/transmission of obscene / sexually explicit act in electronic form (Sec. 67) - E) Other sub-sections of Sec. 67 IT Act,IT Act,Offences under I.T. Act,0
3,Arunachal Pradesh,0,State,17,Interception or Monitoring or decryption of Information (Sec.69),IT Act,Offences under I.T. Act,0
3,Arunachal Pradesh,0,State,18,Un-authorized access/attempt to access to protected computer system (Sec.70),IT Act,Offences under I.T. Act,0
3,Arunachal Pradesh,0,State,19,Abetment to Commit Offences (Sec.84 B),IT Act,Offences under I.T. Act,0
3,Arunachal Pradesh,0,State,20,Attempt to Commit Offences (Sec.84C),IT Act,Offences under I.T. Act,0
3,Arunachal Pradesh,0,State,21,Other Sections of IT Act,IT Act,Offences under I.T. Act,0
3,Arunachal Pradesh,0,State,23,Abetment of Suicide (Online) (Sec.305/306 IPC),IPC,IPC Crimes,0
3,Arunachal Pradesh,0,State,24,Cyber Stalking/ Bullying of Women/ Children (Sec.354D IPC),IPC,IPC Crimes,0
3,Arunachal Pradesh,0,State,25,Data theft (Sec.379 to 381),IPC,IPC Crimes,0
3,Arunachal Pradesh,0,State,27,"Fraud (Sec.420 r/w Sec.465, 468- 471 IPC) - A) Credit Card/Debit Card",IPC,IPC Crimes,0
3,Arunachal Pradesh,0,State,28,"Fraud (Sec.420 r/w Sec.465, 468- 471 IPC) - B) ATMs",IPC,IPC Crimes,0
3,Arunachal Pradesh,0,State,29,"Fraud (Sec.420 r/w Sec.465, 468- 471 IPC) - C) Online Banking Fraud",IPC,IPC Crimes,0
3,Arunachal Pradesh,0,State,30,"Fraud (Sec.420 r/w Sec.465, 468- 471 IPC) - D) OTP Frauds",IPC,IPC Crimes,0
3,Arunachal Pradesh,0,State,31,"Fraud (Sec.420 r/w Sec.465, 468- 471 IPC) - E) Others",IPC,IPC Crimes,0
3,Arunachal Pradesh,0,State,32,Cheating (Sec.420 IPC),IPC,IPC Crimes,6
3,Arunachal Pradesh,0,State,33,"Forgery (Sec.465, 468 and 471)",IPC,IPC Crimes,1
3,Arunachal Pradesh,0,State,34,Defamation/ Morphing (Sec.469 IPC r/w IPC and Indecent representation of women Act),IPC,IPC Crimes,0
3,Arunachal Pradesh,0,State,35,Fake Profile (r/w IPC/SLL),IPC,IPC Crimes,0
3,Arunachal Pradesh,0,State,37,Counterfeiting - A) Currency (Sec.489A to 489E),IPC,IPC Crimes,0
3,Arunachal Pradesh,0,State,38,CounterfeitingB) Stamps (Sec.255),IPC,IPC Crimes,0
3,Arunachal Pradesh,0,State,39,"Cyber Blackmailing/ Threatening (Sec.506,503,384 IPC)",IPC,IPC Crimes,0
3,Arunachal Pradesh,0,State,40,Fake News on Social Media (Sec.505),IPC,IPC Crimes,0
3,Arunachal Pradesh,0,State,41,Other Offences (r/w IT Act),IPC,IPC Crimes,0
3,Arunachal Pradesh,0,State,43,Gambling Act (Online Gambling),SLL,Offences under SLL,0
3,Arunachal Pradesh,0,State,44,Lotteries Act (Online Lotteries),SLL,Offences under SLL,0
3,Arunachal Pradesh,0,State,45,"Copy Right Act, 1957",SLL,Offences under SLL,0
3,Arunachal Pradesh,0,State,46,"Trade Marks Act, 1999",SLL,Offences under SLL,0
3,Arunachal Pradesh,0,State,47,Other SLL Crimes,SLL,Offences under SLL,0
4,Assam,0,State,1,Tampering Computer Source documents (Sec.65),IT Act,Offences under I.T. Act,0
4,Assam,0,State,4,Computer Related Offences - Computer Related Offences (Sec.66) - a1) Ransom-ware,IT Act,Offences under I.T. Act,0
4,Assam,0,State,5,Computer Related Offences - Computer Related Offences (Sec.66) - a2) Offences other than Ransom-ware,IT Act,Offences under I.T. Act,81
4,Assam,0,State,6,Computer Related Offences - B) Dishonesty receiving stolen computer resource or communication device (Sec.66B),IT Act,Offences under I.T. Act,6
4,Assam,0,State,7,Computer Related Offences - C) Identity Theft (Sec.66C),IT Act,Offences under I.T. Act,93
4,Assam,0,State,8,Computer Related Offences - D) Cheating by personation by using computer resource (Sec.66D),IT Act,Offences under I.T. Act,153
4,Assam,0,State,9,Computer Related Offences - E) Violation of Privacy (Sec.66E),IT Act,Offences under I.T. Act,52
4,Assam,0,State,10,Cyber Terrorism (Sec.66 F),IT Act,Offences under I.T. Act,0
4,Assam,0,State,12,Publication/ transmission of obscene / sexually explicit act in electronic form (Sec. 67) - A) Publishing or transmitting obscene material in Electronic Form,IT Act,Offences under I.T. Act,80
4,Assam,0,State,13,Publication/transmission of obscene / sexually explicit act in electronic form (Sec. 67) - B) Publishing or transmitting of material containing Sexually explicit act in electronic form (Sec.67A),IT Act,Offences under I.T. Act,80
4,Assam,0,State,14,Publication/transmission of obscene / sexually explicit act in electronic form (Sec. 67) - C) Publishing or transmitting of material depicting children in Sexually explicit act in electronic form (Sec.67B),IT Act,Offences under I.T. Act,34
4,Assam,0,State,15,Publication/transmission of obscene / sexually explicit act in electronic form (Sec. 67) - D) Preservation and retention of information by intermediaries (Sec.67C),IT Act,Offences under I.T. Act,0
4,Assam,0,State,16,Publication/transmission of obscene / sexually explicit act in electronic form (Sec. 67) - E) Other sub-sections of Sec. 67 IT Act,IT Act,Offences under I.T. Act,220
4,Assam,0,State,17,Interception or Monitoring or decryption of Information (Sec.69),IT Act,Offences under I.T. Act,0
4,Assam,0,State,18,Un-authorized access/attempt to access to protected computer system (Sec.70),IT Act,Offences under I.T. Act,0
4,Assam,0,State,19,Abetment to Commit Offences (Sec.84 B),IT Act,Offences under I.T. Act,0
4,Assam,0,State,20,Attempt to Commit Offences (Sec.84C),IT Act,Offences under I.T. Act,0
4,Assam,0,State,21,Other Sections of IT Act,IT Act,Offences under I.T. Act,48
4,Assam,0,State,23,Abetment of Suicide (Online) (Sec.305/306 IPC),IPC,IPC Crimes,1
4,Assam,0,State,24,Cyber Stalking/ Bullying of Women/ Children (Sec.354D IPC),IPC,IPC Crimes,1
4,Assam,0,State,25,Data theft (Sec.379 to 381),IPC,IPC Crimes,0
4,Assam,0,State,27,"Fraud (Sec.420 r/w Sec.465, 468- 471 IPC) - A) Credit Card/Debit Card",IPC,IPC Crimes,0
4,Assam,0,State,28,"Fraud (Sec.420 r/w Sec.465, 468- 471 IPC) - B) ATMs",IPC,IPC Crimes,0
4,Assam,0,State,29,"Fraud (Sec.420 r/w Sec.465, 468- 471 IPC) - C) Online Banking Fraud",IPC,IPC Crimes,0
4,Assam,0,State,30,"Fraud (Sec.420 r/w Sec.465, 468- 471 IPC) - D) OTP Frauds",IPC,IPC Crimes,0
4,Assam,0,State,31,"Fraud (Sec.420 r/w Sec.465, 468- 471 IPC) - E) Others",IPC,IPC Crimes,0
4,Assam,0,State,32,Cheating (Sec.420 IPC),IPC,IPC Crimes,46
4,Assam,0,State,33,"Forgery (Sec.465, 468 and 471)",IPC,IPC Crimes,3
4,Assam,0,State,34,Defamation/ Morphing (Sec.469 IPC r/w IPC and Indecent representation of women Act),IPC,IPC Crimes,0
4,Assam,0,State,35,Fake Profile (r/w IPC/SLL),IPC,IPC Crimes,1
4,Assam,0,State,37,Counterfeiting - A) Currency (Sec.489A to 489E),IPC,IPC Crimes,0
4,Assam,0,State,38,CounterfeitingB) Stamps (Sec.255),IPC,IPC Crimes,0
4,Assam,0,State,39,"Cyber Blackmailing/ Threatening (Sec.506,503,384 IPC)",IPC,IPC Crimes,3
4,Assam,0,State,40,Fake News on Social Media (Sec.505),IPC,IPC Crimes,0
4,Assam,0,State,41,Other Offences (r/w IT Act),IPC,IPC Crimes,7
4,Assam,0,State,43,Gambling Act (Online Gambling),SLL,Offences under SLL,0
4,Assam,0,State,44,Lotteries Act (Online Lotteries),SLL,Offences under SLL,0
4,Assam,0,State,45,"Copy Right Act, 1957",SLL,Offences under SLL,0
4,Assam,0,State,46,"Trade Marks Act, 1999",SLL,Offences under SLL,0
4,Assam,0,State,47,Other SLL Crimes,SLL,Offences under SLL,0
5,Bihar,0,State,1,Tampering Computer Source documents (Sec.65),IT Act,Offences under I.T. Act,0
5,Bihar,0,State,4,Computer Related Offences - Computer Related Offences (Sec.66) - a1) Ransom-ware,IT Act,Offences under I.T. Act,0
5,Bihar,0,State,5,Computer Related Offences - Computer Related Offences (Sec.66) - a2) Offences other than Ransom-ware,IT Act,Offences under I.T. Act,31
5,Bihar,0,State,6,Computer Related Offences - B) Dishonesty receiving stolen computer resource or communication device (Sec.66B),IT Act,Offences under I.T. Act,58
5,Bihar,0,State,7,Computer Related Offences - C) Identity Theft (Sec.66C),IT Act,Offences under I.T. Act,130
5,Bihar,0,State,8,Computer Related Offences - D) Cheating by personation by using computer resource (Sec.66D),IT Act,Offences under I.T. Act,112
5,Bihar,0,State,9,Computer Related Offences - E) Violation of Privacy (Sec.66E),IT Act,Offences under I.T. Act,1
5,Bihar,0,State,10,Cyber Terrorism (Sec.66 F),IT Act,Offences under I.T. Act,0
5,Bihar,0,State,12,Publication/ transmission of obscene / sexually explicit act in electronic form (Sec. 67) - A) Publishing or transmitting obscene material in Electronic Form,IT Act,Offences under I.T. Act,19
5,Bihar,0,State,13,Publication/transmission of obscene / sexually explicit act in electronic form (Sec. 67) - B) Publishing or transmitting of material containing Sexually explicit act in electronic form (Sec.67A),IT Act,Offences under I.T. Act,21
5,Bihar,0,State,14,Publication/transmission of obscene / sexually explicit act in electronic form (Sec. 67) - C) Publishing or transmitting of material depicting children in Sexually explicit act in electronic form (Sec.67B),IT Act,Offences under I.T. Act,7
5,Bihar,0,State,15,Publication/transmission of obscene / sexually explicit act in electronic form (Sec. 67) - D) Preservation and retention of information by intermediaries (Sec.67C),IT Act,Offences under I.T. Act,0
5,Bihar,0,State,16,Publication/transmission of obscene / sexually explicit act in electronic form (Sec. 67) - E) Other sub-sections of Sec. 67 IT Act,IT Act,Offences under I.T. Act,18
5,Bihar,0,State,17,Interception or Monitoring or decryption of Information (Sec.69),IT Act,Offences under I.T. Act,0
5,Bihar,0,State,18,Un-authorized access/attempt to access to protected computer system (Sec.70),IT Act,Offences under I.T. Act,0
5,Bihar,0,State,19,Abetment to Commit Offences (Sec.84 B),IT Act,Offences under I.T. Act,0
5,Bihar,0,State,20,Attempt to Commit Offences (Sec.84C),IT Act,Offences under I.T. Act,0
5,Bihar,0,State,21,Other Sections of IT Act,IT Act,Offences under I.T. Act,0
5,Bihar,0,State,23,Abetment of Suicide (Online) (Sec.305/306 IPC),IPC,IPC Crimes,0
5,Bihar,0,State,24,Cyber Stalking/ Bullying of Women/ Children (Sec.354D IPC),IPC,IPC Crimes,75
5,Bihar,0,State,25,Data theft (Sec.379 to 381),IPC,IPC Crimes,28
5,Bihar,0,State,27,"Fraud (Sec.420 r/w Sec.465, 468- 471 IPC) - A) Credit Card/Debit Card",IPC,IPC Crimes,643
5,Bihar,0,State,28,"Fraud (Sec.420 r/w Sec.465, 468- 471 IPC) - B) ATMs",IPC,IPC Crimes,895
5,Bihar,0,State,29,"Fraud (Sec.420 r/w Sec.465, 468- 471 IPC) - C) Online Banking Fraud",IPC,IPC Crimes,408
5,Bihar,0,State,30,"Fraud (Sec.420 r/w Sec.465, 468- 471 IPC) - D) OTP Frauds",IPC,IPC Crimes,249
5,Bihar,0,State,31,"Fraud (Sec.420 r/w Sec.465, 468- 471 IPC) - E) Others",IPC,IPC Crimes,416
5,Bihar,0,State,32,Cheating (Sec.420 IPC),IPC,IPC Crimes,916
5,Bihar,0,State,33,"Forgery (Sec.465, 468 and 471)",IPC,IPC Crimes,63
5,Bihar,0,State,34,Defamation/ Morphing (Sec.469 IPC r/w IPC and Indecent representation of women Act),IPC,IPC Crimes,10
5,Bihar,0,State,35,Fake Profile (r/w IPC/SLL),IPC,IPC Crimes,64
5,Bihar,0,State,37,Counterfeiting - A) Currency (Sec.489A to 489E),IPC,IPC Crimes,0
5,Bihar,0,State,38,CounterfeitingB) Stamps (Sec.255),IPC,IPC Crimes,0
5,Bihar,0,State,39,"Cyber Blackmailing/ Threatening (Sec.506,503,384 IPC)",IPC,IPC Crimes,79
5,Bihar,0,State,40,Fake News on Social Media (Sec.505),IPC,IPC Crimes,14
5,Bihar,0,State,41,Other Offences (r/w IT Act),IPC,IPC Crimes,192
5,Bihar,0,State,43,Gambling Act (Online Gambling),SLL,Offences under SLL,0
5,Bihar,0,State,44,Lotteries Act (Online Lotteries),SLL,Offences under SLL,0
5,Bihar,0,State,45,"Copy Right Act, 1957",SLL,Offences under SLL,0
5,Bihar,0,State,46,"Trade Marks Act, 1999",SLL,Offences under SLL,0
5,Bihar,0,State,47,Other SLL Crimes,SLL,Offences under SLL,1
6,Chandigarh,1,Union Territory,1,Tampering Computer Source documents (Sec.65),IT Act,Offences under I.T. Act,0
6,Chandigarh,1,Union Territory,4,Computer Related Offences - Computer Related Offences (Sec.66) - a1) Ransom-ware,IT Act,Offences under I.T. Act,0
6,Chandigarh,1,Union Territory,5,Computer Related Offences - Computer Related Offences (Sec.66) - a2) Offences other than Ransom-ware,IT Act,Offences under I.T. Act,0
6,Chandigarh,1,Union Territory,6,Computer Related Offences - B) Dishonesty receiving stolen computer resource or communication device (Sec.66B),IT Act,Offences under I.T. Act,0
6,Chandigarh,1,Union Territory,7,Computer Related Offences - C) Identity Theft (Sec.66C),IT Act,Offences under I.T. Act,6
6,Chandigarh,1,Union Territory,8,Computer Related Offences - D) Cheating by personation by using computer resource (Sec.66D),IT Act,Offences under I.T. Act,0
6,Chandigarh,1,Union Territory,9,Computer Related Offences - E) Violation of Privacy (Sec.66E),IT Act,Offences under I.T. Act,0
6,Chandigarh,1,Union Territory,10,Cyber Terrorism (Sec.66 F),IT Act,Offences under I.T. Act,0
6,Chandigarh,1,Union Territory,12,Publication/ transmission of obscene / sexually explicit act in electronic form (Sec. 67) - A) Publishing or transmitting obscene material in Electronic Form,IT Act,Offences under I.T. Act,5
6,Chandigarh,1,Union Territory,13,Publication/transmission of obscene / sexually explicit act in electronic form (Sec. 67) - B) Publishing or transmitting of material containing Sexually explicit act in electronic form (Sec.67A),IT Act,Offences under I.T. Act,2
6,Chandigarh,1,Union Territory,14,Publication/transmission of obscene / sexually explicit act in electronic form (Sec. 67) - C) Publishing or transmitting of material depicting children in Sexually explicit act in electronic form (Sec.67B),IT Act,Offences under I.T. Act,4
6,Chandigarh,1,Union Territory,15,Publication/transmission of obscene / sexually explicit act in electronic form (Sec. 67) - D) Preservation and retention of information by intermediaries (Sec.67C),IT Act,Offences under I.T. Act,0
6,Chandigarh,1,Union Territory,16,Publication/transmission of obscene / sexually explicit act in electronic form (Sec. 67) - E) Other sub-sections of Sec. 67 IT Act,IT Act,Offences under I.T. Act,0
6,Chandigarh,1,Union Territory,17,Interception or Monitoring or decryption of Information (Sec.69),IT Act,Offences under I.T. Act,0
6,Chandigarh,1,Union Territory,18,Un-authorized access/attempt to access to protected computer system (Sec.70),IT Act,Offences under I.T. Act,0
6,Chandigarh,1,Union Territory,19,Abetment to Commit Offences (Sec.84 B),IT Act,Offences under I.T. Act,0
6,Chandigarh,1,Union Territory,20,Attempt to Commit Offences (Sec.84C),IT Act,Offences under I.T. Act,0
6,Chandigarh,1,Union Territory,21,Other Sections of IT Act,IT Act,Offences under I.T. Act,0
6,Chandigarh,1,Union Territory,23,Abetment of Suicide (Online) (Sec.305/306 IPC),IPC,IPC Crimes,0
6,Chandigarh,1,Union Territory,24,Cyber Stalking/ Bullying of Women/ Children (Sec.354D IPC),IPC,IPC Crimes,1
6,Chandigarh,1,Union Territory,25,Data theft (Sec.379 to 381),IPC,IPC Crimes,0
6,Chandigarh,1,Union Territory,27,"Fraud (Sec.420 r/w Sec.465, 468- 471 IPC) - A) Credit Card/Debit Card",IPC,IPC Crimes,0
6,Chandigarh,1,Union Territory,28,"Fraud (Sec.420 r/w Sec.465, 468- 471 IPC) - B) ATMs",IPC,IPC Crimes,0
6,Chandigarh,1,Union Territory,29,"Fraud (Sec.420 r/w Sec.465, 468- 471 IPC) - C) Online Banking Fraud",IPC,IPC Crimes,0
6,Chandigarh,1,Union Territory,30,"Fraud (Sec.420 r/w Sec.465, 468- 471 IPC) - D) OTP Frauds",IPC,IPC Crimes,0
6,Chandigarh,1,Union Territory,31,"Fraud (Sec.420 r/w Sec.465, 468- 471 IPC) - E) Others",IPC,IPC Crimes,0
6,Chandigarh,1,Union Territory,32,Cheating (Sec.420 IPC),IPC,IPC Crimes,2
6,Chandigarh,1,Union Territory,33,"Forgery (Sec.465, 468 and 471)",IPC,IPC Crimes,0
6,Chandigarh,1,Union Territory,34,Defamation/ Morphing (Sec.469 IPC r/w IPC and Indecent representation of women Act),IPC,IPC Crimes,0
6,Chandigarh,1,Union Territory,35,Fake Profile (r/w IPC/SLL),IPC,IPC Crimes,0
6,Chandigarh,1,Union Territory,37,Counterfeiting - A) Currency (Sec.489A to 489E),IPC,IPC Crimes,0
6,Chandigarh,1,Union Territory,38,CounterfeitingB) Stamps (Sec.255),IPC,IPC Crimes,0
6,Chandigarh,1,Union Territory,39,"Cyber Blackmailing/ Threatening (Sec.506,503,384 IPC)",IPC,IPC Crimes,0
6,Chandigarh,1,Union Territory,40,Fake News on Social Media (Sec.505),IPC,IPC Crimes,0
6,Chandigarh,1,Union Territory,41,Other Offences (r/w IT Act),IPC,IPC Crimes,3
6,Chandigarh,1,Union Territory,43,Gambling Act (Online Gambling),SLL,Offences under SLL,0
6,Chandigarh,1,Union Territory,44,Lotteries Act (Online Lotteries),SLL,Offences under SLL,0
6,Chandigarh,1,Union Territory,45,"Copy Right Act, 1957",SLL,Offences under SLL,0
6,Chandigarh,1,Union Territory,46,"Trade Marks Act, 1999",SLL,Offences under SLL,0
6,Chandigarh,1,Union Territory,47,Other SLL Crimes,SLL,Offences under SLL,0
7,Chhattisgarh,0,State,1,Tampering Computer Source documents (Sec.65),IT Act,Offences under I.T. Act,0
7,Chhattisgarh,0,State,4,Computer Related Offences - Computer Related Offences (Sec.66) - a1) Ransom-ware,IT Act,Offences under I.T. Act,0
7,Chhattisgarh,0,State,5,Computer Related Offences - Computer Related Offences (Sec.66) - a2) Offences other than Ransom-ware,IT Act,Offences under I.T. Act,0
7,Chhattisgarh,0,State,6,Computer Related Offences - B) Dishonesty receiving stolen computer resource or communication device (Sec.66B),IT Act,Offences under I.T. Act,7
7,Chhattisgarh,0,State,7,Computer Related Offences - C) Identity Theft (Sec.66C),IT Act,Offences under I.T. Act,3
7,Chhattisgarh,0,State,8,Computer Related Offences - D) Cheating by personation by using computer resource (Sec.66D),IT Act,Offences under I.T. Act,6
7,Chhattisgarh,0,State,9,Computer Related Offences - E) Violation of Privacy (Sec.66E),IT Act,Offences under I.T. Act,0
7,Chhattisgarh,0,State,10,Cyber Terrorism (Sec.66 F),IT Act,Offences under I.T. Act,0
7,Chhattisgarh,0,State,12,Publication/ transmission of obscene / sexually explicit act in electronic form (Sec. 67) - A) Publishing or transmitting obscene material in Electronic Form,IT Act,Offences under I.T. Act,20
7,Chhattisgarh,0,State,13,Publication/transmission of obscene / sexually explicit act in electronic form (Sec. 67) - B) Publishing or transmitting of material containing Sexually explicit act in electronic form (Sec.67A),IT Act,Offences under I.T. Act,83
7,Chhattisgarh,0,State,14,Publication/transmission of obscene / sexually explicit act in electronic form (Sec. 67) - C) Publishing or transmitting of material depicting children in Sexually explicit act in electronic form (Sec.67B),IT Act,Offences under I.T. Act,185
7,Chhattisgarh,0,State,15,Publication/transmission of obscene / sexually explicit act in electronic form (Sec. 67) - D) Preservation and retention of information by intermediaries (Sec.67C),IT Act,Offences under I.T. Act,0
7,Chhattisgarh,0,State,16,Publication/transmission of obscene / sexually explicit act in electronic form (Sec. 67) - E) Other sub-sections of Sec. 67 IT Act,IT Act,Offences under I.T. Act,5
7,Chhattisgarh,0,State,17,Interception or Monitoring or decryption of Information (Sec.69),IT Act,Offences under I.T. Act,0
7,Chhattisgarh,0,State,18,Un-authorized access/attempt to access to protected computer system (Sec.70),IT Act,Offences under I.T. Act,0
7,Chhattisgarh,0,State,19,Abetment to Commit Offences (Sec.84 B),IT Act,Offences under I.T. Act,0
7,Chhattisgarh,0,State,20,Attempt to Commit Offences (Sec.84C),IT Act,Offences under I.T. Act,0
7,Chhattisgarh,0,State,21,Other Sections of IT Act,IT Act,Offences under I.T. Act,1
7,Chhattisgarh,0,State,23,Abetment of Suicide (Online) (Sec.305/306 IPC),IPC,IPC Crimes,1
7,Chhattisgarh,0,State,24,Cyber Stalking/ Bullying of Women/ Children (Sec.354D IPC),IPC,IPC Crimes,0
7,Chhattisgarh,0,State,25,Data theft (Sec.379 to 381),IPC,IPC Crimes,0
7,Chhattisgarh,0,State,27,"Fraud (Sec.420 r/w Sec.465, 468- 471 IPC) - A) Credit Card/Debit Card",IPC,IPC Crimes,4
7,Chhattisgarh,0,State,28,"Fraud (Sec.420 r/w Sec.465, 468- 471 IPC) - B) ATMs",IPC,IPC Crimes,0
7,Chhattisgarh,0,State,29,"Fraud (Sec.420 r/w Sec.465, 468- 471 IPC) - C) Online Banking Fraud",IPC,IPC Crimes,15
7,Chhattisgarh,0,State,30,"Fraud (Sec.420 r/w Sec.465, 468- 471 IPC) - D) OTP Frauds",IPC,IPC Crimes,6
7,Chhattisgarh,0,State,31,"Fraud (Sec.420 r/w Sec.465, 468- 471 IPC) - E) Others",IPC,IPC Crimes,4
7,Chhattisgarh,0,State,32,Cheating (Sec.420 IPC),IPC,IPC Crimes,36
7,Chhattisgarh,0,State,33,"Forgery (Sec.465, 468 and 471)",IPC,IPC Crimes,1
7,Chhattisgarh,0,State,34,Defamation/ Morphing (Sec.469 IPC r/w IPC and Indecent representation of women Act),IPC,IPC Crimes,0
7,Chhattisgarh,0,State,35,Fake Profile (r/w IPC/SLL),IPC,IPC Crimes,0
7,Chhattisgarh,0,State,37,Counterfeiting - A) Currency (Sec.489A to 489E),IPC,IPC Crimes,0
7,Chhattisgarh,0,State,38,CounterfeitingB) Stamps (Sec.255),IPC,IPC Crimes,0
7,Chhattisgarh,0,State,39,"Cyber Blackmailing/ Threatening (Sec.506,503,384 IPC)",IPC,IPC Crimes,4
7,Chhattisgarh,0,State,40,Fake News on Social Media (Sec.505),IPC,IPC Crimes,0
7,Chhattisgarh,0,State,41,Other Offences (r/w IT Act),IPC,IPC Crimes,40
7,Chhattisgarh,0,State,43,Gambling Act (Online Gambling),SLL,Offences under SLL,52
7,Chhattisgarh,0,State,44,Lotteries Act (Online Lotteries),SLL,Offences under SLL,0
7,Chhattisgarh,0,State,45,"Copy Right Act, 1957",SLL,Offences under SLL,0
7,Chhattisgarh,0,State,46,"Trade Marks Act, 1999",SLL,Offences under SLL,0
7,Chhattisgarh,0,State,47,Other SLL Crimes,SLL,Offences under SLL,0
8,Dadra and Nagar Haveli and Daman and Diu,1,Union Territory,1,Tampering Computer Source documents (Sec.65),IT Act,Offences under I.T. Act,0
8,Dadra and Nagar Haveli and Daman and Diu,1,Union Territory,4,Computer Related Offences - Computer Related Offences (Sec.66) - a1) Ransom-ware,IT Act,Offences under I.T. Act,0
8,Dadra and Nagar Haveli and Daman and Diu,1,Union Territory,5,Computer Related Offences - Computer Related Offences (Sec.66) - a2) Offences other than Ransom-ware,IT Act,Offences under I.T. Act,0
8,Dadra and Nagar Haveli and Daman and Diu,1,Union Territory,6,Computer Related Offences - B) Dishonesty receiving stolen computer resource or communication device (Sec.66B),IT Act,Offences under I.T. Act,2
8,Dadra and Nagar Haveli and Daman and Diu,1,Union Territory,7,Computer Related Offences - C) Identity Theft (Sec.66C),IT Act,Offences under I.T. Act,0
8,Dadra and Nagar Haveli and Daman and Diu,1,Union Territory,8,Computer Related Offences - D) Cheating by personation by using computer resource (Sec.66D),IT Act,Offences under I.T. Act,0
8,Dadra and Nagar Haveli and Daman and Diu,1,Union Territory,9,Computer Related Offences - E) Violation of Privacy (Sec.66E),IT Act,Offences under I.T. Act,0
8,Dadra and Nagar Haveli and Daman and Diu,1,Union Territory,10,Cyber Terrorism (Sec.66 F),IT Act,Offences under I.T. Act,0
8,Dadra and Nagar Haveli and Daman and Diu,1,Union Territory,12,Publication/ transmission of obscene / sexually explicit act in electronic form (Sec. 67) - A) Publishing or transmitting obscene material in Electronic Form,IT Act,Offences under I.T. Act,0
8,Dadra and Nagar Haveli and Daman and Diu,1,Union Territory,13,Publication/transmission of obscene / sexually explicit act in electronic form (Sec. 67) - B) Publishing or transmitting of material containing Sexually explicit act in electronic form (Sec.67A),IT Act,Offences under I.T. Act,4
8,Dadra and Nagar Haveli and Daman and Diu,1,Union Territory,14,Publication/transmission of obscene / sexually explicit act in electronic form (Sec. 67) - C) Publishing or transmitting of material depicting children in Sexually explicit act in electronic form (Sec.67B),IT Act,Offences under I.T. Act,0
8,Dadra and Nagar Haveli and Daman and Diu,1,Union Territory,15,Publication/transmission of obscene / sexually explicit act in electronic form (Sec. 67) - D) Preservation and retention of information by intermediaries (Sec.67C),IT Act,Offences under I.T. Act,0
8,Dadra and Nagar Haveli and Daman and Diu,1,Union Territory,16,Publication/transmission of obscene / sexually explicit act in electronic form (Sec. 67) - E) Other sub-sections of Sec. 67 IT Act,IT Act,Offences under I.T. Act,0
8,Dadra and Nagar Haveli and Daman and Diu,1,Union Territory,17,Interception or Monitoring or decryption of Information (Sec.69),IT Act,Offences under I.T. Act,0
8,Dadra and Nagar Haveli and Daman and Diu,1,Union Territory,18,Un-authorized access/attempt to access to protected computer system (Sec.70),IT Act,Offences under I.T. Act,0
8,Dadra and Nagar Haveli and Daman and Diu,1,Union Territory,19,Abetment to Commit Offences (Sec.84 B),IT Act,Offences under I.T. Act,0
8,Dadra and Nagar Haveli and Daman and Diu,1,Union Territory,20,Attempt to Commit Offences (Sec.84C),IT Act,Offences under I.T. Act,0
8,Dadra and Nagar Haveli and Daman and Diu,1,Union Territory,21,Other Sections of IT Act,IT Act,Offences under I.T. Act,0
8,Dadra and Nagar Haveli and Daman and Diu,1,Union Territory,23,Abetment of Suicide (Online) (Sec.305/306 IPC),IPC,IPC Crimes,0
8,Dadra and Nagar Haveli and Daman and Diu,1,Union Territory,24,Cyber Stalking/ Bullying of Women/ Children (Sec.354D IPC),IPC,IPC Crimes,0
8,Dadra and Nagar Haveli and Daman and Diu,1,Union Territory,25,Data theft (Sec.379 to 381),IPC,IPC Crimes,0
8,Dadra and Nagar Haveli and Daman and Diu,1,Union Territory,27,"Fraud (Sec.420 r/w Sec.465, 468- 471 IPC) - A) Credit Card/Debit Card",IPC,IPC Crimes,0
8,Dadra and Nagar Haveli and Daman and Diu,1,Union Territory,28,"Fraud (Sec.420 r/w Sec.465, 468- 471 IPC) - B) ATMs",IPC,IPC Crimes,0
8,Dadra and Nagar Haveli and Daman and Diu,1,Union Territory,29,"Fraud (Sec.420 r/w Sec.465, 468- 471 IPC) - C) Online Banking Fraud",IPC,IPC Crimes,0
8,Dadra and Nagar Haveli and Daman and Diu,1,Union Territory,30,"Fraud (Sec.420 r/w Sec.465, 468- 471 IPC) - D) OTP Frauds",IPC,IPC Crimes,0
8,Dadra and Nagar Haveli and Daman and Diu,1,Union Territory,31,"Fraud (Sec.420 r/w Sec.465, 468- 471 IPC) - E) Others",IPC,IPC Crimes,0
8,Dadra and Nagar Haveli and Daman and Diu,1,Union Territory,32,Cheating (Sec.420 IPC),IPC,IPC Crimes,0
8,Dadra and Nagar Haveli and Daman and Diu,1,Union Territory,33,"Forgery (Sec.465, 468 and 471)",IPC,IPC Crimes,0
8,Dadra and Nagar Haveli and Daman and Diu,1,Union Territory,34,Defamation/ Morphing (Sec.469 IPC r/w IPC and Indecent representation of women Act),IPC,IPC Crimes,0
8,Dadra and Nagar Haveli and Daman and Diu,1,Union Territory,35,Fake Profile (r/w IPC/SLL),IPC,IPC Crimes,0
8,Dadra and Nagar Haveli and Daman and Diu,1,Union Territory,37,Counterfeiting - A) Currency (Sec.489A to 489E),IPC,IPC Crimes,0
8,Dadra and Nagar Haveli and Daman and Diu,1,Union Territory,38,CounterfeitingB) Stamps (Sec.255),IPC,IPC Crimes,0
8,Dadra and Nagar Haveli and Daman and Diu,1,Union Territory,39,"Cyber Blackmailing/ Threatening (Sec.506,503,384 IPC)",IPC,IPC Crimes,0
8,Dadra and Nagar Haveli and Daman and Diu,1,Union Territory,40,Fake News on Social Media (Sec.505),IPC,IPC Crimes,0
8,Dadra and Nagar Haveli and Daman and Diu,1,Union Territory,41,Other Offences (r/w IT Act),IPC,IPC Crimes,0
8,Dadra and Nagar Haveli and Daman and Diu,1,Union Territory,43,Gambling Act (Online Gambling),SLL,Offences under SLL,0
8,Dadra and Nagar Haveli and Daman and Diu,1,Union Territory,44,Lotteries Act (Online Lotteries),SLL,Offences under SLL,0
8,Dadra and Nagar Haveli and Daman and Diu,1,Union Territory,45,"Copy Right Act, 1957",SLL,Offences under SLL,0
8,Dadra and Nagar Haveli and Daman and Diu,1,Union Territory,46,"Trade Marks Act, 1999",SLL,Offences under SLL,0
8,Dadra and Nagar Haveli and Daman and Diu,1,Union Territory,47,Other SLL Crimes,SLL,Offences under SLL,0
9,Delhi,1,Union Territory,1,Tampering Computer Source documents (Sec.65),IT Act,Offences under I.T. Act,1
9,Delhi,1,Union Territory,4,Computer Related Offences - Computer Related Offences (Sec.66) - a1) Ransom-ware,IT Act,Offences under I.T. Act,0
9,Delhi,1,Union Territory,5,Computer Related Offences - Computer Related Offences (Sec.66) - a2) Offences other than Ransom-ware,IT Act,Offences under I.T. Act,6
9,Delhi,1,Union Territory,6,Computer Related Offences - B) Dishonesty receiving stolen computer resource or communication device (Sec.66B),IT Act,Offences under I.T. Act,0
9,Delhi,1,Union Territory,7,Computer Related Offences - C) Identity Theft (Sec.66C),IT Act,Offences under I.T. Act,31
9,Delhi,1,Union Territory,8,Computer Related Offences - D) Cheating by personation by using computer resource (Sec.66D),IT Act,Offences under I.T. Act,7
9,Delhi,1,Union Territory,9,Computer Related Offences - E) Violation of Privacy (Sec.66E),IT Act,Offences under I.T. Act,5
9,Delhi,1,Union Territory,10,Cyber Terrorism (Sec.66 F),IT Act,Offences under I.T. Act,0
9,Delhi,1,Union Territory,12,Publication/ transmission of obscene / sexually explicit act in electronic form (Sec. 67) - A) Publishing or transmitting obscene material in Electronic Form,IT Act,Offences under I.T. Act,9
9,Delhi,1,Union Territory,13,Publication/transmission of obscene / sexually explicit act in electronic form (Sec. 67) - B) Publishing or transmitting of material containing Sexually explicit act in electronic form (Sec.67A),IT Act,Offences under I.T. Act,34
9,Delhi,1,Union Territory,14,Publication/transmission of obscene / sexually explicit act in electronic form (Sec. 67) - C) Publishing or transmitting of material depicting children in Sexually explicit act in electronic form (Sec.67B),IT Act,Offences under I.T. Act,9
9,Delhi,1,Union Territory,15,Publication/transmission of obscene / sexually explicit act in electronic form (Sec. 67) - D) Preservation and retention of information by intermediaries (Sec.67C),IT Act,Offences under I.T. Act,0
9,Delhi,1,Union Territory,16,Publication/transmission of obscene / sexually explicit act in electronic form (Sec. 67) - E) Other sub-sections of Sec. 67 IT Act,IT Act,Offences under I.T. Act,9
9,Delhi,1,Union Territory,17,Interception or Monitoring or decryption of Information (Sec.69),IT Act,Offences under I.T. Act,0
9,Delhi,1,Union Territory,18,Un-authorized access/attempt to access to protected computer system (Sec.70),IT Act,Offences under I.T. Act,0
9,Delhi,1,Union Territory,19,Abetment to Commit Offences (Sec.84 B),IT Act,Offences under I.T. Act,0
9,Delhi,1,Union Territory,20,Attempt to Commit Offences (Sec.84C),IT Act,Offences under I.T. Act,0
9,Delhi,1,Union Territory,21,Other Sections of IT Act,IT Act,Offences under I.T. Act,17
9,Delhi,1,Union Territory,23,Abetment of Suicide (Online) (Sec.305/306 IPC),IPC,IPC Crimes,0
9,Delhi,1,Union Territory,24,Cyber Stalking/ Bullying of Women/ Children (Sec.354D IPC),IPC,IPC Crimes,18
9,Delhi,1,Union Territory,25,Data theft (Sec.379 to 381),IPC,IPC Crimes,2
9,Delhi,1,Union Territory,27,"Fraud (Sec.420 r/w Sec.465, 468- 471 IPC) - A) Credit Card/Debit Card",IPC,IPC Crimes,6
9,Delhi,1,Union Territory,28,"Fraud (Sec.420 r/w Sec.465, 468- 471 IPC) - B) ATMs",IPC,IPC Crimes,7
9,Delhi,1,Union Territory,29,"Fraud (Sec.420 r/w Sec.465, 468- 471 IPC) - C) Online Banking Fraud",IPC,IPC Crimes,35
9,Delhi,1,Union Territory,30,"Fraud (Sec.420 r/w Sec.465, 468- 471 IPC) - D) OTP Frauds",IPC,IPC Crimes,12
9,Delhi,1,Union Territory,31,"Fraud (Sec.420 r/w Sec.465, 468- 471 IPC) - E) Others",IPC,IPC Crimes,103
9,Delhi,1,Union Territory,32,Cheating (Sec.420 IPC),IPC,IPC Crimes,58
9,Delhi,1,Union Territory,33,"Forgery (Sec.465, 468 and 471)",IPC,IPC Crimes,1
9,Delhi,1,Union Territory,34,Defamation/ Morphing (Sec.469 IPC r/w IPC and Indecent representation of women Act),IPC,IPC Crimes,0
9,Delhi,1,Union Territory,35,Fake Profile (r/w IPC/SLL),IPC,IPC Crimes,3
9,Delhi,1,Union Territory,37,Counterfeiting - A) Currency (Sec.489A to 489E),IPC,IPC Crimes,0
9,Delhi,1,Union Territory,38,CounterfeitingB) Stamps (Sec.255),IPC,IPC Crimes,0
9,Delhi,1,Union Territory,39,"Cyber Blackmailing/ Threatening (Sec.506,503,384 IPC)",IPC,IPC Crimes,9
9,Delhi,1,Union Territory,40,Fake News on Social Media (Sec.505),IPC,IPC Crimes,0
9,Delhi,1,Union Territory,41,Other Offences (r/w IT Act),IPC,IPC Crimes,25
9,Delhi,1,Union Territory,43,Gambling Act (Online Gambling),SLL,Offences under SLL,0
9,Delhi,1,Union Territory,44,Lotteries Act (Online Lotteries),SLL,Offences under SLL,0
9,Delhi,1,Union Territory,45,"Copy Right Act, 1957",SLL,Offences under SLL,0
9,Delhi,1,Union Territory,46,"Trade Marks Act, 1999",SLL,Offences under SLL,0
9,Delhi,1,Union Territory,47,Other SLL Crimes,SLL,Offences under SLL,0
10,Goa,0,State,1,Tampering Computer Source documents (Sec.65),IT Act,Offences under I.T. Act,1
10,Goa,0,State,4,Computer Related Offences - Computer Related Offences (Sec.66) - a1) Ransom-ware,IT Act,Offences under I.T. Act,0
10,Goa,0,State,5,Computer Related Offences - Computer Related Offences (Sec.66) - a2) Offences other than Ransom-ware,IT Act,Offences under I.T. Act,1
10,Goa,0,State,6,Computer Related Offences - B) Dishonesty receiving stolen computer resource or communication device (Sec.66B),IT Act,Offences under I.T. Act,0
10,Goa,0,State,7,Computer Related Offences - C) Identity Theft (Sec.66C),IT Act,Offences under I.T. Act,7
10,Goa,0,State,8,Computer Related Offences - D) Cheating by personation by using computer resource (Sec.66D),IT Act,Offences under I.T. Act,48
10,Goa,0,State,9,Computer Related Offences - E) Violation of Privacy (Sec.66E),IT Act,Offences under I.T. Act,0
10,Goa,0,State,10,Cyber Terrorism (Sec.66 F),IT Act,Offences under I.T. Act,2
10,Goa,0,State,12,Publication/ transmission of obscene / sexually explicit act in electronic form (Sec. 67) - A) Publishing or transmitting obscene material in Electronic Form,IT Act,Offences under I.T. Act,6
10,Goa,0,State,13,Publication/transmission of obscene / sexually explicit act in electronic form (Sec. 67) - B) Publishing or transmitting of material containing Sexually explicit act in electronic form (Sec.67A),IT Act,Offences under I.T. Act,1
10,Goa,0,State,14,Publication/transmission of obscene / sexually explicit act in electronic form (Sec. 67) - C) Publishing or transmitting of material depicting children in Sexually explicit act in electronic form (Sec.67B),IT Act,Offences under I.T. Act,8
10,Goa,0,State,15,Publication/transmission of obscene / sexually explicit act in electronic form (Sec. 67) - D) Preservation and retention of information by intermediaries (Sec.67C),IT Act,Offences under I.T. Act,1
10,Goa,0,State,16,Publication/transmission of obscene / sexually explicit act in electronic form (Sec. 67) - E) Other sub-sections of Sec. 67 IT Act,IT Act,Offences under I.T. Act,0
10,Goa,0,State,17,Interception or Monitoring or decryption of Information (Sec.69),IT Act,Offences under I.T. Act,0
10,Goa,0,State,18,Un-authorized access/attempt to access to protected computer system (Sec.70),IT Act,Offences under I.T. Act,0
10,Goa,0,State,19,Abetment to Commit Offences (Sec.84 B),IT Act,Offences under I.T. Act,0
10,Goa,0,State,20,Attempt to Commit Offences (Sec.84C),IT Act,Offences under I.T. Act,0
10,Goa,0,State,21,Other Sections of IT Act,IT Act,Offences under I.T. Act,0
10,Goa,0,State,23,Abetment of Suicide (Online) (Sec.305/306 IPC),IPC,IPC Crimes,0
10,Goa,0,State,24,Cyber Stalking/ Bullying of Women/ Children (Sec.354D IPC),IPC,IPC Crimes,0
10,Goa,0,State,25,Data theft (Sec.379 to 381),IPC,IPC Crimes,0
10,Goa,0,State,27,"Fraud (Sec.420 r/w Sec.465, 468- 471 IPC) - A) Credit Card/Debit Card",IPC,IPC Crimes,0
10,Goa,0,State,28,"Fraud (Sec.420 r/w Sec.465, 468- 471 IPC) - B) ATMs",IPC,IPC Crimes,0
10,Goa,0,State,29,"Fraud (Sec.420 r/w Sec.465, 468- 471 IPC) - C) Online Banking Fraud",IPC,IPC Crimes,0
10,Goa,0,State,30,"Fraud (Sec.420 r/w Sec.465, 468- 471 IPC) - D) OTP Frauds",IPC,IPC Crimes,0
10,Goa,0,State,31,"Fraud (Sec.420 r/w Sec.465, 468- 471 IPC) - E) Others",IPC,IPC Crimes,0
10,Goa,0,State,32,Cheating (Sec.420 IPC),IPC,IPC Crimes,8
10,Goa,0,State,33,"Forgery (Sec.465, 468 and 471)",IPC,IPC Crimes,0
10,Goa,0,State,34,Defamation/ Morphing (Sec.469 IPC r/w IPC and Indecent representation of women Act),IPC,IPC Crimes,0
10,Goa,0,State,35,Fake Profile (r/w IPC/SLL),IPC,IPC Crimes,0
10,Goa,0,State,37,Counterfeiting - A) Currency (Sec.489A to 489E),IPC,IPC Crimes,0
10,Goa,0,State,38,CounterfeitingB) Stamps (Sec.255),IPC,IPC Crimes,0
10,Goa,0,State,39,"Cyber Blackmailing/ Threatening (Sec.506,503,384 IPC)",IPC,IPC Crimes,2
10,Goa,0,State,40,Fake News on Social Media (Sec.505),IPC,IPC Crimes,0
10,Goa,0,State,41,Other Offences (r/w IT Act),IPC,IPC Crimes,1
10,Goa,0,State,43,Gambling Act (Online Gambling),SLL,Offences under SLL,0
10,Goa,0,State,44,Lotteries Act (Online Lotteries),SLL,Offences under SLL,0
10,Goa,0,State,45,"Copy Right Act, 1957",SLL,Offences under SLL,0
10,Goa,0,State,46,"Trade Marks Act, 1999",SLL,Offences under SLL,0
10,Goa,0,State,47,Other SLL Crimes,SLL,Offences under SLL,0
11,Gujarat,0,State,1,Tampering Computer Source documents (Sec.65),IT Act,Offences under I.T. Act,0
11,Gujarat,0,State,4,Computer Related Offences - Computer Related Offences (Sec.66) - a1) Ransom-ware,IT Act,Offences under I.T. Act,0
11,Gujarat,0,State,5,Computer Related Offences - Computer Related Offences (Sec.66) - a2) Offences other than Ransom-ware,IT Act,Offences under I.T. Act,3
11,Gujarat,0,State,6,Computer Related Offences - B) Dishonesty receiving stolen computer resource or communication device (Sec.66B),IT Act,Offences under I.T. Act,2
11,Gujarat,0,State,7,Computer Related Offences - C) Identity Theft (Sec.66C),IT Act,Offences under I.T. Act,254
11,Gujarat,0,State,8,Computer Related Offences - D) Cheating by personation by using computer resource (Sec.66D),IT Act,Offences under I.T. Act,34
11,Gujarat,0,State,9,Computer Related Offences - E) Violation of Privacy (Sec.66E),IT Act,Offences under I.T. Act,12
11,Gujarat,0,State,10,Cyber Terrorism (Sec.66 F),IT Act,Offences under I.T. Act,0
11,Gujarat,0,State,12,Publication/ transmission of obscene / sexually explicit act in electronic form (Sec. 67) - A) Publishing or transmitting obscene material in Electronic Form,IT Act,Offences under I.T. Act,65
11,Gujarat,0,State,13,Publication/transmission of obscene / sexually explicit act in electronic form (Sec. 67) - B) Publishing or transmitting of material containing Sexually explicit act in electronic form (Sec.67A),IT Act,Offences under I.T. Act,57
11,Gujarat,0,State,14,Publication/transmission of obscene / sexually explicit act in electronic form (Sec. 67) - C) Publishing or transmitting of material depicting children in Sexually explicit act in electronic form (Sec.67B),IT Act,Offences under I.T. Act,10
11,Gujarat,0,State,15,Publication/transmission of obscene / sexually explicit act in electronic form (Sec. 67) - D) Preservation and retention of information by intermediaries (Sec.67C),IT Act,Offences under I.T. Act,0
11,Gujarat,0,State,16,Publication/transmission of obscene / sexually explicit act in electronic form (Sec. 67) - E) Other sub-sections of Sec. 67 IT Act,IT Act,Offences under I.T. Act,4
11,Gujarat,0,State,17,Interception or Monitoring or decryption of Information (Sec.69),IT Act,Offences under I.T. Act,0
11,Gujarat,0,State,18,Un-authorized access/attempt to access to protected computer system (Sec.70),IT Act,Offences under I.T. Act,0
11,Gujarat,0,State,19,Abetment to Commit Offences (Sec.84 B),IT Act,Offences under I.T. Act,0
11,Gujarat,0,State,20,Attempt to Commit Offences (Sec.84C),IT Act,Offences under I.T. Act,2
11,Gujarat,0,State,21,Other Sections of IT Act,IT Act,Offences under I.T. Act,33
11,Gujarat,0,State,23,Abetment of Suicide (Online) (Sec.305/306 IPC),IPC,IPC Crimes,4
11,Gujarat,0,State,24,Cyber Stalking/ Bullying of Women/ Children (Sec.354D IPC),IPC,IPC Crimes,43
11,Gujarat,0,State,25,Data theft (Sec.379 to 381),IPC,IPC Crimes,8
11,Gujarat,0,State,27,"Fraud (Sec.420 r/w Sec.465, 468- 471 IPC) - A) Credit Card/Debit Card",IPC,IPC Crimes,9
11,Gujarat,0,State,28,"Fraud (Sec.420 r/w Sec.465, 468- 471 IPC) - B) ATMs",IPC,IPC Crimes,10
11,Gujarat,0,State,29,"Fraud (Sec.420 r/w Sec.465, 468- 471 IPC) - C) Online Banking Fraud",IPC,IPC Crimes,49
11,Gujarat,0,State,30,"Fraud (Sec.420 r/w Sec.465, 468- 471 IPC) - D) OTP Frauds",IPC,IPC Crimes,7
11,Gujarat,0,State,31,"Fraud (Sec.420 r/w Sec.465, 468- 471 IPC) - E) Others",IPC,IPC Crimes,37
11,Gujarat,0,State,32,Cheating (Sec.420 IPC),IPC,IPC Crimes,1034
11,Gujarat,0,State,33,"Forgery (Sec.465, 468 and 471)",IPC,IPC Crimes,68
11,Gujarat,0,State,34,Defamation/ Morphing (Sec.469 IPC r/w IPC and Indecent representation of women Act),IPC,IPC Crimes,0
11,Gujarat,0,State,35,Fake Profile (r/w IPC/SLL),IPC,IPC Crimes,3
11,Gujarat,0,State,37,Counterfeiting - A) Currency (Sec.489A to 489E),IPC,IPC Crimes,0
11,Gujarat,0,State,38,CounterfeitingB) Stamps (Sec.255),IPC,IPC Crimes,0
11,Gujarat,0,State,39,"Cyber Blackmailing/ Threatening (Sec.506,503,384 IPC)",IPC,IPC Crimes,37
11,Gujarat,0,State,40,Fake News on Social Media (Sec.505),IPC,IPC Crimes,0
11,Gujarat,0,State,41,Other Offences (r/w IT Act),IPC,IPC Crimes,195
11,Gujarat,0,State,43,Gambling Act (Online Gambling),SLL,Offences under SLL,0
11,Gujarat,0,State,44,Lotteries Act (Online Lotteries),SLL,Offences under SLL,0
11,Gujarat,0,State,45,"Copy Right Act, 1957",SLL,Offences under SLL,0
11,Gujarat,0,State,46,"Trade Marks Act, 1999",SLL,Offences under SLL,0
11,Gujarat,0,State,47,Other SLL Crimes,SLL,Offences under SLL,15
12,Haryana,0,State,1,Tampering Computer Source documents (Sec.65),IT Act,Offences under I.T. Act,0
12,Haryana,0,State,4,Computer Related Offences - Computer Related Offences (Sec.66) - a1) Ransom-ware,IT Act,Offences under I.T. Act,1
12,Haryana,0,State,5,Computer Related Offences - Computer Related Offences (Sec.66) - a2) Offences other than Ransom-ware,IT Act,Offences under I.T. Act,10
12,Haryana,0,State,6,Computer Related Offences - B) Dishonesty receiving stolen computer resource or communication device (Sec.66B),IT Act,Offences under I.T. Act,2
12,Haryana,0,State,7,Computer Related Offences - C) Identity Theft (Sec.66C),IT Act,Offences under I.T. Act,61
12,Haryana,0,State,8,Computer Related Offences - D) Cheating by personation by using computer resource (Sec.66D),IT Act,Offences under I.T. Act,34
12,Haryana,0,State,9,Computer Related Offences - E) Violation of Privacy (Sec.66E),IT Act,Offences under I.T. Act,13
12,Haryana,0,State,10,Cyber Terrorism (Sec.66 F),IT Act,Offences under I.T. Act,0
12,Haryana,0,State,12,Publication/ transmission of obscene / sexually explicit act in electronic form (Sec. 67) - A) Publishing or transmitting obscene material in Electronic Form,IT Act,Offences under I.T. Act,56
12,Haryana,0,State,13,Publication/transmission of obscene / sexually explicit act in electronic form (Sec. 67) - B) Publishing or transmitting of material containing Sexually explicit act in electronic form (Sec.67A),IT Act,Offences under I.T. Act,111
12,Haryana,0,State,14,Publication/transmission of obscene / sexually explicit act in electronic form (Sec. 67) - C) Publishing or transmitting of material depicting children in Sexually explicit act in electronic form (Sec.67B),IT Act,Offences under I.T. Act,4
12,Haryana,0,State,15,Publication/transmission of obscene / sexually explicit act in electronic form (Sec. 67) - D) Preservation and retention of information by intermediaries (Sec.67C),IT Act,Offences under I.T. Act,0
12,Haryana,0,State,16,Publication/transmission of obscene / sexually explicit act in electronic form (Sec. 67) - E) Other sub-sections of Sec. 67 IT Act,IT Act,Offences under I.T. Act,27
12,Haryana,0,State,17,Interception or Monitoring or decryption of Information (Sec.69),IT Act,Offences under I.T. Act,0
12,Haryana,0,State,18,Un-authorized access/attempt to access to protected computer system (Sec.70),IT Act,Offences under I.T. Act,0
12,Haryana,0,State,19,Abetment to Commit Offences (Sec.84 B),IT Act,Offences under I.T. Act,0
12,Haryana,0,State,20,Attempt to Commit Offences (Sec.84C),IT Act,Offences under I.T. Act,2
12,Haryana,0,State,21,Other Sections of IT Act,IT Act,Offences under I.T. Act,4
12,Haryana,0,State,23,Abetment of Suicide (Online) (Sec.305/306 IPC),IPC,IPC Crimes,1
12,Haryana,0,State,24,Cyber Stalking/ Bullying of Women/ Children (Sec.354D IPC),IPC,IPC Crimes,35
12,Haryana,0,State,25,Data theft (Sec.379 to 381),IPC,IPC Crimes,0
12,Haryana,0,State,27,"Fraud (Sec.420 r/w Sec.465, 468- 471 IPC) - A) Credit Card/Debit Card",IPC,IPC Crimes,0
12,Haryana,0,State,28,"Fraud (Sec.420 r/w Sec.465, 468- 471 IPC) - B) ATMs",IPC,IPC Crimes,0
12,Haryana,0,State,29,"Fraud (Sec.420 r/w Sec.465, 468- 471 IPC) - C) Online Banking Fraud",IPC,IPC Crimes,3
12,Haryana,0,State,30,"Fraud (Sec.420 r/w Sec.465, 468- 471 IPC) - D) OTP Frauds",IPC,IPC Crimes,0
12,Haryana,0,State,31,"Fraud (Sec.420 r/w Sec.465, 468- 471 IPC) - E) Others",IPC,IPC Crimes,8
12,Haryana,0,State,32,Cheating (Sec.420 IPC),IPC,IPC Crimes,239
12,Haryana,0,State,33,"Forgery (Sec.465, 468 and 471)",IPC,IPC Crimes,44
12,Haryana,0,State,34,Defamation/ Morphing (Sec.469 IPC r/w IPC and Indecent representation of women Act),IPC,IPC Crimes,1
12,Haryana,0,State,35,Fake Profile (r/w IPC/SLL),IPC,IPC Crimes,1
12,Haryana,0,State,37,Counterfeiting - A) Currency (Sec.489A to 489E),IPC,IPC Crimes,0
12,Haryana,0,State,38,CounterfeitingB) Stamps (Sec.255),IPC,IPC Crimes,0
12,Haryana,0,State,39,"Cyber Blackmailing/ Threatening (Sec.506,503,384 IPC)",IPC,IPC Crimes,7
12,Haryana,0,State,40,Fake News on Social Media (Sec.505),IPC,IPC Crimes,0
12,Haryana,0,State,41,Other Offences (r/w IT Act),IPC,IPC Crimes,65
12,Haryana,0,State,43,Gambling Act (Online Gambling),SLL,Offences under SLL,0
12,Haryana,0,State,44,Lotteries Act (Online Lotteries),SLL,Offences under SLL,0
12,Haryana,0,State,45,"Copy Right Act, 1957",SLL,Offences under SLL,0
12,Haryana,0,State,46,"Trade Marks Act, 1999",SLL,Offences under SLL,0
12,Haryana,0,State,47,Other SLL Crimes,SLL,Offences under SLL,22
13,Himachal Pradesh,0,State,1,Tampering Computer Source documents (Sec.65),IT Act,Offences under I.T. Act,0
13,Himachal Pradesh,0,State,4,Computer Related Offences - Computer Related Offences (Sec.66) - a1) Ransom-ware,IT Act,Offences under I.T. Act,1
13,Himachal Pradesh,0,State,5,Computer Related Offences - Computer Related Offences (Sec.66) - a2) Offences other than Ransom-ware,IT Act,Offences under I.T. Act,1
13,Himachal Pradesh,0,State,6,Computer Related Offences - B) Dishonesty receiving stolen computer resource or communication device (Sec.66B),IT Act,Offences under I.T. Act,0
13,Himachal Pradesh,0,State,7,Computer Related Offences - C) Identity Theft (Sec.66C),IT Act,Offences under I.T. Act,4
13,Himachal Pradesh,0,State,8,Computer Related Offences - D) Cheating by personation by using computer resource (Sec.66D),IT Act,Offences under I.T. Act,69
13,Himachal Pradesh,0,State,9,Computer Related Offences - E) Violation of Privacy (Sec.66E),IT Act,Offences under I.T. Act,2
13,Himachal Pradesh,0,State,10,Cyber Terrorism (Sec.66 F),IT Act,Offences under I.T. Act,0
13,Himachal Pradesh,0,State,12,Publication/ transmission of obscene / sexually explicit act in electronic form (Sec. 67) - A) Publishing or transmitting obscene material in Electronic Form,IT Act,Offences under I.T. Act,0
13,Himachal Pradesh,0,State,13,Publication/transmission of obscene / sexually explicit act in electronic form (Sec. 67) - B) Publishing or transmitting of material containing Sexually explicit act in electronic form (Sec.67A),IT Act,Offences under I.T. Act,22
13,Himachal Pradesh,0,State,14,Publication/transmission of obscene / sexually explicit act in electronic form (Sec. 67) - C) Publishing or transmitting of material depicting children in Sexually explicit act in electronic form (Sec.67B),IT Act,Offences under I.T. Act,2
13,Himachal Pradesh,0,State,15,Publication/transmission of obscene / sexually explicit act in electronic form (Sec. 67) - D) Preservation and retention of information by intermediaries (Sec.67C),IT Act,Offences under I.T. Act,0
13,Himachal Pradesh,0,State,16,Publication/transmission of obscene / sexually explicit act in electronic form (Sec. 67) - E) Other sub-sections of Sec. 67 IT Act,IT Act,Offences under I.T. Act,0
13,Himachal Pradesh,0,State,17,Interception or Monitoring or decryption of Information (Sec.69),IT Act,Offences under I.T. Act,0
13,Himachal Pradesh,0,State,18,Un-authorized access/attempt to access to protected computer system (Sec.70),IT Act,Offences under I.T. Act,0
13,Himachal Pradesh,0,State,19,Abetment to Commit Offences (Sec.84 B),IT Act,Offences under I.T. Act,0
13,Himachal Pradesh,0,State,20,Attempt to Commit Offences (Sec.84C),IT Act,Offences under I.T. Act,0
13,Himachal Pradesh,0,State,21,Other Sections of IT Act,IT Act,Offences under I.T. Act,0
13,Himachal Pradesh,0,State,23,Abetment of Suicide (Online) (Sec.305/306 IPC),IPC,IPC Crimes,0
13,Himachal Pradesh,0,State,24,Cyber Stalking/ Bullying of Women/ Children (Sec.354D IPC),IPC,IPC Crimes,2
13,Himachal Pradesh,0,State,25,Data theft (Sec.379 to 381),IPC,IPC Crimes,0
13,Himachal Pradesh,0,State,27,"Fraud (Sec.420 r/w Sec.465, 468- 471 IPC) - A) Credit Card/Debit Card",IPC,IPC Crimes,0
13,Himachal Pradesh,0,State,28,"Fraud (Sec.420 r/w Sec.465, 468- 471 IPC) - B) ATMs",IPC,IPC Crimes,1
13,Himachal Pradesh,0,State,29,"Fraud (Sec.420 r/w Sec.465, 468- 471 IPC) - C) Online Banking Fraud",IPC,IPC Crimes,0
13,Himachal Pradesh,0,State,30,"Fraud (Sec.420 r/w Sec.465, 468- 471 IPC) - D) OTP Frauds",IPC,IPC Crimes,0
13,Himachal Pradesh,0,State,31,"Fraud (Sec.420 r/w Sec.465, 468- 471 IPC) - E) Others",IPC,IPC Crimes,6
13,Himachal Pradesh,0,State,32,Cheating (Sec.420 IPC),IPC,IPC Crimes,17
13,Himachal Pradesh,0,State,33,"Forgery (Sec.465, 468 and 471)",IPC,IPC Crimes,0
13,Himachal Pradesh,0,State,34,Defamation/ Morphing (Sec.469 IPC r/w IPC and Indecent representation of women Act),IPC,IPC Crimes,0
13,Himachal Pradesh,0,State,35,Fake Profile (r/w IPC/SLL),IPC,IPC Crimes,0
13,Himachal Pradesh,0,State,37,Counterfeiting - A) Currency (Sec.489A to 489E),IPC,IPC Crimes,0
13,Himachal Pradesh,0,State,38,CounterfeitingB) Stamps (Sec.255),IPC,IPC Crimes,0
13,Himachal Pradesh,0,State,39,"Cyber Blackmailing/ Threatening (Sec.506,503,384 IPC)",IPC,IPC Crimes,0
13,Himachal Pradesh,0,State,40,Fake News on Social Media (Sec.505),IPC,IPC Crimes,0
13,Himachal Pradesh,0,State,41,Other Offences (r/w IT Act),IPC,IPC Crimes,0
13,Himachal Pradesh,0,State,43,Gambling Act (Online Gambling),SLL,Offences under SLL,0
13,Himachal Pradesh,0,State,44,Lotteries Act (Online Lotteries),SLL,Offences under SLL,0
13,Himachal Pradesh,0,State,45,"Copy Right Act, 1957",SLL,Offences under SLL,0
13,Himachal Pradesh,0,State,46,"Trade Marks Act, 1999",SLL,Offences under SLL,0
13,Himachal Pradesh,0,State,47,Other SLL Crimes,SLL,Offences under SLL,0
14,Jammu and Kashmir,1,Union Territory,1,Tampering Computer Source documents (Sec.65),IT Act,Offences under I.T. Act,0
14,Jammu and Kashmir,1,Union Territory,4,Computer Related Offences - Computer Related Offences (Sec.66) - a1) Ransom-ware,IT Act,Offences under I.T. Act,0
14,Jammu and Kashmir,1,Union Territory,5,Computer Related Offences - Computer Related Offences (Sec.66) - a2) Offences other than Ransom-ware,IT Act,Offences under I.T. Act,0
14,Jammu and Kashmir,1,Union Territory,6,Computer Related Offences - B) Dishonesty receiving stolen computer resource or communication device (Sec.66B),IT Act,Offences under I.T. Act,0
14,Jammu and Kashmir,1,Union Territory,7,Computer Related Offences - C) Identity Theft (Sec.66C),IT Act,Offences under I.T. Act,6
14,Jammu and Kashmir,1,Union Territory,8,Computer Related Offences - D) Cheating by personation by using computer resource (Sec.66D),IT Act,Offences under I.T. Act,105
14,Jammu and Kashmir,1,Union Territory,9,Computer Related Offences - E) Violation of Privacy (Sec.66E),IT Act,Offences under I.T. Act,5
14,Jammu and Kashmir,1,Union Territory,10,Cyber Terrorism (Sec.66 F),IT Act,Offences under I.T. Act,1
14,Jammu and Kashmir,1,Union Territory,12,Publication/ transmission of obscene / sexually explicit act in electronic form (Sec. 67) - A) Publishing or transmitting obscene material in Electronic Form,IT Act,Offences under I.T. Act,24
14,Jammu and Kashmir,1,Union Territory,13,Publication/transmission of obscene / sexually explicit act in electronic form (Sec. 67) - B) Publishing or transmitting of material containing Sexually explicit act in electronic form (Sec.67A),IT Act,Offences under I.T. Act,13
14,Jammu and Kashmir,1,Union Territory,14,Publication/transmission of obscene / sexually explicit act in electronic form (Sec. 67) - C) Publishing or transmitting of material depicting children in Sexually explicit act in electronic form (Sec.67B),IT Act,Offences under I.T. Act,2
14,Jammu and Kashmir,1,Union Territory,15,Publication/transmission of obscene / sexually explicit act in electronic form (Sec. 67) - D) Preservation and retention of information by intermediaries (Sec.67C),IT Act,Offences under I.T. Act,0
14,Jammu and Kashmir,1,Union Territory,16,Publication/transmission of obscene / sexually explicit act in electronic form (Sec. 67) - E) Other sub-sections of Sec. 67 IT Act,IT Act,Offences under I.T. Act,7
14,Jammu and Kashmir,1,Union Territory,17,Interception or Monitoring or decryption of Information (Sec.69),IT Act,Offences under I.T. Act,0
14,Jammu and Kashmir,1,Union Territory,18,Un-authorized access/attempt to access to protected computer system (Sec.70),IT Act,Offences under I.T. Act,0
14,Jammu and Kashmir,1,Union Territory,19,Abetment to Commit Offences (Sec.84 B),IT Act,Offences under I.T. Act,0
14,Jammu and Kashmir,1,Union Territory,20,Attempt to Commit Offences (Sec.84C),IT Act,Offences under I.T. Act,0
14,Jammu and Kashmir,1,Union Territory,21,Other Sections of IT Act,IT Act,Offences under I.T. Act,6
14,Jammu and Kashmir,1,Union Territory,23,Abetment of Suicide (Online) (Sec.305/306 IPC),IPC,IPC Crimes,0
14,Jammu and Kashmir,1,Union Territory,24,Cyber Stalking/ Bullying of Women/ Children (Sec.354D IPC),IPC,IPC Crimes,1
14,Jammu and Kashmir,1,Union Territory,25,Data theft (Sec.379 to 381),IPC,IPC Crimes,0
14,Jammu and Kashmir,1,Union Territory,27,"Fraud (Sec.420 r/w Sec.465, 468- 471 IPC) - A) Credit Card/Debit Card",IPC,IPC Crimes,0
14,Jammu and Kashmir,1,Union Territory,28,"Fraud (Sec.420 r/w Sec.465, 468- 471 IPC) - B) ATMs",IPC,IPC Crimes,2
14,Jammu and Kashmir,1,Union Territory,29,"Fraud (Sec.420 r/w Sec.465, 468- 471 IPC) - C) Online Banking Fraud",IPC,IPC Crimes,0
14,Jammu and Kashmir,1,Union Territory,30,"Fraud (Sec.420 r/w Sec.465, 468- 471 IPC) - D) OTP Frauds",IPC,IPC Crimes,0
14,Jammu and Kashmir,1,Union Territory,31,"Fraud (Sec.420 r/w Sec.465, 468- 471 IPC) - E) Others",IPC,IPC Crimes,0
14,Jammu and Kashmir,1,Union Territory,32,Cheating (Sec.420 IPC),IPC,IPC Crimes,0
14,Jammu and Kashmir,1,Union Territory,33,"Forgery (Sec.465, 468 and 471)",IPC,IPC Crimes,0
14,Jammu and Kashmir,1,Union Territory,34,Defamation/ Morphing (Sec.469 IPC r/w IPC and Indecent representation of women Act),IPC,IPC Crimes,1
14,Jammu and Kashmir,1,Union Territory,35,Fake Profile (r/w IPC/SLL),IPC,IPC Crimes,0
14,Jammu and Kashmir,1,Union Territory,37,Counterfeiting - A) Currency (Sec.489A to 489E),IPC,IPC Crimes,0
14,Jammu and Kashmir,1,Union Territory,38,CounterfeitingB) Stamps (Sec.255),IPC,IPC Crimes,0
14,Jammu and Kashmir,1,Union Territory,39,"Cyber Blackmailing/ Threatening (Sec.506,503,384 IPC)",IPC,IPC Crimes,0
14,Jammu and Kashmir,1,Union Territory,40,Fake News on Social Media (Sec.505),IPC,IPC Crimes,0
14,Jammu and Kashmir,1,Union Territory,41,Other Offences (r/w IT Act),IPC,IPC Crimes,4
14,Jammu and Kashmir,1,Union Territory,43,Gambling Act (Online Gambling),SLL,Offences under SLL,0
14,Jammu and Kashmir,1,Union Territory,44,Lotteries Act (Online Lotteries),SLL,Offences under SLL,0
14,Jammu and Kashmir,1,Union Territory,45,"Copy Right Act, 1957",SLL,Offences under SLL,8
14,Jammu and Kashmir,1,Union Territory,46,"Trade Marks Act, 1999",SLL,Offences under SLL,0
14,Jammu and Kashmir,1,Union Territory,47,Other SLL Crimes,SLL,Offences under SLL,0
15,Jharkhand,0,State,1,Tampering Computer Source documents (Sec.65),IT Act,Offences under I.T. Act,0
15,Jharkhand,0,State,4,Computer Related Offences - Computer Related Offences (Sec.66) - a1) Ransom-ware,IT Act,Offences under I.T. Act,20
15,Jharkhand,0,State,5,Computer Related Offences - Computer Related Offences (Sec.66) - a2) Offences other than Ransom-ware,IT Act,Offences under I.T. Act,106
15,Jharkhand,0,State,6,Computer Related Offences - B) Dishonesty receiving stolen computer resource or communication device (Sec.66B),IT Act,Offences under I.T. Act,140
15,Jharkhand,0,State,7,Computer Related Offences - C) Identity Theft (Sec.66C),IT Act,Offences under I.T. Act,479
15,Jharkhand,0,State,8,Computer Related Offences - D) Cheating by personation by using computer resource (Sec.66D),IT Act,Offences under I.T. Act,161
15,Jharkhand,0,State,9,Computer Related Offences - E) Violation of Privacy (Sec.66E),IT Act,Offences under I.T. Act,60
15,Jharkhand,0,State,10,Cyber Terrorism (Sec.66 F),IT Act,Offences under I.T. Act,0
15,Jharkhand,0,State,12,Publication/ transmission of obscene / sexually explicit act in electronic form (Sec. 67) - A) Publishing or transmitting obscene material in Electronic Form,IT Act,Offences under I.T. Act,6
15,Jharkhand,0,State,13,Publication/transmission of obscene / sexually explicit act in electronic form (Sec. 67) - B) Publishing or transmitting of material containing Sexually explicit act in electronic form (Sec.67A),IT Act,Offences under I.T. Act,15
15,Jharkhand,0,State,14,Publication/transmission of obscene / sexually explicit act in electronic form (Sec. 67) - C) Publishing or transmitting of material depicting children in Sexually explicit act in electronic form (Sec.67B),IT Act,Offences under I.T. Act,0
15,Jharkhand,0,State,15,Publication/transmission of obscene / sexually explicit act in electronic form (Sec. 67) - D) Preservation and retention of information by intermediaries (Sec.67C),IT Act,Offences under I.T. Act,0
15,Jharkhand,0,State,16,Publication/transmission of obscene / sexually explicit act in electronic form (Sec. 67) - E) Other sub-sections of Sec. 67 IT Act,IT Act,Offences under I.T. Act,5
15,Jharkhand,0,State,17,Interception or Monitoring or decryption of Information (Sec.69),IT Act,Offences under I.T. Act,0
15,Jharkhand,0,State,18,Un-authorized access/attempt to access to protected computer system (Sec.70),IT Act,Offences under I.T. Act,0
15,Jharkhand,0,State,19,Abetment to Commit Offences (Sec.84 B),IT Act,Offences under I.T. Act,0
15,Jharkhand,0,State,20,Attempt to Commit Offences (Sec.84C),IT Act,Offences under I.T. Act,0
15,Jharkhand,0,State,21,Other Sections of IT Act,IT Act,Offences under I.T. Act,1
15,Jharkhand,0,State,23,Abetment of Suicide (Online) (Sec.305/306 IPC),IPC,IPC Crimes,0
15,Jharkhand,0,State,24,Cyber Stalking/ Bullying of Women/ Children (Sec.354D IPC),IPC,IPC Crimes,7
15,Jharkhand,0,State,25,Data theft (Sec.379 to 381),IPC,IPC Crimes,0
15,Jharkhand,0,State,27,"Fraud (Sec.420 r/w Sec.465, 468- 471 IPC) - A) Credit Card/Debit Card",IPC,IPC Crimes,4
15,Jharkhand,0,State,28,"Fraud (Sec.420 r/w Sec.465, 468- 471 IPC) - B) ATMs",IPC,IPC Crimes,9
15,Jharkhand,0,State,29,"Fraud (Sec.420 r/w Sec.465, 468- 471 IPC) - C) Online Banking Fraud",IPC,IPC Crimes,12
15,Jharkhand,0,State,30,"Fraud (Sec.420 r/w Sec.465, 468- 471 IPC) - D) OTP Frauds",IPC,IPC Crimes,18
15,Jharkhand,0,State,31,"Fraud (Sec.420 r/w Sec.465, 468- 471 IPC) - E) Others",IPC,IPC Crimes,0
15,Jharkhand,0,State,32,Cheating (Sec.420 IPC),IPC,IPC Crimes,17
15,Jharkhand,0,State,33,"Forgery (Sec.465, 468 and 471)",IPC,IPC Crimes,12
15,Jharkhand,0,State,34,Defamation/ Morphing (Sec.469 IPC r/w IPC and Indecent representation of women Act),IPC,IPC Crimes,0
15,Jharkhand,0,State,35,Fake Profile (r/w IPC/SLL),IPC,IPC Crimes,0
15,Jharkhand,0,State,37,Counterfeiting - A) Currency (Sec.489A to 489E),IPC,IPC Crimes,0
15,Jharkhand,0,State,38,CounterfeitingB) Stamps (Sec.255),IPC,IPC Crimes,0
15,Jharkhand,0,State,39,"Cyber Blackmailing/ Threatening (Sec.506,503,384 IPC)",IPC,IPC Crimes,7
15,Jharkhand,0,State,40,Fake News on Social Media (Sec.505),IPC,IPC Crimes,0
15,Jharkhand,0,State,41,Other Offences (r/w IT Act),IPC,IPC Crimes,0
15,Jharkhand,0,State,43,Gambling Act (Online Gambling),SLL,Offences under SLL,0
15,Jharkhand,0,State,44,Lotteries Act (Online Lotteries),SLL,Offences under SLL,0
15,Jharkhand,0,State,45,"Copy Right Act, 1957",SLL,Offences under SLL,0
15,Jharkhand,0,State,46,"Trade Marks Act, 1999",SLL,Offences under SLL,0
15,Jharkhand,0,State,47,Other SLL Crimes,SLL,Offences under SLL,0
16,Karnataka,0,State,1,Tampering Computer Source documents (Sec.65),IT Act,Offences under I.T. Act,7
16,Karnataka,0,State,4,Computer Related Offences - Computer Related Offences (Sec.66) - a1) Ransom-ware,IT Act,Offences under I.T. Act,30
16,Karnataka,0,State,5,Computer Related Offences - Computer Related Offences (Sec.66) - a2) Offences other than Ransom-ware,IT Act,Offences under I.T. Act,106
16,Karnataka,0,State,6,Computer Related Offences - B) Dishonesty receiving stolen computer resource or communication device (Sec.66B),IT Act,Offences under I.T. Act,11
16,Karnataka,0,State,7,Computer Related Offences - C) Identity Theft (Sec.66C),IT Act,Offences under I.T. Act,2411
16,Karnataka,0,State,8,Computer Related Offences - D) Cheating by personation by using computer resource (Sec.66D),IT Act,Offences under I.T. Act,18166
16,Karnataka,0,State,9,Computer Related Offences - E) Violation of Privacy (Sec.66E),IT Act,Offences under I.T. Act,82
16,Karnataka,0,State,10,Cyber Terrorism (Sec.66 F),IT Act,Offences under I.T. Act,1
16,Karnataka,0,State,12,Publication/ transmission of obscene / sexually explicit act in electronic form (Sec. 67) - A) Publishing or transmitting obscene material in Electronic Form,IT Act,Offences under I.T. Act,331
16,Karnataka,0,State,13,Publication/transmission of obscene / sexually explicit act in electronic form (Sec. 67) - B) Publishing or transmitting of material containing Sexually explicit act in electronic form (Sec.67A),IT Act,Offences under I.T. Act,261
16,Karnataka,0,State,14,Publication/transmission of obscene / sexually explicit act in electronic form (Sec. 67) - C) Publishing or transmitting of material depicting children in Sexually explicit act in electronic form (Sec.67B),IT Act,Offences under I.T. Act,341
16,Karnataka,0,State,15,Publication/transmission of obscene / sexually explicit act in electronic form (Sec. 67) - D) Preservation and retention of information by intermediaries (Sec.67C),IT Act,Offences under I.T. Act,4
16,Karnataka,0,State,16,Publication/transmission of obscene / sexually explicit act in electronic form (Sec. 67) - E) Other sub-sections of Sec. 67 IT Act,IT Act,Offences under I.T. Act,70
16,Karnataka,0,State,17,Interception or Monitoring or decryption of Information (Sec.69),IT Act,Offences under I.T. Act,0
16,Karnataka,0,State,18,Un-authorized access/attempt to access to protected computer system (Sec.70),IT Act,Offences under I.T. Act,0
16,Karnataka,0,State,19,Abetment to Commit Offences (Sec.84 B),IT Act,Offences under I.T. Act,0
16,Karnataka,0,State,20,Attempt to Commit Offences (Sec.84C),IT Act,Offences under I.T. Act,6
16,Karnataka,0,State,21,Other Sections of IT Act,IT Act,Offences under I.T. Act,43
16,Karnataka,0,State,23,Abetment of Suicide (Online) (Sec.305/306 IPC),IPC,IPC Crimes,2
16,Karnataka,0,State,24,Cyber Stalking/ Bullying of Women/ Children (Sec.354D IPC),IPC,IPC Crimes,4
16,Karnataka,0,State,25,Data theft (Sec.379 to 381),IPC,IPC Crimes,0
16,Karnataka,0,State,27,"Fraud (Sec.420 r/w Sec.465, 468- 471 IPC) - A) Credit Card/Debit Card",IPC,IPC Crimes,0
16,Karnataka,0,State,28,"Fraud (Sec.420 r/w Sec.465, 468- 471 IPC) - B) ATMs",IPC,IPC Crimes,0
16,Karnataka,0,State,29,"Fraud (Sec.420 r/w Sec.465, 468- 471 IPC) - C) Online Banking Fraud",IPC,IPC Crimes,0
16,Karnataka,0,State,30,"Fraud (Sec.420 r/w Sec.465, 468- 471 IPC) - D) OTP Frauds",IPC,IPC Crimes,0
16,Karnataka,0,State,31,"Fraud (Sec.420 r/w Sec.465, 468- 471 IPC) - E) Others",IPC,IPC Crimes,0
16,Karnataka,0,State,32,Cheating (Sec.420 IPC),IPC,IPC Crimes,5
16,Karnataka,0,State,33,"Forgery (Sec.465, 468 and 471)",IPC,IPC Crimes,1
16,Karnataka,0,State,34,Defamation/ Morphing (Sec.469 IPC r/w IPC and Indecent representation of women Act),IPC,IPC Crimes,0
16,Karnataka,0,State,35,Fake Profile (r/w IPC/SLL),IPC,IPC Crimes,0
16,Karnataka,0,State,37,Counterfeiting - A) Currency (Sec.489A to 489E),IPC,IPC Crimes,0
16,Karnataka,0,State,38,CounterfeitingB) Stamps (Sec.255),IPC,IPC Crimes,0
16,Karnataka,0,State,39,"Cyber Blackmailing/ Threatening (Sec.506,503,384 IPC)",IPC,IPC Crimes,1
16,Karnataka,0,State,40,Fake News on Social Media (Sec.505),IPC,IPC Crimes,4
16,Karnataka,0,State,41,Other Offences (r/w IT Act),IPC,IPC Crimes,1
16,Karnataka,0,State,43,Gambling Act (Online Gambling),SLL,Offences under SLL,0
16,Karnataka,0,State,44,Lotteries Act (Online Lotteries),SLL,Offences under SLL,0
16,Karnataka,0,State,45,"Copy Right Act, 1957",SLL,Offences under SLL,0
16,Karnataka,0,State,46,"Trade Marks Act, 1999",SLL,Offences under SLL,0
16,Karnataka,0,State,47,Other SLL Crimes,SLL,Offences under SLL,1
17,Kerala,0,State,1,Tampering Computer Source documents (Sec.65),IT Act,Offences under I.T. Act,3
17,Kerala,0,State,4,Computer Related Offences - Computer Related Offences (Sec.66) - a1) Ransom-ware,IT Act,Offences under I.T. Act,1
17,Kerala,0,State,5,Computer Related Offences - Computer Related Offences (Sec.66) - a2) Offences other than Ransom-ware,IT Act,Offences under I.T. Act,13
17,Kerala,0,State,6,Computer Related Offences - B) Dishonesty receiving stolen computer resource or communication device (Sec.66B),IT Act,Offences under I.T. Act,3
17,Kerala,0,State,7,Computer Related Offences - C) Identity Theft (Sec.66C),IT Act,Offences under I.T. Act,76
17,Kerala,0,State,8,Computer Related Offences - D) Cheating by personation by using computer resource (Sec.66D),IT Act,Offences under I.T. Act,526
17,Kerala,0,State,9,Computer Related Offences - E) Violation of Privacy (Sec.66E),IT Act,Offences under I.T. Act,24
17,Kerala,0,State,10,Cyber Terrorism (Sec.66 F),IT Act,Offences under I.T. Act,2
17,Kerala,0,State,12,Publication/ transmission of obscene / sexually explicit act in electronic form (Sec. 67) - A) Publishing or transmitting obscene material in Electronic Form,IT Act,Offences under I.T. Act,19
17,Kerala,0,State,13,Publication/transmission of obscene / sexually explicit act in electronic form (Sec. 67) - B) Publishing or transmitting of material containing Sexually explicit act in electronic form (Sec.67A),IT Act,Offences under I.T. Act,85
17,Kerala,0,State,14,Publication/transmission of obscene / sexually explicit act in electronic form (Sec. 67) - C) Publishing or transmitting of material depicting children in Sexually explicit act in electronic form (Sec.67B),IT Act,Offences under I.T. Act,321
17,Kerala,0,State,15,Publication/transmission of obscene / sexually explicit act in electronic form (Sec. 67) - D) Preservation and retention of information by intermediaries (Sec.67C),IT Act,Offences under I.T. Act,2
17,Kerala,0,State,16,Publication/transmission of obscene / sexually explicit act in electronic form (Sec. 67) - E) Other sub-sections of Sec. 67 IT Act,IT Act,Offences under I.T. Act,5
17,Kerala,0,State,17,Interception or Monitoring or decryption of Information (Sec.69),IT Act,Offences under I.T. Act,0
17,Kerala,0,State,18,Un-authorized access/attempt to access to protected computer system (Sec.70),IT Act,Offences under I.T. Act,0
17,Kerala,0,State,19,Abetment to Commit Offences (Sec.84 B),IT Act,Offences under I.T. Act,0
17,Kerala,0,State,20,Attempt to Commit Offences (Sec.84C),IT Act,Offences under I.T. Act,0
17,Kerala,0,State,21,Other Sections of IT Act,IT Act,Offences under I.T. Act,9
17,Kerala,0,State,23,Abetment of Suicide (Online) (Sec.305/306 IPC),IPC,IPC Crimes,0
17,Kerala,0,State,24,Cyber Stalking/ Bullying of Women/ Children (Sec.354D IPC),IPC,IPC Crimes,51
17,Kerala,0,State,25,Data theft (Sec.379 to 381),IPC,IPC Crimes,4
17,Kerala,0,State,27,"Fraud (Sec.420 r/w Sec.465, 468- 471 IPC) - A) Credit Card/Debit Card",IPC,IPC Crimes,6
17,Kerala,0,State,28,"Fraud (Sec.420 r/w Sec.465, 468- 471 IPC) - B) ATMs",IPC,IPC Crimes,0
17,Kerala,0,State,29,"Fraud (Sec.420 r/w Sec.465, 468- 471 IPC) - C) Online Banking Fraud",IPC,IPC Crimes,60
17,Kerala,0,State,30,"Fraud (Sec.420 r/w Sec.465, 468- 471 IPC) - D) OTP Frauds",IPC,IPC Crimes,45
17,Kerala,0,State,31,"Fraud (Sec.420 r/w Sec.465, 468- 471 IPC) - E) Others",IPC,IPC Crimes,6
17,Kerala,0,State,32,Cheating (Sec.420 IPC),IPC,IPC Crimes,1719
17,Kerala,0,State,33,"Forgery (Sec.465, 468 and 471)",IPC,IPC Crimes,8
17,Kerala,0,State,34,Defamation/ Morphing (Sec.469 IPC r/w IPC and Indecent representation of women Act),IPC,IPC Crimes,0
17,Kerala,0,State,35,Fake Profile (r/w IPC/SLL),IPC,IPC Crimes,30
17,Kerala,0,State,37,Counterfeiting - A) Currency (Sec.489A to 489E),IPC,IPC Crimes,0
17,Kerala,0,State,38,CounterfeitingB) Stamps (Sec.255),IPC,IPC Crimes,0
17,Kerala,0,State,39,"Cyber Blackmailing/ Threatening (Sec.506,503,384 IPC)",IPC,IPC Crimes,10
17,Kerala,0,State,40,Fake News on Social Media (Sec.505),IPC,IPC Crimes,0
17,Kerala,0,State,41,Other Offences (r/w IT Act),IPC,IPC Crimes,171
17,Kerala,0,State,43,Gambling Act (Online Gambling),SLL,Offences under SLL,0
17,Kerala,0,State,44,Lotteries Act (Online Lotteries),SLL,Offences under SLL,0
17,Kerala,0,State,45,"Copy Right Act, 1957",SLL,Offences under SLL,0
17,Kerala,0,State,46,"Trade Marks Act, 1999",SLL,Offences under SLL,0
17,Kerala,0,State,47,Other SLL Crimes,SLL,Offences under SLL,96
18,Ladakh,1,Union Territory,1,Tampering Computer Source documents (Sec.65),IT Act,Offences under I.T. Act,0
18,Ladakh,1,Union Territory,4,Computer Related Offences - Computer Related Offences (Sec.66) - a1) Ransom-ware,IT Act,Offences under I.T. Act,0
18,Ladakh,1,Union Territory,5,Computer Related Offences - Computer Related Offences (Sec.66) - a2) Offences other than Ransom-ware,IT Act,Offences under I.T. Act,0
18,Ladakh,1,Union Territory,6,Computer Related Offences - B) Dishonesty receiving stolen computer resource or communication device (Sec.66B),IT Act,Offences under I.T. Act,0
18,Ladakh,1,Union Territory,7,Computer Related Offences - C) Identity Theft (Sec.66C),IT Act,Offences under I.T. Act,0
18,Ladakh,1,Union Territory,8,Computer Related Offences - D) Cheating by personation by using computer resource (Sec.66D),IT Act,Offences under I.T. Act,0
18,Ladakh,1,Union Territory,9,Computer Related Offences - E) Violation of Privacy (Sec.66E),IT Act,Offences under I.T. Act,0
18,Ladakh,1,Union Territory,10,Cyber Terrorism (Sec.66 F),IT Act,Offences under I.T. Act,0
18,Ladakh,1,Union Territory,12,Publication/ transmission of obscene / sexually explicit act in electronic form (Sec. 67) - A) Publishing or transmitting obscene material in Electronic Form,IT Act,Offences under I.T. Act,0
18,Ladakh,1,Union Territory,13,Publication/transmission of obscene / sexually explicit act in electronic form (Sec. 67) - B) Publishing or transmitting of material containing Sexually explicit act in electronic form (Sec.67A),IT Act,Offences under I.T. Act,0
18,Ladakh,1,Union Territory,14,Publication/transmission of obscene / sexually explicit act in electronic form (Sec. 67) - C) Publishing or transmitting of material depicting children in Sexually explicit act in electronic form (Sec.67B),IT Act,Offences under I.T. Act,0
18,Ladakh,1,Union Territory,15,Publication/transmission of obscene / sexually explicit act in electronic form (Sec. 67) - D) Preservation and retention of information by intermediaries (Sec.67C),IT Act,Offences under I.T. Act,0
18,Ladakh,1,Union Territory,16,Publication/transmission of obscene / sexually explicit act in electronic form (Sec. 67) - E) Other sub-sections of Sec. 67 IT Act,IT Act,Offences under I.T. Act,0
18,Ladakh,1,Union Territory,17,Interception or Monitoring or decryption of Information (Sec.69),IT Act,Offences under I.T. Act,0
18,Ladakh,1,Union Territory,18,Un-authorized access/attempt to access to protected computer system (Sec.70),IT Act,Offences under I.T. Act,0
18,Ladakh,1,Union Territory,19,Abetment to Commit Offences (Sec.84 B),IT Act,Offences under I.T. Act,0
18,Ladakh,1,Union Territory,20,Attempt to Commit Offences (Sec.84C),IT Act,Offences under I.T. Act,0
18,Ladakh,1,Union Territory,21,Other Sections of IT Act,IT Act,Offences under I.T. Act,0
18,Ladakh,1,Union Territory,23,Abetment of Suicide (Online) (Sec.305/306 IPC),IPC,IPC Crimes,0
18,Ladakh,1,Union Territory,24,Cyber Stalking/ Bullying of Women/ Children (Sec.354D IPC),IPC,IPC Crimes,0
18,Ladakh,1,Union Territory,25,Data theft (Sec.379 to 381),IPC,IPC Crimes,0
18,Ladakh,1,Union Territory,27,"Fraud (Sec.420 r/w Sec.465, 468- 471 IPC) - A) Credit Card/Debit Card",IPC,IPC Crimes,0
18,Ladakh,1,Union Territory,28,"Fraud (Sec.420 r/w Sec.465, 468- 471 IPC) - B) ATMs",IPC,IPC Crimes,0
18,Ladakh,1,Union Territory,29,"Fraud (Sec.420 r/w Sec.465, 468- 471 IPC) - C) Online Banking Fraud",IPC,IPC Crimes,0
18,Ladakh,1,Union Territory,30,"Fraud (Sec.420 r/w Sec.465, 468- 471 IPC) - D) OTP Frauds",IPC,IPC Crimes,0
18,Ladakh,1,Union Territory,31,"Fraud (Sec.420 r/w Sec.465, 468- 471 IPC) - E) Others",IPC,IPC Crimes,0
18,Ladakh,1,Union Territory,32,Cheating (Sec.420 IPC),IPC,IPC Crimes,0
18,Ladakh,1,Union Territory,33,"Forgery (Sec.465, 468 and 471)",IPC,IPC Crimes,0
18,Ladakh,1,Union Territory,34,Defamation/ Morphing (Sec.469 IPC r/w IPC and Indecent representation of women Act),IPC,IPC Crimes,0
18,Ladakh,1,Union Territory,35,Fake Profile (r/w IPC/SLL),IPC,IPC Crimes,0
18,Ladakh,1,Union Territory,37,Counterfeiting - A) Currency (Sec.489A to 489E),IPC,IPC Crimes,0
18,Ladakh,1,Union Territory,38,CounterfeitingB) Stamps (Sec.255),IPC,IPC Crimes,0
18,Ladakh,1,Union Territory,39,"Cyber Blackmailing/ Threatening (Sec.506,503,384 IPC)",IPC,IPC Crimes,0
18,Ladakh,1,Union Territory,40,Fake News on Social Media (Sec.505),IPC,IPC Crimes,0
18,Ladakh,1,Union Territory,41,Other Offences (r/w IT Act),IPC,IPC Crimes,0
18,Ladakh,1,Union Territory,43,Gambling Act (Online Gambling),SLL,Offences under SLL,0
18,Ladakh,1,Union Territory,44,Lotteries Act (Online Lotteries),SLL,Offences under SLL,0
18,Ladakh,1,Union Territory,45,"Copy Right Act, 1957",SLL,Offences under SLL,0
18,Ladakh,1,Union Territory,46,"Trade Marks Act, 1999",SLL,Offences under SLL,0
18,Ladakh,1,Union Territory,47,Other SLL Crimes,SLL,Offences under SLL,1
19,Lakshadweep,1,Union Territory,1,Tampering Computer Source documents (Sec.65),IT Act,Offences under I.T. Act,0
19,Lakshadweep,1,Union Territory,4,Computer Related Offences - Computer Related Offences (Sec.66) - a1) Ransom-ware,IT Act,Offences under I.T. Act,0
19,Lakshadweep,1,Union Territory,5,Computer Related Offences - Computer Related Offences (Sec.66) - a2) Offences other than Ransom-ware,IT Act,Offences under I.T. Act,0
19,Lakshadweep,1,Union Territory,6,Computer Related Offences - B) Dishonesty receiving stolen computer resource or communication device (Sec.66B),IT Act,Offences under I.T. Act,0
19,Lakshadweep,1,Union Territory,7,Computer Related Offences - C) Identity Theft (Sec.66C),IT Act,Offences under I.T. Act,0
19,Lakshadweep,1,Union Territory,8,Computer Related Offences - D) Cheating by personation by using computer resource (Sec.66D),IT Act,Offences under I.T. Act,0
19,Lakshadweep,1,Union Territory,9,Computer Related Offences - E) Violation of Privacy (Sec.66E),IT Act,Offences under I.T. Act,0
19,Lakshadweep,1,Union Territory,10,Cyber Terrorism (Sec.66 F),IT Act,Offences under I.T. Act,0
19,Lakshadweep,1,Union Territory,12,Publication/ transmission of obscene / sexually explicit act in electronic form (Sec. 67) - A) Publishing or transmitting obscene material in Electronic Form,IT Act,Offences under I.T. Act,0
19,Lakshadweep,1,Union Territory,13,Publication/transmission of obscene / sexually explicit act in electronic form (Sec. 67) - B) Publishing or transmitting of material containing Sexually explicit act in electronic form (Sec.67A),IT Act,Offences under I.T. Act,1
19,Lakshadweep,1,Union Territory,14,Publication/transmission of obscene / sexually explicit act in electronic form (Sec. 67) - C) Publishing or transmitting of material depicting children in Sexually explicit act in electronic form (Sec.67B),IT Act,Offences under I.T. Act,0
19,Lakshadweep,1,Union Territory,15,Publication/transmission of obscene / sexually explicit act in electronic form (Sec. 67) - D) Preservation and retention of information by intermediaries (Sec.67C),IT Act,Offences under I.T. Act,0
19,Lakshadweep,1,Union Territory,16,Publication/transmission of obscene / sexually explicit act in electronic form (Sec. 67) - E) Other sub-sections of Sec. 67 IT Act,IT Act,Offences under I.T. Act,0
19,Lakshadweep,1,Union Territory,17,Interception or Monitoring or decryption of Information (Sec.69),IT Act,Offences under I.T. Act,0
19,Lakshadweep,1,Union Territory,18,Un-authorized access/attempt to access to protected computer system (Sec.70),IT Act,Offences under I.T. Act,0
19,Lakshadweep,1,Union Territory,19,Abetment to Commit Offences (Sec.84 B),IT Act,Offences under I.T. Act,0
19,Lakshadweep,1,Union Territory,20,Attempt to Commit Offences (Sec.84C),IT Act,Offences under I.T. Act,0
19,Lakshadweep,1,Union Territory,21,Other Sections of IT Act,IT Act,Offences under I.T. Act,0
19,Lakshadweep,1,Union Territory,23,Abetment of Suicide (Online) (Sec.305/306 IPC),IPC,IPC Crimes,0
19,Lakshadweep,1,Union Territory,24,Cyber Stalking/ Bullying of Women/ Children (Sec.354D IPC),IPC,IPC Crimes,0
19,Lakshadweep,1,Union Territory,25,Data theft (Sec.379 to 381),IPC,IPC Crimes,0
19,Lakshadweep,1,Union Territory,27,"Fraud (Sec.420 r/w Sec.465, 468- 471 IPC) - A) Credit Card/Debit Card",IPC,IPC Crimes,0
19,Lakshadweep,1,Union Territory,28,"Fraud (Sec.420 r/w Sec.465, 468- 471 IPC) - B) ATMs",IPC,IPC Crimes,0
19,Lakshadweep,1,Union Territory,29,"Fraud (Sec.420 r/w Sec.465, 468- 471 IPC) - C) Online Banking Fraud",IPC,IPC Crimes,0
19,Lakshadweep,1,Union Territory,30,"Fraud (Sec.420 r/w Sec.465, 468- 471 IPC) - D) OTP Frauds",IPC,IPC Crimes,0
19,Lakshadweep,1,Union Territory,31,"Fraud (Sec.420 r/w Sec.465, 468- 471 IPC) - E) Others",IPC,IPC Crimes,0
19,Lakshadweep,1,Union Territory,32,Cheating (Sec.420 IPC),IPC,IPC Crimes,0
19,Lakshadweep,1,Union Territory,33,"Forgery (Sec.465, 468 and 471)",IPC,IPC Crimes,0
19,Lakshadweep,1,Union Territory,34,Defamation/ Morphing (Sec.469 IPC r/w IPC and Indecent representation of women Act),IPC,IPC Crimes,0
19,Lakshadweep,1,Union Territory,35,Fake Profile (r/w IPC/SLL),IPC,IPC Crimes,0
19,Lakshadweep,1,Union Territory,37,Counterfeiting - A) Currency (Sec.489A to 489E),IPC,IPC Crimes,0
19,Lakshadweep,1,Union Territory,38,CounterfeitingB) Stamps (Sec.255),IPC,IPC Crimes,0
19,Lakshadweep,1,Union Territory,39,"Cyber Blackmailing/ Threatening (Sec.506,503,384 IPC)",IPC,IPC Crimes,0
19,Lakshadweep,1,Union Territory,40,Fake News on Social Media (Sec.505),IPC,IPC Crimes,0
19,Lakshadweep,1,Union Territory,41,Other Offences (r/w IT Act),IPC,IPC Crimes,0
19,Lakshadweep,1,Union Territory,43,Gambling Act (Online Gambling),SLL,Offences under SLL,0
19,Lakshadweep,1,Union Territory,44,Lotteries Act (Online Lotteries),SLL,Offences under SLL,0
19,Lakshadweep,1,Union Territory,45,"Copy Right Act, 1957",SLL,Offences under SLL,0
19,Lakshadweep,1,Union Territory,46,"Trade Marks Act, 1999",SLL,Offences under SLL,0
19,Lakshadweep,1,Union Territory,47,Other SLL Crimes,SLL,Offences under SLL,0
20,Madhya Pradesh,0,State,1,Tampering Computer Source documents (Sec.65),IT Act,Offences under I.T. Act,0
20,Madhya Pradesh,0,State,4,Computer Related Offences - Computer Related Offences (Sec.66) - a1) Ransom-ware,IT Act,Offences under I.T. Act,1
20,Madhya Pradesh,0,State,5,Computer Related Offences - Computer Related Offences (Sec.66) - a2) Offences other than Ransom-ware,IT Act,Offences under I.T. Act,1
20,Madhya Pradesh,0,State,6,Computer Related Offences - B) Dishonesty receiving stolen computer resource or communication device (Sec.66B),IT Act,Offences under I.T. Act,1
20,Madhya Pradesh,0,State,7,Computer Related Offences - C) Identity Theft (Sec.66C),IT Act,Offences under I.T. Act,19
20,Madhya Pradesh,0,State,8,Computer Related Offences - D) Cheating by personation by using computer resource (Sec.66D),IT Act,Offences under I.T. Act,159
20,Madhya Pradesh,0,State,9,Computer Related Offences - E) Violation of Privacy (Sec.66E),IT Act,Offences under I.T. Act,10
20,Madhya Pradesh,0,State,10,Cyber Terrorism (Sec.66 F),IT Act,Offences under I.T. Act,0
20,Madhya Pradesh,0,State,12,Publication/ transmission of obscene / sexually explicit act in electronic form (Sec. 67) - A) Publishing or transmitting obscene material in Electronic Form,IT Act,Offences under I.T. Act,23
20,Madhya Pradesh,0,State,13,Publication/transmission of obscene / sexually explicit act in electronic form (Sec. 67) - B) Publishing or transmitting of material containing Sexually explicit act in electronic form (Sec.67A),IT Act,Offences under I.T. Act,35
20,Madhya Pradesh,0,State,14,Publication/transmission of obscene / sexually explicit act in electronic form (Sec. 67) - C) Publishing or transmitting of material depicting children in Sexually explicit act in electronic form (Sec.67B),IT Act,Offences under I.T. Act,5
20,Madhya Pradesh,0,State,15,Publication/transmission of obscene / sexually explicit act in electronic form (Sec. 67) - D) Preservation and retention of information by intermediaries (Sec.67C),IT Act,Offences under I.T. Act,0
20,Madhya Pradesh,0,State,16,Publication/transmission of obscene / sexually explicit act in electronic form (Sec. 67) - E) Other sub-sections of Sec. 67 IT Act,IT Act,Offences under I.T. Act,5
20,Madhya Pradesh,0,State,17,Interception or Monitoring or decryption of Information (Sec.69),IT Act,Offences under I.T. Act,0
20,Madhya Pradesh,0,State,18,Un-authorized access/attempt to access to protected computer system (Sec.70),IT Act,Offences under I.T. Act,1
20,Madhya Pradesh,0,State,19,Abetment to Commit Offences (Sec.84 B),IT Act,Offences under I.T. Act,0
20,Madhya Pradesh,0,State,20,Attempt to Commit Offences (Sec.84C),IT Act,Offences under I.T. Act,1
20,Madhya Pradesh,0,State,21,Other Sections of IT Act,IT Act,Offences under I.T. Act,6
20,Madhya Pradesh,0,State,23,Abetment of Suicide (Online) (Sec.305/306 IPC),IPC,IPC Crimes,5
20,Madhya Pradesh,0,State,24,Cyber Stalking/ Bullying of Women/ Children (Sec.354D IPC),IPC,IPC Crimes,68
20,Madhya Pradesh,0,State,25,Data theft (Sec.379 to 381),IPC,IPC Crimes,2
20,Madhya Pradesh,0,State,27,"Fraud (Sec.420 r/w Sec.465, 468- 471 IPC) - A) Credit Card/Debit Card",IPC,IPC Crimes,0
20,Madhya Pradesh,0,State,28,"Fraud (Sec.420 r/w Sec.465, 468- 471 IPC) - B) ATMs",IPC,IPC Crimes,3
20,Madhya Pradesh,0,State,29,"Fraud (Sec.420 r/w Sec.465, 468- 471 IPC) - C) Online Banking Fraud",IPC,IPC Crimes,61
20,Madhya Pradesh,0,State,30,"Fraud (Sec.420 r/w Sec.465, 468- 471 IPC) - D) OTP Frauds",IPC,IPC Crimes,10
20,Madhya Pradesh,0,State,31,"Fraud (Sec.420 r/w Sec.465, 468- 471 IPC) - E) Others",IPC,IPC Crimes,17
20,Madhya Pradesh,0,State,32,Cheating (Sec.420 IPC),IPC,IPC Crimes,78
20,Madhya Pradesh,0,State,33,"Forgery (Sec.465, 468 and 471)",IPC,IPC Crimes,7
20,Madhya Pradesh,0,State,34,Defamation/ Morphing (Sec.469 IPC r/w IPC and Indecent representation of women Act),IPC,IPC Crimes,4
20,Madhya Pradesh,0,State,35,Fake Profile (r/w IPC/SLL),IPC,IPC Crimes,0
20,Madhya Pradesh,0,State,37,Counterfeiting - A) Currency (Sec.489A to 489E),IPC,IPC Crimes,0
20,Madhya Pradesh,0,State,38,CounterfeitingB) Stamps (Sec.255),IPC,IPC Crimes,0
20,Madhya Pradesh,0,State,39,"Cyber Blackmailing/ Threatening (Sec.506,503,384 IPC)",IPC,IPC Crimes,20
20,Madhya Pradesh,0,State,40,Fake News on Social Media (Sec.505),IPC,IPC Crimes,4
20,Madhya Pradesh,0,State,41,Other Offences (r/w IT Act),IPC,IPC Crimes,134
20,Madhya Pradesh,0,State,43,Gambling Act (Online Gambling),SLL,Offences under SLL,4
20,Madhya Pradesh,0,State,44,Lotteries Act (Online Lotteries),SLL,Offences under SLL,0
20,Madhya Pradesh,0,State,45,"Copy Right Act, 1957",SLL,Offences under SLL,0
20,Madhya Pradesh,0,State,46,"Trade Marks Act, 1999",SLL,Offences under SLL,0
20,Madhya Pradesh,0,State,47,Other SLL Crimes,SLL,Offences under SLL,1
21,Maharashtra,0,State,1,Tampering Computer Source documents (Sec.65),IT Act,Offences under I.T. Act,7
21,Maharashtra,0,State,4,Computer Related Offences - Computer Related Offences (Sec.66) - a1) Ransom-ware,IT Act,Offences under I.T. Act,2
21,Maharashtra,0,State,5,Computer Related Offences - Computer Related Offences (Sec.66) - a2) Offences other than Ransom-ware,IT Act,Offences under I.T. Act,4
21,Maharashtra,0,State,6,Computer Related Offences - B) Dishonesty receiving stolen computer resource or communication device (Sec.66B),IT Act,Offences under I.T. Act,8
21,Maharashtra,0,State,7,Computer Related Offences - C) Identity Theft (Sec.66C),IT Act,Offences under I.T. Act,474
21,Maharashtra,0,State,8,Computer Related Offences - D) Cheating by personation by using computer resource (Sec.66D),IT Act,Offences under I.T. Act,248
21,Maharashtra,0,State,9,Computer Related Offences - E) Violation of Privacy (Sec.66E),IT Act,Offences under I.T. Act,10
21,Maharashtra,0,State,10,Cyber Terrorism (Sec.66 F),IT Act,Offences under I.T. Act,0
21,Maharashtra,0,State,12,Publication/ transmission of obscene / sexually explicit act in electronic form (Sec. 67) - A) Publishing or transmitting obscene material in Electronic Form,IT Act,Offences under I.T. Act,91
21,Maharashtra,0,State,13,Publication/transmission of obscene / sexually explicit act in electronic form (Sec. 67) - B) Publishing or transmitting of material containing Sexually explicit act in electronic form (Sec.67A),IT Act,Offences under I.T. Act,47
21,Maharashtra,0,State,14,Publication/transmission of obscene / sexually explicit act in electronic form (Sec. 67) - C) Publishing or transmitting of material depicting children in Sexually explicit act in electronic form (Sec.67B),IT Act,Offences under I.T. Act,20
21,Maharashtra,0,State,15,Publication/transmission of obscene / sexually explicit act in electronic form (Sec. 67) - D) Preservation and retention of information by intermediaries (Sec.67C),IT Act,Offences under I.T. Act,5
21,Maharashtra,0,State,16,Publication/transmission of obscene / sexually explicit act in electronic form (Sec. 67) - E) Other sub-sections of Sec. 67 IT Act,IT Act,Offences under I.T. Act,10
21,Maharashtra,0,State,17,Interception or Monitoring or decryption of Information (Sec.69),IT Act,Offences under I.T. Act,0
21,Maharashtra,0,State,18,Un-authorized access/attempt to access to protected computer system (Sec.70),IT Act,Offences under I.T. Act,0
21,Maharashtra,0,State,19,Abetment to Commit Offences (Sec.84 B),IT Act,Offences under I.T. Act,0
21,Maharashtra,0,State,20,Attempt to Commit Offences (Sec.84C),IT Act,Offences under I.T. Act,0
21,Maharashtra,0,State,21,Other Sections of IT Act,IT Act,Offences under I.T. Act,34
21,Maharashtra,0,State,23,Abetment of Suicide (Online) (Sec.305/306 IPC),IPC,IPC Crimes,8
21,Maharashtra,0,State,24,Cyber Stalking/ Bullying of Women/ Children (Sec.354D IPC),IPC,IPC Crimes,411
21,Maharashtra,0,State,25,Data theft (Sec.379 to 381),IPC,IPC Crimes,41
21,Maharashtra,0,State,27,"Fraud (Sec.420 r/w Sec.465, 468- 471 IPC) - A) Credit Card/Debit Card",IPC,IPC Crimes,229
21,Maharashtra,0,State,28,"Fraud (Sec.420 r/w Sec.465, 468- 471 IPC) - B) ATMs",IPC,IPC Crimes,99
21,Maharashtra,0,State,29,"Fraud (Sec.420 r/w Sec.465, 468- 471 IPC) - C) Online Banking Fraud",IPC,IPC Crimes,158
21,Maharashtra,0,State,30,"Fraud (Sec.420 r/w Sec.465, 468- 471 IPC) - D) OTP Frauds",IPC,IPC Crimes,229
21,Maharashtra,0,State,31,"Fraud (Sec.420 r/w Sec.465, 468- 471 IPC) - E) Others",IPC,IPC Crimes,1360
21,Maharashtra,0,State,32,Cheating (Sec.420 IPC),IPC,IPC Crimes,3743
21,Maharashtra,0,State,33,"Forgery (Sec.465, 468 and 471)",IPC,IPC Crimes,66
21,Maharashtra,0,State,34,Defamation/ Morphing (Sec.469 IPC r/w IPC and Indecent representation of women Act),IPC,IPC Crimes,4
21,Maharashtra,0,State,35,Fake Profile (r/w IPC/SLL),IPC,IPC Crimes,38
21,Maharashtra,0,State,37,Counterfeiting - A) Currency (Sec.489A to 489E),IPC,IPC Crimes,0
21,Maharashtra,0,State,38,CounterfeitingB) Stamps (Sec.255),IPC,IPC Crimes,0
21,Maharashtra,0,State,39,"Cyber Blackmailing/ Threatening (Sec.506,503,384 IPC)",IPC,IPC Crimes,71
21,Maharashtra,0,State,40,Fake News on Social Media (Sec.505),IPC,IPC Crimes,10
21,Maharashtra,0,State,41,Other Offences (r/w IT Act),IPC,IPC Crimes,664
21,Maharashtra,0,State,43,Gambling Act (Online Gambling),SLL,Offences under SLL,11
21,Maharashtra,0,State,44,Lotteries Act (Online Lotteries),SLL,Offences under SLL,0
21,Maharashtra,0,State,45,"Copy Right Act, 1957",SLL,Offences under SLL,0
21,Maharashtra,0,State,46,"Trade Marks Act, 1999",SLL,Offences under SLL,0
21,Maharashtra,0,State,47,Other SLL Crimes,SLL,Offences under SLL,1
22,Manipur,0,State,1,Tampering Computer Source documents (Sec.65),IT Act,Offences under I.T. Act,0
22,Manipur,0,State,4,Computer Related Offences - Computer Related Offences (Sec.66) - a1) Ransom-ware,IT Act,Offences under I.T. Act,0
22,Manipur,0,State,5,Computer Related Offences - Computer Related Offences (Sec.66) - a2) Offences other than Ransom-ware,IT Act,Offences under I.T. Act,0
22,Manipur,0,State,6,Computer Related Offences - B) Dishonesty receiving stolen computer resource or communication device (Sec.66B),IT Act,Offences under I.T. Act,0
22,Manipur,0,State,7,Computer Related Offences - C) Identity Theft (Sec.66C),IT Act,Offences under I.T. Act,0
22,Manipur,0,State,8,Computer Related Offences - D) Cheating by personation by using computer resource (Sec.66D),IT Act,Offences under I.T. Act,1
22,Manipur,0,State,9,Computer Related Offences - E) Violation of Privacy (Sec.66E),IT Act,Offences under I.T. Act,0
22,Manipur,0,State,10,Cyber Terrorism (Sec.66 F),IT Act,Offences under I.T. Act,0
22,Manipur,0,State,12,Publication/ transmission of obscene / sexually explicit act in electronic form (Sec. 67) - A) Publishing or transmitting obscene material in Electronic Form,IT Act,Offences under I.T. Act,0
22,Manipur,0,State,13,Publication/transmission of obscene / sexually explicit act in electronic form (Sec. 67) - B) Publishing or transmitting of material containing Sexually explicit act in electronic form (Sec.67A),IT Act,Offences under I.T. Act,1
22,Manipur,0,State,14,Publication/transmission of obscene / sexually explicit act in electronic form (Sec. 67) - C) Publishing or transmitting of material depicting children in Sexually explicit act in electronic form (Sec.67B),IT Act,Offences under I.T. Act,0
22,Manipur,0,State,15,Publication/transmission of obscene / sexually explicit act in electronic form (Sec. 67) - D) Preservation and retention of information by intermediaries (Sec.67C),IT Act,Offences under I.T. Act,0
22,Manipur,0,State,16,Publication/transmission of obscene / sexually explicit act in electronic form (Sec. 67) - E) Other sub-sections of Sec. 67 IT Act,IT Act,Offences under I.T. Act,0
22,Manipur,0,State,17,Interception or Monitoring or decryption of Information (Sec.69),IT Act,Offences under I.T. Act,0
22,Manipur,0,State,18,Un-authorized access/attempt to access to protected computer system (Sec.70),IT Act,Offences under I.T. Act,0
22,Manipur,0,State,19,Abetment to Commit Offences (Sec.84 B),IT Act,Offences under I.T. Act,0
22,Manipur,0,State,20,Attempt to Commit Offences (Sec.84C),IT Act,Offences under I.T. Act,0
22,Manipur,0,State,21,Other Sections of IT Act,IT Act,Offences under I.T. Act,0
22,Manipur,0,State,23,Abetment of Suicide (Online) (Sec.305/306 IPC),IPC,IPC Crimes,0
22,Manipur,0,State,24,Cyber Stalking/ Bullying of Women/ Children (Sec.354D IPC),IPC,IPC Crimes,0
22,Manipur,0,State,25,Data theft (Sec.379 to 381),IPC,IPC Crimes,0
22,Manipur,0,State,27,"Fraud (Sec.420 r/w Sec.465, 468- 471 IPC) - A) Credit Card/Debit Card",IPC,IPC Crimes,0
22,Manipur,0,State,28,"Fraud (Sec.420 r/w Sec.465, 468- 471 IPC) - B) ATMs",IPC,IPC Crimes,0
22,Manipur,0,State,29,"Fraud (Sec.420 r/w Sec.465, 468- 471 IPC) - C) Online Banking Fraud",IPC,IPC Crimes,0
22,Manipur,0,State,30,"Fraud (Sec.420 r/w Sec.465, 468- 471 IPC) - D) OTP Frauds",IPC,IPC Crimes,0
22,Manipur,0,State,31,"Fraud (Sec.420 r/w Sec.465, 468- 471 IPC) - E) Others",IPC,IPC Crimes,0
22,Manipur,0,State,32,Cheating (Sec.420 IPC),IPC,IPC Crimes,0
22,Manipur,0,State,33,"Forgery (Sec.465, 468 and 471)",IPC,IPC Crimes,0
22,Manipur,0,State,34,Defamation/ Morphing (Sec.469 IPC r/w IPC and Indecent representation of women Act),IPC,IPC Crimes,0
22,Manipur,0,State,35,Fake Profile (r/w IPC/SLL),IPC,IPC Crimes,0
22,Manipur,0,State,37,Counterfeiting - A) Currency (Sec.489A to 489E),IPC,IPC Crimes,0
22,Manipur,0,State,38,CounterfeitingB) Stamps (Sec.255),IPC,IPC Crimes,0
22,Manipur,0,State,39,"Cyber Blackmailing/ Threatening (Sec.506,503,384 IPC)",IPC,IPC Crimes,0
22,Manipur,0,State,40,Fake News on Social Media (Sec.505),IPC,IPC Crimes,0
22,Manipur,0,State,41,Other Offences (r/w IT Act),IPC,IPC Crimes,1
22,Manipur,0,State,43,Gambling Act (Online Gambling),SLL,Offences under SLL,0
22,Manipur,0,State,44,Lotteries Act (Online Lotteries),SLL,Offences under SLL,0
22,Manipur,0,State,45,"Copy Right Act, 1957",SLL,Offences under SLL,0
22,Manipur,0,State,46,"Trade Marks Act, 1999",SLL,Offences under SLL,0
22,Manipur,0,State,47,Other SLL Crimes,SLL,Offences under SLL,0
23,Meghalaya,0,State,1,Tampering Computer Source documents (Sec.65),IT Act,Offences under I.T. Act,0
23,Meghalaya,0,State,4,Computer Related Offences - Computer Related Offences (Sec.66) - a1) Ransom-ware,IT Act,Offences under I.T. Act,0
23,Meghalaya,0,State,5,Computer Related Offences - Computer Related Offences (Sec.66) - a2) Offences other than Ransom-ware,IT Act,Offences under I.T. Act,2
23,Meghalaya,0,State,6,Computer Related Offences - B) Dishonesty receiving stolen computer resource or communication device (Sec.66B),IT Act,Offences under I.T. Act,0
23,Meghalaya,0,State,7,Computer Related Offences - C) Identity Theft (Sec.66C),IT Act,Offences under I.T. Act,8
23,Meghalaya,0,State,8,Computer Related Offences - D) Cheating by personation by using computer resource (Sec.66D),IT Act,Offences under I.T. Act,27
23,Meghalaya,0,State,9,Computer Related Offences - E) Violation of Privacy (Sec.66E),IT Act,Offences under I.T. Act,2
23,Meghalaya,0,State,10,Cyber Terrorism (Sec.66 F),IT Act,Offences under I.T. Act,0
23,Meghalaya,0,State,12,Publication/ transmission of obscene / sexually explicit act in electronic form (Sec. 67) - A) Publishing or transmitting obscene material in Electronic Form,IT Act,Offences under I.T. Act,3
23,Meghalaya,0,State,13,Publication/transmission of obscene / sexually explicit act in electronic form (Sec. 67) - B) Publishing or transmitting of material containing Sexually explicit act in electronic form (Sec.67A),IT Act,Offences under I.T. Act,9
23,Meghalaya,0,State,14,Publication/transmission of obscene / sexually explicit act in electronic form (Sec. 67) - C) Publishing or transmitting of material depicting children in Sexually explicit act in electronic form (Sec.67B),IT Act,Offences under I.T. Act,6
23,Meghalaya,0,State,15,Publication/transmission of obscene / sexually explicit act in electronic form (Sec. 67) - D) Preservation and retention of information by intermediaries (Sec.67C),IT Act,Offences under I.T. Act,0
23,Meghalaya,0,State,16,Publication/transmission of obscene / sexually explicit act in electronic form (Sec. 67) - E) Other sub-sections of Sec. 67 IT Act,IT Act,Offences under I.T. Act,0
23,Meghalaya,0,State,17,Interception or Monitoring or decryption of Information (Sec.69),IT Act,Offences under I.T. Act,0
23,Meghalaya,0,State,18,Un-authorized access/attempt to access to protected computer system (Sec.70),IT Act,Offences under I.T. Act,0
23,Meghalaya,0,State,19,Abetment to Commit Offences (Sec.84 B),IT Act,Offences under I.T. Act,0
23,Meghalaya,0,State,20,Attempt to Commit Offences (Sec.84C),IT Act,Offences under I.T. Act,0
23,Meghalaya,0,State,21,Other Sections of IT Act,IT Act,Offences under I.T. Act,5
23,Meghalaya,0,State,23,Abetment of Suicide (Online) (Sec.305/306 IPC),IPC,IPC Crimes,0
23,Meghalaya,0,State,24,Cyber Stalking/ Bullying of Women/ Children (Sec.354D IPC),IPC,IPC Crimes,0
23,Meghalaya,0,State,25,Data theft (Sec.379 to 381),IPC,IPC Crimes,0
23,Meghalaya,0,State,27,"Fraud (Sec.420 r/w Sec.465, 468- 471 IPC) - A) Credit Card/Debit Card",IPC,IPC Crimes,0
23,Meghalaya,0,State,28,"Fraud (Sec.420 r/w Sec.465, 468- 471 IPC) - B) ATMs",IPC,IPC Crimes,0
23,Meghalaya,0,State,29,"Fraud (Sec.420 r/w Sec.465, 468- 471 IPC) - C) Online Banking Fraud",IPC,IPC Crimes,0
23,Meghalaya,0,State,30,"Fraud (Sec.420 r/w Sec.465, 468- 471 IPC) - D) OTP Frauds",IPC,IPC Crimes,0
23,Meghalaya,0,State,31,"Fraud (Sec.420 r/w Sec.465, 468- 471 IPC) - E) Others",IPC,IPC Crimes,0
23,Meghalaya,0,State,32,Cheating (Sec.420 IPC),IPC,IPC Crimes,0
23,Meghalaya,0,State,33,"Forgery (Sec.465, 468 and 471)",IPC,IPC Crimes,0
23,Meghalaya,0,State,34,Defamation/ Morphing (Sec.469 IPC r/w IPC and Indecent representation of women Act),IPC,IPC Crimes,0
23,Meghalaya,0,State,35,Fake Profile (r/w IPC/SLL),IPC,IPC Crimes,1
23,Meghalaya,0,State,37,Counterfeiting - A) Currency (Sec.489A to 489E),IPC,IPC Crimes,0
23,Meghalaya,0,State,38,CounterfeitingB) Stamps (Sec.255),IPC,IPC Crimes,0
23,Meghalaya,0,State,39,"Cyber Blackmailing/ Threatening (Sec.506,503,384 IPC)",IPC,IPC Crimes,0
23,Meghalaya,0,State,40,Fake News on Social Media (Sec.505),IPC,IPC Crimes,1
23,Meghalaya,0,State,41,Other Offences (r/w IT Act),IPC,IPC Crimes,0
23,Meghalaya,0,State,43,Gambling Act (Online Gambling),SLL,Offences under SLL,0
23,Meghalaya,0,State,44,Lotteries Act (Online Lotteries),SLL,Offences under SLL,0
23,Meghalaya,0,State,45,"Copy Right Act, 1957",SLL,Offences under SLL,0
23,Meghalaya,0,State,46,"Trade Marks Act, 1999",SLL,Offences under SLL,0
23,Meghalaya,0,State,47,Other SLL Crimes,SLL,Offences under SLL,0
24,Mizoram,0,State,1,Tampering Computer Source documents (Sec.65),IT Act,Offences under I.T. Act,0
24,Mizoram,0,State,4,Computer Related Offences - Computer Related Offences (Sec.66) - a1) Ransom-ware,IT Act,Offences under I.T. Act,0
24,Mizoram,0,State,5,Computer Related Offences - Computer Related Offences (Sec.66) - a2) Offences other than Ransom-ware,IT Act,Offences under I.T. Act,1
24,Mizoram,0,State,6,Computer Related Offences - B) Dishonesty receiving stolen computer resource or communication device (Sec.66B),IT Act,Offences under I.T. Act,0
24,Mizoram,0,State,7,Computer Related Offences - C) Identity Theft (Sec.66C),IT Act,Offences under I.T. Act,7
24,Mizoram,0,State,8,Computer Related Offences - D) Cheating by personation by using computer resource (Sec.66D),IT Act,Offences under I.T. Act,0
24,Mizoram,0,State,9,Computer Related Offences - E) Violation of Privacy (Sec.66E),IT Act,Offences under I.T. Act,0
24,Mizoram,0,State,10,Cyber Terrorism (Sec.66 F),IT Act,Offences under I.T. Act,0
24,Mizoram,0,State,12,Publication/ transmission of obscene / sexually explicit act in electronic form (Sec. 67) - A) Publishing or transmitting obscene material in Electronic Form,IT Act,Offences under I.T. Act,19
24,Mizoram,0,State,13,Publication/transmission of obscene / sexually explicit act in electronic form (Sec. 67) - B) Publishing or transmitting of material containing Sexually explicit act in electronic form (Sec.67A),IT Act,Offences under I.T. Act,0
24,Mizoram,0,State,14,Publication/transmission of obscene / sexually explicit act in electronic form (Sec. 67) - C) Publishing or transmitting of material depicting children in Sexually explicit act in electronic form (Sec.67B),IT Act,Offences under I.T. Act,4
24,Mizoram,0,State,15,Publication/transmission of obscene / sexually explicit act in electronic form (Sec. 67) - D) Preservation and retention of information by intermediaries (Sec.67C),IT Act,Offences under I.T. Act,0
24,Mizoram,0,State,16,Publication/transmission of obscene / sexually explicit act in electronic form (Sec. 67) - E) Other sub-sections of Sec. 67 IT Act,IT Act,Offences under I.T. Act,0
24,Mizoram,0,State,17,Interception or Monitoring or decryption of Information (Sec.69),IT Act,Offences under I.T. Act,0
24,Mizoram,0,State,18,Un-authorized access/attempt to access to protected computer system (Sec.70),IT Act,Offences under I.T. Act,0
24,Mizoram,0,State,19,Abetment to Commit Offences (Sec.84 B),IT Act,Offences under I.T. Act,0
24,Mizoram,0,State,20,Attempt to Commit Offences (Sec.84C),IT Act,Offences under I.T. Act,0
24,Mizoram,0,State,21,Other Sections of IT Act,IT Act,Offences under I.T. Act,0
24,Mizoram,0,State,23,Abetment of Suicide (Online) (Sec.305/306 IPC),IPC,IPC Crimes,0
24,Mizoram,0,State,24,Cyber Stalking/ Bullying of Women/ Children (Sec.354D IPC),IPC,IPC Crimes,0
24,Mizoram,0,State,25,Data theft (Sec.379 to 381),IPC,IPC Crimes,0
24,Mizoram,0,State,27,"Fraud (Sec.420 r/w Sec.465, 468- 471 IPC) - A) Credit Card/Debit Card",IPC,IPC Crimes,0
24,Mizoram,0,State,28,"Fraud (Sec.420 r/w Sec.465, 468- 471 IPC) - B) ATMs",IPC,IPC Crimes,0
24,Mizoram,0,State,29,"Fraud (Sec.420 r/w Sec.465, 468- 471 IPC) - C) Online Banking Fraud",IPC,IPC Crimes,0
24,Mizoram,0,State,30,"Fraud (Sec.420 r/w Sec.465, 468- 471 IPC) - D) OTP Frauds",IPC,IPC Crimes,0
24,Mizoram,0,State,31,"Fraud (Sec.420 r/w Sec.465, 468- 471 IPC) - E) Others",IPC,IPC Crimes,0
24,Mizoram,0,State,32,Cheating (Sec.420 IPC),IPC,IPC Crimes,0
24,Mizoram,0,State,33,"Forgery (Sec.465, 468 and 471)",IPC,IPC Crimes,0
24,Mizoram,0,State,34,Defamation/ Morphing (Sec.469 IPC r/w IPC and Indecent representation of women Act),IPC,IPC Crimes,0
24,Mizoram,0,State,35,Fake Profile (r/w IPC/SLL),IPC,IPC Crimes,0
24,Mizoram,0,State,37,Counterfeiting - A) Currency (Sec.489A to 489E),IPC,IPC Crimes,0
24,Mizoram,0,State,38,CounterfeitingB) Stamps (Sec.255),IPC,IPC Crimes,0
24,Mizoram,0,State,39,"Cyber Blackmailing/ Threatening (Sec.506,503,384 IPC)",IPC,IPC Crimes,0
24,Mizoram,0,State,40,Fake News on Social Media (Sec.505),IPC,IPC Crimes,0
24,Mizoram,0,State,41,Other Offences (r/w IT Act),IPC,IPC Crimes,0
24,Mizoram,0,State,43,Gambling Act (Online Gambling),SLL,Offences under SLL,0
24,Mizoram,0,State,44,Lotteries Act (Online Lotteries),SLL,Offences under SLL,0
24,Mizoram,0,State,45,"Copy Right Act, 1957",SLL,Offences under SLL,0
24,Mizoram,0,State,46,"Trade Marks Act, 1999",SLL,Offences under SLL,0
24,Mizoram,0,State,47,Other SLL Crimes,SLL,Offences under SLL,0
25,Nagaland,0,State,1,Tampering Computer Source documents (Sec.65),IT Act,Offences under I.T. Act,0
25,Nagaland,0,State,4,Computer Related Offences - Computer Related Offences (Sec.66) - a1) Ransom-ware,IT Act,Offences under I.T. Act,0
25,Nagaland,0,State,5,Computer Related Offences - Computer Related Offences (Sec.66) - a2) Offences other than Ransom-ware,IT Act,Offences under I.T. Act,0
25,Nagaland,0,State,6,Computer Related Offences - B) Dishonesty receiving stolen computer resource or communication device (Sec.66B),IT Act,Offences under I.T. Act,0
25,Nagaland,0,State,7,Computer Related Offences - C) Identity Theft (Sec.66C),IT Act,Offences under I.T. Act,0
25,Nagaland,0,State,8,Computer Related Offences - D) Cheating by personation by using computer resource (Sec.66D),IT Act,Offences under I.T. Act,1
25,Nagaland,0,State,9,Computer Related Offences - E) Violation of Privacy (Sec.66E),IT Act,Offences under I.T. Act,0
25,Nagaland,0,State,10,Cyber Terrorism (Sec.66 F),IT Act,Offences under I.T. Act,0
25,Nagaland,0,State,12,Publication/ transmission of obscene / sexually explicit act in electronic form (Sec. 67) - A) Publishing or transmitting obscene material in Electronic Form,IT Act,Offences under I.T. Act,0
25,Nagaland,0,State,13,Publication/transmission of obscene / sexually explicit act in electronic form (Sec. 67) - B) Publishing or transmitting of material containing Sexually explicit act in electronic form (Sec.67A),IT Act,Offences under I.T. Act,0
25,Nagaland,0,State,14,Publication/transmission of obscene / sexually explicit act in electronic form (Sec. 67) - C) Publishing or transmitting of material depicting children in Sexually explicit act in electronic form (Sec.67B),IT Act,Offences under I.T. Act,1
25,Nagaland,0,State,15,Publication/transmission of obscene / sexually explicit act in electronic form (Sec. 67) - D) Preservation and retention of information by intermediaries (Sec.67C),IT Act,Offences under I.T. Act,0
25,Nagaland,0,State,16,Publication/transmission of obscene / sexually explicit act in electronic form (Sec. 67) - E) Other sub-sections of Sec. 67 IT Act,IT Act,Offences under I.T. Act,0
25,Nagaland,0,State,17,Interception or Monitoring or decryption of Information (Sec.69),IT Act,Offences under I.T. Act,0
25,Nagaland,0,State,18,Un-authorized access/attempt to access to protected computer system (Sec.70),IT Act,Offences under I.T. Act,0
25,Nagaland,0,State,19,Abetment to Commit Offences (Sec.84 B),IT Act,Offences under I.T. Act,0
25,Nagaland,0,State,20,Attempt to Commit Offences (Sec.84C),IT Act,Offences under I.T. Act,0
25,Nagaland,0,State,21,Other Sections of IT Act,IT Act,Offences under I.T. Act,0
25,Nagaland,0,State,23,Abetment of Suicide (Online) (Sec.305/306 IPC),IPC,IPC Crimes,0
25,Nagaland,0,State,24,Cyber Stalking/ Bullying of Women/ Children (Sec.354D IPC),IPC,IPC Crimes,0
25,Nagaland,0,State,25,Data theft (Sec.379 to 381),IPC,IPC Crimes,0
25,Nagaland,0,State,27,"Fraud (Sec.420 r/w Sec.465, 468- 471 IPC) - A) Credit Card/Debit Card",IPC,IPC Crimes,0
25,Nagaland,0,State,28,"Fraud (Sec.420 r/w Sec.465, 468- 471 IPC) - B) ATMs",IPC,IPC Crimes,0
25,Nagaland,0,State,29,"Fraud (Sec.420 r/w Sec.465, 468- 471 IPC) - C) Online Banking Fraud",IPC,IPC Crimes,0
25,Nagaland,0,State,30,"Fraud (Sec.420 r/w Sec.465, 468- 471 IPC) - D) OTP Frauds",IPC,IPC Crimes,0
25,Nagaland,0,State,31,"Fraud (Sec.420 r/w Sec.465, 468- 471 IPC) - E) Others",IPC,IPC Crimes,0
25,Nagaland,0,State,32,Cheating (Sec.420 IPC),IPC,IPC Crimes,0
25,Nagaland,0,State,33,"Forgery (Sec.465, 468 and 471)",IPC,IPC Crimes,0
25,Nagaland,0,State,34,Defamation/ Morphing (Sec.469 IPC r/w IPC and Indecent representation of women Act),IPC,IPC Crimes,0
25,Nagaland,0,State,35,Fake Profile (r/w IPC/SLL),IPC,IPC Crimes,0
25,Nagaland,0,State,37,Counterfeiting - A) Currency (Sec.489A to 489E),IPC,IPC Crimes,0
25,Nagaland,0,State,38,CounterfeitingB) Stamps (Sec.255),IPC,IPC Crimes,0
25,Nagaland,0,State,39,"Cyber Blackmailing/ Threatening (Sec.506,503,384 IPC)",IPC,IPC Crimes,0
25,Nagaland,0,State,40,Fake News on Social Media (Sec.505),IPC,IPC Crimes,0
25,Nagaland,0,State,41,Other Offences (r/w IT Act),IPC,IPC Crimes,0
25,Nagaland,0,State,43,Gambling Act (Online Gambling),SLL,Offences under SLL,0
25,Nagaland,0,State,44,Lotteries Act (Online Lotteries),SLL,Offences under SLL,0
25,Nagaland,0,State,45,"Copy Right Act, 1957",SLL,Offences under SLL,0
25,Nagaland,0,State,46,"Trade Marks Act, 1999",SLL,Offences under SLL,0
25,Nagaland,0,State,47,Other SLL Crimes,SLL,Offences under SLL,0
26,Odisha,0,State,1,Tampering Computer Source documents (Sec.65),IT Act,Offences under I.T. Act,0
26,Odisha,0,State,4,Computer Related Offences - Computer Related Offences (Sec.66) - a1) Ransom-ware,IT Act,Offences under I.T. Act,10
26,Odisha,0,State,5,Computer Related Offences - Computer Related Offences (Sec.66) - a2) Offences other than Ransom-ware,IT Act,Offences under I.T. Act,116
26,Odisha,0,State,6,Computer Related Offences - B) Dishonesty receiving stolen computer resource or communication device (Sec.66B),IT Act,Offences under I.T. Act,0
26,Odisha,0,State,7,Computer Related Offences - C) Identity Theft (Sec.66C),IT Act,Offences under I.T. Act,1
26,Odisha,0,State,8,Computer Related Offences - D) Cheating by personation by using computer resource (Sec.66D),IT Act,Offences under I.T. Act,0
26,Odisha,0,State,9,Computer Related Offences - E) Violation of Privacy (Sec.66E),IT Act,Offences under I.T. Act,0
26,Odisha,0,State,10,Cyber Terrorism (Sec.66 F),IT Act,Offences under I.T. Act,0
26,Odisha,0,State,12,Publication/ transmission of obscene / sexually explicit act in electronic form (Sec. 67) - A) Publishing or transmitting obscene material in Electronic Form,IT Act,Offences under I.T. Act,403
26,Odisha,0,State,13,Publication/transmission of obscene / sexually explicit act in electronic form (Sec. 67) - B) Publishing or transmitting of material containing Sexually explicit act in electronic form (Sec.67A),IT Act,Offences under I.T. Act,289
26,Odisha,0,State,14,Publication/transmission of obscene / sexually explicit act in electronic form (Sec. 67) - C) Publishing or transmitting of material depicting children in Sexually explicit act in electronic form (Sec.67B),IT Act,Offences under I.T. Act,69
26,Odisha,0,State,15,Publication/transmission of obscene / sexually explicit act in electronic form (Sec. 67) - D) Preservation and retention of information by intermediaries (Sec.67C),IT Act,Offences under I.T. Act,0
26,Odisha,0,State,16,Publication/transmission of obscene / sexually explicit act in electronic form (Sec. 67) - E) Other sub-sections of Sec. 67 IT Act,IT Act,Offences under I.T. Act,0
26,Odisha,0,State,17,Interception or Monitoring or decryption of Information (Sec.69),IT Act,Offences under I.T. Act,0
26,Odisha,0,State,18,Un-authorized access/attempt to access to protected computer system (Sec.70),IT Act,Offences under I.T. Act,0
26,Odisha,0,State,19,Abetment to Commit Offences (Sec.84 B),IT Act,Offences under I.T. Act,0
26,Odisha,0,State,20,Attempt to Commit Offences (Sec.84C),IT Act,Offences under I.T. Act,0
26,Odisha,0,State,21,Other Sections of IT Act,IT Act,Offences under I.T. Act,4
26,Odisha,0,State,23,Abetment of Suicide (Online) (Sec.305/306 IPC),IPC,IPC Crimes,0
26,Odisha,0,State,24,Cyber Stalking/ Bullying of Women/ Children (Sec.354D IPC),IPC,IPC Crimes,0
26,Odisha,0,State,25,Data theft (Sec.379 to 381),IPC,IPC Crimes,0
26,Odisha,0,State,27,"Fraud (Sec.420 r/w Sec.465, 468- 471 IPC) - A) Credit Card/Debit Card",IPC,IPC Crimes,136
26,Odisha,0,State,28,"Fraud (Sec.420 r/w Sec.465, 468- 471 IPC) - B) ATMs",IPC,IPC Crimes,111
26,Odisha,0,State,29,"Fraud (Sec.420 r/w Sec.465, 468- 471 IPC) - C) Online Banking Fraud",IPC,IPC Crimes,1081
26,Odisha,0,State,30,"Fraud (Sec.420 r/w Sec.465, 468- 471 IPC) - D) OTP Frauds",IPC,IPC Crimes,9
26,Odisha,0,State,31,"Fraud (Sec.420 r/w Sec.465, 468- 471 IPC) - E) Others",IPC,IPC Crimes,25
26,Odisha,0,State,32,Cheating (Sec.420 IPC),IPC,IPC Crimes,0
26,Odisha,0,State,33,"Forgery (Sec.465, 468 and 471)",IPC,IPC Crimes,1
26,Odisha,0,State,34,Defamation/ Morphing (Sec.469 IPC r/w IPC and Indecent representation of women Act),IPC,IPC Crimes,0
26,Odisha,0,State,35,Fake Profile (r/w IPC/SLL),IPC,IPC Crimes,0
26,Odisha,0,State,37,Counterfeiting - A) Currency (Sec.489A to 489E),IPC,IPC Crimes,0
26,Odisha,0,State,38,CounterfeitingB) Stamps (Sec.255),IPC,IPC Crimes,0
26,Odisha,0,State,39,"Cyber Blackmailing/ Threatening (Sec.506,503,384 IPC)",IPC,IPC Crimes,0
26,Odisha,0,State,40,Fake News on Social Media (Sec.505),IPC,IPC Crimes,0
26,Odisha,0,State,41,Other Offences (r/w IT Act),IPC,IPC Crimes,30
26,Odisha,0,State,43,Gambling Act (Online Gambling),SLL,Offences under SLL,0
26,Odisha,0,State,44,Lotteries Act (Online Lotteries),SLL,Offences under SLL,0
26,Odisha,0,State,45,"Copy Right Act, 1957",SLL,Offences under SLL,0
26,Odisha,0,State,46,"Trade Marks Act, 1999",SLL,Offences under SLL,0
26,Odisha,0,State,47,Other SLL Crimes,SLL,Offences under SLL,63
27,Puducherry,1,Union Territory,1,Tampering Computer Source documents (Sec.65),IT Act,Offences under I.T. Act,0
27,Puducherry,1,Union Territory,4,Computer Related Offences - Computer Related Offences (Sec.66) - a1) Ransom-ware,IT Act,Offences under I.T. Act,0
27,Puducherry,1,Union Territory,5,Computer Related Offences - Computer Related Offences (Sec.66) - a2) Offences other than Ransom-ware,IT Act,Offences under I.T. Act,72
27,Puducherry,1,Union Territory,6,Computer Related Offences - B) Dishonesty receiving stolen computer resource or communication device (Sec.66B),IT Act,Offences under I.T. Act,7
27,Puducherry,1,Union Territory,7,Computer Related Offences - C) Identity Theft (Sec.66C),IT Act,Offences under I.T. Act,4
27,Puducherry,1,Union Territory,8,Computer Related Offences - D) Cheating by personation by using computer resource (Sec.66D),IT Act,Offences under I.T. Act,41
27,Puducherry,1,Union Territory,9,Computer Related Offences - E) Violation of Privacy (Sec.66E),IT Act,Offences under I.T. Act,1
27,Puducherry,1,Union Territory,10,Cyber Terrorism (Sec.66 F),IT Act,Offences under I.T. Act,0
27,Puducherry,1,Union Territory,12,Publication/ transmission of obscene / sexually explicit act in electronic form (Sec. 67) - A) Publishing or transmitting obscene material in Electronic Form,IT Act,Offences under I.T. Act,10
27,Puducherry,1,Union Territory,13,Publication/transmission of obscene / sexually explicit act in electronic form (Sec. 67) - B) Publishing or transmitting of material containing Sexually explicit act in electronic form (Sec.67A),IT Act,Offences under I.T. Act,7
27,Puducherry,1,Union Territory,14,Publication/transmission of obscene / sexually explicit act in electronic form (Sec. 67) - C) Publishing or transmitting of material depicting children in Sexually explicit act in electronic form (Sec.67B),IT Act,Offences under I.T. Act,3
27,Puducherry,1,Union Territory,15,Publication/transmission of obscene / sexually explicit act in electronic form (Sec. 67) - D) Preservation and retention of information by intermediaries (Sec.67C),IT Act,Offences under I.T. Act,0
27,Puducherry,1,Union Territory,16,Publication/transmission of obscene / sexually explicit act in electronic form (Sec. 67) - E) Other sub-sections of Sec. 67 IT Act,IT Act,Offences under I.T. Act,2
27,Puducherry,1,Union Territory,17,Interception or Monitoring or decryption of Information (Sec.69),IT Act,Offences under I.T. Act,0
27,Puducherry,1,Union Territory,18,Un-authorized access/attempt to access to protected computer system (Sec.70),IT Act,Offences under I.T. Act,0
27,Puducherry,1,Union Territory,19,Abetment to Commit Offences (Sec.84 B),IT Act,Offences under I.T. Act,0
27,Puducherry,1,Union Territory,20,Attempt to Commit Offences (Sec.84C),IT Act,Offences under I.T. Act,0
27,Puducherry,1,Union Territory,21,Other Sections of IT Act,IT Act,Offences under I.T. Act,0
27,Puducherry,1,Union Territory,23,Abetment of Suicide (Online) (Sec.305/306 IPC),IPC,IPC Crimes,0
27,Puducherry,1,Union Territory,24,Cyber Stalking/ Bullying of Women/ Children (Sec.354D IPC),IPC,IPC Crimes,0
27,Puducherry,1,Union Territory,25,Data theft (Sec.379 to 381),IPC,IPC Crimes,0
27,Puducherry,1,Union Territory,27,"Fraud (Sec.420 r/w Sec.465, 468- 471 IPC) - A) Credit Card/Debit Card",IPC,IPC Crimes,0
27,Puducherry,1,Union Territory,28,"Fraud (Sec.420 r/w Sec.465, 468- 471 IPC) - B) ATMs",IPC,IPC Crimes,0
27,Puducherry,1,Union Territory,29,"Fraud (Sec.420 r/w Sec.465, 468- 471 IPC) - C) Online Banking Fraud",IPC,IPC Crimes,0
27,Puducherry,1,Union Territory,30,"Fraud (Sec.420 r/w Sec.465, 468- 471 IPC) - D) OTP Frauds",IPC,IPC Crimes,0
27,Puducherry,1,Union Territory,31,"Fraud (Sec.420 r/w Sec.465, 468- 471 IPC) - E) Others",IPC,IPC Crimes,0
27,Puducherry,1,Union Territory,32,Cheating (Sec.420 IPC),IPC,IPC Crimes,0
27,Puducherry,1,Union Territory,33,"Forgery (Sec.465, 468 and 471)",IPC,IPC Crimes,0
27,Puducherry,1,Union Territory,34,Defamation/ Morphing (Sec.469 IPC r/w IPC and Indecent representation of women Act),IPC,IPC Crimes,0
27,Puducherry,1,Union Territory,35,Fake Profile (r/w IPC/SLL),IPC,IPC Crimes,0
27,Puducherry,1,Union Territory,37,Counterfeiting - A) Currency (Sec.489A to 489E),IPC,IPC Crimes,0
27,Puducherry,1,Union Territory,38,CounterfeitingB) Stamps (Sec.255),IPC,IPC Crimes,0
27,Puducherry,1,Union Territory,39,"Cyber Blackmailing/ Threatening (Sec.506,503,384 IPC)",IPC,IPC Crimes,0
27,Puducherry,1,Union Territory,40,Fake News on Social Media (Sec.505),IPC,IPC Crimes,0
27,Puducherry,1,Union Territory,41,Other Offences (r/w IT Act),IPC,IPC Crimes,0
27,Puducherry,1,Union Territory,43,Gambling Act (Online Gambling),SLL,Offences under SLL,0
27,Puducherry,1,Union Territory,44,Lotteries Act (Online Lotteries),SLL,Offences under SLL,0
27,Puducherry,1,Union Territory,45,"Copy Right Act, 1957",SLL,Offences under SLL,0
27,Puducherry,1,Union Territory,46,"Trade Marks Act, 1999",SLL,Offences under SLL,0
27,Puducherry,1,Union Territory,47,Other SLL Crimes,SLL,Offences under SLL,0
28,Punjab,0,State,1,Tampering Computer Source documents (Sec.65),IT Act,Offences under I.T. Act,0
28,Punjab,0,State,4,Computer Related Offences - Computer Related Offences (Sec.66) - a1) Ransom-ware,IT Act,Offences under I.T. Act,0
28,Punjab,0,State,5,Computer Related Offences - Computer Related Offences (Sec.66) - a2) Offences other than Ransom-ware,IT Act,Offences under I.T. Act,17
28,Punjab,0,State,6,Computer Related Offences - B) Dishonesty receiving stolen computer resource or communication device (Sec.66B),IT Act,Offences under I.T. Act,1
28,Punjab,0,State,7,Computer Related Offences - C) Identity Theft (Sec.66C),IT Act,Offences under I.T. Act,11
28,Punjab,0,State,8,Computer Related Offences - D) Cheating by personation by using computer resource (Sec.66D),IT Act,Offences under I.T. Act,44
28,Punjab,0,State,9,Computer Related Offences - E) Violation of Privacy (Sec.66E),IT Act,Offences under I.T. Act,3
28,Punjab,0,State,10,Cyber Terrorism (Sec.66 F),IT Act,Offences under I.T. Act,1
28,Punjab,0,State,12,Publication/ transmission of obscene / sexually explicit act in electronic form (Sec. 67) - A) Publishing or transmitting obscene material in Electronic Form,IT Act,Offences under I.T. Act,22
28,Punjab,0,State,13,Publication/transmission of obscene / sexually explicit act in electronic form (Sec. 67) - B) Publishing or transmitting of material containing Sexually explicit act in electronic form (Sec.67A),IT Act,Offences under I.T. Act,29
28,Punjab,0,State,14,Publication/transmission of obscene / sexually explicit act in electronic form (Sec. 67) - C) Publishing or transmitting of material depicting children in Sexually explicit act in electronic form (Sec.67B),IT Act,Offences under I.T. Act,11
28,Punjab,0,State,15,Publication/transmission of obscene / sexually explicit act in electronic form (Sec. 67) - D) Preservation and retention of information by intermediaries (Sec.67C),IT Act,Offences under I.T. Act,0
28,Punjab,0,State,16,Publication/transmission of obscene / sexually explicit act in electronic form (Sec. 67) - E) Other sub-sections of Sec. 67 IT Act,IT Act,Offences under I.T. Act,47
28,Punjab,0,State,17,Interception or Monitoring or decryption of Information (Sec.69),IT Act,Offences under I.T. Act,0
28,Punjab,0,State,18,Un-authorized access/attempt to access to protected computer system (Sec.70),IT Act,Offences under I.T. Act,0
28,Punjab,0,State,19,Abetment to Commit Offences (Sec.84 B),IT Act,Offences under I.T. Act,0
28,Punjab,0,State,20,Attempt to Commit Offences (Sec.84C),IT Act,Offences under I.T. Act,0
28,Punjab,0,State,21,Other Sections of IT Act,IT Act,Offences under I.T. Act,32
28,Punjab,0,State,23,Abetment of Suicide (Online) (Sec.305/306 IPC),IPC,IPC Crimes,0
28,Punjab,0,State,24,Cyber Stalking/ Bullying of Women/ Children (Sec.354D IPC),IPC,IPC Crimes,14
28,Punjab,0,State,25,Data theft (Sec.379 to 381),IPC,IPC Crimes,2
28,Punjab,0,State,27,"Fraud (Sec.420 r/w Sec.465, 468- 471 IPC) - A) Credit Card/Debit Card",IPC,IPC Crimes,0
28,Punjab,0,State,28,"Fraud (Sec.420 r/w Sec.465, 468- 471 IPC) - B) ATMs",IPC,IPC Crimes,8
28,Punjab,0,State,29,"Fraud (Sec.420 r/w Sec.465, 468- 471 IPC) - C) Online Banking Fraud",IPC,IPC Crimes,11
28,Punjab,0,State,30,"Fraud (Sec.420 r/w Sec.465, 468- 471 IPC) - D) OTP Frauds",IPC,IPC Crimes,2
28,Punjab,0,State,31,"Fraud (Sec.420 r/w Sec.465, 468- 471 IPC) - E) Others",IPC,IPC Crimes,4
28,Punjab,0,State,32,Cheating (Sec.420 IPC),IPC,IPC Crimes,142
28,Punjab,0,State,33,"Forgery (Sec.465, 468 and 471)",IPC,IPC Crimes,4
28,Punjab,0,State,34,Defamation/ Morphing (Sec.469 IPC r/w IPC and Indecent representation of women Act),IPC,IPC Crimes,4
28,Punjab,0,State,35,Fake Profile (r/w IPC/SLL),IPC,IPC Crimes,1
28,Punjab,0,State,37,Counterfeiting - A) Currency (Sec.489A to 489E),IPC,IPC Crimes,0
28,Punjab,0,State,38,CounterfeitingB) Stamps (Sec.255),IPC,IPC Crimes,0
28,Punjab,0,State,39,"Cyber Blackmailing/ Threatening (Sec.506,503,384 IPC)",IPC,IPC Crimes,26
28,Punjab,0,State,40,Fake News on Social Media (Sec.505),IPC,IPC Crimes,0
28,Punjab,0,State,41,Other Offences (r/w IT Act),IPC,IPC Crimes,65
28,Punjab,0,State,43,Gambling Act (Online Gambling),SLL,Offences under SLL,3
28,Punjab,0,State,44,Lotteries Act (Online Lotteries),SLL,Offences under SLL,0
28,Punjab,0,State,45,"Copy Right Act, 1957",SLL,Offences under SLL,6
28,Punjab,0,State,46,"Trade Marks Act, 1999",SLL,Offences under SLL,0
28,Punjab,0,State,47,Other SLL Crimes,SLL,Offences under SLL,1
29,Rajasthan,0,State,1,Tampering Computer Source documents (Sec.65),IT Act,Offences under I.T. Act,1
29,Rajasthan,0,State,4,Computer Related Offences - Computer Related Offences (Sec.66) - a1) Ransom-ware,IT Act,Offences under I.T. Act,1
29,Rajasthan,0,State,5,Computer Related Offences - Computer Related Offences (Sec.66) - a2) Offences other than Ransom-ware,IT Act,Offences under I.T. Act,2
29,Rajasthan,0,State,6,Computer Related Offences - B) Dishonesty receiving stolen computer resource or communication device (Sec.66B),IT Act,Offences under I.T. Act,2
29,Rajasthan,0,State,7,Computer Related Offences - C) Identity Theft (Sec.66C),IT Act,Offences under I.T. Act,148
29,Rajasthan,0,State,8,Computer Related Offences - D) Cheating by personation by using computer resource (Sec.66D),IT Act,Offences under I.T. Act,521
29,Rajasthan,0,State,9,Computer Related Offences - E) Violation of Privacy (Sec.66E),IT Act,Offences under I.T. Act,2
29,Rajasthan,0,State,10,Cyber Terrorism (Sec.66 F),IT Act,Offences under I.T. Act,2
29,Rajasthan,0,State,12,Publication/ transmission of obscene / sexually explicit act in electronic form (Sec. 67) - A) Publishing or transmitting obscene material in Electronic Form,IT Act,Offences under I.T. Act,49
29,Rajasthan,0,State,13,Publication/transmission of obscene / sexually explicit act in electronic form (Sec. 67) - B) Publishing or transmitting of material containing Sexually explicit act in electronic form (Sec.67A),IT Act,Offences under I.T. Act,125
29,Rajasthan,0,State,14,Publication/transmission of obscene / sexually explicit act in electronic form (Sec. 67) - C) Publishing or transmitting of material depicting children in Sexually explicit act in electronic form (Sec.67B),IT Act,Offences under I.T. Act,254
29,Rajasthan,0,State,15,Publication/transmission of obscene / sexually explicit act in electronic form (Sec. 67) - D) Preservation and retention of information by intermediaries (Sec.67C),IT Act,Offences under I.T. Act,0
29,Rajasthan,0,State,16,Publication/transmission of obscene / sexually explicit act in electronic form (Sec. 67) - E) Other sub-sections of Sec. 67 IT Act,IT Act,Offences under I.T. Act,72
29,Rajasthan,0,State,17,Interception or Monitoring or decryption of Information (Sec.69),IT Act,Offences under I.T. Act,1
29,Rajasthan,0,State,18,Un-authorized access/attempt to access to protected computer system (Sec.70),IT Act,Offences under I.T. Act,0
29,Rajasthan,0,State,19,Abetment to Commit Offences (Sec.84 B),IT Act,Offences under I.T. Act,0
29,Rajasthan,0,State,20,Attempt to Commit Offences (Sec.84C),IT Act,Offences under I.T. Act,0
29,Rajasthan,0,State,21,Other Sections of IT Act,IT Act,Offences under I.T. Act,284
29,Rajasthan,0,State,23,Abetment of Suicide (Online) (Sec.305/306 IPC),IPC,IPC Crimes,0
29,Rajasthan,0,State,24,Cyber Stalking/ Bullying of Women/ Children (Sec.354D IPC),IPC,IPC Crimes,97
29,Rajasthan,0,State,25,Data theft (Sec.379 to 381),IPC,IPC Crimes,0
29,Rajasthan,0,State,27,"Fraud (Sec.420 r/w Sec.465, 468- 471 IPC) - A) Credit Card/Debit Card",IPC,IPC Crimes,7
29,Rajasthan,0,State,28,"Fraud (Sec.420 r/w Sec.465, 468- 471 IPC) - B) ATMs",IPC,IPC Crimes,0
29,Rajasthan,0,State,29,"Fraud (Sec.420 r/w Sec.465, 468- 471 IPC) - C) Online Banking Fraud",IPC,IPC Crimes,16
29,Rajasthan,0,State,30,"Fraud (Sec.420 r/w Sec.465, 468- 471 IPC) - D) OTP Frauds",IPC,IPC Crimes,36
29,Rajasthan,0,State,31,"Fraud (Sec.420 r/w Sec.465, 468- 471 IPC) - E) Others",IPC,IPC Crimes,25
29,Rajasthan,0,State,32,Cheating (Sec.420 IPC),IPC,IPC Crimes,420
29,Rajasthan,0,State,33,"Forgery (Sec.465, 468 and 471)",IPC,IPC Crimes,16
29,Rajasthan,0,State,34,Defamation/ Morphing (Sec.469 IPC r/w IPC and Indecent representation of women Act),IPC,IPC Crimes,1
29,Rajasthan,0,State,35,Fake Profile (r/w IPC/SLL),IPC,IPC Crimes,28
29,Rajasthan,0,State,37,Counterfeiting - A) Currency (Sec.489A to 489E),IPC,IPC Crimes,0
29,Rajasthan,0,State,38,CounterfeitingB) Stamps (Sec.255),IPC,IPC Crimes,0
29,Rajasthan,0,State,39,"Cyber Blackmailing/ Threatening (Sec.506,503,384 IPC)",IPC,IPC Crimes,34
29,Rajasthan,0,State,40,Fake News on Social Media (Sec.505),IPC,IPC Crimes,1
29,Rajasthan,0,State,41,Other Offences (r/w IT Act),IPC,IPC Crimes,272
29,Rajasthan,0,State,43,Gambling Act (Online Gambling),SLL,Offences under SLL,10
29,Rajasthan,0,State,44,Lotteries Act (Online Lotteries),SLL,Offences under SLL,0
29,Rajasthan,0,State,45,"Copy Right Act, 1957",SLL,Offences under SLL,1
29,Rajasthan,0,State,46,"Trade Marks Act, 1999",SLL,Offences under SLL,0
29,Rajasthan,0,State,47,Other SLL Crimes,SLL,Offences under SLL,7
30,Sikkim,0,State,1,Tampering Computer Source documents (Sec.65),IT Act,Offences under I.T. Act,0
30,Sikkim,0,State,4,Computer Related Offences - Computer Related Offences (Sec.66) - a1) Ransom-ware,IT Act,Offences under I.T. Act,0
30,Sikkim,0,State,5,Computer Related Offences - Computer Related Offences (Sec.66) - a2) Offences other than Ransom-ware,IT Act,Offences under I.T. Act,1
30,Sikkim,0,State,6,Computer Related Offences - B) Dishonesty receiving stolen computer resource or communication device (Sec.66B),IT Act,Offences under I.T. Act,0
30,Sikkim,0,State,7,Computer Related Offences - C) Identity Theft (Sec.66C),IT Act,Offences under I.T. Act,1
30,Sikkim,0,State,8,Computer Related Offences - D) Cheating by personation by using computer resource (Sec.66D),IT Act,Offences under I.T. Act,4
30,Sikkim,0,State,9,Computer Related Offences - E) Violation of Privacy (Sec.66E),IT Act,Offences under I.T. Act,0
30,Sikkim,0,State,10,Cyber Terrorism (Sec.66 F),IT Act,Offences under I.T. Act,0
30,Sikkim,0,State,12,Publication/ transmission of obscene / sexually explicit act in electronic form (Sec. 67) - A) Publishing or transmitting obscene material in Electronic Form,IT Act,Offences under I.T. Act,2
30,Sikkim,0,State,13,Publication/transmission of obscene / sexually explicit act in electronic form (Sec. 67) - B) Publishing or transmitting of material containing Sexually explicit act in electronic form (Sec.67A),IT Act,Offences under I.T. Act,4
30,Sikkim,0,State,14,Publication/transmission of obscene / sexually explicit act in electronic form (Sec. 67) - C) Publishing or transmitting of material depicting children in Sexually explicit act in electronic form (Sec.67B),IT Act,Offences under I.T. Act,0
30,Sikkim,0,State,15,Publication/transmission of obscene / sexually explicit act in electronic form (Sec. 67) - D) Preservation and retention of information by intermediaries (Sec.67C),IT Act,Offences under I.T. Act,0
30,Sikkim,0,State,16,Publication/transmission of obscene / sexually explicit act in electronic form (Sec. 67) - E) Other sub-sections of Sec. 67 IT Act,IT Act,Offences under I.T. Act,0
30,Sikkim,0,State,17,Interception or Monitoring or decryption of Information (Sec.69),IT Act,Offences under I.T. Act,0
30,Sikkim,0,State,18,Un-authorized access/attempt to access to protected computer system (Sec.70),IT Act,Offences under I.T. Act,0
30,Sikkim,0,State,19,Abetment to Commit Offences (Sec.84 B),IT Act,Offences under I.T. Act,0
30,Sikkim,0,State,20,Attempt to Commit Offences (Sec.84C),IT Act,Offences under I.T. Act,0
30,Sikkim,0,State,21,Other Sections of IT Act,IT Act,Offences under I.T. Act,0
30,Sikkim,0,State,23,Abetment of Suicide (Online) (Sec.305/306 IPC),IPC,IPC Crimes,0
30,Sikkim,0,State,24,Cyber Stalking/ Bullying of Women/ Children (Sec.354D IPC),IPC,IPC Crimes,0
30,Sikkim,0,State,25,Data theft (Sec.379 to 381),IPC,IPC Crimes,0
30,Sikkim,0,State,27,"Fraud (Sec.420 r/w Sec.465, 468- 471 IPC) - A) Credit Card/Debit Card",IPC,IPC Crimes,0
30,Sikkim,0,State,28,"Fraud (Sec.420 r/w Sec.465, 468- 471 IPC) - B) ATMs",IPC,IPC Crimes,0
30,Sikkim,0,State,29,"Fraud (Sec.420 r/w Sec.465, 468- 471 IPC) - C) Online Banking Fraud",IPC,IPC Crimes,0
30,Sikkim,0,State,30,"Fraud (Sec.420 r/w Sec.465, 468- 471 IPC) - D) OTP Frauds",IPC,IPC Crimes,0
30,Sikkim,0,State,31,"Fraud (Sec.420 r/w Sec.465, 468- 471 IPC) - E) Others",IPC,IPC Crimes,0
30,Sikkim,0,State,32,Cheating (Sec.420 IPC),IPC,IPC Crimes,0
30,Sikkim,0,State,33,"Forgery (Sec.465, 468 and 471)",IPC,IPC Crimes,0
30,Sikkim,0,State,34,Defamation/ Morphing (Sec.469 IPC r/w IPC and Indecent representation of women Act),IPC,IPC Crimes,0
30,Sikkim,0,State,35,Fake Profile (r/w IPC/SLL),IPC,IPC Crimes,0
30,Sikkim,0,State,37,Counterfeiting - A) Currency (Sec.489A to 489E),IPC,IPC Crimes,0
30,Sikkim,0,State,38,CounterfeitingB) Stamps (Sec.255),IPC,IPC Crimes,0
30,Sikkim,0,State,39,"Cyber Blackmailing/ Threatening (Sec.506,503,384 IPC)",IPC,IPC Crimes,0
30,Sikkim,0,State,40,Fake News on Social Media (Sec.505),IPC,IPC Crimes,0
30,Sikkim,0,State,41,Other Offences (r/w IT Act),IPC,IPC Crimes,0
30,Sikkim,0,State,43,Gambling Act (Online Gambling),SLL,Offences under SLL,0
30,Sikkim,0,State,44,Lotteries Act (Online Lotteries),SLL,Offences under SLL,0
30,Sikkim,0,State,45,"Copy Right Act, 1957",SLL,Offences under SLL,0
30,Sikkim,0,State,46,"Trade Marks Act, 1999",SLL,Offences under SLL,0
30,Sikkim,0,State,47,Other SLL Crimes,SLL,Offences under SLL,0
31,Tamil Nadu,0,State,1,Tampering Computer Source documents (Sec.65),IT Act,Offences under I.T. Act,2
31,Tamil Nadu,0,State,4,Computer Related Offences - Computer Related Offences (Sec.66) - a1) Ransom-ware,IT Act,Offences under I.T. Act,17
31,Tamil Nadu,0,State,5,Computer Related Offences - Computer Related Offences (Sec.66) - a2) Offences other than Ransom-ware,IT Act,Offences under I.T. Act,21
31,Tamil Nadu,0,State,6,Computer Related Offences - B) Dishonesty receiving stolen computer resource or communication device (Sec.66B),IT Act,Offences under I.T. Act,0
31,Tamil Nadu,0,State,7,Computer Related Offences - C) Identity Theft (Sec.66C),IT Act,Offences under I.T. Act,43
31,Tamil Nadu,0,State,8,Computer Related Offences - D) Cheating by personation by using computer resource (Sec.66D),IT Act,Offences under I.T. Act,1542
31,Tamil Nadu,0,State,9,Computer Related Offences - E) Violation of Privacy (Sec.66E),IT Act,Offences under I.T. Act,20
31,Tamil Nadu,0,State,10,Cyber Terrorism (Sec.66 F),IT Act,Offences under I.T. Act,0
31,Tamil Nadu,0,State,12,Publication/ transmission of obscene / sexually explicit act in electronic form (Sec. 67) - A) Publishing or transmitting obscene material in Electronic Form,IT Act,Offences under I.T. Act,123
31,Tamil Nadu,0,State,13,Publication/transmission of obscene / sexually explicit act in electronic form (Sec. 67) - B) Publishing or transmitting of material containing Sexually explicit act in electronic form (Sec.67A),IT Act,Offences under I.T. Act,93
31,Tamil Nadu,0,State,14,Publication/transmission of obscene / sexually explicit act in electronic form (Sec. 67) - C) Publishing or transmitting of material depicting children in Sexually explicit act in electronic form (Sec.67B),IT Act,Offences under I.T. Act,5
31,Tamil Nadu,0,State,15,Publication/transmission of obscene / sexually explicit act in electronic form (Sec. 67) - D) Preservation and retention of information by intermediaries (Sec.67C),IT Act,Offences under I.T. Act,1
31,Tamil Nadu,0,State,16,Publication/transmission of obscene / sexually explicit act in electronic form (Sec. 67) - E) Other sub-sections of Sec. 67 IT Act,IT Act,Offences under I.T. Act,41
31,Tamil Nadu,0,State,17,Interception or Monitoring or decryption of Information (Sec.69),IT Act,Offences under I.T. Act,0
31,Tamil Nadu,0,State,18,Un-authorized access/attempt to access to protected computer system (Sec.70),IT Act,Offences under I.T. Act,0
31,Tamil Nadu,0,State,19,Abetment to Commit Offences (Sec.84 B),IT Act,Offences under I.T. Act,0
31,Tamil Nadu,0,State,20,Attempt to Commit Offences (Sec.84C),IT Act,Offences under I.T. Act,0
31,Tamil Nadu,0,State,21,Other Sections of IT Act,IT Act,Offences under I.T. Act,4
31,Tamil Nadu,0,State,23,Abetment of Suicide (Online) (Sec.305/306 IPC),IPC,IPC Crimes,0
31,Tamil Nadu,0,State,24,Cyber Stalking/ Bullying of Women/ Children (Sec.354D IPC),IPC,IPC Crimes,27
31,Tamil Nadu,0,State,25,Data theft (Sec.379 to 381),IPC,IPC Crimes,2
31,Tamil Nadu,0,State,27,"Fraud (Sec.420 r/w Sec.465, 468- 471 IPC) - A) Credit Card/Debit Card",IPC,IPC Crimes,94
31,Tamil Nadu,0,State,28,"Fraud (Sec.420 r/w Sec.465, 468- 471 IPC) - B) ATMs",IPC,IPC Crimes,21
31,Tamil Nadu,0,State,29,"Fraud (Sec.420 r/w Sec.465, 468- 471 IPC) - C) Online Banking Fraud",IPC,IPC Crimes,151
31,Tamil Nadu,0,State,30,"Fraud (Sec.420 r/w Sec.465, 468- 471 IPC) - D) OTP Frauds",IPC,IPC Crimes,165
31,Tamil Nadu,0,State,31,"Fraud (Sec.420 r/w Sec.465, 468- 471 IPC) - E) Others",IPC,IPC Crimes,456
31,Tamil Nadu,0,State,32,Cheating (Sec.420 IPC),IPC,IPC Crimes,1148
31,Tamil Nadu,0,State,33,"Forgery (Sec.465, 468 and 471)",IPC,IPC Crimes,65
31,Tamil Nadu,0,State,34,Defamation/ Morphing (Sec.469 IPC r/w IPC and Indecent representation of women Act),IPC,IPC Crimes,0
31,Tamil Nadu,0,State,35,Fake Profile (r/w IPC/SLL),IPC,IPC Crimes,0
31,Tamil Nadu,0,State,37,Counterfeiting - A) Currency (Sec.489A to 489E),IPC,IPC Crimes,0
31,Tamil Nadu,0,State,38,CounterfeitingB) Stamps (Sec.255),IPC,IPC Crimes,0
31,Tamil Nadu,0,State,39,"Cyber Blackmailing/ Threatening (Sec.506,503,384 IPC)",IPC,IPC Crimes,15
31,Tamil Nadu,0,State,40,Fake News on Social Media (Sec.505),IPC,IPC Crimes,35
31,Tamil Nadu,0,State,41,Other Offences (r/w IT Act),IPC,IPC Crimes,16
31,Tamil Nadu,0,State,43,Gambling Act (Online Gambling),SLL,Offences under SLL,0
31,Tamil Nadu,0,State,44,Lotteries Act (Online Lotteries),SLL,Offences under SLL,0
31,Tamil Nadu,0,State,45,"Copy Right Act, 1957",SLL,Offences under SLL,0
31,Tamil Nadu,0,State,46,"Trade Marks Act, 1999",SLL,Offences under SLL,1
31,Tamil Nadu,0,State,47,Other SLL Crimes,SLL,Offences under SLL,13
32,Telangana,0,State,1,Tampering Computer Source documents (Sec.65),IT Act,Offences under I.T. Act,0
32,Telangana,0,State,4,Computer Related Offences - Computer Related Offences (Sec.66) - a1) Ransom-ware,IT Act,Offences under I.T. Act,5
32,Telangana,0,State,5,Computer Related Offences - Computer Related Offences (Sec.66) - a2) Offences other than Ransom-ware,IT Act,Offences under I.T. Act,0
32,Telangana,0,State,6,Computer Related Offences - B) Dishonesty receiving stolen computer resource or communication device (Sec.66B),IT Act,Offences under I.T. Act,2
32,Telangana,0,State,7,Computer Related Offences - C) Identity Theft (Sec.66C),IT Act,Offences under I.T. Act,106
32,Telangana,0,State,8,Computer Related Offences - D) Cheating by personation by using computer resource (Sec.66D),IT Act,Offences under I.T. Act,138
32,Telangana,0,State,9,Computer Related Offences - E) Violation of Privacy (Sec.66E),IT Act,Offences under I.T. Act,1
32,Telangana,0,State,10,Cyber Terrorism (Sec.66 F),IT Act,Offences under I.T. Act,0
32,Telangana,0,State,12,Publication/ transmission of obscene / sexually explicit act in electronic form (Sec. 67) - A) Publishing or transmitting obscene material in Electronic Form,IT Act,Offences under I.T. Act,91
32,Telangana,0,State,13,Publication/transmission of obscene / sexually explicit act in electronic form (Sec. 67) - B) Publishing or transmitting of material containing Sexually explicit act in electronic form (Sec.67A),IT Act,Offences under I.T. Act,60
32,Telangana,0,State,14,Publication/transmission of obscene / sexually explicit act in electronic form (Sec. 67) - C) Publishing or transmitting of material depicting children in Sexually explicit act in electronic form (Sec.67B),IT Act,Offences under I.T. Act,19
32,Telangana,0,State,15,Publication/transmission of obscene / sexually explicit act in electronic form (Sec. 67) - D) Preservation and retention of information by intermediaries (Sec.67C),IT Act,Offences under I.T. Act,0
32,Telangana,0,State,16,Publication/transmission of obscene / sexually explicit act in electronic form (Sec. 67) - E) Other sub-sections of Sec. 67 IT Act,IT Act,Offences under I.T. Act,16
32,Telangana,0,State,17,Interception or Monitoring or decryption of Information (Sec.69),IT Act,Offences under I.T. Act,0
32,Telangana,0,State,18,Un-authorized access/attempt to access to protected computer system (Sec.70),IT Act,Offences under I.T. Act,0
32,Telangana,0,State,19,Abetment to Commit Offences (Sec.84 B),IT Act,Offences under I.T. Act,0
32,Telangana,0,State,20,Attempt to Commit Offences (Sec.84C),IT Act,Offences under I.T. Act,0
32,Telangana,0,State,21,Other Sections of IT Act,IT Act,Offences under I.T. Act,1
32,Telangana,0,State,23,Abetment of Suicide (Online) (Sec.305/306 IPC),IPC,IPC Crimes,4
32,Telangana,0,State,24,Cyber Stalking/ Bullying of Women/ Children (Sec.354D IPC),IPC,IPC Crimes,263
32,Telangana,0,State,25,Data theft (Sec.379 to 381),IPC,IPC Crimes,13
32,Telangana,0,State,27,"Fraud (Sec.420 r/w Sec.465, 468- 471 IPC) - A) Credit Card/Debit Card",IPC,IPC Crimes,855
32,Telangana,0,State,28,"Fraud (Sec.420 r/w Sec.465, 468- 471 IPC) - B) ATMs",IPC,IPC Crimes,580
32,Telangana,0,State,29,"Fraud (Sec.420 r/w Sec.465, 468- 471 IPC) - C) Online Banking Fraud",IPC,IPC Crimes,1868
32,Telangana,0,State,30,"Fraud (Sec.420 r/w Sec.465, 468- 471 IPC) - D) OTP Frauds",IPC,IPC Crimes,4223
32,Telangana,0,State,31,"Fraud (Sec.420 r/w Sec.465, 468- 471 IPC) - E) Others",IPC,IPC Crimes,3100
32,Telangana,0,State,32,Cheating (Sec.420 IPC),IPC,IPC Crimes,6384
32,Telangana,0,State,33,"Forgery (Sec.465, 468 and 471)",IPC,IPC Crimes,18
32,Telangana,0,State,34,Defamation/ Morphing (Sec.469 IPC r/w IPC and Indecent representation of women Act),IPC,IPC Crimes,9
32,Telangana,0,State,35,Fake Profile (r/w IPC/SLL),IPC,IPC Crimes,47
32,Telangana,0,State,37,Counterfeiting - A) Currency (Sec.489A to 489E),IPC,IPC Crimes,0
32,Telangana,0,State,38,CounterfeitingB) Stamps (Sec.255),IPC,IPC Crimes,0
32,Telangana,0,State,39,"Cyber Blackmailing/ Threatening (Sec.506,503,384 IPC)",IPC,IPC Crimes,213
32,Telangana,0,State,40,Fake News on Social Media (Sec.505),IPC,IPC Crimes,98
32,Telangana,0,State,41,Other Offences (r/w IT Act),IPC,IPC Crimes,112
32,Telangana,0,State,43,Gambling Act (Online Gambling),SLL,Offences under SLL,7
32,Telangana,0,State,44,Lotteries Act (Online Lotteries),SLL,Offences under SLL,0
32,Telangana,0,State,45,"Copy Right Act, 1957",SLL,Offences under SLL,3
32,Telangana,0,State,46,"Trade Marks Act, 1999",SLL,Offences under SLL,0
32,Telangana,0,State,47,Other SLL Crimes,SLL,Offences under SLL,0
33,Tripura,0,State,1,Tampering Computer Source documents (Sec.65),IT Act,Offences under I.T. Act,0
33,Tripura,0,State,4,Computer Related Offences - Computer Related Offences (Sec.66) - a1) Ransom-ware,IT Act,Offences under I.T. Act,0
33,Tripura,0,State,5,Computer Related Offences - Computer Related Offences (Sec.66) - a2) Offences other than Ransom-ware,IT Act,Offences under I.T. Act,4
33,Tripura,0,State,6,Computer Related Offences - B) Dishonesty receiving stolen computer resource or communication device (Sec.66B),IT Act,Offences under I.T. Act,0
33,Tripura,0,State,7,Computer Related Offences - C) Identity Theft (Sec.66C),IT Act,Offences under I.T. Act,2
33,Tripura,0,State,8,Computer Related Offences - D) Cheating by personation by using computer resource (Sec.66D),IT Act,Offences under I.T. Act,12
33,Tripura,0,State,9,Computer Related Offences - E) Violation of Privacy (Sec.66E),IT Act,Offences under I.T. Act,0
33,Tripura,0,State,10,Cyber Terrorism (Sec.66 F),IT Act,Offences under I.T. Act,0
33,Tripura,0,State,12,Publication/ transmission of obscene / sexually explicit act in electronic form (Sec. 67) - A) Publishing or transmitting obscene material in Electronic Form,IT Act,Offences under I.T. Act,1
33,Tripura,0,State,13,Publication/transmission of obscene / sexually explicit act in electronic form (Sec. 67) - B) Publishing or transmitting of material containing Sexually explicit act in electronic form (Sec.67A),IT Act,Offences under I.T. Act,13
33,Tripura,0,State,14,Publication/transmission of obscene / sexually explicit act in electronic form (Sec. 67) - C) Publishing or transmitting of material depicting children in Sexually explicit act in electronic form (Sec.67B),IT Act,Offences under I.T. Act,1
33,Tripura,0,State,15,Publication/transmission of obscene / sexually explicit act in electronic form (Sec. 67) - D) Preservation and retention of information by intermediaries (Sec.67C),IT Act,Offences under I.T. Act,0
33,Tripura,0,State,16,Publication/transmission of obscene / sexually explicit act in electronic form (Sec. 67) - E) Other sub-sections of Sec. 67 IT Act,IT Act,Offences under I.T. Act,3
33,Tripura,0,State,17,Interception or Monitoring or decryption of Information (Sec.69),IT Act,Offences under I.T. Act,0
33,Tripura,0,State,18,Un-authorized access/attempt to access to protected computer system (Sec.70),IT Act,Offences under I.T. Act,0
33,Tripura,0,State,19,Abetment to Commit Offences (Sec.84 B),IT Act,Offences under I.T. Act,0
33,Tripura,0,State,20,Attempt to Commit Offences (Sec.84C),IT Act,Offences under I.T. Act,0
33,Tripura,0,State,21,Other Sections of IT Act,IT Act,Offences under I.T. Act,0
33,Tripura,0,State,23,Abetment of Suicide (Online) (Sec.305/306 IPC),IPC,IPC Crimes,0
33,Tripura,0,State,24,Cyber Stalking/ Bullying of Women/ Children (Sec.354D IPC),IPC,IPC Crimes,0
33,Tripura,0,State,25,Data theft (Sec.379 to 381),IPC,IPC Crimes,0
33,Tripura,0,State,27,"Fraud (Sec.420 r/w Sec.465, 468- 471 IPC) - A) Credit Card/Debit Card",IPC,IPC Crimes,0
33,Tripura,0,State,28,"Fraud (Sec.420 r/w Sec.465, 468- 471 IPC) - B) ATMs",IPC,IPC Crimes,0
33,Tripura,0,State,29,"Fraud (Sec.420 r/w Sec.465, 468- 471 IPC) - C) Online Banking Fraud",IPC,IPC Crimes,0
33,Tripura,0,State,30,"Fraud (Sec.420 r/w Sec.465, 468- 471 IPC) - D) OTP Frauds",IPC,IPC Crimes,0
33,Tripura,0,State,31,"Fraud (Sec.420 r/w Sec.465, 468- 471 IPC) - E) Others",IPC,IPC Crimes,0
33,Tripura,0,State,32,Cheating (Sec.420 IPC),IPC,IPC Crimes,0
33,Tripura,0,State,33,"Forgery (Sec.465, 468 and 471)",IPC,IPC Crimes,0
33,Tripura,0,State,34,Defamation/ Morphing (Sec.469 IPC r/w IPC and Indecent representation of women Act),IPC,IPC Crimes,0
33,Tripura,0,State,35,Fake Profile (r/w IPC/SLL),IPC,IPC Crimes,0
33,Tripura,0,State,37,Counterfeiting - A) Currency (Sec.489A to 489E),IPC,IPC Crimes,0
33,Tripura,0,State,38,CounterfeitingB) Stamps (Sec.255),IPC,IPC Crimes,0
33,Tripura,0,State,39,"Cyber Blackmailing/ Threatening (Sec.506,503,384 IPC)",IPC,IPC Crimes,0
33,Tripura,0,State,40,Fake News on Social Media (Sec.505),IPC,IPC Crimes,0
33,Tripura,0,State,41,Other Offences (r/w IT Act),IPC,IPC Crimes,0
33,Tripura,0,State,43,Gambling Act (Online Gambling),SLL,Offences under SLL,0
33,Tripura,0,State,44,Lotteries Act (Online Lotteries),SLL,Offences under SLL,0
33,Tripura,0,State,45,"Copy Right Act, 1957",SLL,Offences under SLL,0
33,Tripura,0,State,46,"Trade Marks Act, 1999",SLL,Offences under SLL,0
33,Tripura,0,State,47,Other SLL Crimes,SLL,Offences under SLL,0
34,Uttar Pradesh,0,State,1,Tampering Computer Source documents (Sec.65),IT Act,Offences under I.T. Act,46
34,Uttar Pradesh,0,State,4,Computer Related Offences - Computer Related Offences (Sec.66) - a1) Ransom-ware,IT Act,Offences under I.T. Act,706
34,Uttar Pradesh,0,State,5,Computer Related Offences - Computer Related Offences (Sec.66) - a2) Offences other than Ransom-ware,IT Act,Offences under I.T. Act,2749
34,Uttar Pradesh,0,State,6,Computer Related Offences - B) Dishonesty receiving stolen computer resource or communication device (Sec.66B),IT Act,Offences under I.T. Act,139
34,Uttar Pradesh,0,State,7,Computer Related Offences - C) Identity Theft (Sec.66C),IT Act,Offences under I.T. Act,486
34,Uttar Pradesh,0,State,8,Computer Related Offences - D) Cheating by personation by using computer resource (Sec.66D),IT Act,Offences under I.T. Act,2748
34,Uttar Pradesh,0,State,9,Computer Related Offences - E) Violation of Privacy (Sec.66E),IT Act,Offences under I.T. Act,145
34,Uttar Pradesh,0,State,10,Cyber Terrorism (Sec.66 F),IT Act,Offences under I.T. Act,2
34,Uttar Pradesh,0,State,12,Publication/ transmission of obscene / sexually explicit act in electronic form (Sec. 67) - A) Publishing or transmitting obscene material in Electronic Form,IT Act,Offences under I.T. Act,1572
34,Uttar Pradesh,0,State,13,Publication/transmission of obscene / sexually explicit act in electronic form (Sec. 67) - B) Publishing or transmitting of material containing Sexually explicit act in electronic form (Sec.67A),IT Act,Offences under I.T. Act,590
34,Uttar Pradesh,0,State,14,Publication/transmission of obscene / sexually explicit act in electronic form (Sec. 67) - C) Publishing or transmitting of material depicting children in Sexually explicit act in electronic form (Sec.67B),IT Act,Offences under I.T. Act,14
34,Uttar Pradesh,0,State,15,Publication/transmission of obscene / sexually explicit act in electronic form (Sec. 67) - D) Preservation and retention of information by intermediaries (Sec.67C),IT Act,Offences under I.T. Act,9
34,Uttar Pradesh,0,State,16,Publication/transmission of obscene / sexually explicit act in electronic form (Sec. 67) - E) Other sub-sections of Sec. 67 IT Act,IT Act,Offences under I.T. Act,544
34,Uttar Pradesh,0,State,17,Interception or Monitoring or decryption of Information (Sec.69),IT Act,Offences under I.T. Act,0
34,Uttar Pradesh,0,State,18,Un-authorized access/attempt to access to protected computer system (Sec.70),IT Act,Offences under I.T. Act,0
34,Uttar Pradesh,0,State,19,Abetment to Commit Offences (Sec.84 B),IT Act,Offences under I.T. Act,0
34,Uttar Pradesh,0,State,20,Attempt to Commit Offences (Sec.84C),IT Act,Offences under I.T. Act,0
34,Uttar Pradesh,0,State,21,Other Sections of IT Act,IT Act,Offences under I.T. Act,352
34,Uttar Pradesh,0,State,23,Abetment of Suicide (Online) (Sec.305/306 IPC),IPC,IPC Crimes,0
34,Uttar Pradesh,0,State,24,Cyber Stalking/ Bullying of Women/ Children (Sec.354D IPC),IPC,IPC Crimes,9
34,Uttar Pradesh,0,State,25,Data theft (Sec.379 to 381),IPC,IPC Crimes,10
34,Uttar Pradesh,0,State,27,"Fraud (Sec.420 r/w Sec.465, 468- 471 IPC) - A) Credit Card/Debit Card",IPC,IPC Crimes,57
34,Uttar Pradesh,0,State,28,"Fraud (Sec.420 r/w Sec.465, 468- 471 IPC) - B) ATMs",IPC,IPC Crimes,14
34,Uttar Pradesh,0,State,29,"Fraud (Sec.420 r/w Sec.465, 468- 471 IPC) - C) Online Banking Fraud",IPC,IPC Crimes,112
34,Uttar Pradesh,0,State,30,"Fraud (Sec.420 r/w Sec.465, 468- 471 IPC) - D) OTP Frauds",IPC,IPC Crimes,38
34,Uttar Pradesh,0,State,31,"Fraud (Sec.420 r/w Sec.465, 468- 471 IPC) - E) Others",IPC,IPC Crimes,66
34,Uttar Pradesh,0,State,32,Cheating (Sec.420 IPC),IPC,IPC Crimes,200
34,Uttar Pradesh,0,State,33,"Forgery (Sec.465, 468 and 471)",IPC,IPC Crimes,59
34,Uttar Pradesh,0,State,34,Defamation/ Morphing (Sec.469 IPC r/w IPC and Indecent representation of women Act),IPC,IPC Crimes,0
34,Uttar Pradesh,0,State,35,Fake Profile (r/w IPC/SLL),IPC,IPC Crimes,6
34,Uttar Pradesh,0,State,37,Counterfeiting - A) Currency (Sec.489A to 489E),IPC,IPC Crimes,0
34,Uttar Pradesh,0,State,38,CounterfeitingB) Stamps (Sec.255),IPC,IPC Crimes,0
34,Uttar Pradesh,0,State,39,"Cyber Blackmailing/ Threatening (Sec.506,503,384 IPC)",IPC,IPC Crimes,79
34,Uttar Pradesh,0,State,40,Fake News on Social Media (Sec.505),IPC,IPC Crimes,11
34,Uttar Pradesh,0,State,41,Other Offences (r/w IT Act),IPC,IPC Crimes,28
34,Uttar Pradesh,0,State,43,Gambling Act (Online Gambling),SLL,Offences under SLL,0
34,Uttar Pradesh,0,State,44,Lotteries Act (Online Lotteries),SLL,Offences under SLL,0
34,Uttar Pradesh,0,State,45,"Copy Right Act, 1957",SLL,Offences under SLL,3
34,Uttar Pradesh,0,State,46,"Trade Marks Act, 1999",SLL,Offences under SLL,0
34,Uttar Pradesh,0,State,47,Other SLL Crimes,SLL,Offences under SLL,0
35,Uttarakhand,0,State,1,Tampering Computer Source documents (Sec.65),IT Act,Offences under I.T. Act,0
35,Uttarakhand,0,State,4,Computer Related Offences - Computer Related Offences (Sec.66) - a1) Ransom-ware,IT Act,Offences under I.T. Act,0
35,Uttarakhand,0,State,5,Computer Related Offences - Computer Related Offences (Sec.66) - a2) Offences other than Ransom-ware,IT Act,Offences under I.T. Act,6
35,Uttarakhand,0,State,6,Computer Related Offences - B) Dishonesty receiving stolen computer resource or communication device (Sec.66B),IT Act,Offences under I.T. Act,0
35,Uttarakhand,0,State,7,Computer Related Offences - C) Identity Theft (Sec.66C),IT Act,Offences under I.T. Act,28
35,Uttarakhand,0,State,8,Computer Related Offences - D) Cheating by personation by using computer resource (Sec.66D),IT Act,Offences under I.T. Act,256
35,Uttarakhand,0,State,9,Computer Related Offences - E) Violation of Privacy (Sec.66E),IT Act,Offences under I.T. Act,6
35,Uttarakhand,0,State,10,Cyber Terrorism (Sec.66 F),IT Act,Offences under I.T. Act,0
35,Uttarakhand,0,State,12,Publication/ transmission of obscene / sexually explicit act in electronic form (Sec. 67) - A) Publishing or transmitting obscene material in Electronic Form,IT Act,Offences under I.T. Act,38
35,Uttarakhand,0,State,13,Publication/transmission of obscene / sexually explicit act in electronic form (Sec. 67) - B) Publishing or transmitting of material containing Sexually explicit act in electronic form (Sec.67A),IT Act,Offences under I.T. Act,41
35,Uttarakhand,0,State,14,Publication/transmission of obscene / sexually explicit act in electronic form (Sec. 67) - C) Publishing or transmitting of material depicting children in Sexually explicit act in electronic form (Sec.67B),IT Act,Offences under I.T. Act,39
35,Uttarakhand,0,State,15,Publication/transmission of obscene / sexually explicit act in electronic form (Sec. 67) - D) Preservation and retention of information by intermediaries (Sec.67C),IT Act,Offences under I.T. Act,1
35,Uttarakhand,0,State,16,Publication/transmission of obscene / sexually explicit act in electronic form (Sec. 67) - E) Other sub-sections of Sec. 67 IT Act,IT Act,Offences under I.T. Act,1
35,Uttarakhand,0,State,17,Interception or Monitoring or decryption of Information (Sec.69),IT Act,Offences under I.T. Act,0
35,Uttarakhand,0,State,18,Un-authorized access/attempt to access to protected computer system (Sec.70),IT Act,Offences under I.T. Act,0
35,Uttarakhand,0,State,19,Abetment to Commit Offences (Sec.84 B),IT Act,Offences under I.T. Act,0
35,Uttarakhand,0,State,20,Attempt to Commit Offences (Sec.84C),IT Act,Offences under I.T. Act,0
35,Uttarakhand,0,State,21,Other Sections of IT Act,IT Act,Offences under I.T. Act,1
35,Uttarakhand,0,State,23,Abetment of Suicide (Online) (Sec.305/306 IPC),IPC,IPC Crimes,0
35,Uttarakhand,0,State,24,Cyber Stalking/ Bullying of Women/ Children (Sec.354D IPC),IPC,IPC Crimes,7
35,Uttarakhand,0,State,25,Data theft (Sec.379 to 381),IPC,IPC Crimes,0
35,Uttarakhand,0,State,27,"Fraud (Sec.420 r/w Sec.465, 468- 471 IPC) - A) Credit Card/Debit Card",IPC,IPC Crimes,0
35,Uttarakhand,0,State,28,"Fraud (Sec.420 r/w Sec.465, 468- 471 IPC) - B) ATMs",IPC,IPC Crimes,0
35,Uttarakhand,0,State,29,"Fraud (Sec.420 r/w Sec.465, 468- 471 IPC) - C) Online Banking Fraud",IPC,IPC Crimes,0
35,Uttarakhand,0,State,30,"Fraud (Sec.420 r/w Sec.465, 468- 471 IPC) - D) OTP Frauds",IPC,IPC Crimes,0
35,Uttarakhand,0,State,31,"Fraud (Sec.420 r/w Sec.465, 468- 471 IPC) - E) Others",IPC,IPC Crimes,18
35,Uttarakhand,0,State,32,Cheating (Sec.420 IPC),IPC,IPC Crimes,20
35,Uttarakhand,0,State,33,"Forgery (Sec.465, 468 and 471)",IPC,IPC Crimes,0
35,Uttarakhand,0,State,34,Defamation/ Morphing (Sec.469 IPC r/w IPC and Indecent representation of women Act),IPC,IPC Crimes,0
35,Uttarakhand,0,State,35,Fake Profile (r/w IPC/SLL),IPC,IPC Crimes,0
35,Uttarakhand,0,State,37,Counterfeiting - A) Currency (Sec.489A to 489E),IPC,IPC Crimes,0
35,Uttarakhand,0,State,38,CounterfeitingB) Stamps (Sec.255),IPC,IPC Crimes,0
35,Uttarakhand,0,State,39,"Cyber Blackmailing/ Threatening (Sec.506,503,384 IPC)",IPC,IPC Crimes,30
35,Uttarakhand,0,State,40,Fake News on Social Media (Sec.505),IPC,IPC Crimes,0
35,Uttarakhand,0,State,41,Other Offences (r/w IT Act),IPC,IPC Crimes,2
35,Uttarakhand,0,State,43,Gambling Act (Online Gambling),SLL,Offences under SLL,0
35,Uttarakhand,0,State,44,Lotteries Act (Online Lotteries),SLL,Offences under SLL,0
35,Uttarakhand,0,State,45,"Copy Right Act, 1957",SLL,Offences under SLL,0
35,Uttarakhand,0,State,46,"Trade Marks Act, 1999",SLL,Offences under SLL,0
35,Uttarakhand,0,State,47,Other SLL Crimes,SLL,Offences under SLL,0
36,West Bengal,0,State,1,Tampering Computer Source documents (Sec.65),IT Act,Offences under I.T. Act,1
36,West Bengal,0,State,4,Computer Related Offences - Computer Related Offences (Sec.66) - a1) Ransom-ware,IT Act,Offences under I.T. Act,0
36,West Bengal,0,State,5,Computer Related Offences - Computer Related Offences (Sec.66) - a2) Offences other than Ransom-ware,IT Act,Offences under I.T. Act,0
36,West Bengal,0,State,6,Computer Related Offences - B) Dishonesty receiving stolen computer resource or communication device (Sec.66B),IT Act,Offences under I.T. Act,0
36,West Bengal,0,State,7,Computer Related Offences - C) Identity Theft (Sec.66C),IT Act,Offences under I.T. Act,5
36,West Bengal,0,State,8,Computer Related Offences - D) Cheating by personation by using computer resource (Sec.66D),IT Act,Offences under I.T. Act,2
36,West Bengal,0,State,9,Computer Related Offences - E) Violation of Privacy (Sec.66E),IT Act,Offences under I.T. Act,3
36,West Bengal,0,State,10,Cyber Terrorism (Sec.66 F),IT Act,Offences under I.T. Act,0
36,West Bengal,0,State,12,Publication/ transmission of obscene / sexually explicit act in electronic form (Sec. 67) - A) Publishing or transmitting obscene material in Electronic Form,IT Act,Offences under I.T. Act,14
36,West Bengal,0,State,13,Publication/transmission of obscene / sexually explicit act in electronic form (Sec. 67) - B) Publishing or transmitting of material containing Sexually explicit act in electronic form (Sec.67A),IT Act,Offences under I.T. Act,4
36,West Bengal,0,State,14,Publication/transmission of obscene / sexually explicit act in electronic form (Sec. 67) - C) Publishing or transmitting of material depicting children in Sexually explicit act in electronic form (Sec.67B),IT Act,Offences under I.T. Act,2
36,West Bengal,0,State,15,Publication/transmission of obscene / sexually explicit act in electronic form (Sec. 67) - D) Preservation and retention of information by intermediaries (Sec.67C),IT Act,Offences under I.T. Act,0
36,West Bengal,0,State,16,Publication/transmission of obscene / sexually explicit act in electronic form (Sec. 67) - E) Other sub-sections of Sec. 67 IT Act,IT Act,Offences under I.T. Act,3
36,West Bengal,0,State,17,Interception or Monitoring or decryption of Information (Sec.69),IT Act,Offences under I.T. Act,0
36,West Bengal,0,State,18,Un-authorized access/attempt to access to protected computer system (Sec.70),IT Act,Offences under I.T. Act,0
36,West Bengal,0,State,19,Abetment to Commit Offences (Sec.84 B),IT Act,Offences under I.T. Act,0
36,West Bengal,0,State,20,Attempt to Commit Offences (Sec.84C),IT Act,Offences under I.T. Act,0
36,West Bengal,0,State,21,Other Sections of IT Act,IT Act,Offences under I.T. Act,27
36,West Bengal,0,State,23,Abetment of Suicide (Online) (Sec.305/306 IPC),IPC,IPC Crimes,1
36,West Bengal,0,State,24,Cyber Stalking/ Bullying of Women/ Children (Sec.354D IPC),IPC,IPC Crimes,23
36,West Bengal,0,State,25,Data theft (Sec.379 to 381),IPC,IPC Crimes,0
36,West Bengal,0,State,27,"Fraud (Sec.420 r/w Sec.465, 468- 471 IPC) - A) Credit Card/Debit Card",IPC,IPC Crimes,0
36,West Bengal,0,State,28,"Fraud (Sec.420 r/w Sec.465, 468- 471 IPC) - B) ATMs",IPC,IPC Crimes,0
36,West Bengal,0,State,29,"Fraud (Sec.420 r/w Sec.465, 468- 471 IPC) - C) Online Banking Fraud",IPC,IPC Crimes,0
36,West Bengal,0,State,30,"Fraud (Sec.420 r/w Sec.465, 468- 471 IPC) - D) OTP Frauds",IPC,IPC Crimes,0
36,West Bengal,0,State,31,"Fraud (Sec.420 r/w Sec.465, 468- 471 IPC) - E) Others",IPC,IPC Crimes,7
36,West Bengal,0,State,32,Cheating (Sec.420 IPC),IPC,IPC Crimes,27
36,West Bengal,0,State,33,"Forgery (Sec.465, 468 and 471)",IPC,IPC Crimes,3
36,West Bengal,0,State,34,Defamation/ Morphing (Sec.469 IPC r/w IPC and Indecent representation of women Act),IPC,IPC Crimes,0
36,West Bengal,0,State,35,Fake Profile (r/w IPC/SLL),IPC,IPC Crimes,0
36,West Bengal,0,State,37,Counterfeiting - A) Currency (Sec.489A to 489E),IPC,IPC Crimes,0
36,West Bengal,0,State,38,CounterfeitingB) Stamps (Sec.255),IPC,IPC Crimes,0
36,West Bengal,0,State,39,"Cyber Blackmailing/ Threatening (Sec.506,503,384 IPC)",IPC,IPC Crimes,20
36,West Bengal,0,State,40,Fake News on Social Media (Sec.505),IPC,IPC Crimes,7
36,West Bengal,0,State,41,Other Offences (r/w IT Act),IPC,IPC Crimes,158
36,West Bengal,0,State,43,Gambling Act (Online Gambling),SLL,Offences under SLL,0
36,West Bengal,0,State,44,Lotteries Act (Online Lotteries),SLL,Offences under SLL,0
36,West Bengal,0,State,45,"Copy Right Act, 1957",SLL,Offences under SLL,1
36,West Bengal,0,State,46,"Trade Marks Act, 1999",SLL,Offences under SLL,0
36,West Bengal,0,State,47,Other SLL Crimes,SLL,Offences under SLL,1
