state_id,state_name,is_ut,year_id,year,category_id,category_display_name,act_group,is_leaf,cases
1,Andaman and Nicobar Islands,1,1,2023,1,Tampering Computer Source documents (Sec.65),IT Act,1,0
1,Andaman and Nicobar Islands,1,1,2023,2,Computer Related Offences - Computer Related Offences (Total),IT Act,0,1
1,Andaman and Nicobar Islands,1,1,2023,3,Computer Related Offences - A) Computer Related Offences (Sec.66) (Total),IT Act,0,0
1,Andaman and Nicobar Islands,1,1,2023,4,Computer Related Offences - Computer Related Offences (Sec.66) - a1) Ransom-ware,IT Act,1,0
1,Andaman and Nicobar Islands,1,1,2023,5,Computer Related Offences - Computer Related Offences (Sec.66) - a2) Offences other than Ransom-ware,IT Act,1,0
1,Andaman and Nicobar Islands,1,1,2023,6,Computer Related Offences - B) Dishonesty receiving stolen computer resource or communication device (Sec.66B),IT Act,1,0
1,Andaman and Nicobar Islands,1,1,2023,7,Computer Related Offences - C) Identity Theft (Sec.66C),IT Act,1,1
1,Andaman and Nicobar Islands,1,1,2023,8,Computer Related Offences - D) Cheating by personation by using computer resource (Sec.66D),IT Act,1,0
1,Andaman and Nicobar Islands,1,1,2023,9,Computer Related Offences - E) Violation of Privacy (Sec.66E),IT Act,1,0
1,Andaman and Nicobar Islands,1,1,2023,10,Cyber Terrorism (Sec.66 F),IT Act,1,0
1,Andaman and Nicobar Islands,1,1,2023,11,Publication/ transmission of obscene / sexually explicit act in electronic form (Sec. 67) - Publication/ transmission of obscene / sexually explicit act in electronic form (Total),IT Act,0,27
1,Andaman and Nicobar Islands,1,1,2023,12,Publication/ transmission of obscene / sexually explicit act in electronic form (Sec. 67) - A) Publishing or transmitting obscene material in Electronic Form,IT Act,1,0
1,Andaman and Nicobar Islands,1,1,2023,13,Publication/transmission of obscene / sexually explicit act in electronic form (Sec. 67) - B) Publishing or transmitting of material containing Sexually explicit act in electronic form (Sec.67A),IT Act,1,8
1,Andaman and Nicobar Islands,1,1,2023,14,Publication/transmission of obscene / sexually explicit act in electronic form (Sec. 67) - C) Publishing or transmitting of material depicting children in Sexually explicit act in electronic form (Sec.67B),IT Act,1,19
1,Andaman and Nicobar Islands,1,1,2023,15,Publication/transmission of obscene / sexually explicit act in electronic form (Sec. 67) - D) Preservation and retention of information by intermediaries (Sec.67C),IT Act,1,0
1,Andaman and Nicobar Islands,1,1,2023,16,Publication/transmission of obscene / sexually explicit act in electronic form (Sec. 67) - E) Other sub-sections of Sec. 67 IT Act,IT Act,1,0
1,Andaman and Nicobar Islands,1,1,2023,17,Interception or Monitoring or decryption of Information (Sec.69),IT Act,1,0
1,Andaman and Nicobar Islands,1,1,2023,18,Un-authorized access/attempt to access to protected computer system (Sec.70),IT Act,1,0
1,Andaman and Nicobar Islands,1,1,2023,19,Abetment to Commit Offences (Sec.84 B),IT Act,1,0
1,Andaman and Nicobar Islands,1,1,2023,20,Attempt to Commit Offences (Sec.84C),IT Act,1,0
1,Andaman and Nicobar Islands,1,1,2023,21,Other Sections of IT Act,IT Act,1,2
1,Andaman and Nicobar Islands,1,1,2023,22,Total Offences under I.T. Act,IT Act,0,30
1,Andaman and Nicobar Islands,1,1,2023,23,Abetment of Suicide (Online) (Sec.305/306 IPC),IPC,1,0
1,Andaman and Nicobar Islands,1,1,2023,24,Cyber Stalking/ Bullying of Women/ Children (Sec.354D IPC),IPC,1,0
1,Andaman and Nicobar Islands,1,1,2023,25,Data theft (Sec.379 to 381),IPC,1,0
1,Andaman and Nicobar Islands,1,1,2023,26,"Fraud (Sec.420 r/w Sec.465, 468- 471 IPC) - Fraud (Sec.420 r/w Sec.465,468- 471 IPC) (Total)",IPC,0,0
1,Andaman and Nicobar Islands,1,1,2023,27,"Fraud (Sec.420 r/w Sec.465, 468- 471 IPC) - A) Credit Card/Debit Card",IPC,1,0
1,Andaman and Nicobar Islands,1,1,2023,28,"Fraud (Sec.420 r/w Sec.465, 468- 471 IPC) - B) ATMs",IPC,1,0
1,Andaman and Nicobar Islands,1,1,2023,29,"Fraud (Sec.420 r/w Sec.465, 468- 471 IPC) - C) Online Banking Fraud",IPC,1,0
1,Andaman and Nicobar Islands,1,1,2023,30,"Fraud (Sec.420 r/w Sec.465, 468- 471 IPC) - D) OTP Frauds",IPC,1,0
1,Andaman and Nicobar Islands,1,1,2023,31,"Fraud (Sec.420 r/w Sec.465, 468- 471 IPC) - E) Others",IPC,1,0
1,Andaman and Nicobar Islands,1,1,2023,32,Cheating (Sec.420 IPC),IPC,1,12
1,Andaman and Nicobar Islands,1,1,2023,33,"Forgery (Sec.465, 468 and 471)",IPC,1,0
1,Andaman and Nicobar Islands,1,1,2023,34,Defamation/ Morphing (Sec.469 IPC r/w IPC and Indecent representation of women Act),IPC,1,0
1,Andaman and Nicobar Islands,1,1,2023,35,Fake Profile (r/w IPC/SLL),IPC,1,0
1,Andaman and Nicobar Islands,1,1,2023,36,Counterfeiting - Counterfeiting (Total),IPC,0,0
1,Andaman and Nicobar Islands,1,1,2023,37,Counterfeiting - A) Currency (Sec.489A to 489E),IPC,1,0
1,Andaman and Nicobar Islands,1,1,2023,38,CounterfeitingB) Stamps (Sec.255),IPC,1,0
1,Andaman and Nicobar Islands,1,1,2023,39,"Cyber Blackmailing/ Threatening (Sec.506,503,384 IPC)",IPC,1,2
1,Andaman and Nicobar Islands,1,1,2023,40,Fake News on Social Media (Sec.505),IPC,1,0
1,Andaman and Nicobar Islands,1,1,2023,41,Other Offences (r/w IT Act),IPC,1,3
1,Andaman and Nicobar Islands,1,1,2023,42,Total Offences under IPC,IPC,0,17
1,Andaman and Nicobar Islands,1,1,2023,43,Gambling Act (Online Gambling),SLL,1,0
1,Andaman and Nicobar Islands,1,1,2023,44,Lotteries Act (Online Lotteries),SLL,1,0
1,Andaman and Nicobar Islands,1,1,2023,45,"Copy Right Act, 1957",SLL,1,0
1,Andaman and Nicobar Islands,1,1,2023,46,"Trade Marks Act, 1999",SLL,1,0
1,Andaman and Nicobar Islands,1,1,2023,47,Other SLL Crimes,SLL,1,0
1,Andaman and Nicobar Islands,1,1,2023,48,Total Offences under SLL,SLL,0,0
1,Andaman and Nicobar Islands,1,1,2023,49,Total Cyber Crimes (Grand Total),Grand Total,0,47
2,Andhra Pradesh,0,1,2023,1,Tampering Computer Source documents (Sec.65),IT Act,1,2
2,Andhra Pradesh,0,1,2023,2,Computer Related Offences - Computer Related Offences (Total),IT Act,0,243
2,Andhra Pradesh,0,1,2023,3,Computer Related Offences - A) Computer Related Offences (Sec.66) (Total),IT Act,0,5
2,Andhra Pradesh,0,1,2023,4,Computer Related Offences - Computer Related Offences (Sec.66) - a1) Ransom-ware,IT Act,1,0
2,Andhra Pradesh,0,1,2023,5,Computer Related Offences - Computer Related Offences (Sec.66) - a2) Offences other than Ransom-ware,IT Act,1,5
2,Andhra Pradesh,0,1,2023,6,Computer Related Offences - B) Dishonesty receiving stolen computer resource or communication device (Sec.66B),IT Act,1,4
2,Andhra Pradesh,0,1,2023,7,Computer Related Offences - C) Identity Theft (Sec.66C),IT Act,1,65
2,Andhra Pradesh,0,1,2023,8,Computer Related Offences - D) Cheating by personation by using computer resource (Sec.66D),IT Act,1,162
2,Andhra Pradesh,0,1,2023,9,Computer Related Offences - E) Violation of Privacy (Sec.66E),IT Act,1,7
2,Andhra Pradesh,0,1,2023,10,Cyber Terrorism (Sec.66 F),IT Act,1,0
2,Andhra Pradesh,0,1,2023,11,Publication/ transmission of obscene / sexually explicit act in electronic form (Sec. 67) - Publication/ transmission of obscene / sexually explicit act in electronic form (Total),IT Act,0,111
2,Andhra Pradesh,0,1,2023,12,Publication/ transmission of obscene / sexually explicit act in electronic form (Sec. 67) - A) Publishing or transmitting obscene material in Electronic Form,IT Act,1,9
2,Andhra Pradesh,0,1,2023,13,Publication/transmission of obscene / sexually explicit act in electronic form (Sec. 67) - B) Publishing or transmitting of material containing Sexually explicit act in electronic form (Sec.67A),IT Act,1,23
2,Andhra Pradesh,0,1,2023,14,Publication/transmission of obscene / sexually explicit act in electronic form (Sec. 67) - C) Publishing or transmitting of material depicting children in Sexually explicit act in electronic form (Sec.67B),IT Act,1,73
2,Andhra Pradesh,0,1,2023,15,Publication/transmission of obscene / sexually explicit act in electronic form (Sec. 67) - D) Preservation and retention of information by intermediaries (Sec.67C),IT Act,1,0
2,Andhra Pradesh,0,1,2023,16,Publication/transmission of obscene / sexually explicit act in electronic form (Sec. 67) - E) Other sub-sections of Sec. 67 IT Act,IT Act,1,6
2,Andhra Pradesh,0,1,2023,17,Interception or Monitoring or decryption of Information (Sec.69),IT Act,1,0
2,Andhra Pradesh,0,1,2023,18,Un-authorized access/attempt to access to protected computer system (Sec.70),IT Act,1,0
2,Andhra Pradesh,0,1,2023,19,Abetment to Commit Offences (Sec.84 B),IT Act,1,0
2,Andhra Pradesh,0,1,2023,20,Attempt to Commit Offences (Sec.84C),IT Act,1,0
2,Andhra Pradesh,0,1,2023,21,Other Sections of IT Act,IT Act,1,6
2,Andhra Pradesh,0,1,2023,22,Total Offences under I.T. Act,IT Act,0,362
2,Andhra Pradesh,0,1,2023,23,Abetment of Suicide (Online) (Sec.305/306 IPC),IPC,1,3
2,Andhra Pradesh,0,1,2023,24,Cyber Stalking/ Bullying of Women/ Children (Sec.354D IPC),IPC,1,148
2,Andhra Pradesh,0,1,2023,25,Data theft (Sec.379 to 381),IPC,1,1
2,Andhra Pradesh,0,1,2023,26,"Fraud (Sec.420 r/w Sec.465, 468- 471 IPC) - Fraud (Sec.420 r/w Sec.465,468- 471 IPC) (Total)",IPC,0,909
2,Andhra Pradesh,0,1,2023,27,"Fraud (Sec.420 r/w Sec.465, 468- 471 IPC) - A) Credit Card/Debit Card",IPC,1,48
2,Andhra Pradesh,0,1,2023,28,"Fraud (Sec.420 r/w Sec.465, 468- 471 IPC) - B) ATMs",IPC,1,23
2,Andhra Pradesh,0,1,2023,29,"Fraud (Sec.420 r/w Sec.465, 468- 471 IPC) - C) Online Banking Fraud",IPC,1,395
2,Andhra Pradesh,0,1,2023,30,"Fraud (Sec.420 r/w Sec.465, 468- 471 IPC) - D) OTP Frauds",IPC,1,67
2,Andhra Pradesh,0,1,2023,31,"Fraud (Sec.420 r/w Sec.465, 468- 471 IPC) - E) Others",IPC,1,376
2,Andhra Pradesh,0,1,2023,32,Cheating (Sec.420 IPC),IPC,1,666
2,Andhra Pradesh,0,1,2023,33,"Forgery (Sec.465, 468 and 471)",IPC,1,3
2,Andhra Pradesh,0,1,2023,34,Defamation/ Morphing (Sec.469 IPC r/w IPC and Indecent representation of women Act),IPC,1,2
2,Andhra Pradesh,0,1,2023,35,Fake Profile (r/w IPC/SLL),IPC,1,2
2,Andhra Pradesh,0,1,2023,36,Counterfeiting - Counterfeiting (Total),IPC,0,0
2,Andhra Pradesh,0,1,2023,37,Counterfeiting - A) Currency (Sec.489A to 489E),IPC,1,0
2,Andhra Pradesh,0,1,2023,38,CounterfeitingB) Stamps (Sec.255),IPC,1,0
2,Andhra Pradesh,0,1,2023,39,"Cyber Blackmailing/ Threatening (Sec.506,503,384 IPC)",IPC,1,20
2,Andhra Pradesh,0,1,2023,40,Fake News on Social Media (Sec.505),IPC,1,24
2,Andhra Pradesh,0,1,2023,41,Other Offences (r/w IT Act),IPC,1,200
2,Andhra Pradesh,0,1,2023,42,Total Offences under IPC,IPC,0,1978
2,Andhra Pradesh,0,1,2023,43,Gambling Act (Online Gambling),SLL,1,0
2,Andhra Pradesh,0,1,2023,44,Lotteries Act (Online Lotteries),SLL,1,0
2,Andhra Pradesh,0,1,2023,45,"Copy Right Act, 1957",SLL,1,1
2,Andhra Pradesh,0,1,2023,46,"Trade Marks Act, 1999",SLL,1,0
2,Andhra Pradesh,0,1,2023,47,Other SLL Crimes,SLL,1,0
2,Andhra Pradesh,0,1,2023,48,Total Offences under SLL,SLL,0,1
2,Andhra Pradesh,0,1,2023,49,Total Cyber Crimes (Grand Total),Grand Total,0,2341
3,Arunachal Pradesh,0,1,2023,1,Tampering Computer Source documents (Sec.65),IT Act,1,0
3,Arunachal Pradesh,0,1,2023,2,Computer Related Offences - Computer Related Offences (Total),IT Act,0,17
3,Arunachal Pradesh,0,1,2023,3,Computer Related Offences - A) Computer Related Offences (Sec.66) (Total),IT Act,0,0
3,Arunachal Pradesh,0,1,2023,4,Computer Related Offences - Computer Related Offences (Sec.66) - a1) Ransom-ware,IT Act,1,0
3,Arunachal Pradesh,0,1,2023,5,Computer Related Offences - Computer Related Offences (Sec.66) - a2) Offences other than Ransom-ware,IT Act,1,0
3,Arunachal Pradesh,0,1,2023,6,Computer Related Offences - B) Dishonesty receiving stolen computer resource or communication device (Sec.66B),IT Act,1,0
3,Arunachal Pradesh,0,1,2023,7,Computer Related Offences - C) Identity Theft (Sec.66C),IT Act,1,8
3,Arunachal Pradesh,0,1,2023,8,Computer Related Offences - D) Cheating by personation by using computer resource (Sec.66D),IT Act,1,7
3,Arunachal Pradesh,0,1,2023,9,Computer Related Offences - E) Violation of Privacy (Sec.66E),IT Act,1,2
3,Arunachal Pradesh,0,1,2023,10,Cyber Terrorism (Sec.66 F),IT Act,1,0
3,Arunachal Pradesh,0,1,2023,11,Publication/ transmission of obscene / sexually explicit act in electronic form (Sec. 67) - Publication/ transmission of obscene / sexually explicit act in electronic form (Total),IT Act,0,0
3,Arunachal Pradesh,0,1,2023,12,Publication/ transmission of obscene / sexually explicit act in electronic form (Sec. 67) - A) Publishing or transmitting obscene material in Electronic Form,IT Act,1,0
3,Arunachal Pradesh,0,1,2023,13,Publication/transmission of obscene / sexually explicit act in electronic form (Sec. 67) - B) Publishing or transmitting of material containing Sexually explicit act in electronic form (Sec.67A),IT Act,1,0
3,Arunachal Pradesh,0,1,2023,14,Publication/transmission of obscene / sexually explicit act in electronic form (Sec. 67) - C) Publishing or transmitting of material depicting children in Sexually explicit act in electronic form (Sec.67B),IT Act,1,0
3,Arunachal Pradesh,0,1,2023,15,Publication/transmission of obscene / sexually explicit act in electronic form (Sec. 67) - D) Preservation and retention of information by intermediaries (Sec.67C),IT Act,1,0
3,Arunachal Pradesh,0,1,2023,16,Publication/transmission of obscene / sexually explicit act in electronic form (Sec. 67) - E) Other sub-sections of Sec. 67 IT Act,IT Act,1,0
3,Arunachal Pradesh,0,1,2023,17,Interception or Monitoring or decryption of Information (Sec.69),IT Act,1,0
3,Arunachal Pradesh,0,1,2023,18,Un-authorized access/attempt to access to protected computer system (Sec.70),IT Act,1,0
3,Arunachal Pradesh,0,1,2023,19,Abetment to Commit Offences (Sec.84 B),IT Act,1,0
3,Arunachal Pradesh,0,1,2023,20,Attempt to Commit Offences (Sec.84C),IT Act,1,0
3,Arunachal Pradesh,0,1,2023,21,Other Sections of IT Act,IT Act,1,0
3,Arunachal Pradesh,0,1,2023,22,Total Offences under I.T. Act,IT Act,0,17
3,Arunachal Pradesh,0,1,2023,23,Abetment of Suicide (Online) (Sec.305/306 IPC),IPC,1,0
3,Arunachal Pradesh,0,1,2023,24,Cyber Stalking/ Bullying of Women/ Children (Sec.354D IPC),IPC,1,0
3,Arunachal Pradesh,0,1,2023,25,Data theft (Sec.379 to 381),IPC,1,0
3,Arunachal Pradesh,0,1,2023,26,"Fraud (Sec.420 r/w Sec.465, 468- 471 IPC) - Fraud (Sec.420 r/w Sec.465,468- 471 IPC) (Total)",IPC,0,0
3,Arunachal Pradesh,0,1,2023,27,"Fraud (Sec.420 r/w Sec.465, 468- 471 IPC) - A) Credit Card/Debit Card",IPC,1,0
3,Arunachal Pradesh,0,1,2023,28,"Fraud (Sec.420 r/w Sec.465, 468- 471 IPC) - B) ATMs",IPC,1,0
3,Arunachal Pradesh,0,1,2023,29,"Fraud (Sec.420 r/w Sec.465, 468- 471 IPC) - C) Online Banking Fraud",IPC,1,0
3,Arunachal Pradesh,0,1,2023,30,"Fraud (Sec.420 r/w Sec.465, 468- 471 IPC) - D) OTP Frauds",IPC,1,0
3,Arunachal Pradesh,0,1,2023,31,"Fraud (Sec.420 r/w Sec.465, 468- 471 IPC) - E) Others",IPC,1,0
3,Arunachal Pradesh,0,1,2023,32,Cheating (Sec.420 IPC),IPC,1,6
3,Arunachal Pradesh,0,1,2023,33,"Forgery (Sec.465, 468 and 471)",IPC,1,1
3,Arunachal Pradesh,0,1,2023,34,Defamation/ Morphing (Sec.469 IPC r/w IPC and Indecent representation of women Act),IPC,1,0
3,Arunachal Pradesh,0,1,2023,35,Fake Profile (r/w IPC/SLL),IPC,1,0
3,Arunachal Pradesh,0,1,2023,36,Counterfeiting - Counterfeiting (Total),IPC,0,0
3,Arunachal Pradesh,0,1,2023,37,Counterfeiting - A) Currency (Sec.489A to 489E),IPC,1,0
3,Arunachal Pradesh,0,1,2023,38,CounterfeitingB) Stamps (Sec.255),IPC,1,0
3,Arunachal Pradesh,0,1,2023,39,"Cyber Blackmailing/ Threatening (Sec.506,503,384 IPC)",IPC,1,0
3,Arunachal Pradesh,0,1,2023,40,Fake News on Social Media (Sec.505),IPC,1,0
3,Arunachal Pradesh,0,1,2023,41,Other Offences (r/w IT Act),IPC,1,0
3,Arunachal Pradesh,0,1,2023,42,Total Offences under IPC,IPC,0,7
3,Arunachal Pradesh,0,1,2023,43,Gambling Act (Online Gambling),SLL,1,0
3,Arunachal Pradesh,0,1,2023,44,Lotteries Act (Online Lotteries),SLL,1,0
3,Arunachal Pradesh,0,1,2023,45,"Copy Right Act, 1957",SLL,1,0
3,Arunachal Pradesh,0,1,2023,46,"Trade Marks Act, 1999",SLL,1,0
3,Arunachal Pradesh,0,1,2023,47,Other SLL Crimes,SLL,1,0
3,Arunachal Pradesh,0,1,2023,48,Total Offences under SLL,SLL,0,0
3,Arunachal Pradesh,0,1,2023,49,Total Cyber Crimes (Grand Total),Grand Total,0,24
4,Assam,0,1,2023,1,Tampering Computer Source documents (Sec.65),IT Act,1,0
4,Assam,0,1,2023,2,Computer Related Offences - Computer Related Offences (Total),IT Act,0,385
4,Assam,0,1,2023,3,Computer Related Offences - A) Computer Related Offences (Sec.66) (Total),IT Act,0,81
4,Assam,0,1,2023,4,Computer Related Offences - Computer Related Offences (Sec.66) - a1) Ransom-ware,IT Act,1,0
4,Assam,0,1,2023,5,Computer Related Offences - Computer Related Offences (Sec.66) - a2) Offences other than Ransom-ware,IT Act,1,81
4,Assam,0,1,2023,6,Computer Related Offences - B) Dishonesty receiving stolen computer resource or communication device (Sec.66B),IT Act,1,6
4,Assam,0,1,2023,7,Computer Related Offences - C) Identity Theft (Sec.66C),IT Act,1,93
4,Assam,0,1,2023,8,Computer Related Offences - D) Cheating by personation by using computer resource (Sec.66D),IT Act,1,153
4,Assam,0,1,2023,9,Computer Related Offences - E) Violation of Privacy (Sec.66E),IT Act,1,52
4,Assam,0,1,2023,10,Cyber Terrorism (Sec.66 F),IT Act,1,0
4,Assam,0,1,2023,11,Publication/ transmission of obscene / sexually explicit act in electronic form (Sec. 67) - Publication/ transmission of obscene / sexually explicit act in electronic form (Total),IT Act,0,414
4,Assam,0,1,2023,12,Publication/ transmission of obscene / sexually explicit act in electronic form (Sec. 67) - A) Publishing or transmitting obscene material in Electronic Form,IT Act,1,80
4,Assam,0,1,2023,13,Publication/transmission of obscene / sexually explicit act in electronic form (Sec. 67) - B) Publishing or transmitting of material containing Sexually explicit act in electronic form (Sec.67A),IT Act,1,80
4,Assam,0,1,2023,14,Publication/transmission of obscene / sexually explicit act in electronic form (Sec. 67) - C) Publishing or transmitting of material depicting children in Sexually explicit act in electronic form (Sec.67B),IT Act,1,34
4,Assam,0,1,2023,15,Publication/transmission of obscene / sexually explicit act in electronic form (Sec. 67) - D) Preservation and retention of information by intermediaries (Sec.67C),IT Act,1,0
4,Assam,0,1,2023,16,Publication/transmission of obscene / sexually explicit act in electronic form (Sec. 67) - E) Other sub-sections of Sec. 67 IT Act,IT Act,1,220
4,Assam,0,1,2023,17,Interception or Monitoring or decryption of Information (Sec.69),IT Act,1,0
4,Assam,0,1,2023,18,Un-authorized access/attempt to access to protected computer system (Sec.70),IT Act,1,0
4,Assam,0,1,2023,19,Abetment to Commit Offences (Sec.84 B),IT Act,1,0
4,Assam,0,1,2023,20,Attempt to Commit Offences (Sec.84C),IT Act,1,0
4,Assam,0,1,2023,21,Other Sections of IT Act,IT Act,1,48
4,Assam,0,1,2023,22,Total Offences under I.T. Act,IT Act,0,847
4,Assam,0,1,2023,23,Abetment of Suicide (Online) (Sec.305/306 IPC),IPC,1,1
4,Assam,0,1,2023,24,Cyber Stalking/ Bullying of Women/ Children (Sec.354D IPC),IPC,1,1
4,Assam,0,1,2023,25,Data theft (Sec.379 to 381),IPC,1,0
4,Assam,0,1,2023,26,"Fraud (Sec.420 r/w Sec.465, 468- 471 IPC) - Fraud (Sec.420 r/w Sec.465,468- 471 IPC) (Total)",IPC,0,0
4,Assam,0,1,2023,27,"Fraud (Sec.420 r/w Sec.465, 468- 471 IPC) - A) Credit Card/Debit Card",IPC,1,0
4,Assam,0,1,2023,28,"Fraud (Sec.420 r/w Sec.465, 468- 471 IPC) - B) ATMs",IPC,1,0
4,Assam,0,1,2023,29,"Fraud (Sec.420 r/w Sec.465, 468- 471 IPC) - C) Online Banking Fraud",IPC,1,0
4,Assam,0,1,2023,30,"Fraud (Sec.420 r/w Sec.465, 468- 471 IPC) - D) OTP Frauds",IPC,1,0
4,Assam,0,1,2023,31,"Fraud (Sec.420 r/w Sec.465, 468- 471 IPC) - E) Others",IPC,1,0
4,Assam,0,1,2023,32,Cheating (Sec.420 IPC),IPC,1,46
4,Assam,0,1,2023,33,"Forgery (Sec.465, 468 and 471)",IPC,1,3
4,Assam,0,1,2023,34,Defamation/ Morphing (Sec.469 IPC r/w IPC and Indecent representation of women Act),IPC,1,0
4,Assam,0,1,2023,35,Fake Profile (r/w IPC/SLL),IPC,1,1
4,Assam,0,1,2023,36,Counterfeiting - Counterfeiting (Total),IPC,0,0
4,Assam,0,1,2023,37,Counterfeiting - A) Currency (Sec.489A to 489E),IPC,1,0
4,Assam,0,1,2023,38,CounterfeitingB) Stamps (Sec.255),IPC,1,0
4,Assam,0,1,2023,39,"Cyber Blackmailing/ Threatening (Sec.506,503,384 IPC)",IPC,1,3
4,Assam,0,1,2023,40,Fake News on Social Media (Sec.505),IPC,1,0
4,Assam,0,1,2023,41,Other Offences (r/w IT Act),IPC,1,7
4,Assam,0,1,2023,42,Total Offences under IPC,IPC,0,62
4,Assam,0,1,2023,43,Gambling Act (Online Gambling),SLL,1,0
4,Assam,0,1,2023,44,Lotteries Act (Online Lotteries),SLL,1,0
4,Assam,0,1,2023,45,"Copy Right Act, 1957",SLL,1,0
4,Assam,0,1,2023,46,"Trade Marks Act, 1999",SLL,1,0
4,Assam,0,1,2023,47,Other SLL Crimes,SLL,1,0
4,Assam,0,1,2023,48,Total Offences under SLL,SLL,0,0
4,Assam,0,1,2023,49,Total Cyber Crimes (Grand Total),Grand Total,0,909
5,Bihar,0,1,2023,1,Tampering Computer Source documents (Sec.65),IT Act,1,0
5,Bihar,0,1,2023,2,Computer Related Offences - Computer Related Offences (Total),IT Act,0,332
5,Bihar,0,1,2023,3,Computer Related Offences - A) Computer Related Offences (Sec.66) (Total),IT Act,0,31
5,Bihar,0,1,2023,4,Computer Related Offences - Computer Related Offences (Sec.66) - a1) Ransom-ware,IT Act,1,0
5,Bihar,0,1,2023,5,Computer Related Offences - Computer Related Offences (Sec.66) - a2) Offences other than Ransom-ware,IT Act,1,31
5,Bihar,0,1,2023,6,Computer Related Offences - B) Dishonesty receiving stolen computer resource or communication device (Sec.66B),IT Act,1,58
5,Bihar,0,1,2023,7,Computer Related Offences - C) Identity Theft (Sec.66C),IT Act,1,130
5,Bihar,0,1,2023,8,Computer Related Offences - D) Cheating by personation by using computer resource (Sec.66D),IT Act,1,112
5,Bihar,0,1,2023,9,Computer Related Offences - E) Violation of Privacy (Sec.66E),IT Act,1,1
5,Bihar,0,1,2023,10,Cyber Terrorism (Sec.66 F),IT Act,1,0
5,Bihar,0,1,2023,11,Publication/ transmission of obscene / sexually explicit act in electronic form (Sec. 67) - Publication/ transmission of obscene / sexually explicit act in electronic form (Total),IT Act,0,65
5,Bihar,0,1,2023,12,Publication/ transmission of obscene / sexually explicit act in electronic form (Sec. 67) - A) Publishing or transmitting obscene material in Electronic Form,IT Act,1,19
5,Bihar,0,1,2023,13,Publication/transmission of obscene / sexually explicit act in electronic form (Sec. 67) - B) Publishing or transmitting of material containing Sexually explicit act in electronic form (Sec.67A),IT Act,1,21
5,Bihar,0,1,2023,14,Publication/transmission of obscene / sexually explicit act in electronic form (Sec. 67) - C) Publishing or transmitting of material depicting children in Sexually explicit act in electronic form (Sec.67B),IT Act,1,7
5,Bihar,0,1,2023,15,Publication/transmission of obscene / sexually explicit act in electronic form (Sec. 67) - D) Preservation and retention of information by intermediaries (Sec.67C),IT Act,1,0
5,Bihar,0,1,2023,16,Publication/transmission of obscene / sexually explicit act in electronic form (Sec. 67) - E) Other sub-sections of Sec. 67 IT Act,IT Act,1,18
5,Bihar,0,1,2023,17,Interception or Monitoring or decryption of Information (Sec.69),IT Act,1,0
5,Bihar,0,1,2023,18,Un-authorized access/attempt to access to protected computer system (Sec.70),IT Act,1,0
5,Bihar,0,1,2023,19,Abetment to Commit Offences (Sec.84 B),IT Act,1,0
5,Bihar,0,1,2023,20,Attempt to Commit Offences (Sec.84C),IT Act,1,0
5,Bihar,0,1,2023,21,Other Sections of IT Act,IT Act,1,0
5,Bihar,0,1,2023,22,Total Offences under I.T. Act,IT Act,0,397
5,Bihar,0,1,2023,23,Abetment of Suicide (Online) (Sec.305/306 IPC),IPC,1,0
5,Bihar,0,1,2023,24,Cyber Stalking/ Bullying of Women/ Children (Sec.354D IPC),IPC,1,75
5,Bihar,0,1,2023,25,Data theft (Sec.379 to 381),IPC,1,28
5,Bihar,0,1,2023,26,"Fraud (Sec.420 r/w Sec.465, 468- 471 IPC) - Fraud (Sec.420 r/w Sec.465,468- 471 IPC) (Total)",IPC,0,2611
5,Bihar,0,1,2023,27,"Fraud (Sec.420 r/w Sec.465, 468- 471 IPC) - A) Credit Card/Debit Card",IPC,1,643
5,Bihar,0,1,2023,28,"Fraud (Sec.420 r/w Sec.465, 468- 471 IPC) - B) ATMs",IPC,1,895
5,Bihar,0,1,2023,29,"Fraud (Sec.420 r/w Sec.465, 468- 471 IPC) - C) Online Banking Fraud",IPC,1,408
5,Bihar,0,1,2023,30,"Fraud (Sec.420 r/w Sec.465, 468- 471 IPC) - D) OTP Frauds",IPC,1,249
5,Bihar,0,1,2023,31,"Fraud (Sec.420 r/w Sec.465, 468- 471 IPC) - E) Others",IPC,1,416
5,Bihar,0,1,2023,32,Cheating (Sec.420 IPC),IPC,1,916
5,Bihar,0,1,2023,33,"Forgery (Sec.465, 468 and 471)",IPC,1,63
5,Bihar,0,1,2023,34,Defamation/ Morphing (Sec.469 IPC r/w IPC and Indecent representation of women Act),IPC,1,10
5,Bihar,0,1,2023,35,Fake Profile (r/w IPC/SLL),IPC,1,64
5,Bihar,0,1,2023,36,Counterfeiting - Counterfeiting (Total),IPC,0,0
5,Bihar,0,1,2023,37,Counterfeiting - A) Currency (Sec.489A to 489E),IPC,1,0
5,Bihar,0,1,2023,38,CounterfeitingB) Stamps (Sec.255),IPC,1,0
5,Bihar,0,1,2023,39,"Cyber Blackmailing/ Threatening (Sec.506,503,384 IPC)",IPC,1,79
5,Bihar,0,1,2023,40,Fake News on Social Media (Sec.505),IPC,1,14
5,Bihar,0,1,2023,41,Other Offences (r/w IT Act),IPC,1,192
5,Bihar,0,1,2023,42,Total Offences under IPC,IPC,0,4052
5,Bihar,0,1,2023,43,Gambling Act (Online Gambling),SLL,1,0
5,Bihar,0,1,2023,44,Lotteries Act (Online Lotteries),SLL,1,0
5,Bihar,0,1,2023,45,"Copy Right Act, 1957",SLL,1,0
5,Bihar,0,1,2023,46,"Trade Marks Act, 1999",SLL,1,0
5,Bihar,0,1,2023,47,Other SLL Crimes,SLL,1,1
5,Bihar,0,1,2023,48,Total Offences under SLL,SLL,0,1
5,Bihar,0,1,2023,49,Total Cyber Crimes (Grand Total),Grand Total,0,4450
6,Chandigarh,1,1,2023,1,Tampering Computer Source documents (Sec.65),IT Act,1,0
6,Chandigarh,1,1,2023,2,Computer Related Offences - Computer Related Offences (Total),IT Act,0,6
6,Chandigarh,1,1,2023,3,Computer Related Offences - A) Computer Related Offences (Sec.66) (Total),IT Act,0,0
6,Chandigarh,1,1,2023,4,Computer Related Offences - Computer Related Offences (Sec.66) - a1) Ransom-ware,IT Act,1,0
6,Chandigarh,1,1,2023,5,Computer Related Offences - Computer Related Offences (Sec.66) - a2) Offences other than Ransom-ware,IT Act,1,0
6,Chandigarh,1,1,2023,6,Computer Related Offences - B) Dishonesty receiving stolen computer resource or communication device (Sec.66B),IT Act,1,0
6,Chandigarh,1,1,2023,7,Computer Related Offences - C) Identity Theft (Sec.66C),IT Act,1,6
6,Chandigarh,1,1,2023,8,Computer Related Offences - D) Cheating by personation by using computer resource (Sec.66D),IT Act,1,0
6,Chandigarh,1,1,2023,9,Computer Related Offences - E) Violation of Privacy (Sec.66E),IT Act,1,0
6,Chandigarh,1,1,2023,10,Cyber Terrorism (Sec.66 F),IT Act,1,0
6,Chandigarh,1,1,2023,11,Publication/ transmission of obscene / sexually explicit act in electronic form (Sec. 67) - Publication/ transmission of obscene / sexually explicit act in electronic form (Total),IT Act,0,11
6,Chandigarh,1,1,2023,12,Publication/ transmission of obscene / sexually explicit act in electronic form (Sec. 67) - A) Publishing or transmitting obscene material in Electronic Form,IT Act,1,5
6,Chandigarh,1,1,2023,13,Publication/transmission of obscene / sexually explicit act in electronic form (Sec. 67) - B) Publishing or transmitting of material containing Sexually explicit act in electronic form (Sec.67A),IT Act,1,2
6,Chandigarh,1,1,2023,14,Publication/transmission of obscene / sexually explicit act in electronic form (Sec. 67) - C) Publishing or transmitting of material depicting children in Sexually explicit act in electronic form (Sec.67B),IT Act,1,4
6,Chandigarh,1,1,2023,15,Publication/transmission of obscene / sexually explicit act in electronic form (Sec. 67) - D) Preservation and retention of information by intermediaries (Sec.67C),IT Act,1,0
6,Chandigarh,1,1,2023,16,Publication/transmission of obscene / sexually explicit act in electronic form (Sec. 67) - E) Other sub-sections of Sec. 67 IT Act,IT Act,1,0
6,Chandigarh,1,1,2023,17,Interception or Monitoring or decryption of Information (Sec.69),IT Act,1,0
6,Chandigarh,1,1,2023,18,Un-authorized access/attempt to access to protected computer system (Sec.70),IT Act,1,0
6,Chandigarh,1,1,2023,19,Abetment to Commit Offences (Sec.84 B),IT Act,1,0
6,Chandigarh,1,1,2023,20,Attempt to Commit Offences (Sec.84C),IT Act,1,0
6,Chandigarh,1,1,2023,21,Other Sections of IT Act,IT Act,1,0
6,Chandigarh,1,1,2023,22,Total Offences under I.T. Act,IT Act,0,17
6,Chandigarh,1,1,2023,23,Abetment of Suicide (Online) (Sec.305/306 IPC),IPC,1,0
6,Chandigarh,1,1,2023,24,Cyber Stalking/ Bullying of Women/ Children (Sec.354D IPC),IPC,1,1
6,Chandigarh,1,1,2023,25,Data theft (Sec.379 to 381),IPC,1,0
6,Chandigarh,1,1,2023,26,"Fraud (Sec.420 r/w Sec.465, 468- 471 IPC) - Fraud (Sec.420 r/w Sec.465,468- 471 IPC) (Total)",IPC,0,0
6,Chandigarh,1,1,2023,27,"Fraud (Sec.420 r/w Sec.465, 468- 471 IPC) - A) Credit Card/Debit Card",IPC,1,0
6,Chandigarh,1,1,2023,28,"Fraud (Sec.420 r/w Sec.465, 468- 471 IPC) - B) ATMs",IPC,1,0
6,Chandigarh,1,1,2023,29,"Fraud (Sec.420 r/w Sec.465, 468- 471 IPC) - C) Online Banking Fraud",IPC,1,0
6,Chandigarh,1,1,2023,30,"Fraud (Sec.420 r/w Sec.465, 468- 471 IPC) - D) OTP Frauds",IPC,1,0
6,Chandigarh,1,1,2023,31,"Fraud (Sec.420 r/w Sec.465, 468- 471 IPC) - E) Others",IPC,1,0
6,Chandigarh,1,1,2023,32,Cheating (Sec.420 IPC),IPC,1,2
6,Chandigarh,1,1,2023,33,"Forgery (Sec.465, 468 and 471)",IPC,1,0
6,Chandigarh,1,1,2023,34,Defamation/ Morphing (Sec.469 IPC r/w IPC and Indecent representation of women Act),IPC,1,0
6,Chandigarh,1,1,2023,35,Fake Profile (r/w IPC/SLL),IPC,1,0
6,Chandigarh,1,1,2023,36,Counterfeiting - Counterfeiting (Total),IPC,0,0
6,Chandigarh,1,1,2023,37,Counterfeiting - A) Currency (Sec.489A to 489E),IPC,1,0
6,Chandigarh,1,1,2023,38,CounterfeitingB) Stamps (Sec.255),IPC,1,0
6,Chandigarh,1,1,2023,39,"Cyber Blackmailing/ Threatening (Sec.506,503,384 IPC)",IPC,1,0
6,Chandigarh,1,1,2023,40,Fake News on Social Media (Sec.505),IPC,1,0
6,Chandigarh,1,1,2023,41,Other Offences (r/w IT Act),IPC,1,3
6,Chandigarh,1,1,2023,42,Total Offences under IPC,IPC,0,6
6,Chandigarh,1,1,2023,43,Gambling Act (Online Gambling),SLL,1,0
6,Chandigarh,1,1,2023,44,Lotteries Act (Online Lotteries),SLL,1,0
6,Chandigarh,1,1,2023,45,"Copy Right Act, 1957",SLL,1,0
6,Chandigarh,1,1,2023,46,"Trade Marks Act, 1999",SLL,1,0
6,Chandigarh,1,1,2023,47,Other SLL Crimes,SLL,1,0
6,Chandigarh,1,1,2023,48,Total Offences under SLL,SLL,0,0
6,Chandigarh,1,1,2023,49,Total Cyber Crimes (Grand Total),Grand Total,0,23
7,Chhattisgarh,0,1,2023,1,Tampering Computer Source documents (Sec.65),IT Act,1,0
7,Chhattisgarh,0,1,2023,2,Computer Related Offences - Computer Related Offences (Total),IT Act,0,16
7,Chhattisgarh,0,1,2023,3,Computer Related Offences - A) Computer Related Offences (Sec.66) (Total),IT Act,0,0
7,Chhattisgarh,0,1,2023,4,Computer Related Offences - Computer Related Offences (Sec.66) - a1) Ransom-ware,IT Act,1,0
7,Chhattisgarh,0,1,2023,5,Computer Related Offences - Computer Related Offences (Sec.66) - a2) Offences other than Ransom-ware,IT Act,1,0
7,Chhattisgarh,0,1,2023,6,Computer Related Offences - B) Dishonesty receiving stolen computer resource or communication device (Sec.66B),IT Act,1,7
7,Chhattisgarh,0,1,2023,7,Computer Related Offences - C) Identity Theft (Sec.66C),IT Act,1,3
7,Chhattisgarh,0,1,2023,8,Computer Related Offences - D) Cheating by personation by using computer resource (Sec.66D),IT Act,1,6
7,Chhattisgarh,0,1,2023,9,Computer Related Offences - E) Violation of Privacy (Sec.66E),IT Act,1,0
7,Chhattisgarh,0,1,2023,10,Cyber Terrorism (Sec.66 F),IT Act,1,0
7,Chhattisgarh,0,1,2023,11,Publication/ transmission of obscene / sexually explicit act in electronic form (Sec. 67) - Publication/ transmission of obscene / sexually explicit act in electronic form (Total),IT Act,0,293
7,Chhattisgarh,0,1,2023,12,Publication/ transmission of obscene / sexually explicit act in electronic form (Sec. 67) - A) Publishing or transmitting obscene material in Electronic Form,IT Act,1,20
7,Chhattisgarh,0,1,2023,13,Publication/transmission of obscene / sexually explicit act in electronic form (Sec. 67) - B) Publishing or transmitting of material containing Sexually explicit act in electronic form (Sec.67A),IT Act,1,83
7,Chhattisgarh,0,1,2023,14,Publication/transmission of obscene / sexually explicit act in electronic form (Sec. 67) - C) Publishing or transmitting of material depicting children in Sexually explicit act in electronic form (Sec.67B),IT Act,1,185
7,Chhattisgarh,0,1,2023,15,Publication/transmission of obscene / sexually explicit act in electronic form (Sec. 67) - D) Preservation and retention of information by intermediaries (Sec.67C),IT Act,1,0
7,Chhattisgarh,0,1,2023,16,Publication/transmission of obscene / sexually explicit act in electronic form (Sec. 67) - E) Other sub-sections of Sec. 67 IT Act,IT Act,1,5
7,Chhattisgarh,0,1,2023,17,Interception or Monitoring or decryption of Information (Sec.69),IT Act,1,0
7,Chhattisgarh,0,1,2023,18,Un-authorized access/attempt to access to protected computer system (Sec.70),IT Act,1,0
7,Chhattisgarh,0,1,2023,19,Abetment to Commit Offences (Sec.84 B),IT Act,1,0
7,Chhattisgarh,0,1,2023,20,Attempt to Commit Offences (Sec.84C),IT Act,1,0
7,Chhattisgarh,0,1,2023,21,Other Sections of IT Act,IT Act,1,1
7,Chhattisgarh,0,1,2023,22,Total Offences under I.T. Act,IT Act,0,310
7,Chhattisgarh,0,1,2023,23,Abetment of Suicide (Online) (Sec.305/306 IPC),IPC,1,1
7,Chhattisgarh,0,1,2023,24,Cyber Stalking/ Bullying of Women/ Children (Sec.354D IPC),IPC,1,0
7,Chhattisgarh,0,1,2023,25,Data theft (Sec.379 to 381),IPC,1,0
7,Chhattisgarh,0,1,2023,26,"Fraud (Sec.420 r/w Sec.465, 468- 471 IPC) - Fraud (Sec.420 r/w Sec.465,468- 471 IPC) (Total)",IPC,0,29
7,Chhattisgarh,0,1,2023,27,"Fraud (Sec.420 r/w Sec.465, 468- 471 IPC) - A) Credit Card/Debit Card",IPC,1,4
7,Chhattisgarh,0,1,2023,28,"Fraud (Sec.420 r/w Sec.465, 468- 471 IPC) - B) ATMs",IPC,1,0
7,Chhattisgarh,0,1,2023,29,"Fraud (Sec.420 r/w Sec.465, 468- 471 IPC) - C) Online Banking Fraud",IPC,1,15
7,Chhattisgarh,0,1,2023,30,"Fraud (Sec.420 r/w Sec.465, 468- 471 IPC) - D) OTP Frauds",IPC,1,6
7,Chhattisgarh,0,1,2023,31,"Fraud (Sec.420 r/w Sec.465, 468- 471 IPC) - E) Others",IPC,1,4
7,Chhattisgarh,0,1,2023,32,Cheating (Sec.420 IPC),IPC,1,36
7,Chhattisgarh,0,1,2023,33,"Forgery (Sec.465, 468 and 471)",IPC,1,1
7,Chhattisgarh,0,1,2023,34,Defamation/ Morphing (Sec.469 IPC r/w IPC and Indecent representation of women Act),IPC,1,0
7,Chhattisgarh,0,1,2023,35,Fake Profile (r/w IPC/SLL),IPC,1,0
7,Chhattisgarh,0,1,2023,36,Counterfeiting - Counterfeiting (Total),IPC,0,0
7,Chhattisgarh,0,1,2023,37,Counterfeiting - A) Currency (Sec.489A to 489E),IPC,1,0
7,Chhattisgarh,0,1,2023,38,CounterfeitingB) Stamps (Sec.255),IPC,1,0
7,Chhattisgarh,0,1,2023,39,"Cyber Blackmailing/ Threatening (Sec.506,503,384 IPC)",IPC,1,4
7,Chhattisgarh,0,1,2023,40,Fake News on Social Media (Sec.505),IPC,1,0
7,Chhattisgarh,0,1,2023,41,Other Offences (r/w IT Act),IPC,1,40
7,Chhattisgarh,0,1,2023,42,Total Offences under IPC,IPC,0,111
7,Chhattisgarh,0,1,2023,43,Gambling Act (Online Gambling),SLL,1,52
7,Chhattisgarh,0,1,2023,44,Lotteries Act (Online Lotteries),SLL,1,0
7,Chhattisgarh,0,1,2023,45,"Copy Right Act, 1957",SLL,1,0
7,Chhattisgarh,0,1,2023,46,"Trade Marks Act, 1999",SLL,1,0
7,Chhattisgarh,0,1,2023,47,Other SLL Crimes,SLL,1,0
7,Chhattisgarh,0,1,2023,48,Total Offences under SLL,SLL,0,52
7,Chhattisgarh,0,1,2023,49,Total Cyber Crimes (Grand Total),Grand Total,0,473
8,Dadra and Nagar Haveli and Daman and Diu,1,1,2023,1,Tampering Computer Source documents (Sec.65),IT Act,1,0
8,Dadra and Nagar Haveli and Daman and Diu,1,1,2023,2,Computer Related Offences - Computer Related Offences (Total),IT Act,0,2
8,Dadra and Nagar Haveli and Daman and Diu,1,1,2023,3,Computer Related Offences - A) Computer Related Offences (Sec.66) (Total),IT Act,0,0
8,Dadra and Nagar Haveli and Daman and Diu,1,1,2023,4,Computer Related Offences - Computer Related Offences (Sec.66) - a1) Ransom-ware,IT Act,1,0
8,Dadra and Nagar Haveli and Daman and Diu,1,1,2023,5,Computer Related Offences - Computer Related Offences (Sec.66) - a2) Offences other than Ransom-ware,IT Act,1,0
8,Dadra and Nagar Haveli and Daman and Diu,1,1,2023,6,Computer Related Offences - B) Dishonesty receiving stolen computer resource or communication device (Sec.66B),IT Act,1,2
8,Dadra and Nagar Haveli and Daman and Diu,1,1,2023,7,Computer Related Offences - C) Identity Theft (Sec.66C),IT Act,1,0
8,Dadra and Nagar Haveli and Daman and Diu,1,1,2023,8,Computer Related Offences - D) Cheating by personation by using computer resource (Sec.66D),IT Act,1,0
8,Dadra and Nagar Haveli and Daman and Diu,1,1,2023,9,Computer Related Offences - E) Violation of Privacy (Sec.66E),IT Act,1,0
8,Dadra and Nagar Haveli and Daman and Diu,1,1,2023,10,Cyber Terrorism (Sec.66 F),IT Act,1,0
8,Dadra and Nagar Haveli and Daman and Diu,1,1,2023,11,Publication/ transmission of obscene / sexually explicit act in electronic form (Sec. 67) - Publication/ transmission of obscene / sexually explicit act in electronic form (Total),IT Act,0,4
8,Dadra and Nagar Haveli and Daman and Diu,1,1,2023,12,Publication/ transmission of obscene / sexually explicit act in electronic form (Sec. 67) - A) Publishing or transmitting obscene material in Electronic Form,IT Act,1,0
8,Dadra and Nagar Haveli and Daman and Diu,1,1,2023,13,Publication/transmission of obscene / sexually explicit act in electronic form (Sec. 67) - B) Publishing or transmitting of material containing Sexually explicit act in electronic form (Sec.67A),IT Act,1,4
8,Dadra and Nagar Haveli and Daman and Diu,1,1,2023,14,Publication/transmission of obscene / sexually explicit act in electronic form (Sec. 67) - C) Publishing or transmitting of material depicting children in Sexually explicit act in electronic form (Sec.67B),IT Act,1,0
8,Dadra and Nagar Haveli and Daman and Diu,1,1,2023,15,Publication/transmission of obscene / sexually explicit act in electronic form (Sec. 67) - D) Preservation and retention of information by intermediaries (Sec.67C),IT Act,1,0
8,Dadra and Nagar Haveli and Daman and Diu,1,1,2023,16,Publication/transmission of obscene / sexually explicit act in electronic form (Sec. 67) - E) Other sub-sections of Sec. 67 IT Act,IT Act,1,0
8,Dadra and Nagar Haveli and Daman and Diu,1,1,2023,17,Interception or Monitoring or decryption of Information (Sec.69),IT Act,1,0
8,Dadra and Nagar Haveli and Daman and Diu,1,1,2023,18,Un-authorized access/attempt to access to protected computer system (Sec.70),IT Act,1,0
8,Dadra and Nagar Haveli and Daman and Diu,1,1,2023,19,Abetment to Commit Offences (Sec.84 B),IT Act,1,0
8,Dadra and Nagar Haveli and Daman and Diu,1,1,2023,20,Attempt to Commit Offences (Sec.84C),IT Act,1,0
8,Dadra and Nagar Haveli and Daman and Diu,1,1,2023,21,Other Sections of IT Act,IT Act,1,0
8,Dadra and Nagar Haveli and Daman and Diu,1,1,2023,22,Total Offences under I.T. Act,IT Act,0,6
8,Dadra and Nagar Haveli and Daman and Diu,1,1,2023,23,Abetment of Suicide (Online) (Sec.305/306 IPC),IPC,1,0
8,Dadra and Nagar Haveli and Daman and Diu,1,1,2023,24,Cyber Stalking/ Bullying of Women/ Children (Sec.354D IPC),IPC,1,0
8,Dadra and Nagar Haveli and Daman and Diu,1,1,2023,25,Data theft (Sec.379 to 381),IPC,1,0
8,Dadra and Nagar Haveli and Daman and Diu,1,1,2023,26,"Fraud (Sec.420 r/w Sec.465, 468- 471 IPC) - Fraud (Sec.420 r/w Sec.465,468- 471 IPC) (Total)",IPC,0,0
8,Dadra and Nagar Haveli and Daman and Diu,1,1,2023,27,"Fraud (Sec.420 r/w Sec.465, 468- 471 IPC) - A) Credit Card/Debit Card",IPC,1,0
8,Dadra and Nagar Haveli and Daman and Diu,1,1,2023,28,"Fraud (Sec.420 r/w Sec.465, 468- 471 IPC) - B) ATMs",IPC,1,0
8,Dadra and Nagar Haveli and Daman and Diu,1,1,2023,29,"Fraud (Sec.420 r/w Sec.465, 468- 471 IPC) - C) Online Banking Fraud",IPC,1,0
8,Dadra and Nagar Haveli and Daman and Diu,1,1,2023,30,"Fraud (Sec.420 r/w Sec.465, 468- 471 IPC) - D) OTP Frauds",IPC,1,0
8,Dadra and Nagar Haveli and Daman and Diu,1,1,2023,31,"Fraud (Sec.420 r/w Sec.465, 468- 471 IPC) - E) Others",IPC,1,0
8,Dadra and Nagar Haveli and Daman and Diu,1,1,2023,32,Cheating (Sec.420 IPC),IPC,1,0
8,Dadra and Nagar Haveli and Daman and Diu,1,1,2023,33,"Forgery (Sec.465, 468 and 471)",IPC,1,0
8,Dadra and Nagar Haveli and Daman and Diu,1,1,2023,34,Defamation/ Morphing (Sec.469 IPC r/w IPC and Indecent representation of women Act),IPC,1,0
8,Dadra and Nagar Haveli and Daman and Diu,1,1,2023,35,Fake Profile (r/w IPC/SLL),IPC,1,0
8,Dadra and Nagar Haveli and Daman and Diu,1,1,2023,36,Counterfeiting - Counterfeiting (Total),IPC,0,0
8,Dadra and Nagar Haveli and Daman and Diu,1,1,2023,37,Counterfeiting - A) Currency (Sec.489A to 489E),IPC,1,0
8,Dadra and Nagar Haveli and Daman and Diu,1,1,2023,38,CounterfeitingB) Stamps (Sec.255),IPC,1,0
8,Dadra and Nagar Haveli and Daman and Diu,1,1,2023,39,"Cyber Blackmailing/ Threatening (Sec.506,503,384 IPC)",IPC,1,0
8,Dadra and Nagar Haveli and Daman and Diu,1,1,2023,40,Fake News on Social Media (Sec.505),IPC,1,0
8,Dadra and Nagar Haveli and Daman and Diu,1,1,2023,41,Other Offences (r/w IT Act),IPC,1,0
8,Dadra and Nagar Haveli and Daman and Diu,1,1,2023,42,Total Offences under IPC,IPC,0,0
8,Dadra and Nagar Haveli and Daman and Diu,1,1,2023,43,Gambling Act (Online Gambling),SLL,1,0
8,Dadra and Nagar Haveli and Daman and Diu,1,1,2023,44,Lotteries Act (Online Lotteries),SLL,1,0
8,Dadra and Nagar Haveli and Daman and Diu,1,1,2023,45,"Copy Right Act, 1957",SLL,1,0
8,Dadra and Nagar Haveli and Daman and Diu,1,1,2023,46,"Trade Marks Act, 1999",SLL,1,0
8,Dadra and Nagar Haveli and Daman and Diu,1,1,2023,47,Other SLL Crimes,SLL,1,0
8,Dadra and Nagar Haveli and Daman and Diu,1,1,2023,48,Total Offences under SLL,SLL,0,0
8,Dadra and Nagar Haveli and Daman and Diu,1,1,2023,49,Total Cyber Crimes (Grand Total),Grand Total,0,6
9,Delhi,1,1,2023,1,Tampering Computer Source documents (Sec.65),IT Act,1,1
9,Delhi,1,1,2023,2,Computer Related Offences - Computer Related Offences (Total),IT Act,0,49
9,Delhi,1,1,2023,3,Computer Related Offences - A) Computer Related Offences (Sec.66) (Total),IT Act,0,6
9,Delhi,1,1,2023,4,Computer Related Offences - Computer Related Offences (Sec.66) - a1) Ransom-ware,IT Act,1,0
9,Delhi,1,1,2023,5,Computer Related Offences - Computer Related Offences (Sec.66) - a2) Offences other than Ransom-ware,IT Act,1,6
9,Delhi,1,1,2023,6,Computer Related Offences - B) Dishonesty receiving stolen computer resource or communication device (Sec.66B),IT Act,1,0
9,Delhi,1,1,2023,7,Computer Related Offences - C) Identity Theft (Sec.66C),IT Act,1,31
9,Delhi,1,1,2023,8,Computer Related Offences - D) Cheating by personation by using computer resource (Sec.66D),IT Act,1,7
9,Delhi,1,1,2023,9,Computer Related Offences - E) Violation of Privacy (Sec.66E),IT Act,1,5
9,Delhi,1,1,2023,10,Cyber Terrorism (Sec.66 F),IT Act,1,0
9,Delhi,1,1,2023,11,Publication/ transmission of obscene / sexually explicit act in electronic form (Sec. 67) - Publication/ transmission of obscene / sexually explicit act in electronic form (Total),IT Act,0,61
9,Delhi,1,1,2023,12,Publication/ transmission of obscene / sexually explicit act in electronic form (Sec. 67) - A) Publishing or transmitting obscene material in Electronic Form,IT Act,1,9
9,Delhi,1,1,2023,13,Publication/transmission of obscene / sexually explicit act in electronic form (Sec. 67) - B) Publishing or transmitting of material containing Sexually explicit act in electronic form (Sec.67A),IT Act,1,34
9,Delhi,1,1,2023,14,Publication/transmission of obscene / sexually explicit act in electronic form (Sec. 67) - C) Publishing or transmitting of material depicting children in Sexually explicit act in electronic form (Sec.67B),IT Act,1,9
9,Delhi,1,1,2023,15,Publication/transmission of obscene / sexually explicit act in electronic form (Sec. 67) - D) Preservation and retention of information by intermediaries (Sec.67C),IT Act,1,0
9,Delhi,1,1,2023,16,Publication/transmission of obscene / sexually explicit act in electronic form (Sec. 67) - E) Other sub-sections of Sec. 67 IT Act,IT Act,1,9
9,Delhi,1,1,2023,17,Interception or Monitoring or decryption of Information (Sec.69),IT Act,1,0
9,Delhi,1,1,2023,18,Un-authorized access/attempt to access to protected computer system (Sec.70),IT Act,1,0
9,Delhi,1,1,2023,19,Abetment to Commit Offences (Sec.84 B),IT Act,1,0
9,Delhi,1,1,2023,20,Attempt to Commit Offences (Sec.84C),IT Act,1,0
9,Delhi,1,1,2023,21,Other Sections of IT Act,IT Act,1,17
9,Delhi,1,1,2023,22,Total Offences under I.T. Act,IT Act,0,128
9,Delhi,1,1,2023,23,Abetment of Suicide (Online) (Sec.305/306 IPC),IPC,1,0
9,Delhi,1,1,2023,24,Cyber Stalking/ Bullying of Women/ Children (Sec.354D IPC),IPC,1,18
9,Delhi,1,1,2023,25,Data theft (Sec.379 to 381),IPC,1,2
9,Delhi,1,1,2023,26,"Fraud (Sec.420 r/w Sec.465, 468- 471 IPC) - Fraud (Sec.420 r/w Sec.465,468- 471 IPC) (Total)",IPC,0,163
9,Delhi,1,1,2023,27,"Fraud (Sec.420 r/w Sec.465, 468- 471 IPC) - A) Credit Card/Debit Card",IPC,1,6
9,Delhi,1,1,2023,28,"Fraud (Sec.420 r/w Sec.465, 468- 471 IPC) - B) ATMs",IPC,1,7
9,Delhi,1,1,2023,29,"Fraud (Sec.420 r/w Sec.465, 468- 471 IPC) - C) Online Banking Fraud",IPC,1,35
9,Delhi,1,1,2023,30,"Fraud (Sec.420 r/w Sec.465, 468- 471 IPC) - D) OTP Frauds",IPC,1,12
9,Delhi,1,1,2023,31,"Fraud (Sec.420 r/w Sec.465, 468- 471 IPC) - E) Others",IPC,1,103
9,Delhi,1,1,2023,32,Cheating (Sec.420 IPC),IPC,1,58
9,Delhi,1,1,2023,33,"Forgery (Sec.465, 468 and 471)",IPC,1,1
9,Delhi,1,1,2023,34,Defamation/ Morphing (Sec.469 IPC r/w IPC and Indecent representation of women Act),IPC,1,0
9,Delhi,1,1,2023,35,Fake Profile (r/w IPC/SLL),IPC,1,3
9,Delhi,1,1,2023,36,Counterfeiting - Counterfeiting (Total),IPC,0,0
9,Delhi,1,1,2023,37,Counterfeiting - A) Currency (Sec.489A to 489E),IPC,1,0
9,Delhi,1,1,2023,38,CounterfeitingB) Stamps (Sec.255),IPC,1,0
9,Delhi,1,1,2023,39,"Cyber Blackmailing/ Threatening (Sec.506,503,384 IPC)",IPC,1,9
9,Delhi,1,1,2023,40,Fake News on Social Media (Sec.505),IPC,1,0
9,Delhi,1,1,2023,41,Other Offences (r/w IT Act),IPC,1,25
9,Delhi,1,1,2023,42,Total Offences under IPC,IPC,0,279
9,Delhi,1,1,2023,43,Gambling Act (Online Gambling),SLL,1,0
9,Delhi,1,1,2023,44,Lotteries Act (Online Lotteries),SLL,1,0
9,Delhi,1,1,2023,45,"Copy Right Act, 1957",SLL,1,0
9,Delhi,1,1,2023,46,"Trade Marks Act, 1999",SLL,1,0
9,Delhi,1,1,2023,47,Other SLL Crimes,SLL,1,0
9,Delhi,1,1,2023,48,Total Offences under SLL,SLL,0,0
9,Delhi,1,1,2023,49,Total Cyber Crimes (Grand Total),Grand Total,0,407
10,Goa,0,1,2023,1,Tampering Computer Source documents (Sec.65),IT Act,1,1
10,Goa,0,1,2023,2,Computer Related Offences - Computer Related Offences (Total),IT Act,0,56
10,Goa,0,1,2023,3,Computer Related Offences - A) Computer Related Offences (Sec.66) (Total),IT Act,0,1
10,Goa,0,1,2023,4,Computer Related Offences - Computer Related Offences (Sec.66) - a1) Ransom-ware,IT Act,1,0
10,Goa,0,1,2023,5,Computer Related Offences - Computer Related Offences (Sec.66) - a2) Offences other than Ransom-ware,IT Act,1,1
10,Goa,0,1,2023,6,Computer Related Offences - B) Dishonesty receiving stolen computer resource or communication device (Sec.66B),IT Act,1,0
10,Goa,0,1,2023,7,Computer Related Offences - C) Identity Theft (Sec.66C),IT Act,1,7
10,Goa,0,1,2023,8,Computer Related Offences - D) Cheating by personation by using computer resource (Sec.66D),IT Act,1,48
10,Goa,0,1,2023,9,Computer Related Offences - E) Violation of Privacy (Sec.66E),IT Act,1,0
10,Goa,0,1,2023,10,Cyber Terrorism (Sec.66 F),IT Act,1,2
10,Goa,0,1,2023,11,Publication/ transmission of obscene / sexually explicit act in electronic form (Sec. 67) - Publication/ transmission of obscene / sexually explicit act in electronic form (Total),IT Act,0,16
10,Goa,0,1,2023,12,Publication/ transmission of obscene / sexually explicit act in electronic form (Sec. 67) - A) Publishing or transmitting obscene material in Electronic Form,IT Act,1,6
10,Goa,0,1,2023,13,Publication/transmission of obscene / sexually explicit act in electronic form (Sec. 67) - B) Publishing or transmitting of material containing Sexually explicit act in electronic form (Sec.67A),IT Act,1,1
10,Goa,0,1,2023,14,Publication/transmission of obscene / sexually explicit act in electronic form (Sec. 67) - C) Publishing or transmitting of material depicting children in Sexually explicit act in electronic form (Sec.67B),IT Act,1,8
10,Goa,0,1,2023,15,Publication/transmission of obscene / sexually explicit act in electronic form (Sec. 67) - D) Preservation and retention of information by intermediaries (Sec.67C),IT Act,1,1
10,Goa,0,1,2023,16,Publication/transmission of obscene / sexually explicit act in electronic form (Sec. 67) - E) Other sub-sections of Sec. 67 IT Act,IT Act,1,0
10,Goa,0,1,2023,17,Interception or Monitoring or decryption of Information (Sec.69),IT Act,1,0
10,Goa,0,1,2023,18,Un-authorized access/attempt to access to protected computer system (Sec.70),IT Act,1,0
10,Goa,0,1,2023,19,Abetment to Commit Offences (Sec.84 B),IT Act,1,0
10,Goa,0,1,2023,20,Attempt to Commit Offences (Sec.84C),IT Act,1,0
10,Goa,0,1,2023,21,Other Sections of IT Act,IT Act,1,0
10,Goa,0,1,2023,22,Total Offences under I.T. Act,IT Act,0,75
10,Goa,0,1,2023,23,Abetment of Suicide (Online) (Sec.305/306 IPC),IPC,1,0
10,Goa,0,1,2023,24,Cyber Stalking/ Bullying of Women/ Children (Sec.354D IPC),IPC,1,0
10,Goa,0,1,2023,25,Data theft (Sec.379 to 381),IPC,1,0
10,Goa,0,1,2023,26,"Fraud (Sec.420 r/w Sec.465, 468- 471 IPC) - Fraud (Sec.420 r/w Sec.465,468- 471 IPC) (Total)",IPC,0,0
10,Goa,0,1,2023,27,"Fraud (Sec.420 r/w Sec.465, 468- 471 IPC) - A) Credit Card/Debit Card",IPC,1,0
10,Goa,0,1,2023,28,"Fraud (Sec.420 r/w Sec.465, 468- 471 IPC) - B) ATMs",IPC,1,0
10,Goa,0,1,2023,29,"Fraud (Sec.420 r/w Sec.465, 468- 471 IPC) - C) Online Banking Fraud",IPC,1,0
10,Goa,0,1,2023,30,"Fraud (Sec.420 r/w Sec.465, 468- 471 IPC) - D) OTP Frauds",IPC,1,0
10,Goa,0,1,2023,31,"Fraud (Sec.420 r/w Sec.465, 468- 471 IPC) - E) Others",IPC,1,0
10,Goa,0,1,2023,32,Cheating (Sec.420 IPC),IPC,1,8
10,Goa,0,1,2023,33,"Forgery (Sec.465, 468 and 471)",IPC,1,0
10,Goa,0,1,2023,34,Defamation/ Morphing (Sec.469 IPC r/w IPC and Indecent representation of women Act),IPC,1,0
10,Goa,0,1,2023,35,Fake Profile (r/w IPC/SLL),IPC,1,0
10,Goa,0,1,2023,36,Counterfeiting - Counterfeiting (Total),IPC,0,0
10,Goa,0,1,2023,37,Counterfeiting - A) Currency (Sec.489A to 489E),IPC,1,0
10,Goa,0,1,2023,38,CounterfeitingB) Stamps (Sec.255),IPC,1,0
10,Goa,0,1,2023,39,"Cyber Blackmailing/ Threatening (Sec.506,503,384 IPC)",IPC,1,2
10,Goa,0,1,2023,40,Fake News on Social Media (Sec.505),IPC,1,0
10,Goa,0,1,2023,41,Other Offences (r/w IT Act),IPC,1,1
10,Goa,0,1,2023,42,Total Offences under IPC,IPC,0,11
10,Goa,0,1,2023,43,Gambling Act (Online Gambling),SLL,1,0
10,Goa,0,1,2023,44,Lotteries Act (Online Lotteries),SLL,1,0
10,Goa,0,1,2023,45,"Copy Right Act, 1957",SLL,1,0
10,Goa,0,1,2023,46,"Trade Marks Act, 1999",SLL,1,0
10,Goa,0,1,2023,47,Other SLL Crimes,SLL,1,0
10,Goa,0,1,2023,48,Total Offences under SLL,SLL,0,0
10,Goa,0,1,2023,49,Total Cyber Crimes (Grand Total),Grand Total,0,86
11,Gujarat,0,1,2023,1,Tampering Computer Source documents (Sec.65),IT Act,1,0
11,Gujarat,0,1,2023,2,Computer Related Offences - Computer Related Offences (Total),IT Act,0,305
11,Gujarat,0,1,2023,3,Computer Related Offences - A) Computer Related Offences (Sec.66) (Total),IT Act,0,3
11,Gujarat,0,1,2023,4,Computer Related Offences - Computer Related Offences (Sec.66) - a1) Ransom-ware,IT Act,1,0
11,Gujarat,0,1,2023,5,Computer Related Offences - Computer Related Offences (Sec.66) - a2) Offences other than Ransom-ware,IT Act,1,3
11,Gujarat,0,1,2023,6,Computer Related Offences - B) Dishonesty receiving stolen computer resource or communication device (Sec.66B),IT Act,1,2
11,Gujarat,0,1,2023,7,Computer Related Offences - C) Identity Theft (Sec.66C),IT Act,1,254
11,Gujarat,0,1,2023,8,Computer Related Offences - D) Cheating by personation by using computer resource (Sec.66D),IT Act,1,34
11,Gujarat,0,1,2023,9,Computer Related Offences - E) Violation of Privacy (Sec.66E),IT Act,1,12
11,Gujarat,0,1,2023,10,Cyber Terrorism (Sec.66 F),IT Act,1,0
11,Gujarat,0,1,2023,11,Publication/ transmission of obscene / sexually explicit act in electronic form (Sec. 67) - Publication/ transmission of obscene / sexually explicit act in electronic form (Total),IT Act,0,136
11,Gujarat,0,1,2023,12,Publication/ transmission of obscene / sexually explicit act in electronic form (Sec. 67) - A) Publishing or transmitting obscene material in Electronic Form,IT Act,1,65
11,Gujarat,0,1,2023,13,Publication/transmission of obscene / sexually explicit act in electronic form (Sec. 67) - B) Publishing or transmitting of material containing Sexually explicit act in electronic form (Sec.67A),IT Act,1,57
11,Gujarat,0,1,2023,14,Publication/transmission of obscene / sexually explicit act in electronic form (Sec. 67) - C) Publishing or transmitting of material depicting children in Sexually explicit act in electronic form (Sec.67B),IT Act,1,10
11,Gujarat,0,1,2023,15,Publication/transmission of obscene / sexually explicit act in electronic form (Sec. 67) - D) Preservation and retention of information by intermediaries (Sec.67C),IT Act,1,0
11,Gujarat,0,1,2023,16,Publication/transmission of obscene / sexually explicit act in electronic form (Sec. 67) - E) Other sub-sections of Sec. 67 IT Act,IT Act,1,4
11,Gujarat,0,1,2023,17,Interception or Monitoring or decryption of Information (Sec.69),IT Act,1,0
11,Gujarat,0,1,2023,18,Un-authorized access/attempt to access to protected computer system (Sec.70),IT Act,1,0
11,Gujarat,0,1,2023,19,Abetment to Commit Offences (Sec.84 B),IT Act,1,0
11,Gujarat,0,1,2023,20,Attempt to Commit Offences (Sec.84C),IT Act,1,2
11,Gujarat,0,1,2023,21,Other Sections of IT Act,IT Act,1,33
11,Gujarat,0,1,2023,22,Total Offences under I.T. Act,IT Act,0,476
11,Gujarat,0,1,2023,23,Abetment of Suicide (Online) (Sec.305/306 IPC),IPC,1,4
11,Gujarat,0,1,2023,24,Cyber Stalking/ Bullying of Women/ Children (Sec.354D IPC),IPC,1,43
11,Gujarat,0,1,2023,25,Data theft (Sec.379 to 381),IPC,1,8
11,Gujarat,0,1,2023,26,"Fraud (Sec.420 r/w Sec.465, 468- 471 IPC) - Fraud (Sec.420 r/w Sec.465,468- 471 IPC) (Total)",IPC,0,112
11,Gujarat,0,1,2023,27,"Fraud (Sec.420 r/w Sec.465, 468- 471 IPC) - A) Credit Card/Debit Card",IPC,1,9
11,Gujarat,0,1,2023,28,"Fraud (Sec.420 r/w Sec.465, 468- 471 IPC) - B) ATMs",IPC,1,10
11,Gujarat,0,1,2023,29,"Fraud (Sec.420 r/w Sec.465, 468- 471 IPC) - C) Online Banking Fraud",IPC,1,49
11,Gujarat,0,1,2023,30,"Fraud (Sec.420 r/w Sec.465, 468- 471 IPC) - D) OTP Frauds",IPC,1,7
11,Gujarat,0,1,2023,31,"Fraud (Sec.420 r/w Sec.465, 468- 471 IPC) - E) Others",IPC,1,37
11,Gujarat,0,1,2023,32,Cheating (Sec.420 IPC),IPC,1,1034
11,Gujarat,0,1,2023,33,"Forgery (Sec.465, 468 and 471)",IPC,1,68
11,Gujarat,0,1,2023,34,Defamation/ Morphing (Sec.469 IPC r/w IPC and Indecent representation of women Act),IPC,1,0
11,Gujarat,0,1,2023,35,Fake Profile (r/w IPC/SLL),IPC,1,3
11,Gujarat,0,1,2023,36,Counterfeiting - Counterfeiting (Total),IPC,0,0
11,Gujarat,0,1,2023,37,Counterfeiting - A) Currency (Sec.489A to 489E),IPC,1,0
11,Gujarat,0,1,2023,38,CounterfeitingB) Stamps (Sec.255),IPC,1,0
11,Gujarat,0,1,2023,39,"Cyber Blackmailing/ Threatening (Sec.506,503,384 IPC)",IPC,1,37
11,Gujarat,0,1,2023,40,Fake News on Social Media (Sec.505),IPC,1,0
11,Gujarat,0,1,2023,41,Other Offences (r/w IT Act),IPC,1,195
11,Gujarat,0,1,2023,42,Total Offences under IPC,IPC,0,1504
11,Gujarat,0,1,2023,43,Gambling Act (Online Gambling),SLL,1,0
11,Gujarat,0,1,2023,44,Lotteries Act (Online Lotteries),SLL,1,0
11,Gujarat,0,1,2023,45,"Copy Right Act, 1957",SLL,1,0
11,Gujarat,0,1,2023,46,"Trade Marks Act, 1999",SLL,1,0
11,Gujarat,0,1,2023,47,Other SLL Crimes,SLL,1,15
11,Gujarat,0,1,2023,48,Total Offences under SLL,SLL,0,15
11,Gujarat,0,1,2023,49,Total Cyber Crimes (Grand Total),Grand Total,0,1995
12,Haryana,0,1,2023,1,Tampering Computer Source documents (Sec.65),IT Act,1,0
12,Haryana,0,1,2023,2,Computer Related Offences - Computer Related Offences (Total),IT Act,0,121
12,Haryana,0,1,2023,3,Computer Related Offences - A) Computer Related Offences (Sec.66) (Total),IT Act,0,11
12,Haryana,0,1,2023,4,Computer Related Offences - Computer Related Offences (Sec.66) - a1) Ransom-ware,IT Act,1,1
12,Haryana,0,1,2023,5,Computer Related Offences - Computer Related Offences (Sec.66) - a2) Offences other than Ransom-ware,IT Act,1,10
12,Haryana,0,1,2023,6,Computer Related Offences - B) Dishonesty receiving stolen computer resource or communication device (Sec.66B),IT Act,1,2
12,Haryana,0,1,2023,7,Computer Related Offences - C) Identity Theft (Sec.66C),IT Act,1,61
12,Haryana,0,1,2023,8,Computer Related Offences - D) Cheating by personation by using computer resource (Sec.66D),IT Act,1,34
12,Haryana,0,1,2023,9,Computer Related Offences - E) Violation of Privacy (Sec.66E),IT Act,1,13
12,Haryana,0,1,2023,10,Cyber Terrorism (Sec.66 F),IT Act,1,0
12,Haryana,0,1,2023,11,Publication/ transmission of obscene / sexually explicit act in electronic form (Sec. 67) - Publication/ transmission of obscene / sexually explicit act in electronic form (Total),IT Act,0,198
12,Haryana,0,1,2023,12,Publication/ transmission of obscene / sexually explicit act in electronic form (Sec. 67) - A) Publishing or transmitting obscene material in Electronic Form,IT Act,1,56
12,Haryana,0,1,2023,13,Publication/transmission of obscene / sexually explicit act in electronic form (Sec. 67) - B) Publishing or transmitting of material containing Sexually explicit act in electronic form (Sec.67A),IT Act,1,111
12,Haryana,0,1,2023,14,Publication/transmission of obscene / sexually explicit act in electronic form (Sec. 67) - C) Publishing or transmitting of material depicting children in Sexually explicit act in electronic form (Sec.67B),IT Act,1,4
12,Haryana,0,1,2023,15,Publication/transmission of obscene / sexually explicit act in electronic form (Sec. 67) - D) Preservation and retention of information by intermediaries (Sec.67C),IT Act,1,0
12,Haryana,0,1,2023,16,Publication/transmission of obscene / sexually explicit act in electronic form (Sec. 67) - E) Other sub-sections of Sec. 67 IT Act,IT Act,1,27
12,Haryana,0,1,2023,17,Interception or Monitoring or decryption of Information (Sec.69),IT Act,1,0
12,Haryana,0,1,2023,18,Un-authorized access/attempt to access to protected computer system (Sec.70),IT Act,1,0
12,Haryana,0,1,2023,19,Abetment to Commit Offences (Sec.84 B),IT Act,1,0
12,Haryana,0,1,2023,20,Attempt to Commit Offences (Sec.84C),IT Act,1,2
12,Haryana,0,1,2023,21,Other Sections of IT Act,IT Act,1,4
12,Haryana,0,1,2023,22,Total Offences under I.T. Act,IT Act,0,325
12,Haryana,0,1,2023,23,Abetment of Suicide (Online) (Sec.305/306 IPC),IPC,1,1
12,Haryana,0,1,2023,24,Cyber Stalking/ Bullying of Women/ Children (Sec.354D IPC),IPC,1,35
12,Haryana,0,1,2023,25,Data theft (Sec.379 to 381),IPC,1,0
12,Haryana,0,1,2023,26,"Fraud (Sec.420 r/w Sec.465, 468- 471 IPC) - Fraud (Sec.420 r/w Sec.465,468- 471 IPC) (Total)",IPC,0,11
12,Haryana,0,1,2023,27,"Fraud (Sec.420 r/w Sec.465, 468- 471 IPC) - A) Credit Card/Debit Card",IPC,1,0
12,Haryana,0,1,2023,28,"Fraud (Sec.420 r/w Sec.465, 468- 471 IPC) - B) ATMs",IPC,1,0
12,Haryana,0,1,2023,29,"Fraud (Sec.420 r/w Sec.465, 468- 471 IPC) - C) Online Banking Fraud",IPC,1,3
12,Haryana,0,1,2023,30,"Fraud (Sec.420 r/w Sec.465, 468- 471 IPC) - D) OTP Frauds",IPC,1,0
12,Haryana,0,1,2023,31,"Fraud (Sec.420 r/w Sec.465, 468- 471 IPC) - E) Others",IPC,1,8
12,Haryana,0,1,2023,32,Cheating (Sec.420 IPC),IPC,1,239
12,Haryana,0,1,2023,33,"Forgery (Sec.465, 468 and 471)",IPC,1,44
12,Haryana,0,1,2023,34,Defamation/ Morphing (Sec.469 IPC r/w IPC and Indecent representation of women Act),IPC,1,1
12,Haryana,0,1,2023,35,Fake Profile (r/w IPC/SLL),IPC,1,1
12,Haryana,0,1,2023,36,Counterfeiting - Counterfeiting (Total),IPC,0,0
12,Haryana,0,1,2023,37,Counterfeiting - A) Currency (Sec.489A to 489E),IPC,1,0
12,Haryana,0,1,2023,38,CounterfeitingB) Stamps (Sec.255),IPC,1,0
12,Haryana,0,1,2023,39,"Cyber Blackmailing/ Threatening (Sec.506,503,384 IPC)",IPC,1,7
12,Haryana,0,1,2023,40,Fake News on Social Media (Sec.505),IPC,1,0
12,Haryana,0,1,2023,41,Other Offences (r/w IT Act),IPC,1,65
12,Haryana,0,1,2023,42,Total Offences under IPC,IPC,0,404
12,Haryana,0,1,2023,43,Gambling Act (Online Gambling),SLL,1,0
12,Haryana,0,1,2023,44,Lotteries Act (Online Lotteries),SLL,1,0
12,Haryana,0,1,2023,45,"Copy Right Act, 1957",SLL,1,0
12,Haryana,0,1,2023,46,"Trade Marks Act, 1999",SLL,1,0
12,Haryana,0,1,2023,47,Other SLL Crimes,SLL,1,22
12,Haryana,0,1,2023,48,Total Offences under SLL,SLL,0,22
12,Haryana,0,1,2023,49,Total Cyber Crimes (Grand Total),Grand Total,0,751
13,Himachal Pradesh,0,1,2023,1,Tampering Computer Source documents (Sec.65),IT Act,1,0
13,Himachal Pradesh,0,1,2023,2,Computer Related Offences - Computer Related Offences (Total),IT Act,0,77
13,Himachal Pradesh,0,1,2023,3,Computer Related Offences - A) Computer Related Offences (Sec.66) (Total),IT Act,0,2
13,Himachal Pradesh,0,1,2023,4,Computer Related Offences - Computer Related Offences (Sec.66) - a1) Ransom-ware,IT Act,1,1
13,Himachal Pradesh,0,1,2023,5,Computer Related Offences - Computer Related Offences (Sec.66) - a2) Offences other than Ransom-ware,IT Act,1,1
13,Himachal Pradesh,0,1,2023,6,Computer Related Offences - B) Dishonesty receiving stolen computer resource or communication device (Sec.66B),IT Act,1,0
13,Himachal Pradesh,0,1,2023,7,Computer Related Offences - C) Identity Theft (Sec.66C),IT Act,1,4
13,Himachal Pradesh,0,1,2023,8,Computer Related Offences - D) Cheating by personation by using computer resource (Sec.66D),IT Act,1,69
13,Himachal Pradesh,0,1,2023,9,Computer Related Offences - E) Violation of Privacy (Sec.66E),IT Act,1,2
13,Himachal Pradesh,0,1,2023,10,Cyber Terrorism (Sec.66 F),IT Act,1,0
13,Himachal Pradesh,0,1,2023,11,Publication/ transmission of obscene / sexually explicit act in electronic form (Sec. 67) - Publication/ transmission of obscene / sexually explicit act in electronic form (Total),IT Act,0,24
13,Himachal Pradesh,0,1,2023,12,Publication/ transmission of obscene / sexually explicit act in electronic form (Sec. 67) - A) Publishing or transmitting obscene material in Electronic Form,IT Act,1,0
13,Himachal Pradesh,0,1,2023,13,Publication/transmission of obscene / sexually explicit act in electronic form (Sec. 67) - B) Publishing or transmitting of material containing Sexually explicit act in electronic form (Sec.67A),IT Act,1,22
13,Himachal Pradesh,0,1,2023,14,Publication/transmission of obscene / sexually explicit act in electronic form (Sec. 67) - C) Publishing or transmitting of material depicting children in Sexually explicit act in electronic form (Sec.67B),IT Act,1,2
13,Himachal Pradesh,0,1,2023,15,Publication/transmission of obscene / sexually explicit act in electronic form (Sec. 67) - D) Preservation and retention of information by intermediaries (Sec.67C),IT Act,1,0
13,Himachal Pradesh,0,1,2023,16,Publication/transmission of obscene / sexually explicit act in electronic form (Sec. 67) - E) Other sub-sections of Sec. 67 IT Act,IT Act,1,0
13,Himachal Pradesh,0,1,2023,17,Interception or Monitoring or decryption of Information (Sec.69),IT Act,1,0
13,Himachal Pradesh,0,1,2023,18,Un-authorized access/attempt to access to protected computer system (Sec.70),IT Act,1,0
13,Himachal Pradesh,0,1,2023,19,Abetment to Commit Offences (Sec.84 B),IT Act,1,0
13,Himachal Pradesh,0,1,2023,20,Attempt to Commit Offences (Sec.84C),IT Act,1,0
13,Himachal Pradesh,0,1,2023,21,Other Sections of IT Act,IT Act,1,0
13,Himachal Pradesh,0,1,2023,22,Total Offences under I.T. Act,IT Act,0,101
13,Himachal Pradesh,0,1,2023,23,Abetment of Suicide (Online) (Sec.305/306 IPC),IPC,1,0
13,Himachal Pradesh,0,1,2023,24,Cyber Stalking/ Bullying of Women/ Children (Sec.354D IPC),IPC,1,2
13,Himachal Pradesh,0,1,2023,25,Data theft (Sec.379 to 381),IPC,1,0
13,Himachal Pradesh,0,1,2023,26,"Fraud (Sec.420 r/w Sec.465, 468- 471 IPC) - Fraud (Sec.420 r/w Sec.465,468- 471 IPC) (Total)",IPC,0,7
13,Himachal Pradesh,0,1,2023,27,"Fraud (Sec.420 r/w Sec.465, 468- 471 IPC) - A) Credit Card/Debit Card",IPC,1,0
13,Himachal Pradesh,0,1,2023,28,"Fraud (Sec.420 r/w Sec.465, 468- 471 IPC) - B) ATMs",IPC,1,1
13,Himachal Pradesh,0,1,2023,29,"Fraud (Sec.420 r/w Sec.465, 468- 471 IPC) - C) Online Banking Fraud",IPC,1,0
13,Himachal Pradesh,0,1,2023,30,"Fraud (Sec.420 r/w Sec.465, 468- 471 IPC) - D) OTP Frauds",IPC,1,0
13,Himachal Pradesh,0,1,2023,31,"Fraud (Sec.420 r/w Sec.465, 468- 471 IPC) - E) Others",IPC,1,6
13,Himachal Pradesh,0,1,2023,32,Cheating (Sec.420 IPC),IPC,1,17
13,Himachal Pradesh,0,1,2023,33,"Forgery (Sec.465, 468 and 471)",IPC,1,0
13,Himachal Pradesh,0,1,2023,34,Defamation/ Morphing (Sec.469 IPC r/w IPC and Indecent representation of women Act),IPC,1,0
13,Himachal Pradesh,0,1,2023,35,Fake Profile (r/w IPC/SLL),IPC,1,0
13,Himachal Pradesh,0,1,2023,36,Counterfeiting - Counterfeiting (Total),IPC,0,0
13,Himachal Pradesh,0,1,2023,37,Counterfeiting - A) Currency (Sec.489A to 489E),IPC,1,0
13,Himachal Pradesh,0,1,2023,38,CounterfeitingB) Stamps (Sec.255),IPC,1,0
13,Himachal Pradesh,0,1,2023,39,"Cyber Blackmailing/ Threatening (Sec.506,503,384 IPC)",IPC,1,0
13,Himachal Pradesh,0,1,2023,40,Fake News on Social Media (Sec.505),IPC,1,0
13,Himachal Pradesh,0,1,2023,41,Other Offences (r/w IT Act),IPC,1,0
13,Himachal Pradesh,0,1,2023,42,Total Offences under IPC,IPC,0,26
13,Himachal Pradesh,0,1,2023,43,Gambling Act (Online Gambling),SLL,1,0
13,Himachal Pradesh,0,1,2023,44,Lotteries Act (Online Lotteries),SLL,1,0
13,Himachal Pradesh,0,1,2023,45,"Copy Right Act, 1957",SLL,1,0
13,Himachal Pradesh,0,1,2023,46,"Trade Marks Act, 1999",SLL,1,0
13,Himachal Pradesh,0,1,2023,47,Other SLL Crimes,SLL,1,0
13,Himachal Pradesh,0,1,2023,48,Total Offences under SLL,SLL,0,0
13,Himachal Pradesh,0,1,2023,49,Total Cyber Crimes (Grand Total),Grand Total,0,127
14,Jammu and Kashmir,1,1,2023,1,Tampering Computer Source documents (Sec.65),IT Act,1,0
14,Jammu and Kashmir,1,1,2023,2,Computer Related Offences - Computer Related Offences (Total),IT Act,0,116
14,Jammu and Kashmir,1,1,2023,3,Computer Related Offences - A) Computer Related Offences (Sec.66) (Total),IT Act,0,0
14,Jammu and Kashmir,1,1,2023,4,Computer Related Offences - Computer Related Offences (Sec.66) - a1) Ransom-ware,IT Act,1,0
14,Jammu and Kashmir,1,1,2023,5,Computer Related Offences - Computer Related Offences (Sec.66) - a2) Offences other than Ransom-ware,IT Act,1,0
14,Jammu and Kashmir,1,1,2023,6,Computer Related Offences - B) Dishonesty receiving stolen computer resource or communication device (Sec.66B),IT Act,1,0
14,Jammu and Kashmir,1,1,2023,7,Computer Related Offences - C) Identity Theft (Sec.66C),IT Act,1,6
14,Jammu and Kashmir,1,1,2023,8,Computer Related Offences - D) Cheating by personation by using computer resource (Sec.66D),IT Act,1,105
14,Jammu and Kashmir,1,1,2023,9,Computer Related Offences - E) Violation of Privacy (Sec.66E),IT Act,1,5
14,Jammu and Kashmir,1,1,2023,10,Cyber Terrorism (Sec.66 F),IT Act,1,1
14,Jammu and Kashmir,1,1,2023,11,Publication/ transmission of obscene / sexually explicit act in electronic form (Sec. 67) - Publication/ transmission of obscene / sexually explicit act in electronic form (Total),IT Act,0,46
14,Jammu and Kashmir,1,1,2023,12,Publication/ transmission of obscene / sexually explicit act in electronic form (Sec. 67) - A) Publishing or transmitting obscene material in Electronic Form,IT Act,1,24
14,Jammu and Kashmir,1,1,2023,13,Publication/transmission of obscene / sexually explicit act in electronic form (Sec. 67) - B) Publishing or transmitting of material containing Sexually explicit act in electronic form (Sec.67A),IT Act,1,13
14,Jammu and Kashmir,1,1,2023,14,Publication/transmission of obscene / sexually explicit act in electronic form (Sec. 67) - C) Publishing or transmitting of material depicting children in Sexually explicit act in electronic form (Sec.67B),IT Act,1,2
14,Jammu and Kashmir,1,1,2023,15,Publication/transmission of obscene / sexually explicit act in electronic form (Sec. 67) - D) Preservation and retention of information by intermediaries (Sec.67C),IT Act,1,0
14,Jammu and Kashmir,1,1,2023,16,Publication/transmission of obscene / sexually explicit act in electronic form (Sec. 67) - E) Other sub-sections of Sec. 67 IT Act,IT Act,1,7
14,Jammu and Kashmir,1,1,2023,17,Interception or Monitoring or decryption of Information (Sec.69),IT Act,1,0
14,Jammu and Kashmir,1,1,2023,18,Un-authorized access/attempt to access to protected computer system (Sec.70),IT Act,1,0
14,Jammu and Kashmir,1,1,2023,19,Abetment to Commit Offences (Sec.84 B),IT Act,1,0
14,Jammu and Kashmir,1,1,2023,20,Attempt to Commit Offences (Sec.84C),IT Act,1,0
14,Jammu and Kashmir,1,1,2023,21,Other Sections of IT Act,IT Act,1,6
14,Jammu and Kashmir,1,1,2023,22,Total Offences under I.T. Act,IT Act,0,169
14,Jammu and Kashmir,1,1,2023,23,Abetment of Suicide (Online) (Sec.305/306 IPC),IPC,1,0
14,Jammu and Kashmir,1,1,2023,24,Cyber Stalking/ Bullying of Women/ Children (Sec.354D IPC),IPC,1,1
14,Jammu and Kashmir,1,1,2023,25,Data theft (Sec.379 to 381),IPC,1,0
14,Jammu and Kashmir,1,1,2023,26,"Fraud (Sec.420 r/w Sec.465, 468- 471 IPC) - Fraud (Sec.420 r/w Sec.465,468- 471 IPC) (Total)",IPC,0,2
14,Jammu and Kashmir,1,1,2023,27,"Fraud (Sec.420 r/w Sec.465, 468- 471 IPC) - A) Credit Card/Debit Card",IPC,1,0
14,Jammu and Kashmir,1,1,2023,28,"Fraud (Sec.420 r/w Sec.465, 468- 471 IPC) - B) ATMs",IPC,1,2
14,Jammu and Kashmir,1,1,2023,29,"Fraud (Sec.420 r/w Sec.465, 468- 471 IPC) - C) Online Banking Fraud",IPC,1,0
14,Jammu and Kashmir,1,1,2023,30,"Fraud (Sec.420 r/w Sec.465, 468- 471 IPC) - D) OTP Frauds",IPC,1,0
14,Jammu and Kashmir,1,1,2023,31,"Fraud (Sec.420 r/w Sec.465, 468- 471 IPC) - E) Others",IPC,1,0
14,Jammu and Kashmir,1,1,2023,32,Cheating (Sec.420 IPC),IPC,1,0
14,Jammu and Kashmir,1,1,2023,33,"Forgery (Sec.465, 468 and 471)",IPC,1,0
14,Jammu and Kashmir,1,1,2023,34,Defamation/ Morphing (Sec.469 IPC r/w IPC and Indecent representation of women Act),IPC,1,1
14,Jammu and Kashmir,1,1,2023,35,Fake Profile (r/w IPC/SLL),IPC,1,0
14,Jammu and Kashmir,1,1,2023,36,Counterfeiting - Counterfeiting (Total),IPC,0,0
14,Jammu and Kashmir,1,1,2023,37,Counterfeiting - A) Currency (Sec.489A to 489E),IPC,1,0
14,Jammu and Kashmir,1,1,2023,38,CounterfeitingB) Stamps (Sec.255),IPC,1,0
14,Jammu and Kashmir,1,1,2023,39,"Cyber Blackmailing/ Threatening (Sec.506,503,384 IPC)",IPC,1,0
14,Jammu and Kashmir,1,1,2023,40,Fake News on Social Media (Sec.505),IPC,1,0
14,Jammu and Kashmir,1,1,2023,41,Other Offences (r/w IT Act),IPC,1,4
14,Jammu and Kashmir,1,1,2023,42,Total Offences under IPC,IPC,0,8
14,Jammu and Kashmir,1,1,2023,43,Gambling Act (Online Gambling),SLL,1,0
14,Jammu and Kashmir,1,1,2023,44,Lotteries Act (Online Lotteries),SLL,1,0
14,Jammu and Kashmir,1,1,2023,45,"Copy Right Act, 1957",SLL,1,8
14,Jammu and Kashmir,1,1,2023,46,"Trade Marks Act, 1999",SLL,1,0
14,Jammu and Kashmir,1,1,2023,47,Other SLL Crimes,SLL,1,0
14,Jammu and Kashmir,1,1,2023,48,Total Offences under SLL,SLL,0,8
14,Jammu and Kashmir,1,1,2023,49,Total Cyber Crimes (Grand Total),Grand Total,0,185
15,Jharkhand,0,1,2023,1,Tampering Computer Source documents (Sec.65),IT Act,1,0
15,Jharkhand,0,1,2023,2,Computer Related Offences - Computer Related Offences (Total),IT Act,0,966
15,Jharkhand,0,1,2023,3,Computer Related Offences - A) Computer Related Offences (Sec.66) (Total),IT Act,0,126
15,Jharkhand,0,1,2023,4,Computer Related Offences - Computer Related Offences (Sec.66) - a1) Ransom-ware,IT Act,1,20
15,Jharkhand,0,1,2023,5,Computer Related Offences - Computer Related Offences (Sec.66) - a2) Offences other than Ransom-ware,IT Act,1,106
15,Jharkhand,0,1,2023,6,Computer Related Offences - B) Dishonesty receiving stolen computer resource or communication device (Sec.66B),IT Act,1,140
15,Jharkhand,0,1,2023,7,Computer Related Offences - C) Identity Theft (Sec.66C),IT Act,1,479
15,Jharkhand,0,1,2023,8,Computer Related Offences - D) Cheating by personation by using computer resource (Sec.66D),IT Act,1,161
15,Jharkhand,0,1,2023,9,Computer Related Offences - E) Violation of Privacy (Sec.66E),IT Act,1,60
15,Jharkhand,0,1,2023,10,Cyber Terrorism (Sec.66 F),IT Act,1,0
15,Jharkhand,0,1,2023,11,Publication/ transmission of obscene / sexually explicit act in electronic form (Sec. 67) - Publication/ transmission of obscene / sexually explicit act in electronic form (Total),IT Act,0,26
15,Jharkhand,0,1,2023,12,Publication/ transmission of obscene / sexually explicit act in electronic form (Sec. 67) - A) Publishing or transmitting obscene material in Electronic Form,IT Act,1,6
15,Jharkhand,0,1,2023,13,Publication/transmission of obscene / sexually explicit act in electronic form (Sec. 67) - B) Publishing or transmitting of material containing Sexually explicit act in electronic form (Sec.67A),IT Act,1,15
15,Jharkhand,0,1,2023,14,Publication/transmission of obscene / sexually explicit act in electronic form (Sec. 67) - C) Publishing or transmitting of material depicting children in Sexually explicit act in electronic form (Sec.67B),IT Act,1,0
15,Jharkhand,0,1,2023,15,Publication/transmission of obscene / sexually explicit act in electronic form (Sec. 67) - D) Preservation and retention of information by intermediaries (Sec.67C),IT Act,1,0
15,Jharkhand,0,1,2023,16,Publication/transmission of obscene / sexually explicit act in electronic form (Sec. 67) - E) Other sub-sections of Sec. 67 IT Act,IT Act,1,5
15,Jharkhand,0,1,2023,17,Interception or Monitoring or decryption of Information (Sec.69),IT Act,1,0
15,Jharkhand,0,1,2023,18,Un-authorized access/attempt to access to protected computer system (Sec.70),IT Act,1,0
15,Jharkhand,0,1,2023,19,Abetment to Commit Offences (Sec.84 B),IT Act,1,0
15,Jharkhand,0,1,2023,20,Attempt to Commit Offences (Sec.84C),IT Act,1,0
15,Jharkhand,0,1,2023,21,Other Sections of IT Act,IT Act,1,1
15,Jharkhand,0,1,2023,22,Total Offences under I.T. Act,IT Act,0,993
15,Jharkhand,0,1,2023,23,Abetment of Suicide (Online) (Sec.305/306 IPC),IPC,1,0
15,Jharkhand,0,1,2023,24,Cyber Stalking/ Bullying of Women/ Children (Sec.354D IPC),IPC,1,7
15,Jharkhand,0,1,2023,25,Data theft (Sec.379 to 381),IPC,1,0
15,Jharkhand,0,1,2023,26,"Fraud (Sec.420 r/w Sec.465, 468- 471 IPC) - Fraud (Sec.420 r/w Sec.465,468- 471 IPC) (Total)",IPC,0,43
15,Jharkhand,0,1,2023,27,"Fraud (Sec.420 r/w Sec.465, 468- 471 IPC) - A) Credit Card/Debit Card",IPC,1,4
15,Jharkhand,0,1,2023,28,"Fraud (Sec.420 r/w Sec.465, 468- 471 IPC) - B) ATMs",IPC,1,9
15,Jharkhand,0,1,2023,29,"Fraud (Sec.420 r/w Sec.465, 468- 471 IPC) - C) Online Banking Fraud",IPC,1,12
15,Jharkhand,0,1,2023,30,"Fraud (Sec.420 r/w Sec.465, 468- 471 IPC) - D) OTP Frauds",IPC,1,18
15,Jharkhand,0,1,2023,31,"Fraud (Sec.420 r/w Sec.465, 468- 471 IPC) - E) Others",IPC,1,0
15,Jharkhand,0,1,2023,32,Cheating (Sec.420 IPC),IPC,1,17
15,Jharkhand,0,1,2023,33,"Forgery (Sec.465, 468 and 471)",IPC,1,12
15,Jharkhand,0,1,2023,34,Defamation/ Morphing (Sec.469 IPC r/w IPC and Indecent representation of women Act),IPC,1,0
15,Jharkhand,0,1,2023,35,Fake Profile (r/w IPC/SLL),IPC,1,0
15,Jharkhand,0,1,2023,36,Counterfeiting - Counterfeiting (Total),IPC,0,0
15,Jharkhand,0,1,2023,37,Counterfeiting - A) Currency (Sec.489A to 489E),IPC,1,0
15,Jharkhand,0,1,2023,38,CounterfeitingB) Stamps (Sec.255),IPC,1,0
15,Jharkhand,0,1,2023,39,"Cyber Blackmailing/ Threatening (Sec.506,503,384 IPC)",IPC,1,7
15,Jharkhand,0,1,2023,40,Fake News on Social Media (Sec.505),IPC,1,0
15,Jharkhand,0,1,2023,41,Other Offences (r/w IT Act),IPC,1,0
15,Jharkhand,0,1,2023,42,Total Offences under IPC,IPC,0,86
15,Jharkhand,0,1,2023,43,Gambling Act (Online Gambling),SLL,1,0
15,Jharkhand,0,1,2023,44,Lotteries Act (Online Lotteries),SLL,1,0
15,Jharkhand,0,1,2023,45,"Copy Right Act, 1957",SLL,1,0
15,Jharkhand,0,1,2023,46,"Trade Marks Act, 1999",SLL,1,0
15,Jharkhand,0,1,2023,47,Other SLL Crimes,SLL,1,0
15,Jharkhand,0,1,2023,48,Total Offences under SLL,SLL,0,0
15,Jharkhand,0,1,2023,49,Total Cyber Crimes (Grand Total),Grand Total,0,1079
16,Karnataka,0,1,2023,1,Tampering Computer Source documents (Sec.65),IT Act,1,7
16,Karnataka,0,1,2023,2,Computer Related Offences - Computer Related Offences (Total),IT Act,0,20806
16,Karnataka,0,1,2023,3,Computer Related Offences - A) Computer Related Offences (Sec.66) (Total),IT Act,0,136
16,Karnataka,0,1,2023,4,Computer Related Offences - Computer Related Offences (Sec.66) - a1) Ransom-ware,IT Act,1,30
16,Karnataka,0,1,2023,5,Computer Related Offences - Computer Related Offences (Sec.66) - a2) Offences other than Ransom-ware,IT Act,1,106
16,Karnataka,0,1,2023,6,Computer Related Offences - B) Dishonesty receiving stolen computer resource or communication device (Sec.66B),IT Act,1,11
16,Karnataka,0,1,2023,7,Computer Related Offences - C) Identity Theft (Sec.66C),IT Act,1,2411
16,Karnataka,0,1,2023,8,Computer Related Offences - D) Cheating by personation by using computer resource (Sec.66D),IT Act,1,18166
16,Karnataka,0,1,2023,9,Computer Related Offences - E) Violation of Privacy (Sec.66E),IT Act,1,82
16,Karnataka,0,1,2023,10,Cyber Terrorism (Sec.66 F),IT Act,1,1
16,Karnataka,0,1,2023,11,Publication/ transmission of obscene / sexually explicit act in electronic form (Sec. 67) - Publication/ transmission of obscene / sexually explicit act in electronic form (Total),IT Act,0,1007
16,Karnataka,0,1,2023,12,Publication/ transmission of obscene / sexually explicit act in electronic form (Sec. 67) - A) Publishing or transmitting obscene material in Electronic Form,IT Act,1,331
16,Karnataka,0,1,2023,13,Publication/transmission of obscene / sexually explicit act in electronic form (Sec. 67) - B) Publishing or transmitting of material containing Sexually explicit act in electronic form (Sec.67A),IT Act,1,261
16,Karnataka,0,1,2023,14,Publication/transmission of obscene / sexually explicit act in electronic form (Sec. 67) - C) Publishing or transmitting of material depicting children in Sexually explicit act in electronic form (Sec.67B),IT Act,1,341
16,Karnataka,0,1,2023,15,Publication/transmission of obscene / sexually explicit act in electronic form (Sec. 67) - D) Preservation and retention of information by intermediaries (Sec.67C),IT Act,1,4
16,Karnataka,0,1,2023,16,Publication/transmission of obscene / sexually explicit act in electronic form (Sec. 67) - E) Other sub-sections of Sec. 67 IT Act,IT Act,1,70
16,Karnataka,0,1,2023,17,Interception or Monitoring or decryption of Information (Sec.69),IT Act,1,0
16,Karnataka,0,1,2023,18,Un-authorized access/attempt to access to protected computer system (Sec.70),IT Act,1,0
16,Karnataka,0,1,2023,19,Abetment to Commit Offences (Sec.84 B),IT Act,1,0
16,Karnataka,0,1,2023,20,Attempt to Commit Offences (Sec.84C),IT Act,1,6
16,Karnataka,0,1,2023,21,Other Sections of IT Act,IT Act,1,43
16,Karnataka,0,1,2023,22,Total Offences under I.T. Act,IT Act,0,21870
16,Karnataka,0,1,2023,23,Abetment of Suicide (Online) (Sec.305/306 IPC),IPC,1,2
16,Karnataka,0,1,2023,24,Cyber Stalking/ Bullying of Women/ Children (Sec.354D IPC),IPC,1,4
16,Karnataka,0,1,2023,25,Data theft (Sec.379 to 381),IPC,1,0
16,Karnataka,0,1,2023,26,"Fraud (Sec.420 r/w Sec.465, 468- 471 IPC) - Fraud (Sec.420 r/w Sec.465,468- 471 IPC) (Total)",IPC,0,0
16,Karnataka,0,1,2023,27,"Fraud (Sec.420 r/w Sec.465, 468- 471 IPC) - A) Credit Card/Debit Card",IPC,1,0
16,Karnataka,0,1,2023,28,"Fraud (Sec.420 r/w Sec.465, 468- 471 IPC) - B) ATMs",IPC,1,0
16,Karnataka,0,1,2023,29,"Fraud (Sec.420 r/w Sec.465, 468- 471 IPC) - C) Online Banking Fraud",IPC,1,0
16,Karnataka,0,1,2023,30,"Fraud (Sec.420 r/w Sec.465, 468- 471 IPC) - D) OTP Frauds",IPC,1,0
16,Karnataka,0,1,2023,31,"Fraud (Sec.420 r/w Sec.465, 468- 471 IPC) - E) Others",IPC,1,0
16,Karnataka,0,1,2023,32,Cheating (Sec.420 IPC),IPC,1,5
16,Karnataka,0,1,2023,33,"Forgery (Sec.465, 468 and 471)",IPC,1,1
16,Karnataka,0,1,2023,34,Defamation/ Morphing (Sec.469 IPC r/w IPC and Indecent representation of women Act),IPC,1,0
16,Karnataka,0,1,2023,35,Fake Profile (r/w IPC/SLL),IPC,1,0
16,Karnataka,0,1,2023,36,Counterfeiting - Counterfeiting (Total),IPC,0,0
16,Karnataka,0,1,2023,37,Counterfeiting - A) Currency (Sec.489A to 489E),IPC,1,0
16,Karnataka,0,1,2023,38,CounterfeitingB) Stamps (Sec.255),IPC,1,0
16,Karnataka,0,1,2023,39,"Cyber Blackmailing/ Threatening (Sec.506,503,384 IPC)",IPC,1,1
16,Karnataka,0,1,2023,40,Fake News on Social Media (Sec.505),IPC,1,4
16,Karnataka,0,1,2023,41,Other Offences (r/w IT Act),IPC,1,1
16,Karnataka,0,1,2023,42,Total Offences under IPC,IPC,0,18
16,Karnataka,0,1,2023,43,Gambling Act (Online Gambling),SLL,1,0
16,Karnataka,0,1,2023,44,Lotteries Act (Online Lotteries),SLL,1,0
16,Karnataka,0,1,2023,45,"Copy Right Act, 1957",SLL,1,0
16,Karnataka,0,1,2023,46,"Trade Marks Act, 1999",SLL,1,0
16,Karnataka,0,1,2023,47,Other SLL Crimes,SLL,1,1
16,Karnataka,0,1,2023,48,Total Offences under SLL,SLL,0,1
16,Karnataka,0,1,2023,49,Total Cyber Crimes (Grand Total),Grand Total,0,21889
17,Kerala,0,1,2023,1,Tampering Computer Source documents (Sec.65),IT Act,1,3
17,Kerala,0,1,2023,2,Computer Related Offences - Computer Related Offences (Total),IT Act,0,643
17,Kerala,0,1,2023,3,Computer Related Offences - A) Computer Related Offences (Sec.66) (Total),IT Act,0,14
17,Kerala,0,1,2023,4,Computer Related Offences - Computer Related Offences (Sec.66) - a1) Ransom-ware,IT Act,1,1
17,Kerala,0,1,2023,5,Computer Related Offences - Computer Related Offences (Sec.66) - a2) Offences other than Ransom-ware,IT Act,1,13
17,Kerala,0,1,2023,6,Computer Related Offences - B) Dishonesty receiving stolen computer resource or communication device (Sec.66B),IT Act,1,3
17,Kerala,0,1,2023,7,Computer Related Offences - C) Identity Theft (Sec.66C),IT Act,1,76
17,Kerala,0,1,2023,8,Computer Related Offences - D) Cheating by personation by using computer resource (Sec.66D),IT Act,1,526
17,Kerala,0,1,2023,9,Computer Related Offences - E) Violation of Privacy (Sec.66E),IT Act,1,24
17,Kerala,0,1,2023,10,Cyber Terrorism (Sec.66 F),IT Act,1,2
17,Kerala,0,1,2023,11,Publication/ transmission of obscene / sexually explicit act in electronic form (Sec. 67) - Publication/ transmission of obscene / sexually explicit act in electronic form (Total),IT Act,0,432
17,Kerala,0,1,2023,12,Publication/ transmission of obscene / sexually explicit act in electronic form (Sec. 67) - A) Publishing or transmitting obscene material in Electronic Form,IT Act,1,19
17,Kerala,0,1,2023,13,Publication/transmission of obscene / sexually explicit act in electronic form (Sec. 67) - B) Publishing or transmitting of material containing Sexually explicit act in electronic form (Sec.67A),IT Act,1,85
17,Kerala,0,1,2023,14,Publication/transmission of obscene / sexually explicit act in electronic form (Sec. 67) - C) Publishing or transmitting of material depicting children in Sexually explicit act in electronic form (Sec.67B),IT Act,1,321
17,Kerala,0,1,2023,15,Publication/transmission of obscene / sexually explicit act in electronic form (Sec. 67) - D) Preservation and retention of information by intermediaries (Sec.67C),IT Act,1,2
17,Kerala,0,1,2023,16,Publication/transmission of obscene / sexually explicit act in electronic form (Sec. 67) - E) Other sub-sections of Sec. 67 IT Act,IT Act,1,5
17,Kerala,0,1,2023,17,Interception or Monitoring or decryption of Information (Sec.69),IT Act,1,0
17,Kerala,0,1,2023,18,Un-authorized access/attempt to access to protected computer system (Sec.70),IT Act,1,0
17,Kerala,0,1,2023,19,Abetment to Commit Offences (Sec.84 B),IT Act,1,0
17,Kerala,0,1,2023,20,Attempt to Commit Offences (Sec.84C),IT Act,1,0
17,Kerala,0,1,2023,21,Other Sections of IT Act,IT Act,1,9
17,Kerala,0,1,2023,22,Total Offences under I.T. Act,IT Act,0,1089
17,Kerala,0,1,2023,23,Abetment of Suicide (Online) (Sec.305/306 IPC),IPC,1,0
17,Kerala,0,1,2023,24,Cyber Stalking/ Bullying of Women/ Children (Sec.354D IPC),IPC,1,51
17,Kerala,0,1,2023,25,Data theft (Sec.379 to 381),IPC,1,4
17,Kerala,0,1,2023,26,"Fraud (Sec.420 r/w Sec.465, 468- 471 IPC) - Fraud (Sec.420 r/w Sec.465,468- 471 IPC) (Total)",IPC,0,117
17,Kerala,0,1,2023,27,"Fraud (Sec.420 r/w Sec.465, 468- 471 IPC) - A) Credit Card/Debit Card",IPC,1,6
17,Kerala,0,1,2023,28,"Fraud (Sec.420 r/w Sec.465, 468- 471 IPC) - B) ATMs",IPC,1,0
17,Kerala,0,1,2023,29,"Fraud (Sec.420 r/w Sec.465, 468- 471 IPC) - C) Online Banking Fraud",IPC,1,60
17,Kerala,0,1,2023,30,"Fraud (Sec.420 r/w Sec.465, 468- 471 IPC) - D) OTP Frauds",IPC,1,45
17,Kerala,0,1,2023,31,"Fraud (Sec.420 r/w Sec.465, 468- 471 IPC) - E) Others",IPC,1,6
17,Kerala,0,1,2023,32,Cheating (Sec.420 IPC),IPC,1,1719
17,Kerala,0,1,2023,33,"Forgery (Sec.465, 468 and 471)",IPC,1,8
17,Kerala,0,1,2023,34,Defamation/ Morphing (Sec.469 IPC r/w IPC and Indecent representation of women Act),IPC,1,0
17,Kerala,0,1,2023,35,Fake Profile (r/w IPC/SLL),IPC,1,30
17,Kerala,0,1,2023,36,Counterfeiting - Counterfeiting (Total),IPC,0,0
17,Kerala,0,1,2023,37,Counterfeiting - A) Currency (Sec.489A to 489E),IPC,1,0
17,Kerala,0,1,2023,38,CounterfeitingB) Stamps (Sec.255),IPC,1,0
17,Kerala,0,1,2023,39,"Cyber Blackmailing/ Threatening (Sec.506,503,384 IPC)",IPC,1,10
17,Kerala,0,1,2023,40,Fake News on Social Media (Sec.505),IPC,1,0
17,Kerala,0,1,2023,41,Other Offences (r/w IT Act),IPC,1,171
17,Kerala,0,1,2023,42,Total Offences under IPC,IPC,0,2110
17,Kerala,0,1,2023,43,Gambling Act (Online Gambling),SLL,1,0
17,Kerala,0,1,2023,44,Lotteries Act (Online Lotteries),SLL,1,0
17,Kerala,0,1,2023,45,"Copy Right Act, 1957",SLL,1,0
17,Kerala,0,1,2023,46,"Trade Marks Act, 1999",SLL,1,0
17,Kerala,0,1,2023,47,Other SLL Crimes,SLL,1,96
17,Kerala,0,1,2023,48,Total Offences under SLL,SLL,0,96
17,Kerala,0,1,2023,49,Total Cyber Crimes (Grand Total),Grand Total,0,3295
18,Ladakh,1,1,2023,1,Tampering Computer Source documents (Sec.65),IT Act,1,0
18,Ladakh,1,1,2023,2,Computer Related Offences - Computer Related Offences (Total),IT Act,0,0
18,Ladakh,1,1,2023,3,Computer Related Offences - A) Computer Related Offences (Sec.66) (Total),IT Act,0,0
18,Ladakh,1,1,2023,4,Computer Related Offences - Computer Related Offences (Sec.66) - a1) Ransom-ware,IT Act,1,0
18,Ladakh,1,1,2023,5,Computer Related Offences - Computer Related Offences (Sec.66) - a2) Offences other than Ransom-ware,IT Act,1,0
18,Ladakh,1,1,2023,6,Computer Related Offences - B) Dishonesty receiving stolen computer resource or communication device (Sec.66B),IT Act,1,0
18,Ladakh,1,1,2023,7,Computer Related Offences - C) Identity Theft (Sec.66C),IT Act,1,0
18,Ladakh,1,1,2023,8,Computer Related Offences - D) Cheating by personation by using computer resource (Sec.66D),IT Act,1,0
18,Ladakh,1,1,2023,9,Computer Related Offences - E) Violation of Privacy (Sec.66E),IT Act,1,0
18,Ladakh,1,1,2023,10,Cyber Terrorism (Sec.66 F),IT Act,1,0
18,Ladakh,1,1,2023,11,Publication/ transmission of obscene / sexually explicit act in electronic form (Sec. 67) - Publication/ transmission of obscene / sexually explicit act in electronic form (Total),IT Act,0,0
18,Ladakh,1,1,2023,12,Publication/ transmission of obscene / sexually explicit act in electronic form (Sec. 67) - A) Publishing or transmitting obscene material in Electronic Form,IT Act,1,0
18,Ladakh,1,1,2023,13,Publication/transmission of obscene / sexually explicit act in electronic form (Sec. 67) - B) Publishing or transmitting of material containing Sexually explicit act in electronic form (Sec.67A),IT Act,1,0
18,Ladakh,1,1,2023,14,Publication/transmission of obscene / sexually explicit act in electronic form (Sec. 67) - C) Publishing or transmitting of material depicting children in Sexually explicit act in electronic form (Sec.67B),IT Act,1,0
18,Ladakh,1,1,2023,15,Publication/transmission of obscene / sexually explicit act in electronic form (Sec. 67) - D) Preservation and retention of information by intermediaries (Sec.67C),IT Act,1,0
18,Ladakh,1,1,2023,16,Publication/transmission of obscene / sexually explicit act in electronic form (Sec. 67) - E) Other sub-sections of Sec. 67 IT Act,IT Act,1,0
18,Ladakh,1,1,2023,17,Interception or Monitoring or decryption of Information (Sec.69),IT Act,1,0
18,Ladakh,1,1,2023,18,Un-authorized access/attempt to access to protected computer system (Sec.70),IT Act,1,0
18,Ladakh,1,1,2023,19,Abetment to Commit Offences (Sec.84 B),IT Act,1,0
18,Ladakh,1,1,2023,20,Attempt to Commit Offences (Sec.84C),IT Act,1,0
18,Ladakh,1,1,2023,21,Other Sections of IT Act,IT Act,1,0
18,Ladakh,1,1,2023,22,Total Offences under I.T. Act,IT Act,0,0
18,Ladakh,1,1,2023,23,Abetment of Suicide (Online) (Sec.305/306 IPC),IPC,1,0
18,Ladakh,1,1,2023,24,Cyber Stalking/ Bullying of Women/ Children (Sec.354D IPC),IPC,1,0
18,Ladakh,1,1,2023,25,Data theft (Sec.379 to 381),IPC,1,0
18,Ladakh,1,1,2023,26,"Fraud (Sec.420 r/w Sec.465, 468- 471 IPC) - Fraud (Sec.420 r/w Sec.465,468- 471 IPC) (Total)",IPC,0,0
18,Ladakh,1,1,2023,27,"Fraud (Sec.420 r/w Sec.465, 468- 471 IPC) - A) Credit Card/Debit Card",IPC,1,0
18,Ladakh,1,1,2023,28,"Fraud (Sec.420 r/w Sec.465, 468- 471 IPC) - B) ATMs",IPC,1,0
18,Ladakh,1,1,2023,29,"Fraud (Sec.420 r/w Sec.465, 468- 471 IPC) - C) Online Banking Fraud",IPC,1,0
18,Ladakh,1,1,2023,30,"Fraud (Sec.420 r/w Sec.465, 468- 471 IPC) - D) OTP Frauds",IPC,1,0
18,Ladakh,1,1,2023,31,"Fraud (Sec.420 r/w Sec.465, 468- 471 IPC) - E) Others",IPC,1,0
18,Ladakh,1,1,2023,32,Cheating (Sec.420 IPC),IPC,1,0
18,Ladakh,1,1,2023,33,"Forgery (Sec.465, 468 and 471)",IPC,1,0
18,Ladakh,1,1,2023,34,Defamation/ Morphing (Sec.469 IPC r/w IPC and Indecent representation of women Act),IPC,1,0
18,Ladakh,1,1,2023,35,Fake Profile (r/w IPC/SLL),IPC,1,0
18,Ladakh,1,1,2023,36,Counterfeiting - Counterfeiting (Total),IPC,0,0
18,Ladakh,1,1,2023,37,Counterfeiting - A) Currency (Sec.489A to 489E),IPC,1,0
18,Ladakh,1,1,2023,38,CounterfeitingB) Stamps (Sec.255),IPC,1,0
18,Ladakh,1,1,2023,39,"Cyber Blackmailing/ Threatening (Sec.506,503,384 IPC)",IPC,1,0
18,Ladakh,1,1,2023,40,Fake News on Social Media (Sec.505),IPC,1,0
18,Ladakh,1,1,2023,41,Other Offences (r/w IT Act),IPC,1,0
18,Ladakh,1,1,2023,42,Total Offences under IPC,IPC,0,0
18,Ladakh,1,1,2023,43,Gambling Act (Online Gambling),SLL,1,0
18,Ladakh,1,1,2023,44,Lotteries Act (Online Lotteries),SLL,1,0
18,Ladakh,1,1,2023,45,"Copy Right Act, 1957",SLL,1,0
18,Ladakh,1,1,2023,46,"Trade Marks Act, 1999",SLL,1,0
18,Ladakh,1,1,2023,47,Other SLL Crimes,SLL,1,1
18,Ladakh,1,1,2023,48,Total Offences under SLL,SLL,0,1
18,Ladakh,1,1,2023,49,Total Cyber Crimes (Grand Total),Grand Total,0,1
19,Lakshadweep,1,1,2023,1,Tampering Computer Source documents (Sec.65),IT Act,1,0
19,Lakshadweep,1,1,2023,2,Computer Related Offences - Computer Related Offences (Total),IT Act,0,0
19,Lakshadweep,1,1,2023,3,Computer Related Offences - A) Computer Related Offences (Sec.66) (Total),IT Act,0,0
19,Lakshadweep,1,1,2023,4,Computer Related Offences - Computer Related Offences (Sec.66) - a1) Ransom-ware,IT Act,1,0
19,Lakshadweep,1,1,2023,5,Computer Related Offences - Computer Related Offences (Sec.66) - a2) Offences other than Ransom-ware,IT Act,1,0
19,Lakshadweep,1,1,2023,6,Computer Related Offences - B) Dishonesty receiving stolen computer resource or communication device (Sec.66B),IT Act,1,0
19,Lakshadweep,1,1,2023,7,Computer Related Offences - C) Identity Theft (Sec.66C),IT Act,1,0
19,Lakshadweep,1,1,2023,8,Computer Related Offences - D) Cheating by personation by using computer resource (Sec.66D),IT Act,1,0
19,Lakshadweep,1,1,2023,9,Computer Related Offences - E) Violation of Privacy (Sec.66E),IT Act,1,0
19,Lakshadweep,1,1,2023,10,Cyber Terrorism (Sec.66 F),IT Act,1,0
19,Lakshadweep,1,1,2023,11,Publication/ transmission of obscene / sexually explicit act in electronic form (Sec. 67) - Publication/ transmission of obscene / sexually explicit act in electronic form (Total),IT Act,0,1
19,Lakshadweep,1,1,2023,12,Publication/ transmission of obscene / sexually explicit act in electronic form (Sec. 67) - A) Publishing or transmitting obscene material in Electronic Form,IT Act,1,0
19,Lakshadweep,1,1,2023,13,Publication/transmission of obscene / sexually explicit act in electronic form (Sec. 67) - B) Publishing or transmitting of material containing Sexually explicit act in electronic form (Sec.67A),IT Act,1,1
19,Lakshadweep,1,1,2023,14,Publication/transmission of obscene / sexually explicit act in electronic form (Sec. 67) - C) Publishing or transmitting of material depicting children in Sexually explicit act in electronic form (Sec.67B),IT Act,1,0
19,Lakshadweep,1,1,2023,15,Publication/transmission of obscene / sexually explicit act in electronic form (Sec. 67) - D) Preservation and retention of information by intermediaries (Sec.67C),IT Act,1,0
19,Lakshadweep,1,1,2023,16,Publication/transmission of obscene / sexually explicit act in electronic form (Sec. 67) - E) Other sub-sections of Sec. 67 IT Act,IT Act,1,0
19,Lakshadweep,1,1,2023,17,Interception or Monitoring or decryption of Information (Sec.69),IT Act,1,0
19,Lakshadweep,1,1,2023,18,Un-authorized access/attempt to access to protected computer system (Sec.70),IT Act,1,0
19,Lakshadweep,1,1,2023,19,Abetment to Commit Offences (Sec.84 B),IT Act,1,0
19,Lakshadweep,1,1,2023,20,Attempt to Commit Offences (Sec.84C),IT Act,1,0
19,Lakshadweep,1,1,2023,21,Other Sections of IT Act,IT Act,1,0
19,Lakshadweep,1,1,2023,22,Total Offences under I.T. Act,IT Act,0,1
19,Lakshadweep,1,1,2023,23,Abetment of Suicide (Online) (Sec.305/306 IPC),IPC,1,0
19,Lakshadweep,1,1,2023,24,Cyber Stalking/ Bullying of Women/ Children (Sec.354D IPC),IPC,1,0
19,Lakshadweep,1,1,2023,25,Data theft (Sec.379 to 381),IPC,1,0
19,Lakshadweep,1,1,2023,26,"Fraud (Sec.420 r/w Sec.465, 468- 471 IPC) - Fraud (Sec.420 r/w Sec.465,468- 471 IPC) (Total)",IPC,0,0
19,Lakshadweep,1,1,2023,27,"Fraud (Sec.420 r/w Sec.465, 468- 471 IPC) - A) Credit Card/Debit Card",IPC,1,0
19,Lakshadweep,1,1,2023,28,"Fraud (Sec.420 r/w Sec.465, 468- 471 IPC) - B) ATMs",IPC,1,0
19,Lakshadweep,1,1,2023,29,"Fraud (Sec.420 r/w Sec.465, 468- 471 IPC) - C) Online Banking Fraud",IPC,1,0
19,Lakshadweep,1,1,2023,30,"Fraud (Sec.420 r/w Sec.465, 468- 471 IPC) - D) OTP Frauds",IPC,1,0
19,Lakshadweep,1,1,2023,31,"Fraud (Sec.420 r/w Sec.465, 468- 471 IPC) - E) Others",IPC,1,0
19,Lakshadweep,1,1,2023,32,Cheating (Sec.420 IPC),IPC,1,0
19,Lakshadweep,1,1,2023,33,"Forgery (Sec.465, 468 and 471)",IPC,1,0
19,Lakshadweep,1,1,2023,34,Defamation/ Morphing (Sec.469 IPC r/w IPC and Indecent representation of women Act),IPC,1,0
19,Lakshadweep,1,1,2023,35,Fake Profile (r/w IPC/SLL),IPC,1,0
19,Lakshadweep,1,1,2023,36,Counterfeiting - Counterfeiting (Total),IPC,0,0
19,Lakshadweep,1,1,2023,37,Counterfeiting - A) Currency (Sec.489A to 489E),IPC,1,0
19,Lakshadweep,1,1,2023,38,CounterfeitingB) Stamps (Sec.255),IPC,1,0
19,Lakshadweep,1,1,2023,39,"Cyber Blackmailing/ Threatening (Sec.506,503,384 IPC)",IPC,1,0
19,Lakshadweep,1,1,2023,40,Fake News on Social Media (Sec.505),IPC,1,0
19,Lakshadweep,1,1,2023,41,Other Offences (r/w IT Act),IPC,1,0
19,Lakshadweep,1,1,2023,42,Total Offences under IPC,IPC,0,0
19,Lakshadweep,1,1,2023,43,Gambling Act (Online Gambling),SLL,1,0
19,Lakshadweep,1,1,2023,44,Lotteries Act (Online Lotteries),SLL,1,0
19,Lakshadweep,1,1,2023,45,"Copy Right Act, 1957",SLL,1,0
19,Lakshadweep,1,1,2023,46,"Trade Marks Act, 1999",SLL,1,0
19,Lakshadweep,1,1,2023,47,Other SLL Crimes,SLL,1,0
19,Lakshadweep,1,1,2023,48,Total Offences under SLL,SLL,0,0
19,Lakshadweep,1,1,2023,49,Total Cyber Crimes (Grand Total),Grand Total,0,1
20,Madhya Pradesh,0,1,2023,1,Tampering Computer Source documents (Sec.65),IT Act,1,0
20,Madhya Pradesh,0,1,2023,2,Computer Related Offences - Computer Related Offences (Total),IT Act,0,191
20,Madhya Pradesh,0,1,2023,3,Computer Related Offences - A) Computer Related Offences (Sec.66) (Total),IT Act,0,2
20,Madhya Pradesh,0,1,2023,4,Computer Related Offences - Computer Related Offences (Sec.66) - a1) Ransom-ware,IT Act,1,1
20,Madhya Pradesh,0,1,2023,5,Computer Related Offences - Computer Related Offences (Sec.66) - a2) Offences other than Ransom-ware,IT Act,1,1
20,Madhya Pradesh,0,1,2023,6,Computer Related Offences - B) Dishonesty receiving stolen computer resource or communication device (Sec.66B),IT Act,1,1
20,Madhya Pradesh,0,1,2023,7,Computer Related Offences - C) Identity Theft (Sec.66C),IT Act,1,19
20,Madhya Pradesh,0,1,2023,8,Computer Related Offences - D) Cheating by personation by using computer resource (Sec.66D),IT Act,1,159
20,Madhya Pradesh,0,1,2023,9,Computer Related Offences - E) Violation of Privacy (Sec.66E),IT Act,1,10
20,Madhya Pradesh,0,1,2023,10,Cyber Terrorism (Sec.66 F),IT Act,1,0
20,Madhya Pradesh,0,1,2023,11,Publication/ transmission of obscene / sexually explicit act in electronic form (Sec. 67) - Publication/ transmission of obscene / sexually explicit act in electronic form (Total),IT Act,0,68
20,Madhya Pradesh,0,1,2023,12,Publication/ transmission of obscene / sexually explicit act in electronic form (Sec. 67) - A) Publishing or transmitting obscene material in Electronic Form,IT Act,1,23
20,Madhya Pradesh,0,1,2023,13,Publication/transmission of obscene / sexually explicit act in electronic form (Sec. 67) - B) Publishing or transmitting of material containing Sexually explicit act in electronic form (Sec.67A),IT Act,1,35
20,Madhya Pradesh,0,1,2023,14,Publication/transmission of obscene / sexually explicit act in electronic form (Sec. 67) - C) Publishing or transmitting of material depicting children in Sexually explicit act in electronic form (Sec.67B),IT Act,1,5
20,Madhya Pradesh,0,1,2023,15,Publication/transmission of obscene / sexually explicit act in electronic form (Sec. 67) - D) Preservation and retention of information by intermediaries (Sec.67C),IT Act,1,0
20,Madhya Pradesh,0,1,2023,16,Publication/transmission of obscene / sexually explicit act in electronic form (Sec. 67) - E) Other sub-sections of Sec. 67 IT Act,IT Act,1,5
20,Madhya Pradesh,0,1,2023,17,Interception or Monitoring or decryption of Information (Sec.69),IT Act,1,0
20,Madhya Pradesh,0,1,2023,18,Un-authorized access/attempt to access to protected computer system (Sec.70),IT Act,1,1
20,Madhya Pradesh,0,1,2023,19,Abetment to Commit Offences (Sec.84 B),IT Act,1,0
20,Madhya Pradesh,0,1,2023,20,Attempt to Commit Offences (Sec.84C),IT Act,1,1
20,Madhya Pradesh,0,1,2023,21,Other Sections of IT Act,IT Act,1,6
20,Madhya Pradesh,0,1,2023,22,Total Offences under I.T. Act,IT Act,0,267
20,Madhya Pradesh,0,1,2023,23,Abetment of Suicide (Online) (Sec.305/306 IPC),IPC,1,5
20,Madhya Pradesh,0,1,2023,24,Cyber Stalking/ Bullying of Women/ Children (Sec.354D IPC),IPC,1,68
20,Madhya Pradesh,0,1,2023,25,Data theft (Sec.379 to 381),IPC,1,2
20,Madhya Pradesh,0,1,2023,26,"Fraud (Sec.420 r/w Sec.465, 468- 471 IPC) - Fraud (Sec.420 r/w Sec.465,468- 471 IPC) (Total)",IPC,0,91
20,Madhya Pradesh,0,1,2023,27,"Fraud (Sec.420 r/w Sec.465, 468- 471 IPC) - A) Credit Card/Debit Card",IPC,1,0
20,Madhya Pradesh,0,1,2023,28,"Fraud (Sec.420 r/w Sec.465, 468- 471 IPC) - B) ATMs",IPC,1,3
20,Madhya Pradesh,0,1,2023,29,"Fraud (Sec.420 r/w Sec.465, 468- 471 IPC) - C) Online Banking Fraud",IPC,1,61
20,Madhya Pradesh,0,1,2023,30,"Fraud (Sec.420 r/w Sec.465, 468- 471 IPC) - D) OTP Frauds",IPC,1,10
20,Madhya Pradesh,0,1,2023,31,"Fraud (Sec.420 r/w Sec.465, 468- 471 IPC) - E) Others",IPC,1,17
20,Madhya Pradesh,0,1,2023,32,Cheating (Sec.420 IPC),IPC,1,78
20,Madhya Pradesh,0,1,2023,33,"Forgery (Sec.465, 468 and 471)",IPC,1,7
20,Madhya Pradesh,0,1,2023,34,Defamation/ Morphing (Sec.469 IPC r/w IPC and Indecent representation of women Act),IPC,1,4
20,Madhya Pradesh,0,1,2023,35,Fake Profile (r/w IPC/SLL),IPC,1,0
20,Madhya Pradesh,0,1,2023,36,Counterfeiting - Counterfeiting (Total),IPC,0,0
20,Madhya Pradesh,0,1,2023,37,Counterfeiting - A) Currency (Sec.489A to 489E),IPC,1,0
20,Madhya Pradesh,0,1,2023,38,CounterfeitingB) Stamps (Sec.255),IPC,1,0
20,Madhya Pradesh,0,1,2023,39,"Cyber Blackmailing/ Threatening (Sec.506,503,384 IPC)",IPC,1,20
20,Madhya Pradesh,0,1,2023,40,Fake News on Social Media (Sec.505),IPC,1,4
20,Madhya Pradesh,0,1,2023,41,Other Offences (r/w IT Act),IPC,1,134
20,Madhya Pradesh,0,1,2023,42,Total Offences under IPC,IPC,0,413
20,Madhya Pradesh,0,1,2023,43,Gambling Act (Online Gambling),SLL,1,4
20,Madhya Pradesh,0,1,2023,44,Lotteries Act (Online Lotteries),SLL,1,0
20,Madhya Pradesh,0,1,2023,45,"Copy Right Act, 1957",SLL,1,0
20,Madhya Pradesh,0,1,2023,46,"Trade Marks Act, 1999",SLL,1,0
20,Madhya Pradesh,0,1,2023,47,Other SLL Crimes,SLL,1,1
20,Madhya Pradesh,0,1,2023,48,Total Offences under SLL,SLL,0,5
20,Madhya Pradesh,0,1,2023,49,Total Cyber Crimes (Grand Total),Grand Total,0,685
21,Maharashtra,0,1,2023,1,Tampering Computer Source documents (Sec.65),IT Act,1,7
21,Maharashtra,0,1,2023,2,Computer Related Offences - Computer Related Offences (Total),IT Act,0,746
21,Maharashtra,0,1,2023,3,Computer Related Offences - A) Computer Related Offences (Sec.66) (Total),IT Act,0,6
21,Maharashtra,0,1,2023,4,Computer Related Offences - Computer Related Offences (Sec.66) - a1) Ransom-ware,IT Act,1,2
21,Maharashtra,0,1,2023,5,Computer Related Offences - Computer Related Offences (Sec.66) - a2) Offences other than Ransom-ware,IT Act,1,4
21,Maharashtra,0,1,2023,6,Computer Related Offences - B) Dishonesty receiving stolen computer resource or communication device (Sec.66B),IT Act,1,8
21,Maharashtra,0,1,2023,7,Computer Related Offences - C) Identity Theft (Sec.66C),IT Act,1,474
21,Maharashtra,0,1,2023,8,Computer Related Offences - D) Cheating by personation by using computer resource (Sec.66D),IT Act,1,248
21,Maharashtra,0,1,2023,9,Computer Related Offences - E) Violation of Privacy (Sec.66E),IT Act,1,10
21,Maharashtra,0,1,2023,10,Cyber Terrorism (Sec.66 F),IT Act,1,0
21,Maharashtra,0,1,2023,11,Publication/ transmission of obscene / sexually explicit act in electronic form (Sec. 67) - Publication/ transmission of obscene / sexually explicit act in electronic form (Total),IT Act,0,173
21,Maharashtra,0,1,2023,12,Publication/ transmission of obscene / sexually explicit act in electronic form (Sec. 67) - A) Publishing or transmitting obscene material in Electronic Form,IT Act,1,91
21,Maharashtra,0,1,2023,13,Publication/transmission of obscene / sexually explicit act in electronic form (Sec. 67) - B) Publishing or transmitting of material containing Sexually explicit act in electronic form (Sec.67A),IT Act,1,47
21,Maharashtra,0,1,2023,14,Publication/transmission of obscene / sexually explicit act in electronic form (Sec. 67) - C) Publishing or transmitting of material depicting children in Sexually explicit act in electronic form (Sec.67B),IT Act,1,20
21,Maharashtra,0,1,2023,15,Publication/transmission of obscene / sexually explicit act in electronic form (Sec. 67) - D) Preservation and retention of information by intermediaries (Sec.67C),IT Act,1,5
21,Maharashtra,0,1,2023,16,Publication/transmission of obscene / sexually explicit act in electronic form (Sec. 67) - E) Other sub-sections of Sec. 67 IT Act,IT Act,1,10
21,Maharashtra,0,1,2023,17,Interception or Monitoring or decryption of Information (Sec.69),IT Act,1,0
21,Maharashtra,0,1,2023,18,Un-authorized access/attempt to access to protected computer system (Sec.70),IT Act,1,0
21,Maharashtra,0,1,2023,19,Abetment to Commit Offences (Sec.84 B),IT Act,1,0
21,Maharashtra,0,1,2023,20,Attempt to Commit Offences (Sec.84C),IT Act,1,0
21,Maharashtra,0,1,2023,21,Other Sections of IT Act,IT Act,1,34
21,Maharashtra,0,1,2023,22,Total Offences under I.T. Act,IT Act,0,960
21,Maharashtra,0,1,2023,23,Abetment of Suicide (Online) (Sec.305/306 IPC),IPC,1,8
21,Maharashtra,0,1,2023,24,Cyber Stalking/ Bullying of Women/ Children (Sec.354D IPC),IPC,1,411
21,Maharashtra,0,1,2023,25,Data theft (Sec.379 to 381),IPC,1,41
21,Maharashtra,0,1,2023,26,"Fraud (Sec.420 r/w Sec.465, 468- 471 IPC) - Fraud (Sec.420 r/w Sec.465,468- 471 IPC) (Total)",IPC,0,2075
21,Maharashtra,0,1,2023,27,"Fraud (Sec.420 r/w Sec.465, 468- 471 IPC) - A) Credit Card/Debit Card",IPC,1,229
21,Maharashtra,0,1,2023,28,"Fraud (Sec.420 r/w Sec.465, 468- 471 IPC) - B) ATMs",IPC,1,99
21,Maharashtra,0,1,2023,29,"Fraud (Sec.420 r/w Sec.465, 468- 471 IPC) - C) Online Banking Fraud",IPC,1,158
21,Maharashtra,0,1,2023,30,"Fraud (Sec.420 r/w Sec.465, 468- 471 IPC) - D) OTP Frauds",IPC,1,229
21,Maharashtra,0,1,2023,31,"Fraud (Sec.420 r/w Sec.465, 468- 471 IPC) - E) Others",IPC,1,1360
21,Maharashtra,0,1,2023,32,Cheating (Sec.420 IPC),IPC,1,3743
21,Maharashtra,0,1,2023,33,"Forgery (Sec.465, 468 and 471)",IPC,1,66
21,Maharashtra,0,1,2023,34,Defamation/ Morphing (Sec.469 IPC r/w IPC and Indecent representation of women Act),IPC,1,4
21,Maharashtra,0,1,2023,35,Fake Profile (r/w IPC/SLL),IPC,1,38
21,Maharashtra,0,1,2023,36,Counterfeiting - Counterfeiting (Total),IPC,0,0
21,Maharashtra,0,1,2023,37,Counterfeiting - A) Currency (Sec.489A to 489E),IPC,1,0
21,Maharashtra,0,1,2023,38,CounterfeitingB) Stamps (Sec.255),IPC,1,0
21,Maharashtra,0,1,2023,39,"Cyber Blackmailing/ Threatening (Sec.506,503,384 IPC)",IPC,1,71
21,Maharashtra,0,1,2023,40,Fake News on Social Media (Sec.505),IPC,1,10
21,Maharashtra,0,1,2023,41,Other Offences (r/w IT Act),IPC,1,664
21,Maharashtra,0,1,2023,42,Total Offences under IPC,IPC,0,7131
21,Maharashtra,0,1,2023,43,Gambling Act (Online Gambling),SLL,1,11
21,Maharashtra,0,1,2023,44,Lotteries Act (Online Lotteries),SLL,1,0
21,Maharashtra,0,1,2023,45,"Copy Right Act, 1957",SLL,1,0
21,Maharashtra,0,1,2023,46,"Trade Marks Act, 1999",SLL,1,0
21,Maharashtra,0,1,2023,47,Other SLL Crimes,SLL,1,1
21,Maharashtra,0,1,2023,48,Total Offences under SLL,SLL,0,12
21,Maharashtra,0,1,2023,49,Total Cyber Crimes (Grand Total),Grand Total,0,8103
22,Manipur,0,1,2023,1,Tampering Computer Source documents (Sec.65),IT Act,1,0
22,Manipur,0,1,2023,2,Computer Related Offences - Computer Related Offences (Total),IT Act,0,1
22,Manipur,0,1,2023,3,Computer Related Offences - A) Computer Related Offences (Sec.66) (Total),IT Act,0,0
22,Manipur,0,1,2023,4,Computer Related Offences - Computer Related Offences (Sec.66) - a1) Ransom-ware,IT Act,1,0
22,Manipur,0,1,2023,5,Computer Related Offences - Computer Related Offences (Sec.66) - a2) Offences other than Ransom-ware,IT Act,1,0
22,Manipur,0,1,2023,6,Computer Related Offences - B) Dishonesty receiving stolen computer resource or communication device (Sec.66B),IT Act,1,0
22,Manipur,0,1,2023,7,Computer Related Offences - C) Identity Theft (Sec.66C),IT Act,1,0
22,Manipur,0,1,2023,8,Computer Related Offences - D) Cheating by personation by using computer resource (Sec.66D),IT Act,1,1
22,Manipur,0,1,2023,9,Computer Related Offences - E) Violation of Privacy (Sec.66E),IT Act,1,0
22,Manipur,0,1,2023,10,Cyber Terrorism (Sec.66 F),IT Act,1,0
22,Manipur,0,1,2023,11,Publication/ transmission of obscene / sexually explicit act in electronic form (Sec. 67) - Publication/ transmission of obscene / sexually explicit act in electronic form (Total),IT Act,0,1
22,Manipur,0,1,2023,12,Publication/ transmission of obscene / sexually explicit act in electronic form (Sec. 67) - A) Publishing or transmitting obscene material in Electronic Form,IT Act,1,0
22,Manipur,0,1,2023,13,Publication/transmission of obscene / sexually explicit act in electronic form (Sec. 67) - B) Publishing or transmitting of material containing Sexually explicit act in electronic form (Sec.67A),IT Act,1,1
22,Manipur,0,1,2023,14,Publication/transmission of obscene / sexually explicit act in electronic form (Sec. 67) - C) Publishing or transmitting of material depicting children in Sexually explicit act in electronic form (Sec.67B),IT Act,1,0
22,Manipur,0,1,2023,15,Publication/transmission of obscene / sexually explicit act in electronic form (Sec. 67) - D) Preservation and retention of information by intermediaries (Sec.67C),IT Act,1,0
22,Manipur,0,1,2023,16,Publication/transmission of obscene / sexually explicit act in electronic form (Sec. 67) - E) Other sub-sections of Sec. 67 IT Act,IT Act,1,0
22,Manipur,0,1,2023,17,Interception or Monitoring or decryption of Information (Sec.69),IT Act,1,0
22,Manipur,0,1,2023,18,Un-authorized access/attempt to access to protected computer system (Sec.70),IT Act,1,0
22,Manipur,0,1,2023,19,Abetment to Commit Offences (Sec.84 B),IT Act,1,0
22,Manipur,0,1,2023,20,Attempt to Commit Offences (Sec.84C),IT Act,1,0
22,Manipur,0,1,2023,21,Other Sections of IT Act,IT Act,1,0
22,Manipur,0,1,2023,22,Total Offences under I.T. Act,IT Act,0,2
22,Manipur,0,1,2023,23,Abetment of Suicide (Online) (Sec.305/306 IPC),IPC,1,0
22,Manipur,0,1,2023,24,Cyber Stalking/ Bullying of Women/ Children (Sec.354D IPC),IPC,1,0
22,Manipur,0,1,2023,25,Data theft (Sec.379 to 381),IPC,1,0
22,Manipur,0,1,2023,26,"Fraud (Sec.420 r/w Sec.465, 468- 471 IPC) - Fraud (Sec.420 r/w Sec.465,468- 471 IPC) (Total)",IPC,0,0
22,Manipur,0,1,2023,27,"Fraud (Sec.420 r/w Sec.465, 468- 471 IPC) - A) Credit Card/Debit Card",IPC,1,0
22,Manipur,0,1,2023,28,"Fraud (Sec.420 r/w Sec.465, 468- 471 IPC) - B) ATMs",IPC,1,0
22,Manipur,0,1,2023,29,"Fraud (Sec.420 r/w Sec.465, 468- 471 IPC) - C) Online Banking Fraud",IPC,1,0
22,Manipur,0,1,2023,30,"Fraud (Sec.420 r/w Sec.465, 468- 471 IPC) - D) OTP Frauds",IPC,1,0
22,Manipur,0,1,2023,31,"Fraud (Sec.420 r/w Sec.465, 468- 471 IPC) - E) Others",IPC,1,0
22,Manipur,0,1,2023,32,Cheating (Sec.420 IPC),IPC,1,0
22,Manipur,0,1,2023,33,"Forgery (Sec.465, 468 and 471)",IPC,1,0
22,Manipur,0,1,2023,34,Defamation/ Morphing (Sec.469 IPC r/w IPC and Indecent representation of women Act),IPC,1,0
22,Manipur,0,1,2023,35,Fake Profile (r/w IPC/SLL),IPC,1,0
22,Manipur,0,1,2023,36,Counterfeiting - Counterfeiting (Total),IPC,0,0
22,Manipur,0,1,2023,37,Counterfeiting - A) Currency (Sec.489A to 489E),IPC,1,0
22,Manipur,0,1,2023,38,CounterfeitingB) Stamps (Sec.255),IPC,1,0
22,Manipur,0,1,2023,39,"Cyber Blackmailing/ Threatening (Sec.506,503,384 IPC)",IPC,1,0
22,Manipur,0,1,2023,40,Fake News on Social Media (Sec.505),IPC,1,0
22,Manipur,0,1,2023,41,Other Offences (r/w IT Act),IPC,1,1
22,Manipur,0,1,2023,42,Total Offences under IPC,IPC,0,1
22,Manipur,0,1,2023,43,Gambling Act (Online Gambling),SLL,1,0
22,Manipur,0,1,2023,44,Lotteries Act (Online Lotteries),SLL,1,0
22,Manipur,0,1,2023,45,"Copy Right Act, 1957",SLL,1,0
22,Manipur,0,1,2023,46,"Trade Marks Act, 1999",SLL,1,0
22,Manipur,0,1,2023,47,Other SLL Crimes,SLL,1,0
22,Manipur,0,1,2023,48,Total Offences under SLL,SLL,0,0
22,Manipur,0,1,2023,49,Total Cyber Crimes (Grand Total),Grand Total,0,3
23,Meghalaya,0,1,2023,1,Tampering Computer Source documents (Sec.65),IT Act,1,0
23,Meghalaya,0,1,2023,2,Computer Related Offences - Computer Related Offences (Total),IT Act,0,39
23,Meghalaya,0,1,2023,3,Computer Related Offences - A) Computer Related Offences (Sec.66) (Total),IT Act,0,2
23,Meghalaya,0,1,2023,4,Computer Related Offences - Computer Related Offences (Sec.66) - a1) Ransom-ware,IT Act,1,0
23,Meghalaya,0,1,2023,5,Computer Related Offences - Computer Related Offences (Sec.66) - a2) Offences other than Ransom-ware,IT Act,1,2
23,Meghalaya,0,1,2023,6,Computer Related Offences - B) Dishonesty receiving stolen computer resource or communication device (Sec.66B),IT Act,1,0
23,Meghalaya,0,1,2023,7,Computer Related Offences - C) Identity Theft (Sec.66C),IT Act,1,8
23,Meghalaya,0,1,2023,8,Computer Related Offences - D) Cheating by personation by using computer resource (Sec.66D),IT Act,1,27
23,Meghalaya,0,1,2023,9,Computer Related Offences - E) Violation of Privacy (Sec.66E),IT Act,1,2
23,Meghalaya,0,1,2023,10,Cyber Terrorism (Sec.66 F),IT Act,1,0
23,Meghalaya,0,1,2023,11,Publication/ transmission of obscene / sexually explicit act in electronic form (Sec. 67) - Publication/ transmission of obscene / sexually explicit act in electronic form (Total),IT Act,0,18
23,Meghalaya,0,1,2023,12,Publication/ transmission of obscene / sexually explicit act in electronic form (Sec. 67) - A) Publishing or transmitting obscene material in Electronic Form,IT Act,1,3
23,Meghalaya,0,1,2023,13,Publication/transmission of obscene / sexually explicit act in electronic form (Sec. 67) - B) Publishing or transmitting of material containing Sexually explicit act in electronic form (Sec.67A),IT Act,1,9
23,Meghalaya,0,1,2023,14,Publication/transmission of obscene / sexually explicit act in electronic form (Sec. 67) - C) Publishing or transmitting of material depicting children in Sexually explicit act in electronic form (Sec.67B),IT Act,1,6
23,Meghalaya,0,1,2023,15,Publication/transmission of obscene / sexually explicit act in electronic form (Sec. 67) - D) Preservation and retention of information by intermediaries (Sec.67C),IT Act,1,0
23,Meghalaya,0,1,2023,16,Publication/transmission of obscene / sexually explicit act in electronic form (Sec. 67) - E) Other sub-sections of Sec. 67 IT Act,IT Act,1,0
23,Meghalaya,0,1,2023,17,Interception or Monitoring or decryption of Information (Sec.69),IT Act,1,0
23,Meghalaya,0,1,2023,18,Un-authorized access/attempt to access to protected computer system (Sec.70),IT Act,1,0
23,Meghalaya,0,1,2023,19,Abetment to Commit Offences (Sec.84 B),IT Act,1,0
23,Meghalaya,0,1,2023,20,Attempt to Commit Offences (Sec.84C),IT Act,1,0
23,Meghalaya,0,1,2023,21,Other Sections of IT Act,IT Act,1,5
23,Meghalaya,0,1,2023,22,Total Offences under I.T. Act,IT Act,0,62
23,Meghalaya,0,1,2023,23,Abetment of Suicide (Online) (Sec.305/306 IPC),IPC,1,0
23,Meghalaya,0,1,2023,24,Cyber Stalking/ Bullying of Women/ Children (Sec.354D IPC),IPC,1,0
23,Meghalaya,0,1,2023,25,Data theft (Sec.379 to 381),IPC,1,0
23,Meghalaya,0,1,2023,26,"Fraud (Sec.420 r/w Sec.465, 468- 471 IPC) - Fraud (Sec.420 r/w Sec.465,468- 471 IPC) (Total)",IPC,0,0
23,Meghalaya,0,1,2023,27,"Fraud (Sec.420 r/w Sec.465, 468- 471 IPC) - A) Credit Card/Debit Card",IPC,1,0
23,Meghalaya,0,1,2023,28,"Fraud (Sec.420 r/w Sec.465, 468- 471 IPC) - B) ATMs",IPC,1,0
23,Meghalaya,0,1,2023,29,"Fraud (Sec.420 r/w Sec.465, 468- 471 IPC) - C) Online Banking Fraud",IPC,1,0
23,Meghalaya,0,1,2023,30,"Fraud (Sec.420 r/w Sec.465, 468- 471 IPC) - D) OTP Frauds",IPC,1,0
23,Meghalaya,0,1,2023,31,"Fraud (Sec.420 r/w Sec.465, 468- 471 IPC) - E) Others",IPC,1,0
23,Meghalaya,0,1,2023,32,Cheating (Sec.420 IPC),IPC,1,0
23,Meghalaya,0,1,2023,33,"Forgery (Sec.465, 468 and 471)",IPC,1,0
23,Meghalaya,0,1,2023,34,Defamation/ Morphing (Sec.469 IPC r/w IPC and Indecent representation of women Act),IPC,1,0
23,Meghalaya,0,1,2023,35,Fake Profile (r/w IPC/SLL),IPC,1,1
23,Meghalaya,0,1,2023,36,Counterfeiting - Counterfeiting (Total),IPC,0,0
23,Meghalaya,0,1,2023,37,Counterfeiting - A) Currency (Sec.489A to 489E),IPC,1,0
23,Meghalaya,0,1,2023,38,CounterfeitingB) Stamps (Sec.255),IPC,1,0
23,Meghalaya,0,1,2023,39,"Cyber Blackmailing/ Threatening (Sec.506,503,384 IPC)",IPC,1,0
23,Meghalaya,0,1,2023,40,Fake News on Social Media (Sec.505),IPC,1,1
23,Meghalaya,0,1,2023,41,Other Offences (r/w IT Act),IPC,1,0
23,Meghalaya,0,1,2023,42,Total Offences under IPC,IPC,0,2
23,Meghalaya,0,1,2023,43,Gambling Act (Online Gambling),SLL,1,0
23,Meghalaya,0,1,2023,44,Lotteries Act (Online Lotteries),SLL,1,0
23,Meghalaya,0,1,2023,45,"Copy Right Act, 1957",SLL,1,0
23,Meghalaya,0,1,2023,46,"Trade Marks Act, 1999",SLL,1,0
23,Meghalaya,0,1,2023,47,Other SLL Crimes,SLL,1,0
23,Meghalaya,0,1,2023,48,Total Offences under SLL,SLL,0,0
23,Meghalaya,0,1,2023,49,Total Cyber Crimes (Grand Total),Grand Total,0,64
24,Mizoram,0,1,2023,1,Tampering Computer Source documents (Sec.65),IT Act,1,0
24,Mizoram,0,1,2023,2,Computer Related Offences - Computer Related Offences (Total),IT Act,0,8
24,Mizoram,0,1,2023,3,Computer Related Offences - A) Computer Related Offences (Sec.66) (Total),IT Act,0,1
24,Mizoram,0,1,2023,4,Computer Related Offences - Computer Related Offences (Sec.66) - a1) Ransom-ware,IT Act,1,0
24,Mizoram,0,1,2023,5,Computer Related Offences - Computer Related Offences (Sec.66) - a2) Offences other than Ransom-ware,IT Act,1,1
24,Mizoram,0,1,2023,6,Computer Related Offences - B) Dishonesty receiving stolen computer resource or communication device (Sec.66B),IT Act,1,0
24,Mizoram,0,1,2023,7,Computer Related Offences - C) Identity Theft (Sec.66C),IT Act,1,7
24,Mizoram,0,1,2023,8,Computer Related Offences - D) Cheating by personation by using computer resource (Sec.66D),IT Act,1,0
24,Mizoram,0,1,2023,9,Computer Related Offences - E) Violation of Privacy (Sec.66E),IT Act,1,0
24,Mizoram,0,1,2023,10,Cyber Terrorism (Sec.66 F),IT Act,1,0
24,Mizoram,0,1,2023,11,Publication/ transmission of obscene / sexually explicit act in electronic form (Sec. 67) - Publication/ transmission of obscene / sexually explicit act in electronic form (Total),IT Act,0,23
24,Mizoram,0,1,2023,12,Publication/ transmission of obscene / sexually explicit act in electronic form (Sec. 67) - A) Publishing or transmitting obscene material in Electronic Form,IT Act,1,19
24,Mizoram,0,1,2023,13,Publication/transmission of obscene / sexually explicit act in electronic form (Sec. 67) - B) Publishing or transmitting of material containing Sexually explicit act in electronic form (Sec.67A),IT Act,1,0
24,Mizoram,0,1,2023,14,Publication/transmission of obscene / sexually explicit act in electronic form (Sec. 67) - C) Publishing or transmitting of material depicting children in Sexually explicit act in electronic form (Sec.67B),IT Act,1,4
24,Mizoram,0,1,2023,15,Publication/transmission of obscene / sexually explicit act in electronic form (Sec. 67) - D) Preservation and retention of information by intermediaries (Sec.67C),IT Act,1,0
24,Mizoram,0,1,2023,16,Publication/transmission of obscene / sexually explicit act in electronic form (Sec. 67) - E) Other sub-sections of Sec. 67 IT Act,IT Act,1,0
24,Mizoram,0,1,2023,17,Interception or Monitoring or decryption of Information (Sec.69),IT Act,1,0
24,Mizoram,0,1,2023,18,Un-authorized access/attempt to access to protected computer system (Sec.70),IT Act,1,0
24,Mizoram,0,1,2023,19,Abetment to Commit Offences (Sec.84 B),IT Act,1,0
24,Mizoram,0,1,2023,20,Attempt to Commit Offences (Sec.84C),IT Act,1,0
24,Mizoram,0,1,2023,21,Other Sections of IT Act,IT Act,1,0
24,Mizoram,0,1,2023,22,Total Offences under I.T. Act,IT Act,0,31
24,Mizoram,0,1,2023,23,Abetment of Suicide (Online) (Sec.305/306 IPC),IPC,1,0
24,Mizoram,0,1,2023,24,Cyber Stalking/ Bullying of Women/ Children (Sec.354D IPC),IPC,1,0
24,Mizoram,0,1,2023,25,Data theft (Sec.379 to 381),IPC,1,0
24,Mizoram,0,1,2023,26,"Fraud (Sec.420 r/w Sec.465, 468- 471 IPC) - Fraud (Sec.420 r/w Sec.465,468- 471 IPC) (Total)",IPC,0,0
24,Mizoram,0,1,2023,27,"Fraud (Sec.420 r/w Sec.465, 468- 471 IPC) - A) Credit Card/Debit Card",IPC,1,0
24,Mizoram,0,1,2023,28,"Fraud (Sec.420 r/w Sec.465, 468- 471 IPC) - B) ATMs",IPC,1,0
24,Mizoram,0,1,2023,29,"Fraud (Sec.420 r/w Sec.465, 468- 471 IPC) - C) Online Banking Fraud",IPC,1,0
24,Mizoram,0,1,2023,30,"Fraud (Sec.420 r/w Sec.465, 468- 471 IPC) - D) OTP Frauds",IPC,1,0
24,Mizoram,0,1,2023,31,"Fraud (Sec.420 r/w Sec.465, 468- 471 IPC) - E) Others",IPC,1,0
24,Mizoram,0,1,2023,32,Cheating (Sec.420 IPC),IPC,1,0
24,Mizoram,0,1,2023,33,"Forgery (Sec.465, 468 and 471)",IPC,1,0
24,Mizoram,0,1,2023,34,Defamation/ Morphing (Sec.469 IPC r/w IPC and Indecent representation of women Act),IPC,1,0
24,Mizoram,0,1,2023,35,Fake Profile (r/w IPC/SLL),IPC,1,0
24,Mizoram,0,1,2023,36,Counterfeiting - Counterfeiting (Total),IPC,0,0
24,Mizoram,0,1,2023,37,Counterfeiting - A) Currency (Sec.489A to 489E),IPC,1,0
24,Mizoram,0,1,2023,38,CounterfeitingB) Stamps (Sec.255),IPC,1,0
24,Mizoram,0,1,2023,39,"Cyber Blackmailing/ Threatening (Sec.506,503,384 IPC)",IPC,1,0
24,Mizoram,0,1,2023,40,Fake News on Social Media (Sec.505),IPC,1,0
24,Mizoram,0,1,2023,41,Other Offences (r/w IT Act),IPC,1,0
24,Mizoram,0,1,2023,42,Total Offences under IPC,IPC,0,0
24,Mizoram,0,1,2023,43,Gambling Act (Online Gambling),SLL,1,0
24,Mizoram,0,1,2023,44,Lotteries Act (Online Lotteries),SLL,1,0
24,Mizoram,0,1,2023,45,"Copy Right Act, 1957",SLL,1,0
24,Mizoram,0,1,2023,46,"Trade Marks Act, 1999",SLL,1,0
24,Mizoram,0,1,2023,47,Other SLL Crimes,SLL,1,0
24,Mizoram,0,1,2023,48,Total Offences under SLL,SLL,0,0
24,Mizoram,0,1,2023,49,Total Cyber Crimes (Grand Total),Grand Total,0,31
25,Nagaland,0,1,2023,1,Tampering Computer Source documents (Sec.65),IT Act,1,0
25,Nagaland,0,1,2023,2,Computer Related Offences - Computer Related Offences (Total),IT Act,0,1
25,Nagaland,0,1,2023,3,Computer Related Offences - A) Computer Related Offences (Sec.66) (Total),IT Act,0,0
25,Nagaland,0,1,2023,4,Computer Related Offences - Computer Related Offences (Sec.66) - a1) Ransom-ware,IT Act,1,0
25,Nagaland,0,1,2023,5,Computer Related Offences - Computer Related Offences (Sec.66) - a2) Offences other than Ransom-ware,IT Act,1,0
25,Nagaland,0,1,2023,6,Computer Related Offences - B) Dishonesty receiving stolen computer resource or communication device (Sec.66B),IT Act,1,0
25,Nagaland,0,1,2023,7,Computer Related Offences - C) Identity Theft (Sec.66C),IT Act,1,0
25,Nagaland,0,1,2023,8,Computer Related Offences - D) Cheating by personation by using computer resource (Sec.66D),IT Act,1,1
25,Nagaland,0,1,2023,9,Computer Related Offences - E) Violation of Privacy (Sec.66E),IT Act,1,0
25,Nagaland,0,1,2023,10,Cyber Terrorism (Sec.66 F),IT Act,1,0
25,Nagaland,0,1,2023,11,Publication/ transmission of obscene / sexually explicit act in electronic form (Sec. 67) - Publication/ transmission of obscene / sexually explicit act in electronic form (Total),IT Act,0,1
25,Nagaland,0,1,2023,12,Publication/ transmission of obscene / sexually explicit act in electronic form (Sec. 67) - A) Publishing or transmitting obscene material in Electronic Form,IT Act,1,0
25,Nagaland,0,1,2023,13,Publication/transmission of obscene / sexually explicit act in electronic form (Sec. 67) - B) Publishing or transmitting of material containing Sexually explicit act in electronic form (Sec.67A),IT Act,1,0
25,Nagaland,0,1,2023,14,Publication/transmission of obscene / sexually explicit act in electronic form (Sec. 67) - C) Publishing or transmitting of material depicting children in Sexually explicit act in electronic form (Sec.67B),IT Act,1,1
25,Nagaland,0,1,2023,15,Publication/transmission of obscene / sexually explicit act in electronic form (Sec. 67) - D) Preservation and retention of information by intermediaries (Sec.67C),IT Act,1,0
25,Nagaland,0,1,2023,16,Publication/transmission of obscene / sexually explicit act in electronic form (Sec. 67) - E) Other sub-sections of Sec. 67 IT Act,IT Act,1,0
25,Nagaland,0,1,2023,17,Interception or Monitoring or decryption of Information (Sec.69),IT Act,1,0
25,Nagaland,0,1,2023,18,Un-authorized access/attempt to access to protected computer system (Sec.70),IT Act,1,0
25,Nagaland,0,1,2023,19,Abetment to Commit Offences (Sec.84 B),IT Act,1,0
25,Nagaland,0,1,2023,20,Attempt to Commit Offences (Sec.84C),IT Act,1,0
25,Nagaland,0,1,2023,21,Other Sections of IT Act,IT Act,1,0
25,Nagaland,0,1,2023,22,Total Offences under I.T. Act,IT Act,0,2
25,Nagaland,0,1,2023,23,Abetment of Suicide (Online) (Sec.305/306 IPC),IPC,1,0
25,Nagaland,0,1,2023,24,Cyber Stalking/ Bullying of Women/ Children (Sec.354D IPC),IPC,1,0
25,Nagaland,0,1,2023,25,Data theft (Sec.379 to 381),IPC,1,0
25,Nagaland,0,1,2023,26,"Fraud (Sec.420 r/w Sec.465, 468- 471 IPC) - Fraud (Sec.420 r/w Sec.465,468- 471 IPC) (Total)",IPC,0,0
25,Nagaland,0,1,2023,27,"Fraud (Sec.420 r/w Sec.465, 468- 471 IPC) - A) Credit Card/Debit Card",IPC,1,0
25,Nagaland,0,1,2023,28,"Fraud (Sec.420 r/w Sec.465, 468- 471 IPC) - B) ATMs",IPC,1,0
25,Nagaland,0,1,2023,29,"Fraud (Sec.420 r/w Sec.465, 468- 471 IPC) - C) Online Banking Fraud",IPC,1,0
25,Nagaland,0,1,2023,30,"Fraud (Sec.420 r/w Sec.465, 468- 471 IPC) - D) OTP Frauds",IPC,1,0
25,Nagaland,0,1,2023,31,"Fraud (Sec.420 r/w Sec.465, 468- 471 IPC) - E) Others",IPC,1,0
25,Nagaland,0,1,2023,32,Cheating (Sec.420 IPC),IPC,1,0
25,Nagaland,0,1,2023,33,"Forgery (Sec.465, 468 and 471)",IPC,1,0
25,Nagaland,0,1,2023,34,Defamation/ Morphing (Sec.469 IPC r/w IPC and Indecent representation of women Act),IPC,1,0
25,Nagaland,0,1,2023,35,Fake Profile (r/w IPC/SLL),IPC,1,0
25,Nagaland,0,1,2023,36,Counterfeiting - Counterfeiting (Total),IPC,0,0
25,Nagaland,0,1,2023,37,Counterfeiting - A) Currency (Sec.489A to 489E),IPC,1,0
25,Nagaland,0,1,2023,38,CounterfeitingB) Stamps (Sec.255),IPC,1,0
25,Nagaland,0,1,2023,39,"Cyber Blackmailing/ Threatening (Sec.506,503,384 IPC)",IPC,1,0
25,Nagaland,0,1,2023,40,Fake News on Social Media (Sec.505),IPC,1,0
25,Nagaland,0,1,2023,41,Other Offences (r/w IT Act),IPC,1,0
25,Nagaland,0,1,2023,42,Total Offences under IPC,IPC,0,0
25,Nagaland,0,1,2023,43,Gambling Act (Online Gambling),SLL,1,0
25,Nagaland,0,1,2023,44,Lotteries Act (Online Lotteries),SLL,1,0
25,Nagaland,0,1,2023,45,"Copy Right Act, 1957",SLL,1,0
25,Nagaland,0,1,2023,46,"Trade Marks Act, 1999",SLL,1,0
25,Nagaland,0,1,2023,47,Other SLL Crimes,SLL,1,0
25,Nagaland,0,1,2023,48,Total Offences under SLL,SLL,0,0
25,Nagaland,0,1,2023,49,Total Cyber Crimes (Grand Total),Grand Total,0,2
26,Odisha,0,1,2023,1,Tampering Computer Source documents (Sec.65),IT Act,1,0
26,Odisha,0,1,2023,2,Computer Related Offences - Computer Related Offences (Total),IT Act,0,127
26,Odisha,0,1,2023,3,Computer Related Offences - A) Computer Related Offences (Sec.66) (Total),IT Act,0,126
26,Odisha,0,1,2023,4,Computer Related Offences - Computer Related Offences (Sec.66) - a1) Ransom-ware,IT Act,1,10
26,Odisha,0,1,2023,5,Computer Related Offences - Computer Related Offences (Sec.66) - a2) Offences other than Ransom-ware,IT Act,1,116
26,Odisha,0,1,2023,6,Computer Related Offences - B) Dishonesty receiving stolen computer resource or communication device (Sec.66B),IT Act,1,0
26,Odisha,0,1,2023,7,Computer Related Offences - C) Identity Theft (Sec.66C),IT Act,1,1
26,Odisha,0,1,2023,8,Computer Related Offences - D) Cheating by personation by using computer resource (Sec.66D),IT Act,1,0
26,Odisha,0,1,2023,9,Computer Related Offences - E) Violation of Privacy (Sec.66E),IT Act,1,0
26,Odisha,0,1,2023,10,Cyber Terrorism (Sec.66 F),IT Act,1,0
26,Odisha,0,1,2023,11,Publication/ transmission of obscene / sexually explicit act in electronic form (Sec. 67) - Publication/ transmission of obscene / sexually explicit act in electronic form (Total),IT Act,0,761
26,Odisha,0,1,2023,12,Publication/ transmission of obscene / sexually explicit act in electronic form (Sec. 67) - A) Publishing or transmitting obscene material in Electronic Form,IT Act,1,403
26,Odisha,0,1,2023,13,Publication/transmission of obscene / sexually explicit act in electronic form (Sec. 67) - B) Publishing or transmitting of material containing Sexually explicit act in electronic form (Sec.67A),IT Act,1,289
26,Odisha,0,1,2023,14,Publication/transmission of obscene / sexually explicit act in electronic form (Sec. 67) - C) Publishing or transmitting of material depicting children in Sexually explicit act in electronic form (Sec.67B),IT Act,1,69
26,Odisha,0,1,2023,15,Publication/transmission of obscene / sexually explicit act in electronic form (Sec. 67) - D) Preservation and retention of information by intermediaries (Sec.67C),IT Act,1,0
26,Odisha,0,1,2023,16,Publication/transmission of obscene / sexually explicit act in electronic form (Sec. 67) - E) Other sub-sections of Sec. 67 IT Act,IT Act,1,0
26,Odisha,0,1,2023,17,Interception or Monitoring or decryption of Information (Sec.69),IT Act,1,0
26,Odisha,0,1,2023,18,Un-authorized access/attempt to access to protected computer system (Sec.70),IT Act,1,0
26,Odisha,0,1,2023,19,Abetment to Commit Offences (Sec.84 B),IT Act,1,0
26,Odisha,0,1,2023,20,Attempt to Commit Offences (Sec.84C),IT Act,1,0
26,Odisha,0,1,2023,21,Other Sections of IT Act,IT Act,1,4
26,Odisha,0,1,2023,22,Total Offences under I.T. Act,IT Act,0,892
26,Odisha,0,1,2023,23,Abetment of Suicide (Online) (Sec.305/306 IPC),IPC,1,0
26,Odisha,0,1,2023,24,Cyber Stalking/ Bullying of Women/ Children (Sec.354D IPC),IPC,1,0
26,Odisha,0,1,2023,25,Data theft (Sec.379 to 381),IPC,1,0
26,Odisha,0,1,2023,26,"Fraud (Sec.420 r/w Sec.465, 468- 471 IPC) - Fraud (Sec.420 r/w Sec.465,468- 471 IPC) (Total)",IPC,0,1362
26,Odisha,0,1,2023,27,"Fraud (Sec.420 r/w Sec.465, 468- 471 IPC) - A) Credit Card/Debit Card",IPC,1,136
26,Odisha,0,1,2023,28,"Fraud (Sec.420 r/w Sec.465, 468- 471 IPC) - B) ATMs",IPC,1,111
26,Odisha,0,1,2023,29,"Fraud (Sec.420 r/w Sec.465, 468- 471 IPC) - C) Online Banking Fraud",IPC,1,1081
26,Odisha,0,1,2023,30,"Fraud (Sec.420 r/w Sec.465, 468- 471 IPC) - D) OTP Frauds",IPC,1,9
26,Odisha,0,1,2023,31,"Fraud (Sec.420 r/w Sec.465, 468- 471 IPC) - E) Others",IPC,1,25
26,Odisha,0,1,2023,32,Cheating (Sec.420 IPC),IPC,1,0
26,Odisha,0,1,2023,33,"Forgery (Sec.465, 468 and 471)",IPC,1,1
26,Odisha,0,1,2023,34,Defamation/ Morphing (Sec.469 IPC r/w IPC and Indecent representation of women Act),IPC,1,0
26,Odisha,0,1,2023,35,Fake Profile (r/w IPC/SLL),IPC,1,0
26,Odisha,0,1,2023,36,Counterfeiting - Counterfeiting (Total),IPC,0,0
26,Odisha,0,1,2023,37,Counterfeiting - A) Currency (Sec.489A to 489E),IPC,1,0
26,Odisha,0,1,2023,38,CounterfeitingB) Stamps (Sec.255),IPC,1,0
26,Odisha,0,1,2023,39,"Cyber Blackmailing/ Threatening (Sec.506,503,384 IPC)",IPC,1,0
26,Odisha,0,1,2023,40,Fake News on Social Media (Sec.505),IPC,1,0
26,Odisha,0,1,2023,41,Other Offences (r/w IT Act),IPC,1,30
26,Odisha,0,1,2023,42,Total Offences under IPC,IPC,0,1393
26,Odisha,0,1,2023,43,Gambling Act (Online Gambling),SLL,1,0
26,Odisha,0,1,2023,44,Lotteries Act (Online Lotteries),SLL,1,0
26,Odisha,0,1,2023,45,"Copy Right Act, 1957",SLL,1,0
26,Odisha,0,1,2023,46,"Trade Marks Act, 1999",SLL,1,0
26,Odisha,0,1,2023,47,Other SLL Crimes,SLL,1,63
26,Odisha,0,1,2023,48,Total Offences under SLL,SLL,0,63
26,Odisha,0,1,2023,49,Total Cyber Crimes (Grand Total),Grand Total,0,2348
27,Puducherry,1,1,2023,1,Tampering Computer Source documents (Sec.65),IT Act,1,0
27,Puducherry,1,1,2023,2,Computer Related Offences - Computer Related Offences (Total),IT Act,0,125
27,Puducherry,1,1,2023,3,Computer Related Offences - A) Computer Related Offences (Sec.66) (Total),IT Act,0,72
27,Puducherry,1,1,2023,4,Computer Related Offences - Computer Related Offences (Sec.66) - a1) Ransom-ware,IT Act,1,0
27,Puducherry,1,1,2023,5,Computer Related Offences - Computer Related Offences (Sec.66) - a2) Offences other than Ransom-ware,IT Act,1,72
27,Puducherry,1,1,2023,6,Computer Related Offences - B) Dishonesty receiving stolen computer resource or communication device (Sec.66B),IT Act,1,7
27,Puducherry,1,1,2023,7,Computer Related Offences - C) Identity Theft (Sec.66C),IT Act,1,4
27,Puducherry,1,1,2023,8,Computer Related Offences - D) Cheating by personation by using computer resource (Sec.66D),IT Act,1,41
27,Puducherry,1,1,2023,9,Computer Related Offences - E) Violation of Privacy (Sec.66E),IT Act,1,1
27,Puducherry,1,1,2023,10,Cyber Terrorism (Sec.66 F),IT Act,1,0
27,Puducherry,1,1,2023,11,Publication/ transmission of obscene / sexually explicit act in electronic form (Sec. 67) - Publication/ transmission of obscene / sexually explicit act in electronic form (Total),IT Act,0,22
27,Puducherry,1,1,2023,12,Publication/ transmission of obscene / sexually explicit act in electronic form (Sec. 67) - A) Publishing or transmitting obscene material in Electronic Form,IT Act,1,10
27,Puducherry,1,1,2023,13,Publication/transmission of obscene / sexually explicit act in electronic form (Sec. 67) - B) Publishing or transmitting of material containing Sexually explicit act in electronic form (Sec.67A),IT Act,1,7
27,Puducherry,1,1,2023,14,Publication/transmission of obscene / sexually explicit act in electronic form (Sec. 67) - C) Publishing or transmitting of material depicting children in Sexually explicit act in electronic form (Sec.67B),IT Act,1,3
27,Puducherry,1,1,2023,15,Publication/transmission of obscene / sexually explicit act in electronic form (Sec. 67) - D) Preservation and retention of information by intermediaries (Sec.67C),IT Act,1,0
27,Puducherry,1,1,2023,16,Publication/transmission of obscene / sexually explicit act in electronic form (Sec. 67) - E) Other sub-sections of Sec. 67 IT Act,IT Act,1,2
27,Puducherry,1,1,2023,17,Interception or Monitoring or decryption of Information (Sec.69),IT Act,1,0
27,Puducherry,1,1,2023,18,Un-authorized access/attempt to access to protected computer system (Sec.70),IT Act,1,0
27,Puducherry,1,1,2023,19,Abetment to Commit Offences (Sec.84 B),IT Act,1,0
27,Puducherry,1,1,2023,20,Attempt to Commit Offences (Sec.84C),IT Act,1,0
27,Puducherry,1,1,2023,21,Other Sections of IT Act,IT Act,1,0
27,Puducherry,1,1,2023,22,Total Offences under I.T. Act,IT Act,0,147
27,Puducherry,1,1,2023,23,Abetment of Suicide (Online) (Sec.305/306 IPC),IPC,1,0
27,Puducherry,1,1,2023,24,Cyber Stalking/ Bullying of Women/ Children (Sec.354D IPC),IPC,1,0
27,Puducherry,1,1,2023,25,Data theft (Sec.379 to 381),IPC,1,0
27,Puducherry,1,1,2023,26,"Fraud (Sec.420 r/w Sec.465, 468- 471 IPC) - Fraud (Sec.420 r/w Sec.465,468- 471 IPC) (Total)",IPC,0,0
27,Puducherry,1,1,2023,27,"Fraud (Sec.420 r/w Sec.465, 468- 471 IPC) - A) Credit Card/Debit Card",IPC,1,0
27,Puducherry,1,1,2023,28,"Fraud (Sec.420 r/w Sec.465, 468- 471 IPC) - B) ATMs",IPC,1,0
27,Puducherry,1,1,2023,29,"Fraud (Sec.420 r/w Sec.465, 468- 471 IPC) - C) Online Banking Fraud",IPC,1,0
27,Puducherry,1,1,2023,30,"Fraud (Sec.420 r/w Sec.465, 468- 471 IPC) - D) OTP Frauds",IPC,1,0
27,Puducherry,1,1,2023,31,"Fraud (Sec.420 r/w Sec.465, 468- 471 IPC) - E) Others",IPC,1,0
27,Puducherry,1,1,2023,32,Cheating (Sec.420 IPC),IPC,1,0
27,Puducherry,1,1,2023,33,"Forgery (Sec.465, 468 and 471)",IPC,1,0
27,Puducherry,1,1,2023,34,Defamation/ Morphing (Sec.469 IPC r/w IPC and Indecent representation of women Act),IPC,1,0
27,Puducherry,1,1,2023,35,Fake Profile (r/w IPC/SLL),IPC,1,0
27,Puducherry,1,1,2023,36,Counterfeiting - Counterfeiting (Total),IPC,0,0
27,Puducherry,1,1,2023,37,Counterfeiting - A) Currency (Sec.489A to 489E),IPC,1,0
27,Puducherry,1,1,2023,38,CounterfeitingB) Stamps (Sec.255),IPC,1,0
27,Puducherry,1,1,2023,39,"Cyber Blackmailing/ Threatening (Sec.506,503,384 IPC)",IPC,1,0
27,Puducherry,1,1,2023,40,Fake News on Social Media (Sec.505),IPC,1,0
27,Puducherry,1,1,2023,41,Other Offences (r/w IT Act),IPC,1,0
27,Puducherry,1,1,2023,42,Total Offences under IPC,IPC,0,0
27,Puducherry,1,1,2023,43,Gambling Act (Online Gambling),SLL,1,0
27,Puducherry,1,1,2023,44,Lotteries Act (Online Lotteries),SLL,1,0
27,Puducherry,1,1,2023,45,"Copy Right Act, 1957",SLL,1,0
27,Puducherry,1,1,2023,46,"Trade Marks Act, 1999",SLL,1,0
27,Puducherry,1,1,2023,47,Other SLL Crimes,SLL,1,0
27,Puducherry,1,1,2023,48,Total Offences under SLL,SLL,0,0
27,Puducherry,1,1,2023,49,Total Cyber Crimes (Grand Total),Grand Total,0,147
28,Punjab,0,1,2023,1,Tampering Computer Source documents (Sec.65),IT Act,1,0
28,Punjab,0,1,2023,2,Computer Related Offences - Computer Related Offences (Total),IT Act,0,76
28,Punjab,0,1,2023,3,Computer Related Offences - A) Computer Related Offences (Sec.66) (Total),IT Act,0,17
28,Punjab,0,1,2023,4,Computer Related Offences - Computer Related Offences (Sec.66) - a1) Ransom-ware,IT Act,1,0
28,Punjab,0,1,2023,5,Computer Related Offences - Computer Related Offences (Sec.66) - a2) Offences other than Ransom-ware,IT Act,1,17
28,Punjab,0,1,2023,6,Computer Related Offences - B) Dishonesty receiving stolen computer resource or communication device (Sec.66B),IT Act,1,1
28,Punjab,0,1,2023,7,Computer Related Offences - C) Identity Theft (Sec.66C),IT Act,1,11
28,Punjab,0,1,2023,8,Computer Related Offences - D) Cheating by personation by using computer resource (Sec.66D),IT Act,1,44
28,Punjab,0,1,2023,9,Computer Related Offences - E) Violation of Privacy (Sec.66E),IT Act,1,3
28,Punjab,0,1,2023,10,Cyber Terrorism (Sec.66 F),IT Act,1,1
28,Punjab,0,1,2023,11,Publication/ transmission of obscene / sexually explicit act in electronic form (Sec. 67) - Publication/ transmission of obscene / sexually explicit act in electronic form (Total),IT Act,0,109
28,Punjab,0,1,2023,12,Publication/ transmission of obscene / sexually explicit act in electronic form (Sec. 67) - A) Publishing or transmitting obscene material in Electronic Form,IT Act,1,22
28,Punjab,0,1,2023,13,Publication/transmission of obscene / sexually explicit act in electronic form (Sec. 67) - B) Publishing or transmitting of material containing Sexually explicit act in electronic form (Sec.67A),IT Act,1,29
28,Punjab,0,1,2023,14,Publication/transmission of obscene / sexually explicit act in electronic form (Sec. 67) - C) Publishing or transmitting of material depicting children in Sexually explicit act in electronic form (Sec.67B),IT Act,1,11
28,Punjab,0,1,2023,15,Publication/transmission of obscene / sexually explicit act in electronic form (Sec. 67) - D) Preservation and retention of information by intermediaries (Sec.67C),IT Act,1,0
28,Punjab,0,1,2023,16,Publication/transmission of obscene / sexually explicit act in electronic form (Sec. 67) - E) Other sub-sections of Sec. 67 IT Act,IT Act,1,47
28,Punjab,0,1,2023,17,Interception or Monitoring or decryption of Information (Sec.69),IT Act,1,0
28,Punjab,0,1,2023,18,Un-authorized access/attempt to access to protected computer system (Sec.70),IT Act,1,0
28,Punjab,0,1,2023,19,Abetment to Commit Offences (Sec.84 B),IT Act,1,0
28,Punjab,0,1,2023,20,Attempt to Commit Offences (Sec.84C),IT Act,1,0
28,Punjab,0,1,2023,21,Other Sections of IT Act,IT Act,1,32
28,Punjab,0,1,2023,22,Total Offences under I.T. Act,IT Act,0,218
28,Punjab,0,1,2023,23,Abetment of Suicide (Online) (Sec.305/306 IPC),IPC,1,0
28,Punjab,0,1,2023,24,Cyber Stalking/ Bullying of Women/ Children (Sec.354D IPC),IPC,1,14
28,Punjab,0,1,2023,25,Data theft (Sec.379 to 381),IPC,1,2
28,Punjab,0,1,2023,26,"Fraud (Sec.420 r/w Sec.465, 468- 471 IPC) - Fraud (Sec.420 r/w Sec.465,468- 471 IPC) (Total)",IPC,0,25
28,Punjab,0,1,2023,27,"Fraud (Sec.420 r/w Sec.465, 468- 471 IPC) - A) Credit Card/Debit Card",IPC,1,0
28,Punjab,0,1,2023,28,"Fraud (Sec.420 r/w Sec.465, 468- 471 IPC) - B) ATMs",IPC,1,8
28,Punjab,0,1,2023,29,"Fraud (Sec.420 r/w Sec.465, 468- 471 IPC) - C) Online Banking Fraud",IPC,1,11
28,Punjab,0,1,2023,30,"Fraud (Sec.420 r/w Sec.465, 468- 471 IPC) - D) OTP Frauds",IPC,1,2
28,Punjab,0,1,2023,31,"Fraud (Sec.420 r/w Sec.465, 468- 471 IPC) - E) Others",IPC,1,4
28,Punjab,0,1,2023,32,Cheating (Sec.420 IPC),IPC,1,142
28,Punjab,0,1,2023,33,"Forgery (Sec.465, 468 and 471)",IPC,1,4
28,Punjab,0,1,2023,34,Defamation/ Morphing (Sec.469 IPC r/w IPC and Indecent representation of women Act),IPC,1,4
28,Punjab,0,1,2023,35,Fake Profile (r/w IPC/SLL),IPC,1,1
28,Punjab,0,1,2023,36,Counterfeiting - Counterfeiting (Total),IPC,0,0
28,Punjab,0,1,2023,37,Counterfeiting - A) Currency (Sec.489A to 489E),IPC,1,0
28,Punjab,0,1,2023,38,CounterfeitingB) Stamps (Sec.255),IPC,1,0
28,Punjab,0,1,2023,39,"Cyber Blackmailing/ Threatening (Sec.506,503,384 IPC)",IPC,1,26
28,Punjab,0,1,2023,40,Fake News on Social Media (Sec.505),IPC,1,0
28,Punjab,0,1,2023,41,Other Offences (r/w IT Act),IPC,1,65
28,Punjab,0,1,2023,42,Total Offences under IPC,IPC,0,283
28,Punjab,0,1,2023,43,Gambling Act (Online Gambling),SLL,1,3
28,Punjab,0,1,2023,44,Lotteries Act (Online Lotteries),SLL,1,0
28,Punjab,0,1,2023,45,"Copy Right Act, 1957",SLL,1,6
28,Punjab,0,1,2023,46,"Trade Marks Act, 1999",SLL,1,0
28,Punjab,0,1,2023,47,Other SLL Crimes,SLL,1,1
28,Punjab,0,1,2023,48,Total Offences under SLL,SLL,0,10
28,Punjab,0,1,2023,49,Total Cyber Crimes (Grand Total),Grand Total,0,511
29,Rajasthan,0,1,2023,1,Tampering Computer Source documents (Sec.65),IT Act,1,1
29,Rajasthan,0,1,2023,2,Computer Related Offences - Computer Related Offences (Total),IT Act,0,676
29,Rajasthan,0,1,2023,3,Computer Related Offences - A) Computer Related Offences (Sec.66) (Total),IT Act,0,3
29,Rajasthan,0,1,2023,4,Computer Related Offences - Computer Related Offences (Sec.66) - a1) Ransom-ware,IT Act,1,1
29,Rajasthan,0,1,2023,5,Computer Related Offences - Computer Related Offences (Sec.66) - a2) Offences other than Ransom-ware,IT Act,1,2
29,Rajasthan,0,1,2023,6,Computer Related Offences - B) Dishonesty receiving stolen computer resource or communication device (Sec.66B),IT Act,1,2
29,Rajasthan,0,1,2023,7,Computer Related Offences - C) Identity Theft (Sec.66C),IT Act,1,148
29,Rajasthan,0,1,2023,8,Computer Related Offences - D) Cheating by personation by using computer resource (Sec.66D),IT Act,1,521
29,Rajasthan,0,1,2023,9,Computer Related Offences - E) Violation of Privacy (Sec.66E),IT Act,1,2
29,Rajasthan,0,1,2023,10,Cyber Terrorism (Sec.66 F),IT Act,1,2
29,Rajasthan,0,1,2023,11,Publication/ transmission of obscene / sexually explicit act in electronic form (Sec. 67) - Publication/ transmission of obscene / sexually explicit act in electronic form (Total),IT Act,0,500
29,Rajasthan,0,1,2023,12,Publication/ transmission of obscene / sexually explicit act in electronic form (Sec. 67) - A) Publishing or transmitting obscene material in Electronic Form,IT Act,1,49
29,Rajasthan,0,1,2023,13,Publication/transmission of obscene / sexually explicit act in electronic form (Sec. 67) - B) Publishing or transmitting of material containing Sexually explicit act in electronic form (Sec.67A),IT Act,1,125
29,Rajasthan,0,1,2023,14,Publication/transmission of obscene / sexually explicit act in electronic form (Sec. 67) - C) Publishing or transmitting of material depicting children in Sexually explicit act in electronic form (Sec.67B),IT Act,1,254
29,Rajasthan,0,1,2023,15,Publication/transmission of obscene / sexually explicit act in electronic form (Sec. 67) - D) Preservation and retention of information by intermediaries (Sec.67C),IT Act,1,0
29,Rajasthan,0,1,2023,16,Publication/transmission of obscene / sexually explicit act in electronic form (Sec. 67) - E) Other sub-sections of Sec. 67 IT Act,IT Act,1,72
29,Rajasthan,0,1,2023,17,Interception or Monitoring or decryption of Information (Sec.69),IT Act,1,1
29,Rajasthan,0,1,2023,18,Un-authorized access/attempt to access to protected computer system (Sec.70),IT Act,1,0
29,Rajasthan,0,1,2023,19,Abetment to Commit Offences (Sec.84 B),IT Act,1,0
29,Rajasthan,0,1,2023,20,Attempt to Commit Offences (Sec.84C),IT Act,1,0
29,Rajasthan,0,1,2023,21,Other Sections of IT Act,IT Act,1,284
29,Rajasthan,0,1,2023,22,Total Offences under I.T. Act,IT Act,0,1464
29,Rajasthan,0,1,2023,23,Abetment of Suicide (Online) (Sec.305/306 IPC),IPC,1,0
29,Rajasthan,0,1,2023,24,Cyber Stalking/ Bullying of Women/ Children (Sec.354D IPC),IPC,1,97
29,Rajasthan,0,1,2023,25,Data theft (Sec.379 to 381),IPC,1,0
29,Rajasthan,0,1,2023,26,"Fraud (Sec.420 r/w Sec.465, 468- 471 IPC) - Fraud (Sec.420 r/w Sec.465,468- 471 IPC) (Total)",IPC,0,84
29,Rajasthan,0,1,2023,27,"Fraud (Sec.420 r/w Sec.465, 468- 471 IPC) - A) Credit Card/Debit Card",IPC,1,7
29,Rajasthan,0,1,2023,28,"Fraud (Sec.420 r/w Sec.465, 468- 471 IPC) - B) ATMs",IPC,1,0
29,Rajasthan,0,1,2023,29,"Fraud (Sec.420 r/w Sec.465, 468- 471 IPC) - C) Online Banking Fraud",IPC,1,16
29,Rajasthan,0,1,2023,30,"Fraud (Sec.420 r/w Sec.465, 468- 471 IPC) - D) OTP Frauds",IPC,1,36
29,Rajasthan,0,1,2023,31,"Fraud (Sec.420 r/w Sec.465, 468- 471 IPC) - E) Others",IPC,1,25
29,Rajasthan,0,1,2023,32,Cheating (Sec.420 IPC),IPC,1,420
29,Rajasthan,0,1,2023,33,"Forgery (Sec.465, 468 and 471)",IPC,1,16
29,Rajasthan,0,1,2023,34,Defamation/ Morphing (Sec.469 IPC r/w IPC and Indecent representation of women Act),IPC,1,1
29,Rajasthan,0,1,2023,35,Fake Profile (r/w IPC/SLL),IPC,1,28
29,Rajasthan,0,1,2023,36,Counterfeiting - Counterfeiting (Total),IPC,0,0
29,Rajasthan,0,1,2023,37,Counterfeiting - A) Currency (Sec.489A to 489E),IPC,1,0
29,Rajasthan,0,1,2023,38,CounterfeitingB) Stamps (Sec.255),IPC,1,0
29,Rajasthan,0,1,2023,39,"Cyber Blackmailing/ Threatening (Sec.506,503,384 IPC)",IPC,1,34
29,Rajasthan,0,1,2023,40,Fake News on Social Media (Sec.505),IPC,1,1
29,Rajasthan,0,1,2023,41,Other Offences (r/w IT Act),IPC,1,272
29,Rajasthan,0,1,2023,42,Total Offences under IPC,IPC,0,953
29,Rajasthan,0,1,2023,43,Gambling Act (Online Gambling),SLL,1,10
29,Rajasthan,0,1,2023,44,Lotteries Act (Online Lotteries),SLL,1,0
29,Rajasthan,0,1,2023,45,"Copy Right Act, 1957",SLL,1,1
29,Rajasthan,0,1,2023,46,"Trade Marks Act, 1999",SLL,1,0
29,Rajasthan,0,1,2023,47,Other SLL Crimes,SLL,1,7
29,Rajasthan,0,1,2023,48,Total Offences under SLL,SLL,0,18
29,Rajasthan,0,1,2023,49,Total Cyber Crimes (Grand Total),Grand Total,0,2435
30,Sikkim,0,1,2023,1,Tampering Computer Source documents (Sec.65),IT Act,1,0
30,Sikkim,0,1,2023,2,Computer Related Offences - Computer Related Offences (Total),IT Act,0,6
30,Sikkim,0,1,2023,3,Computer Related Offences - A) Computer Related Offences (Sec.66) (Total),IT Act,0,1
30,Sikkim,0,1,2023,4,Computer Related Offences - Computer Related Offences (Sec.66) - a1) Ransom-ware,IT Act,1,0
30,Sikkim,0,1,2023,5,Computer Related Offences - Computer Related Offences (Sec.66) - a2) Offences other than Ransom-ware,IT Act,1,1
30,Sikkim,0,1,2023,6,Computer Related Offences - B) Dishonesty receiving stolen computer resource or communication device (Sec.66B),IT Act,1,0
30,Sikkim,0,1,2023,7,Computer Related Offences - C) Identity Theft (Sec.66C),IT Act,1,1
30,Sikkim,0,1,2023,8,Computer Related Offences - D) Cheating by personation by using computer resource (Sec.66D),IT Act,1,4
30,Sikkim,0,1,2023,9,Computer Related Offences - E) Violation of Privacy (Sec.66E),IT Act,1,0
30,Sikkim,0,1,2023,10,Cyber Terrorism (Sec.66 F),IT Act,1,0
30,Sikkim,0,1,2023,11,Publication/ transmission of obscene / sexually explicit act in electronic form (Sec. 67) - Publication/ transmission of obscene / sexually explicit act in electronic form (Total),IT Act,0,6
30,Sikkim,0,1,2023,12,Publication/ transmission of obscene / sexually explicit act in electronic form (Sec. 67) - A) Publishing or transmitting obscene material in Electronic Form,IT Act,1,2
30,Sikkim,0,1,2023,13,Publication/transmission of obscene / sexually explicit act in electronic form (Sec. 67) - B) Publishing or transmitting of material containing Sexually explicit act in electronic form (Sec.67A),IT Act,1,4
30,Sikkim,0,1,2023,14,Publication/transmission of obscene / sexually explicit act in electronic form (Sec. 67) - C) Publishing or transmitting of material depicting children in Sexually explicit act in electronic form (Sec.67B),IT Act,1,0
30,Sikkim,0,1,2023,15,Publication/transmission of obscene / sexually explicit act in electronic form (Sec. 67) - D) Preservation and retention of information by intermediaries (Sec.67C),IT Act,1,0
30,Sikkim,0,1,2023,16,Publication/transmission of obscene / sexually explicit act in electronic form (Sec. 67) - E) Other sub-sections of Sec. 67 IT Act,IT Act,1,0
30,Sikkim,0,1,2023,17,Interception or Monitoring or decryption of Information (Sec.69),IT Act,1,0
30,Sikkim,0,1,2023,18,Un-authorized access/attempt to access to protected computer system (Sec.70),IT Act,1,0
30,Sikkim,0,1,2023,19,Abetment to Commit Offences (Sec.84 B),IT Act,1,0
30,Sikkim,0,1,2023,20,Attempt to Commit Offences (Sec.84C),IT Act,1,0
30,Sikkim,0,1,2023,21,Other Sections of IT Act,IT Act,1,0
30,Sikkim,0,1,2023,22,Total Offences under I.T. Act,IT Act,0,12
30,Sikkim,0,1,2023,23,Abetment of Suicide (Online) (Sec.305/306 IPC),IPC,1,0
30,Sikkim,0,1,2023,24,Cyber Stalking/ Bullying of Women/ Children (Sec.354D IPC),IPC,1,0
30,Sikkim,0,1,2023,25,Data theft (Sec.379 to 381),IPC,1,0
30,Sikkim,0,1,2023,26,"Fraud (Sec.420 r/w Sec.465, 468- 471 IPC) - Fraud (Sec.420 r/w Sec.465,468- 471 IPC) (Total)",IPC,0,0
30,Sikkim,0,1,2023,27,"Fraud (Sec.420 r/w Sec.465, 468- 471 IPC) - A) Credit Card/Debit Card",IPC,1,0
30,Sikkim,0,1,2023,28,"Fraud (Sec.420 r/w Sec.465, 468- 471 IPC) - B) ATMs",IPC,1,0
30,Sikkim,0,1,2023,29,"Fraud (Sec.420 r/w Sec.465, 468- 471 IPC) - C) Online Banking Fraud",IPC,1,0
30,Sikkim,0,1,2023,30,"Fraud (Sec.420 r/w Sec.465, 468- 471 IPC) - D) OTP Frauds",IPC,1,0
30,Sikkim,0,1,2023,31,"Fraud (Sec.420 r/w Sec.465, 468- 471 IPC) - E) Others",IPC,1,0
30,Sikkim,0,1,2023,32,Cheating (Sec.420 IPC),IPC,1,0
30,Sikkim,0,1,2023,33,"Forgery (Sec.465, 468 and 471)",IPC,1,0
30,Sikkim,0,1,2023,34,Defamation/ Morphing (Sec.469 IPC r/w IPC and Indecent representation of women Act),IPC,1,0
30,Sikkim,0,1,2023,35,Fake Profile (r/w IPC/SLL),IPC,1,0
30,Sikkim,0,1,2023,36,Counterfeiting - Counterfeiting (Total),IPC,0,0
30,Sikkim,0,1,2023,37,Counterfeiting - A) Currency (Sec.489A to 489E),IPC,1,0
30,Sikkim,0,1,2023,38,CounterfeitingB) Stamps (Sec.255),IPC,1,0
30,Sikkim,0,1,2023,39,"Cyber Blackmailing/ Threatening (Sec.506,503,384 IPC)",IPC,1,0
30,Sikkim,0,1,2023,40,Fake News on Social Media (Sec.505),IPC,1,0
30,Sikkim,0,1,2023,41,Other Offences (r/w IT Act),IPC,1,0
30,Sikkim,0,1,2023,42,Total Offences under IPC,IPC,0,0
30,Sikkim,0,1,2023,43,Gambling Act (Online Gambling),SLL,1,0
30,Sikkim,0,1,2023,44,Lotteries Act (Online Lotteries),SLL,1,0
30,Sikkim,0,1,2023,45,"Copy Right Act, 1957",SLL,1,0
30,Sikkim,0,1,2023,46,"Trade Marks Act, 1999",SLL,1,0
30,Sikkim,0,1,2023,47,Other SLL Crimes,SLL,1,0
30,Sikkim,0,1,2023,48,Total Offences under SLL,SLL,0,0
30,Sikkim,0,1,2023,49,Total Cyber Crimes (Grand Total),Grand Total,0,12
31,Tamil Nadu,0,1,2023,1,Tampering Computer Source documents (Sec.65),IT Act,1,2
31,Tamil Nadu,0,1,2023,2,Computer Related Offences - Computer Related Offences (Total),IT Act,0,1643
31,Tamil Nadu,0,1,2023,3,Computer Related Offences - A) Computer Related Offences (Sec.66) (Total),IT Act,0,38
31,Tamil Nadu,0,1,2023,4,Computer Related Offences - Computer Related Offences (Sec.66) - a1) Ransom-ware,IT Act,1,17
31,Tamil Nadu,0,1,2023,5,Computer Related Offences - Computer Related Offences (Sec.66) - a2) Offences other than Ransom-ware,IT Act,1,21
31,Tamil Nadu,0,1,2023,6,Computer Related Offences - B) Dishonesty receiving stolen computer resource or communication device (Sec.66B),IT Act,1,0
31,Tamil Nadu,0,1,2023,7,Computer Related Offences - C) Identity Theft (Sec.66C),IT Act,1,43
31,Tamil Nadu,0,1,2023,8,Computer Related Offences - D) Cheating by personation by using computer resource (Sec.66D),IT Act,1,1542
31,Tamil Nadu,0,1,2023,9,Computer Related Offences - E) Violation of Privacy (Sec.66E),IT Act,1,20
31,Tamil Nadu,0,1,2023,10,Cyber Terrorism (Sec.66 F),IT Act,1,0
31,Tamil Nadu,0,1,2023,11,Publication/ transmission of obscene / sexually explicit act in electronic form (Sec. 67) - Publication/ transmission of obscene / sexually explicit act in electronic form (Total),IT Act,0,263
31,Tamil Nadu,0,1,2023,12,Publication/ transmission of obscene / sexually explicit act in electronic form (Sec. 67) - A) Publishing or transmitting obscene material in Electronic Form,IT Act,1,123
31,Tamil Nadu,0,1,2023,13,Publication/transmission of obscene / sexually explicit act in electronic form (Sec. 67) - B) Publishing or transmitting of material containing Sexually explicit act in electronic form (Sec.67A),IT Act,1,93
31,Tamil Nadu,0,1,2023,14,Publication/transmission of obscene / sexually explicit act in electronic form (Sec. 67) - C) Publishing or transmitting of material depicting children in Sexually explicit act in electronic form (Sec.67B),IT Act,1,5
31,Tamil Nadu,0,1,2023,15,Publication/transmission of obscene / sexually explicit act in electronic form (Sec. 67) - D) Preservation and retention of information by intermediaries (Sec.67C),IT Act,1,1
31,Tamil Nadu,0,1,2023,16,Publication/transmission of obscene / sexually explicit act in electronic form (Sec. 67) - E) Other sub-sections of Sec. 67 IT Act,IT Act,1,41
31,Tamil Nadu,0,1,2023,17,Interception or Monitoring or decryption of Information (Sec.69),IT Act,1,0
31,Tamil Nadu,0,1,2023,18,Un-authorized access/attempt to access to protected computer system (Sec.70),IT Act,1,0
31,Tamil Nadu,0,1,2023,19,Abetment to Commit Offences (Sec.84 B),IT Act,1,0
31,Tamil Nadu,0,1,2023,20,Attempt to Commit Offences (Sec.84C),IT Act,1,0
31,Tamil Nadu,0,1,2023,21,Other Sections of IT Act,IT Act,1,4
31,Tamil Nadu,0,1,2023,22,Total Offences under I.T. Act,IT Act,0,1912
31,Tamil Nadu,0,1,2023,23,Abetment of Suicide (Online) (Sec.305/306 IPC),IPC,1,0
31,Tamil Nadu,0,1,2023,24,Cyber Stalking/ Bullying of Women/ Children (Sec.354D IPC),IPC,1,27
31,Tamil Nadu,0,1,2023,25,Data theft (Sec.379 to 381),IPC,1,2
31,Tamil Nadu,0,1,2023,26,"Fraud (Sec.420 r/w Sec.465, 468- 471 IPC) - Fraud (Sec.420 r/w Sec.465,468- 471 IPC) (Total)",IPC,0,887
31,Tamil Nadu,0,1,2023,27,"Fraud (Sec.420 r/w Sec.465, 468- 471 IPC) - A) Credit Card/Debit Card",IPC,1,94
31,Tamil Nadu,0,1,2023,28,"Fraud (Sec.420 r/w Sec.465, 468- 471 IPC) - B) ATMs",IPC,1,21
31,Tamil Nadu,0,1,2023,29,"Fraud (Sec.420 r/w Sec.465, 468- 471 IPC) - C) Online Banking Fraud",IPC,1,151
31,Tamil Nadu,0,1,2023,30,"Fraud (Sec.420 r/w Sec.465, 468- 471 IPC) - D) OTP Frauds",IPC,1,165
31,Tamil Nadu,0,1,2023,31,"Fraud (Sec.420 r/w Sec.465, 468- 471 IPC) - E) Others",IPC,1,456
31,Tamil Nadu,0,1,2023,32,Cheating (Sec.420 IPC),IPC,1,1148
31,Tamil Nadu,0,1,2023,33,"Forgery (Sec.465, 468 and 471)",IPC,1,65
31,Tamil Nadu,0,1,2023,34,Defamation/ Morphing (Sec.469 IPC r/w IPC and Indecent representation of women Act),IPC,1,0
31,Tamil Nadu,0,1,2023,35,Fake Profile (r/w IPC/SLL),IPC,1,0
31,Tamil Nadu,0,1,2023,36,Counterfeiting - Counterfeiting (Total),IPC,0,0
31,Tamil Nadu,0,1,2023,37,Counterfeiting - A) Currency (Sec.489A to 489E),IPC,1,0
31,Tamil Nadu,0,1,2023,38,CounterfeitingB) Stamps (Sec.255),IPC,1,0
31,Tamil Nadu,0,1,2023,39,"Cyber Blackmailing/ Threatening (Sec.506,503,384 IPC)",IPC,1,15
31,Tamil Nadu,0,1,2023,40,Fake News on Social Media (Sec.505),IPC,1,35
31,Tamil Nadu,0,1,2023,41,Other Offences (r/w IT Act),IPC,1,16
31,Tamil Nadu,0,1,2023,42,Total Offences under IPC,IPC,0,2195
31,Tamil Nadu,0,1,2023,43,Gambling Act (Online Gambling),SLL,1,0
31,Tamil Nadu,0,1,2023,44,Lotteries Act (Online Lotteries),SLL,1,0
31,Tamil Nadu,0,1,2023,45,"Copy Right Act, 1957",SLL,1,0
31,Tamil Nadu,0,1,2023,46,"Trade Marks Act, 1999",SLL,1,1
31,Tamil Nadu,0,1,2023,47,Other SLL Crimes,SLL,1,13
31,Tamil Nadu,0,1,2023,48,Total Offences under SLL,SLL,0,14
31,Tamil Nadu,0,1,2023,49,Total Cyber Crimes (Grand Total),Grand Total,0,4121
32,Telangana,0,1,2023,1,Tampering Computer Source documents (Sec.65),IT Act,1,0
32,Telangana,0,1,2023,2,Computer Related Offences - Computer Related Offences (Total),IT Act,0,252
32,Telangana,0,1,2023,3,Computer Related Offences - A) Computer Related Offences (Sec.66) (Total),IT Act,0,5
32,Telangana,0,1,2023,4,Computer Related Offences - Computer Related Offences (Sec.66) - a1) Ransom-ware,IT Act,1,5
32,Telangana,0,1,2023,5,Computer Related Offences - Computer Related Offences (Sec.66) - a2) Offences other than Ransom-ware,IT Act,1,0
32,Telangana,0,1,2023,6,Computer Related Offences - B) Dishonesty receiving stolen computer resource or communication device (Sec.66B),IT Act,1,2
32,Telangana,0,1,2023,7,Computer Related Offences - C) Identity Theft (Sec.66C),IT Act,1,106
32,Telangana,0,1,2023,8,Computer Related Offences - D) Cheating by personation by using computer resource (Sec.66D),IT Act,1,138
32,Telangana,0,1,2023,9,Computer Related Offences - E) Violation of Privacy (Sec.66E),IT Act,1,1
32,Telangana,0,1,2023,10,Cyber Terrorism (Sec.66 F),IT Act,1,0
32,Telangana,0,1,2023,11,Publication/ transmission of obscene / sexually explicit act in electronic form (Sec. 67) - Publication/ transmission of obscene / sexually explicit act in electronic form (Total),IT Act,0,186
32,Telangana,0,1,2023,12,Publication/ transmission of obscene / sexually explicit act in electronic form (Sec. 67) - A) Publishing or transmitting obscene material in Electronic Form,IT Act,1,91
32,Telangana,0,1,2023,13,Publication/transmission of obscene / sexually explicit act in electronic form (Sec. 67) - B) Publishing or transmitting of material containing Sexually explicit act in electronic form (Sec.67A),IT Act,1,60
32,Telangana,0,1,2023,14,Publication/transmission of obscene / sexually explicit act in electronic form (Sec. 67) - C) Publishing or transmitting of material depicting children in Sexually explicit act in electronic form (Sec.67B),IT Act,1,19
32,Telangana,0,1,2023,15,Publication/transmission of obscene / sexually explicit act in electronic form (Sec. 67) - D) Preservation and retention of information by intermediaries (Sec.67C),IT Act,1,0
32,Telangana,0,1,2023,16,Publication/transmission of obscene / sexually explicit act in electronic form (Sec. 67) - E) Other sub-sections of Sec. 67 IT Act,IT Act,1,16
32,Telangana,0,1,2023,17,Interception or Monitoring or decryption of Information (Sec.69),IT Act,1,0
32,Telangana,0,1,2023,18,Un-authorized access/attempt to access to protected computer system (Sec.70),IT Act,1,0
32,Telangana,0,1,2023,19,Abetment to Commit Offences (Sec.84 B),IT Act,1,0
32,Telangana,0,1,2023,20,Attempt to Commit Offences (Sec.84C),IT Act,1,0
32,Telangana,0,1,2023,21,Other Sections of IT Act,IT Act,1,1
32,Telangana,0,1,2023,22,Total Offences under I.T. Act,IT Act,0,439
32,Telangana,0,1,2023,23,Abetment of Suicide (Online) (Sec.305/306 IPC),IPC,1,4
32,Telangana,0,1,2023,24,Cyber Stalking/ Bullying of Women/ Children (Sec.354D IPC),IPC,1,263
32,Telangana,0,1,2023,25,Data theft (Sec.379 to 381),IPC,1,13
32,Telangana,0,1,2023,26,"Fraud (Sec.420 r/w Sec.465, 468- 471 IPC) - Fraud (Sec.420 r/w Sec.465,468- 471 IPC) (Total)",IPC,0,10626
32,Telangana,0,1,2023,27,"Fraud (Sec.420 r/w Sec.465, 468- 471 IPC) - A) Credit Card/Debit Card",IPC,1,855
32,Telangana,0,1,2023,28,"Fraud (Sec.420 r/w Sec.465, 468- 471 IPC) - B) ATMs",IPC,1,580
32,Telangana,0,1,2023,29,"Fraud (Sec.420 r/w Sec.465, 468- 471 IPC) - C) Online Banking Fraud",IPC,1,1868
32,Telangana,0,1,2023,30,"Fraud (Sec.420 r/w Sec.465, 468- 471 IPC) - D) OTP Frauds",IPC,1,4223
32,Telangana,0,1,2023,31,"Fraud (Sec.420 r/w Sec.465, 468- 471 IPC) - E) Others",IPC,1,3100
32,Telangana,0,1,2023,32,Cheating (Sec.420 IPC),IPC,1,6384
32,Telangana,0,1,2023,33,"Forgery (Sec.465, 468 and 471)",IPC,1,18
32,Telangana,0,1,2023,34,Defamation/ Morphing (Sec.469 IPC r/w IPC and Indecent representation of women Act),IPC,1,9
32,Telangana,0,1,2023,35,Fake Profile (r/w IPC/SLL),IPC,1,47
32,Telangana,0,1,2023,36,Counterfeiting - Counterfeiting (Total),IPC,0,0
32,Telangana,0,1,2023,37,Counterfeiting - A) Currency (Sec.489A to 489E),IPC,1,0
32,Telangana,0,1,2023,38,CounterfeitingB) Stamps (Sec.255),IPC,1,0
32,Telangana,0,1,2023,39,"Cyber Blackmailing/ Threatening (Sec.506,503,384 IPC)",IPC,1,213
32,Telangana,0,1,2023,40,Fake News on Social Media (Sec.505),IPC,1,98
32,Telangana,0,1,2023,41,Other Offences (r/w IT Act),IPC,1,112
32,Telangana,0,1,2023,42,Total Offences under IPC,IPC,0,17787
32,Telangana,0,1,2023,43,Gambling Act (Online Gambling),SLL,1,7
32,Telangana,0,1,2023,44,Lotteries Act (Online Lotteries),SLL,1,0
32,Telangana,0,1,2023,45,"Copy Right Act, 1957",SLL,1,3
32,Telangana,0,1,2023,46,"Trade Marks Act, 1999",SLL,1,0
32,Telangana,0,1,2023,47,Other SLL Crimes,SLL,1,0
32,Telangana,0,1,2023,48,Total Offences under SLL,SLL,0,10
32,Telangana,0,1,2023,49,Total Cyber Crimes (Grand Total),Grand Total,0,18236
33,Tripura,0,1,2023,1,Tampering Computer Source documents (Sec.65),IT Act,1,0
33,Tripura,0,1,2023,2,Computer Related Offences - Computer Related Offences (Total),IT Act,0,18
33,Tripura,0,1,2023,3,Computer Related Offences - A) Computer Related Offences (Sec.66) (Total),IT Act,0,4
33,Tripura,0,1,2023,4,Computer Related Offences - Computer Related Offences (Sec.66) - a1) Ransom-ware,IT Act,1,0
33,Tripura,0,1,2023,5,Computer Related Offences - Computer Related Offences (Sec.66) - a2) Offences other than Ransom-ware,IT Act,1,4
33,Tripura,0,1,2023,6,Computer Related Offences - B) Dishonesty receiving stolen computer resource or communication device (Sec.66B),IT Act,1,0
33,Tripura,0,1,2023,7,Computer Related Offences - C) Identity Theft (Sec.66C),IT Act,1,2
33,Tripura,0,1,2023,8,Computer Related Offences - D) Cheating by personation by using computer resource (Sec.66D),IT Act,1,12
33,Tripura,0,1,2023,9,Computer Related Offences - E) Violation of Privacy (Sec.66E),IT Act,1,0
33,Tripura,0,1,2023,10,Cyber Terrorism (Sec.66 F),IT Act,1,0
33,Tripura,0,1,2023,11,Publication/ transmission of obscene / sexually explicit act in electronic form (Sec. 67) - Publication/ transmission of obscene / sexually explicit act in electronic form (Total),IT Act,0,18
33,Tripura,0,1,2023,12,Publication/ transmission of obscene / sexually explicit act in electronic form (Sec. 67) - A) Publishing or transmitting obscene material in Electronic Form,IT Act,1,1
33,Tripura,0,1,2023,13,Publication/transmission of obscene / sexually explicit act in electronic form (Sec. 67) - B) Publishing or transmitting of material containing Sexually explicit act in electronic form (Sec.67A),IT Act,1,13
33,Tripura,0,1,2023,14,Publication/transmission of obscene / sexually explicit act in electronic form (Sec. 67) - C) Publishing or transmitting of material depicting children in Sexually explicit act in electronic form (Sec.67B),IT Act,1,1
33,Tripura,0,1,2023,15,Publication/transmission of obscene / sexually explicit act in electronic form (Sec. 67) - D) Preservation and retention of information by intermediaries (Sec.67C),IT Act,1,0
33,Tripura,0,1,2023,16,Publication/transmission of obscene / sexually explicit act in electronic form (Sec. 67) - E) Other sub-sections of Sec. 67 IT Act,IT Act,1,3
33,Tripura,0,1,2023,17,Interception or Monitoring or decryption of Information (Sec.69),IT Act,1,0
33,Tripura,0,1,2023,18,Un-authorized access/attempt to access to protected computer system (Sec.70),IT Act,1,0
33,Tripura,0,1,2023,19,Abetment to Commit Offences (Sec.84 B),IT Act,1,0
33,Tripura,0,1,2023,20,Attempt to Commit Offences (Sec.84C),IT Act,1,0
33,Tripura,0,1,2023,21,Other Sections of IT Act,IT Act,1,0
33,Tripura,0,1,2023,22,Total Offences under I.T. Act,IT Act,0,36
33,Tripura,0,1,2023,23,Abetment of Suicide (Online) (Sec.305/306 IPC),IPC,1,0
33,Tripura,0,1,2023,24,Cyber Stalking/ Bullying of Women/ Children (Sec.354D IPC),IPC,1,0
33,Tripura,0,1,2023,25,Data theft (Sec.379 to 381),IPC,1,0
33,Tripura,0,1,2023,26,"Fraud (Sec.420 r/w Sec.465, 468- 471 IPC) - Fraud (Sec.420 r/w Sec.465,468- 471 IPC) (Total)",IPC,0,0
33,Tripura,0,1,2023,27,"Fraud (Sec.420 r/w Sec.465, 468- 471 IPC) - A) Credit Card/Debit Card",IPC,1,0
33,Tripura,0,1,2023,28,"Fraud (Sec.420 r/w Sec.465, 468- 471 IPC) - B) ATMs",IPC,1,0
33,Tripura,0,1,2023,29,"Fraud (Sec.420 r/w Sec.465, 468- 471 IPC) - C) Online Banking Fraud",IPC,1,0
33,Tripura,0,1,2023,30,"Fraud (Sec.420 r/w Sec.465, 468- 471 IPC) - D) OTP Frauds",IPC,1,0
33,Tripura,0,1,2023,31,"Fraud (Sec.420 r/w Sec.465, 468- 471 IPC) - E) Others",IPC,1,0
33,Tripura,0,1,2023,32,Cheating (Sec.420 IPC),IPC,1,0
33,Tripura,0,1,2023,33,"Forgery (Sec.465, 468 and 471)",IPC,1,0
33,Tripura,0,1,2023,34,Defamation/ Morphing (Sec.469 IPC r/w IPC and Indecent representation of women Act),IPC,1,0
33,Tripura,0,1,2023,35,Fake Profile (r/w IPC/SLL),IPC,1,0
33,Tripura,0,1,2023,36,Counterfeiting - Counterfeiting (Total),IPC,0,0
33,Tripura,0,1,2023,37,Counterfeiting - A) Currency (Sec.489A to 489E),IPC,1,0
33,Tripura,0,1,2023,38,CounterfeitingB) Stamps (Sec.255),IPC,1,0
33,Tripura,0,1,2023,39,"Cyber Blackmailing/ Threatening (Sec.506,503,384 IPC)",IPC,1,0
33,Tripura,0,1,2023,40,Fake News on Social Media (Sec.505),IPC,1,0
33,Tripura,0,1,2023,41,Other Offences (r/w IT Act),IPC,1,0
33,Tripura,0,1,2023,42,Total Offences under IPC,IPC,0,0
33,Tripura,0,1,2023,43,Gambling Act (Online Gambling),SLL,1,0
33,Tripura,0,1,2023,44,Lotteries Act (Online Lotteries),SLL,1,0
33,Tripura,0,1,2023,45,"Copy Right Act, 1957",SLL,1,0
33,Tripura,0,1,2023,46,"Trade Marks Act, 1999",SLL,1,0
33,Tripura,0,1,2023,47,Other SLL Crimes,SLL,1,0
33,Tripura,0,1,2023,48,Total Offences under SLL,SLL,0,0
33,Tripura,0,1,2023,49,Total Cyber Crimes (Grand Total),Grand Total,0,36
34,Uttar Pradesh,0,1,2023,1,Tampering Computer Source documents (Sec.65),IT Act,1,46
34,Uttar Pradesh,0,1,2023,2,Computer Related Offences - Computer Related Offences (Total),IT Act,0,6973
34,Uttar Pradesh,0,1,2023,3,Computer Related Offences - A) Computer Related Offences (Sec.66) (Total),IT Act,0,3455
34,Uttar Pradesh,0,1,2023,4,Computer Related Offences - Computer Related Offences (Sec.66) - a1) Ransom-ware,IT Act,1,706
34,Uttar Pradesh,0,1,2023,5,Computer Related Offences - Computer Related Offences (Sec.66) - a2) Offences other than Ransom-ware,IT Act,1,2749
34,Uttar Pradesh,0,1,2023,6,Computer Related Offences - B) Dishonesty receiving stolen computer resource or communication device (Sec.66B),IT Act,1,139
34,Uttar Pradesh,0,1,2023,7,Computer Related Offences - C) Identity Theft (Sec.66C),IT Act,1,486
34,Uttar Pradesh,0,1,2023,8,Computer Related Offences - D) Cheating by personation by using computer resource (Sec.66D),IT Act,1,2748
34,Uttar Pradesh,0,1,2023,9,Computer Related Offences - E) Violation of Privacy (Sec.66E),IT Act,1,145
34,Uttar Pradesh,0,1,2023,10,Cyber Terrorism (Sec.66 F),IT Act,1,2
34,Uttar Pradesh,0,1,2023,11,Publication/ transmission of obscene / sexually explicit act in electronic form (Sec. 67) - Publication/ transmission of obscene / sexually explicit act in electronic form (Total),IT Act,0,2729
34,Uttar Pradesh,0,1,2023,12,Publication/ transmission of obscene / sexually explicit act in electronic form (Sec. 67) - A) Publishing or transmitting obscene material in Electronic Form,IT Act,1,1572
34,Uttar Pradesh,0,1,2023,13,Publication/transmission of obscene / sexually explicit act in electronic form (Sec. 67) - B) Publishing or transmitting of material containing Sexually explicit act in electronic form (Sec.67A),IT Act,1,590
34,Uttar Pradesh,0,1,2023,14,Publication/transmission of obscene / sexually explicit act in electronic form (Sec. 67) - C) Publishing or transmitting of material depicting children in Sexually explicit act in electronic form (Sec.67B),IT Act,1,14
34,Uttar Pradesh,0,1,2023,15,Publication/transmission of obscene / sexually explicit act in electronic form (Sec. 67) - D) Preservation and retention of information by intermediaries (Sec.67C),IT Act,1,9
34,Uttar Pradesh,0,1,2023,16,Publication/transmission of obscene / sexually explicit act in electronic form (Sec. 67) - E) Other sub-sections of Sec. 67 IT Act,IT Act,1,544
34,Uttar Pradesh,0,1,2023,17,Interception or Monitoring or decryption of Information (Sec.69),IT Act,1,0
34,Uttar Pradesh,0,1,2023,18,Un-authorized access/attempt to access to protected computer system (Sec.70),IT Act,1,0
34,Uttar Pradesh,0,1,2023,19,Abetment to Commit Offences (Sec.84 B),IT Act,1,0
34,Uttar Pradesh,0,1,2023,20,Attempt to Commit Offences (Sec.84C),IT Act,1,0
34,Uttar Pradesh,0,1,2023,21,Other Sections of IT Act,IT Act,1,352
34,Uttar Pradesh,0,1,2023,22,Total Offences under I.T. Act,IT Act,0,10102
34,Uttar Pradesh,0,1,2023,23,Abetment of Suicide (Online) (Sec.305/306 IPC),IPC,1,0
34,Uttar Pradesh,0,1,2023,24,Cyber Stalking/ Bullying of Women/ Children (Sec.354D IPC),IPC,1,9
34,Uttar Pradesh,0,1,2023,25,Data theft (Sec.379 to 381),IPC,1,10
34,Uttar Pradesh,0,1,2023,26,"Fraud (Sec.420 r/w Sec.465, 468- 471 IPC) - Fraud (Sec.420 r/w Sec.465,468- 471 IPC) (Total)",IPC,0,287
34,Uttar Pradesh,0,1,2023,27,"Fraud (Sec.420 r/w Sec.465, 468- 471 IPC) - A) Credit Card/Debit Card",IPC,1,57
34,Uttar Pradesh,0,1,2023,28,"Fraud (Sec.420 r/w Sec.465, 468- 471 IPC) - B) ATMs",IPC,1,14
34,Uttar Pradesh,0,1,2023,29,"Fraud (Sec.420 r/w Sec.465, 468- 471 IPC) - C) Online Banking Fraud",IPC,1,112
34,Uttar Pradesh,0,1,2023,30,"Fraud (Sec.420 r/w Sec.465, 468- 471 IPC) - D) OTP Frauds",IPC,1,38
34,Uttar Pradesh,0,1,2023,31,"Fraud (Sec.420 r/w Sec.465, 468- 471 IPC) - E) Others",IPC,1,66
34,Uttar Pradesh,0,1,2023,32,Cheating (Sec.420 IPC),IPC,1,200
34,Uttar Pradesh,0,1,2023,33,"Forgery (Sec.465, 468 and 471)",IPC,1,59
34,Uttar Pradesh,0,1,2023,34,Defamation/ Morphing (Sec.469 IPC r/w IPC and Indecent representation of women Act),IPC,1,0
34,Uttar Pradesh,0,1,2023,35,Fake Profile (r/w IPC/SLL),IPC,1,6
34,Uttar Pradesh,0,1,2023,36,Counterfeiting - Counterfeiting (Total),IPC,0,0
34,Uttar Pradesh,0,1,2023,37,Counterfeiting - A) Currency (Sec.489A to 489E),IPC,1,0
34,Uttar Pradesh,0,1,2023,38,CounterfeitingB) Stamps (Sec.255),IPC,1,0
34,Uttar Pradesh,0,1,2023,39,"Cyber Blackmailing/ Threatening (Sec.506,503,384 IPC)",IPC,1,79
34,Uttar Pradesh,0,1,2023,40,Fake News on Social Media (Sec.505),IPC,1,11
34,Uttar Pradesh,0,1,2023,41,Other Offences (r/w IT Act),IPC,1,28
34,Uttar Pradesh,0,1,2023,42,Total Offences under IPC,IPC,0,689
34,Uttar Pradesh,0,1,2023,43,Gambling Act (Online Gambling),SLL,1,0
34,Uttar Pradesh,0,1,2023,44,Lotteries Act (Online Lotteries),SLL,1,0
34,Uttar Pradesh,0,1,2023,45,"Copy Right Act, 1957",SLL,1,3
34,Uttar Pradesh,0,1,2023,46,"Trade Marks Act, 1999",SLL,1,0
34,Uttar Pradesh,0,1,2023,47,Other SLL Crimes,SLL,1,0
34,Uttar Pradesh,0,1,2023,48,Total Offences under SLL,SLL,0,3
34,Uttar Pradesh,0,1,2023,49,Total Cyber Crimes (Grand Total),Grand Total,0,10794
35,Uttarakhand,0,1,2023,1,Tampering Computer Source documents (Sec.65),IT Act,1,0
35,Uttarakhand,0,1,2023,2,Computer Related Offences - Computer Related Offences (Total),IT Act,0,296
35,Uttarakhand,0,1,2023,3,Computer Related Offences - A) Computer Related Offences (Sec.66) (Total),IT Act,0,6
35,Uttarakhand,0,1,2023,4,Computer Related Offences - Computer Related Offences (Sec.66) - a1) Ransom-ware,IT Act,1,0
35,Uttarakhand,0,1,2023,5,Computer Related Offences - Computer Related Offences (Sec.66) - a2) Offences other than Ransom-ware,IT Act,1,6
35,Uttarakhand,0,1,2023,6,Computer Related Offences - B) Dishonesty receiving stolen computer resource or communication device (Sec.66B),IT Act,1,0
35,Uttarakhand,0,1,2023,7,Computer Related Offences - C) Identity Theft (Sec.66C),IT Act,1,28
35,Uttarakhand,0,1,2023,8,Computer Related Offences - D) Cheating by personation by using computer resource (Sec.66D),IT Act,1,256
35,Uttarakhand,0,1,2023,9,Computer Related Offences - E) Violation of Privacy (Sec.66E),IT Act,1,6
35,Uttarakhand,0,1,2023,10,Cyber Terrorism (Sec.66 F),IT Act,1,0
35,Uttarakhand,0,1,2023,11,Publication/ transmission of obscene / sexually explicit act in electronic form (Sec. 67) - Publication/ transmission of obscene / sexually explicit act in electronic form (Total),IT Act,0,120
35,Uttarakhand,0,1,2023,12,Publication/ transmission of obscene / sexually explicit act in electronic form (Sec. 67) - A) Publishing or transmitting obscene material in Electronic Form,IT Act,1,38
35,Uttarakhand,0,1,2023,13,Publication/transmission of obscene / sexually explicit act in electronic form (Sec. 67) - B) Publishing or transmitting of material containing Sexually explicit act in electronic form (Sec.67A),IT Act,1,41
35,Uttarakhand,0,1,2023,14,Publication/transmission of obscene / sexually explicit act in electronic form (Sec. 67) - C) Publishing or transmitting of material depicting children in Sexually explicit act in electronic form (Sec.67B),IT Act,1,39
35,Uttarakhand,0,1,2023,15,Publication/transmission of obscene / sexually explicit act in electronic form (Sec. 67) - D) Preservation and retention of information by intermediaries (Sec.67C),IT Act,1,1
35,Uttarakhand,0,1,2023,16,Publication/transmission of obscene / sexually explicit act in electronic form (Sec. 67) - E) Other sub-sections of Sec. 67 IT Act,IT Act,1,1
35,Uttarakhand,0,1,2023,17,Interception or Monitoring or decryption of Information (Sec.69),IT Act,1,0
35,Uttarakhand,0,1,2023,18,Un-authorized access/attempt to access to protected computer system (Sec.70),IT Act,1,0
35,Uttarakhand,0,1,2023,19,Abetment to Commit Offences (Sec.84 B),IT Act,1,0
35,Uttarakhand,0,1,2023,20,Attempt to Commit Offences (Sec.84C),IT Act,1,0
35,Uttarakhand,0,1,2023,21,Other Sections of IT Act,IT Act,1,1
35,Uttarakhand,0,1,2023,22,Total Offences under I.T. Act,IT Act,0,417
35,Uttarakhand,0,1,2023,23,Abetment of Suicide (Online) (Sec.305/306 IPC),IPC,1,0
35,Uttarakhand,0,1,2023,24,Cyber Stalking/ Bullying of Women/ Children (Sec.354D IPC),IPC,1,7
35,Uttarakhand,0,1,2023,25,Data theft (Sec.379 to 381),IPC,1,0
35,Uttarakhand,0,1,2023,26,"Fraud (Sec.420 r/w Sec.465, 468- 471 IPC) - Fraud (Sec.420 r/w Sec.465,468- 471 IPC) (Total)",IPC,0,18
35,Uttarakhand,0,1,2023,27,"Fraud (Sec.420 r/w Sec.465, 468- 471 IPC) - A) Credit Card/Debit Card",IPC,1,0
35,Uttarakhand,0,1,2023,28,"Fraud (Sec.420 r/w Sec.465, 468- 471 IPC) - B) ATMs",IPC,1,0
35,Uttarakhand,0,1,2023,29,"Fraud (Sec.420 r/w Sec.465, 468- 471 IPC) - C) Online Banking Fraud",IPC,1,0
35,Uttarakhand,0,1,2023,30,"Fraud (Sec.420 r/w Sec.465, 468- 471 IPC) - D) OTP Frauds",IPC,1,0
35,Uttarakhand,0,1,2023,31,"Fraud (Sec.420 r/w Sec.465, 468- 471 IPC) - E) Others",IPC,1,18
35,Uttarakhand,0,1,2023,32,Cheating (Sec.420 IPC),IPC,1,20
35,Uttarakhand,0,1,2023,33,"Forgery (Sec.465, 468 and 471)",IPC,1,0
35,Uttarakhand,0,1,2023,34,Defamation/ Morphing (Sec.469 IPC r/w IPC and Indecent representation of women Act),IPC,1,0
35,Uttarakhand,0,1,2023,35,Fake Profile (r/w IPC/SLL),IPC,1,0
35,Uttarakhand,0,1,2023,36,Counterfeiting - Counterfeiting (Total),IPC,0,0
35,Uttarakhand,0,1,2023,37,Counterfeiting - A) Currency (Sec.489A to 489E),IPC,1,0
35,Uttarakhand,0,1,2023,38,CounterfeitingB) Stamps (Sec.255),IPC,1,0
35,Uttarakhand,0,1,2023,39,"Cyber Blackmailing/ Threatening (Sec.506,503,384 IPC)",IPC,1,30
35,Uttarakhand,0,1,2023,40,Fake News on Social Media (Sec.505),IPC,1,0
35,Uttarakhand,0,1,2023,41,Other Offences (r/w IT Act),IPC,1,2
35,Uttarakhand,0,1,2023,42,Total Offences under IPC,IPC,0,77
35,Uttarakhand,0,1,2023,43,Gambling Act (Online Gambling),SLL,1,0
35,Uttarakhand,0,1,2023,44,Lotteries Act (Online Lotteries),SLL,1,0
35,Uttarakhand,0,1,2023,45,"Copy Right Act, 1957",SLL,1,0
35,Uttarakhand,0,1,2023,46,"Trade Marks Act, 1999",SLL,1,0
35,Uttarakhand,0,1,2023,47,Other SLL Crimes,SLL,1,0
35,Uttarakhand,0,1,2023,48,Total Offences under SLL,SLL,0,0
35,Uttarakhand,0,1,2023,49,Total Cyber Crimes (Grand Total),Grand Total,0,494
36,West Bengal,0,1,2023,1,Tampering Computer Source documents (Sec.65),IT Act,1,1
36,West Bengal,0,1,2023,2,Computer Related Offences - Computer Related Offences (Total),IT Act,0,10
36,West Bengal,0,1,2023,3,Computer Related Offences - A) Computer Related Offences (Sec.66) (Total),IT Act,0,0
36,West Bengal,0,1,2023,4,Computer Related Offences - Computer Related Offences (Sec.66) - a1) Ransom-ware,IT Act,1,0
36,West Bengal,0,1,2023,5,Computer Related Offences - Computer Related Offences (Sec.66) - a2) Offences other than Ransom-ware,IT Act,1,0
36,West Bengal,0,1,2023,6,Computer Related Offences - B) Dishonesty receiving stolen computer resource or communication device (Sec.66B),IT Act,1,0
36,West Bengal,0,1,2023,7,Computer Related Offences - C) Identity Theft (Sec.66C),IT Act,1,5
36,West Bengal,0,1,2023,8,Computer Related Offences - D) Cheating by personation by using computer resource (Sec.66D),IT Act,1,2
36,West Bengal,0,1,2023,9,Computer Related Offences - E) Violation of Privacy (Sec.66E),IT Act,1,3
36,West Bengal,0,1,2023,10,Cyber Terrorism (Sec.66 F),IT Act,1,0
36,West Bengal,0,1,2023,11,Publication/ transmission of obscene / sexually explicit act in electronic form (Sec. 67) - Publication/ transmission of obscene / sexually explicit act in electronic form (Total),IT Act,0,23
36,West Bengal,0,1,2023,12,Publication/ transmission of obscene / sexually explicit act in electronic form (Sec. 67) - A) Publishing or transmitting obscene material in Electronic Form,IT Act,1,14
36,West Bengal,0,1,2023,13,Publication/transmission of obscene / sexually explicit act in electronic form (Sec. 67) - B) Publishing or transmitting of material containing Sexually explicit act in electronic form (Sec.67A),IT Act,1,4
36,West Bengal,0,1,2023,14,Publication/transmission of obscene / sexually explicit act in electronic form (Sec. 67) - C) Publishing or transmitting of material depicting children in Sexually explicit act in electronic form (Sec.67B),IT Act,1,2
36,West Bengal,0,1,2023,15,Publication/transmission of obscene / sexually explicit act in electronic form (Sec. 67) - D) Preservation and retention of information by intermediaries (Sec.67C),IT Act,1,0
36,West Bengal,0,1,2023,16,Publication/transmission of obscene / sexually explicit act in electronic form (Sec. 67) - E) Other sub-sections of Sec. 67 IT Act,IT Act,1,3
36,West Bengal,0,1,2023,17,Interception or Monitoring or decryption of Information (Sec.69),IT Act,1,0
36,West Bengal,0,1,2023,18,Un-authorized access/attempt to access to protected computer system (Sec.70),IT Act,1,0
36,West Bengal,0,1,2023,19,Abetment to Commit Offences (Sec.84 B),IT Act,1,0
36,West Bengal,0,1,2023,20,Attempt to Commit Offences (Sec.84C),IT Act,1,0
36,West Bengal,0,1,2023,21,Other Sections of IT Act,IT Act,1,27
36,West Bengal,0,1,2023,22,Total Offences under I.T. Act,IT Act,0,61
36,West Bengal,0,1,2023,23,Abetment of Suicide (Online) (Sec.305/306 IPC),IPC,1,1
36,West Bengal,0,1,2023,24,Cyber Stalking/ Bullying of Women/ Children (Sec.354D IPC),IPC,1,23
36,West Bengal,0,1,2023,25,Data theft (Sec.379 to 381),IPC,1,0
36,West Bengal,0,1,2023,26,"Fraud (Sec.420 r/w Sec.465, 468- 471 IPC) - Fraud (Sec.420 r/w Sec.465,468- 471 IPC) (Total)",IPC,0,7
36,West Bengal,0,1,2023,27,"Fraud (Sec.420 r/w Sec.465, 468- 471 IPC) - A) Credit Card/Debit Card",IPC,1,0
36,West Bengal,0,1,2023,28,"Fraud (Sec.420 r/w Sec.465, 468- 471 IPC) - B) ATMs",IPC,1,0
36,West Bengal,0,1,2023,29,"Fraud (Sec.420 r/w Sec.465, 468- 471 IPC) - C) Online Banking Fraud",IPC,1,0
36,West Bengal,0,1,2023,30,"Fraud (Sec.420 r/w Sec.465, 468- 471 IPC) - D) OTP Frauds",IPC,1,0
36,West Bengal,0,1,2023,31,"Fraud (Sec.420 r/w Sec.465, 468- 471 IPC) - E) Others",IPC,1,7
36,West Bengal,0,1,2023,32,Cheating (Sec.420 IPC),IPC,1,27
36,West Bengal,0,1,2023,33,"Forgery (Sec.465, 468 and 471)",IPC,1,3
36,West Bengal,0,1,2023,34,Defamation/ Morphing (Sec.469 IPC r/w IPC and Indecent representation of women Act),IPC,1,0
36,West Bengal,0,1,2023,35,Fake Profile (r/w IPC/SLL),IPC,1,0
36,West Bengal,0,1,2023,36,Counterfeiting - Counterfeiting (Total),IPC,0,0
36,West Bengal,0,1,2023,37,Counterfeiting - A) Currency (Sec.489A to 489E),IPC,1,0
36,West Bengal,0,1,2023,38,CounterfeitingB) Stamps (Sec.255),IPC,1,0
36,West Bengal,0,1,2023,39,"Cyber Blackmailing/ Threatening (Sec.506,503,384 IPC)",IPC,1,20
36,West Bengal,0,1,2023,40,Fake News on Social Media (Sec.505),IPC,1,7
36,West Bengal,0,1,2023,41,Other Offences (r/w IT Act),IPC,1,158
36,West Bengal,0,1,2023,42,Total Offences under IPC,IPC,0,246
36,West Bengal,0,1,2023,43,Gambling Act (Online Gambling),SLL,1,0
36,West Bengal,0,1,2023,44,Lotteries Act (Online Lotteries),SLL,1,0
36,West Bengal,0,1,2023,45,"Copy Right Act, 1957",SLL,1,1
36,West Bengal,0,1,2023,46,"Trade Marks Act, 1999",SLL,1,0
36,West Bengal,0,1,2023,47,Other SLL Crimes,SLL,1,1
36,West Bengal,0,1,2023,48,Total Offences under SLL,SLL,0,2
36,West Bengal,0,1,2023,49,Total Cyber Crimes (Grand Total),Grand Total,0,309
